$MeshFormat
4.1 0 8
$EndMeshFormat
$Entities
24 20 1 0
1 0 0 0 0 
2 2.2 0 0 0 
3 2.2 0.41 0 0 
4 0 0.41 0 0 
10 0.45 0.2 0 0 
11 0.49 0.2 0 0 
12 0.45 0.24 0 0 
13 0.41 0.2 0 0 
14 0.45 0.16 0 0 
20 0.85 0.27 0 0 
21 0.89 0.27 0 0 
22 0.85 0.31 0 0 
23 0.8099999999999999 0.27 0 0 
24 0.85 0.23 0 0 
30 1.25 0.13 0 0 
31 1.29 0.13 0 0 
32 1.25 0.17 0 0 
33 1.21 0.13 0 0 
34 1.25 0.09 0 0 
40 1.65 0.2 0 0 
41 1.69 0.2 0 0 
42 1.65 0.24 0 0 
43 1.61 0.2 0 0 
44 1.65 0.16 0 0 
1 0 0 0 2.2 0 0 1 2 2 1 -2 
2 2.2 0 0 2.2 0.41 0 1 4 2 2 -3 
3 0 0.41 0 2.2 0.41 0 1 2 2 3 -4 
4 0 0 0 0 0.41 0 1 1 2 4 -1 
10 0.45 0.2 0 0.49 0.24 0 1 3 2 11 -12 
11 0.41 0.2 0 0.45 0.24 0 1 3 2 12 -13 
12 0.41 0.16 0 0.45 0.2 0 1 3 2 13 -14 
13 0.45 0.16 0 0.49 0.2 0 1 3 2 14 -11 
20 0.85 0.27 0 0.89 0.3100000000000001 0 1 3 2 21 -22 
21 0.8100000000000001 0.27 0 0.85 0.31 0 1 3 2 22 -23 
22 0.8099999999999999 0.23 0 0.85 0.27 0 1 3 2 23 -24 
23 0.85 0.23 0 0.89 0.27 0 1 3 2 24 -21 
30 1.25 0.13 0 1.29 0.17 0 1 3 2 31 -32 
31 1.21 0.13 0 1.25 0.17 0 1 3 2 32 -33 
32 1.21 0.08999999999999997 0 1.25 0.13 0 1 3 2 33 -34 
33 1.25 0.09 0 1.29 0.13 0 1 3 2 34 -31 
40 1.65 0.2 0 1.69 0.24 0 1 3 2 41 -42 
41 1.61 0.2 0 1.65 0.24 0 1 3 2 42 -43 
42 1.61 0.16 0 1.65 0.2 0 1 3 2 43 -44 
43 1.65 0.16 0 1.69 0.2 0 1 3 2 44 -41 
1 0 0 0 2.2 0.41 0 1 1 20 1 2 3 4 -13 -12 -11 -10 -23 -22 -21 -20 -33 -32 -31 -30 -43 -42 -41 -40 
$EndEntities
$Nodes
41 5974 1 5974
0 1 0 1
1
0 0 0
0 2 0 1
2
2.2 0 0
0 3 0 1
3
2.2 0.41 0
0 4 0 1
4
0 0.41 0
0 11 0 1
5
0.49 0.2 0
0 12 0 1
6
0.45 0.24 0
0 13 0 1
7
0.41 0.2 0
0 14 0 1
8
0.45 0.16 0
0 21 0 1
9
0.89 0.27 0
0 22 0 1
10
0.85 0.31 0
0 23 0 1
11
0.8099999999999999 0.27 0
0 24 0 1
12
0.85 0.23 0
0 31 0 1
13
1.29 0.13 0
0 32 0 1
14
1.25 0.17 0
0 33 0 1
15
1.21 0.13 0
0 34 0 1
16
1.25 0.09 0
0 41 0 1
17
1.69 0.2 0
0 42 0 1
18
1.65 0.24 0
0 43 0 1
19
1.61 0.2 0
0 44 0 1
20
1.65 0.16 0
1 1 0 152
21
22
23
24
25
26
27
28
29
30
31
32
33
34
35
36
37
38
39
40
41
42
43
44
45
46
47
48
49
50
51
52
53
54
55
56
57
58
59
60
61
62
63
64
65
66
67
68
69
70
71
72
73
74
75
76
77
78
79
80
81
82
83
84
85
86
87
88
89
90
91
92
93
94
95
96
97
98
99
100
101
102
103
104
105
106
107
108
109
110
111
112
113
114
115
116
117
118
119
120
121
122
123
124
125
126
127
128
129
130
131
132
133
134
135
136
137
138
139
140
141
142
143
144
145
146
147
148
149
150
151
152
153
154
155
156
157
158
159
160
161
162
163
164
165
166
167
168
169
170
171
172
0.009989435632539527 0 0
0.02002422863216034 0 0
0.03010458214659896 0 0
0.04023071070009817 0 0
0.05040281831825334 0 0
0.06062111264195305 0 0
0.07088580259443135 0 0
0.08119710623884197 0 0
0.0915552246193972 0 0
0.1019603803432692 0 0
0.1124127802127657 0 0
0.1229126400747952 0 0
0.1334601738297694 0 0
0.1440556060938479 0 0
0.154699142330713 0 0
0.1653910115019241 0 0
0.1761314275360411 0 0
0.1869206104107236 0 0
0.1977587879835839 0 0
0.2086461722588868 0 0
0.2195829971733124 0 0
0.2305694803125714 0 0
0.2416058486712614 0 0
0.2526923271966015 0 0
0.2638291506365438 0 0
0.2750165371944069 0 0
0.2862547248324665 0 0
0.2975439403367008 0 0
0.3088844180099108 0 0
0.3202763889144969 0 0
0.331720084253362 0 0
0.3432157403894624 0 0
0.354763596474321 0 0
0.3663638894975614 0 0
0.3780168543160879 0 0
0.3897227288548639 0 0
0.4014817552245787 0 0
0.4132941771596065 0 0
0.4251602361051446 0 0
0.4370801753067579 0 0
0.4490542350294563 0 0
0.4610826666107568 0 0
0.4731657153873474 0 0
0.4853036289048568 0 0
0.497496658752101 0 0
0.5097450486025167 0 0
0.522049055933292 0 0
0.5344089314859007 0 0
0.54682493042369 0 0
0.5592973060217279 0 0
0.5718263126622336 0 0
0.5844122086150836 0 0
0.5970552544188596 0 0
0.6097557082607556 0 0
0.6225138263946209 0 0
0.6353298799989284 0 0
0.6482041248608439 0 0
0.6611368258521293 0 0
0.6741282510716649 0 0
0.6871786654070849 0 0
0.700288338182701 0 0
0.7134575363079365 0 0
0.7266865294648688 0 0
0.7399755947235903 0 0
0.7533249972222008 0 0
0.7667350157899537 0 0
0.7802059267321622 0 0
0.7937380038643175 0 0
0.8073315235581308 0 0
0.8209867662686268 0 0
0.8347040147797008 0 0
0.8484835493227763 0 0
0.8623256476112002 0 0
0.8762306027894561 0 0
0.8901986934639484 0 0
0.9042302067055019 0 0
0.9183254365274487 0 0
0.9324846644223977 0 0
0.9467081850175983 0 0
0.9609962908385431 0 0
0.9753492717763412 0 0
0.9897674271967082 0 0
1.004251049081965 0 0
1.018800435831829 0 0
1.033415884606165 0 0
1.048097708565765 0 0
1.062846183877004 0 0
1.077661635169635 0 0
1.09254434788593 0 0
1.107494641232941 0 0
1.122512822782632 0 0
1.13759919193447 0 0
1.152754073528631 0 0
1.16797776409742 0 0
1.183270567813464 0 0
1.198632828371634 0 0
1.214064835171658 0 0
1.229566910953568 0 0
1.245139378454 0 0
1.26078255749137 0 0
1.276496765005274 0 0
1.292282315095189 0 0
1.308139561657195 0 0
1.324068796006775 0 0
1.340070359192067 0 0
1.356144587087432 0 0
1.372291797708439 0 0
1.388512333088094 0 0
1.404806521214427 0 0
1.421174682078835 0 0
1.437617182342711 0 0
1.454134332913016 0 0
1.470726481062685 0 0
1.487393970914297 0 0
1.504137143482742 0 0
1.520956336717131 0 0
1.537851901025882 0 0
1.554824183359796 0 0
1.571873534294306 0 0
1.589000296868632 0 0
1.606204826353301 0 0
1.623487474810254 0 0
1.640848591136142 0 0
1.658288553388895 0 0
1.675807689174721 0 0
1.693406384562867 0 0
1.711084987318281 0 0
1.728843859489937 0 0
1.746683363990918 0 0
1.764603885516657 0 0
1.782605764710791 0 0
1.800689394365928 0 0
1.818855129698176 0 0
1.837103349488755 0 0
1.855434429092106 0 0
1.873848740482186 0 0
1.892346666779014 0 0
1.910928586141796 0 0
1.929594882742394 0 0
1.948345933453637 0 0
1.967182126082461 0 0
1.986103844936836 0 0
2.005111481369684 0 0
2.02420542931692 0 0
2.043386074627406 0 0
2.062653810123732 0 0
2.082009035466298 0 0
2.101452146706126 0 0
2.120983536333519 0 0
2.140603620890256 0 0
2.16031278386605 0 0
2.180111441835026 0 0
1 2 0 20
173
174
175
176
177
178
179
180
181
182
183
184
185
186
187
188
189
190
191
192
2.2 0.01952380952377155 0
2.2 0.03904761904754567 0
2.2 0.05857142857131769 0
2.2 0.07809523809506337 0
2.2 0.09761904761882542 0
2.2 0.1171428571425726 0
2.2 0.1366666666663299 0
2.2 0.1561904761900713 0
2.2 0.1757142857138491 0
2.2 0.1952380952375974 0
2.2 0.2147619047614049 0
2.2 0.2342857142852715 0
2.2 0.2538095238091086 0
2.2 0.2733333333329568 0
2.2 0.2928571428568123 0
2.2 0.3123809523806858 0
2.2 0.3319047619045595 0
2.2 0.3514285714283897 0
2.2 0.3709523809522634 0
2.2 0.3904761904761371 0
1 3 0 152
193
194
195
196
197
198
199
200
201
202
203
204
205
206
207
208
209
210
211
212
213
214
215
216
217
218
219
220
221
222
223
224
225
226
227
228
229
230
231
232
233
234
235
236
237
238
239
240
241
242
243
244
245
246
247
248
249
250
251
252
253
254
255
256
257
258
259
260
261
262
263
264
265
266
267
268
269
270
271
272
273
274
275
276
277
278
279
280
281
282
283
284
285
286
287
288
289
290
291
292
293
294
295
296
297
298
299
300
301
302
303
304
305
306
307
308
309
310
311
312
313
314
315
316
317
318
319
320
321
322
323
324
325
326
327
328
329
330
331
332
333
334
335
336
337
338
339
340
341
342
343
344
2.180111441835126 0.41 0
2.160312783866246 0.41 0
2.140603620890551 0.41 0
2.120983536333943 0.41 0
2.101452146706684 0.41 0
2.082009035466993 0.41 0
2.062653810124559 0.41 0
2.043386074628366 0.41 0
2.024205429318007 0.41 0
2.005111481370896 0.41 0
1.986103844938149 0.41 0
1.967182126083861 0.41 0
1.948345933455124 0.41 0
1.929594882743968 0.41 0
1.910928586143471 0.41 0
1.892346666780793 0.41 0
1.873848740484065 0.41 0
1.855434429094086 0.41 0
1.837103349490835 0.41 0
1.818855129700357 0.41 0
1.80068939436821 0.41 0
1.782605764713171 0.41 0
1.76460388551913 0.41 0
1.746683363993489 0.41 0
1.728843859492604 0.41 0
1.711084987321039 0.41 0
1.693406384565728 0.41 0
1.675807689177689 0.41 0
1.658288553391975 0.41 0
1.640848591139331 0.41 0
1.623487474813551 0.41 0
1.606204826356702 0.41 0
1.58900029687214 0.41 0
1.571873534297914 0.41 0
1.554824183363508 0.41 0
1.537851901029696 0.41 0
1.520956336721044 0.41 0
1.504137143486755 0.41 0
1.487393970918411 0.41 0
1.470726481066896 0.41 0
1.454134332917322 0.41 0
1.437617182347113 0.41 0
1.421174682083332 0.41 0
1.404806521219018 0.41 0
1.388512333092778 0.41 0
1.372291797713214 0.41 0
1.356144587092282 0.41 0
1.340070359196991 0.41 0
1.324068796011773 0.41 0
1.308139561662265 0.41 0
1.29228231510033 0.41 0
1.276496765010487 0.41 0
1.260782557496654 0.41 0
1.245139378459354 0.41 0
1.22956691095899 0.41 0
1.214064835177147 0.41 0
1.198632828377187 0.41 0
1.183270567819087 0.41 0
1.167977764103109 0.41 0
1.152754073534382 0.41 0
1.137599191940289 0.41 0
1.122512822788514 0.41 0
1.107494641238884 0.41 0
1.092544347891861 0.41 0
1.07766163517548 0.41 0
1.062846183882758 0.41 0
1.048097708571436 0.41 0
1.033415884611747 0.41 0
1.018800435837325 0.41 0
1.004251049087379 0.41 0
0.989767427202034 0.41 0
0.9753492717815764 0.41 0
0.9609962908436884 0.41 0
0.9467081850226544 0.41 0
0.9324846644273657 0.41 0
0.9183254365323295 0.41 0
0.9042302067102961 0.41 0
0.8901986934686565 0.41 0
0.8762306027940785 0.41 0
0.8623256476157384 0.41 0
0.8484835493272307 0.41 0
0.8347040147840727 0.41 0
0.8209867662729151 0.41 0
0.8073315235623373 0.41 0
0.7937380038684425 0.41 0
0.780205926736206 0.41 0
0.7667350157939177 0.41 0
0.7533249972260851 0.41 0
0.7399755947273954 0.41 0
0.7266865294685949 0.41 0
0.7134575363115856 0.41 0
0.700288338186273 0.41 0
0.6871786654105807 0.41 0
0.674128251075085 0.41 0
0.661136825855474 0.41 0
0.6482041248641137 0.41 0
0.6353298800021248 0.41 0
0.6225138263977439 0.41 0
0.6097557082638059 0.41 0
0.5970552544218375 0.41 0
0.5844122086179904 0.41 0
0.5718263126650693 0.41 0
0.5592973060244932 0.41 0
0.5468249304263846 0.41 0
0.5344089314885265 0.41 0
0.5220490559358482 0.41 0
0.5097450486050057 0.41 0
0.4974966587545226 0.41 0
0.4853036289072117 0.41 0
0.4731657153896345 0.41 0
0.4610826666129786 0.41 0
0.4490542350316122 0.41 0
0.4370801753088491 0.41 0
0.4251602361071718 0.41 0
0.4132941771615704 0.41 0
0.4014817552264796 0.41 0
0.3897227288567016 0.41 0
0.3780168543178637 0.41 0
0.3663638894992751 0.41 0
0.3547635964759737 0.41 0
0.3432157403910545 0.41 0
0.3317200842548937 0.41 0
0.3202763889159701 0.41 0
0.3088844180113244 0.41 0
0.2975439403380558 0.41 0
0.2862547248337628 0.41 0
0.2750165371956463 0.41 0
0.2638291506377426 0.41 0
0.2526923271977597 0.41 0
0.2416058486723771 0.41 0
0.2305694803136462 0.41 0
0.2195829971743464 0.41 0
0.2086461722598809 0.41 0
0.1977587879845344 0.41 0
0.1869206104116232 0.41 0
0.1761314275368915 0.41 0
0.1653910115027251 0.41 0
0.1546991423314648 0.41 0
0.1440556060945508 0.41 0
0.1334601738304229 0.41 0
0.1229126400753962 0.41 0
0.1124127802133126 0.41 0
0.1019603803437614 0.41 0
0.09155522461983345 0.41 0
0.08119710623922449 0.41 0
0.07088580259476274 0.41 0
0.06062111264223313 0.41 0
0.05040281831848725 0.41 0
0.04023071070028417 0.41 0
0.03010458214673717 0.41 0
0.02002422863225384 0.41 0
0.009989435632585586 0.41 0
1 4 0 40
345
346
347
348
349
350
351
352
353
354
355
356
357
358
359
360
361
362
363
364
365
366
367
368
369
370
371
372
373
374
375
376
377
378
379
380
381
382
383
384
0 0.4000000000000008 0
0 0.3900000000000259 0
0 0.3800000000000606 0
0 0.3700000000000953 0
0 0.3600000000001082 0
0 0.3500000000001241 0
0 0.3400000000001558 0
0 0.3300000000001905 0
0 0.3200000000002133 0
0 0.3100000000002381 0
0 0.3000000000002728 0
0 0.2900000000003075 0
0 0.2800000000003204 0
0 0.2700000000003551 0
0 0.2600000000003897 0
0 0.2500000000004243 0
0 0.2400000000004419 0
0 0.2300000000004503 0
0 0.2200000000004849 0
0 0.2100000000005195 0
0 0.2000000000005203 0
0 0.1900000000004874 0
0 0.1800000000004544 0
0 0.1700000000004476 0
0 0.1600000000004316 0
0 0.1500000000003986 0
0 0.1400000000003795 0
0 0.1300000000003759 0
0 0.1200000000003428 0
0 0.1100000000003098 0
0 0.1000000000002768 0
0 0.09000000000024383 0
0 0.08000000000021068 0
0 0.07000000000020096 0
0 0.0600000000001879 0
0 0.05000000000015475 0
0 0.04000000000012166 0
0 0.03000000000008857 0
0 0.02000000000005536 0
0 0.01000000000002221 0
1 10 0 4
385
386
387
388
0.4880422606331069 0.2123606798325482 0
0.4823606797258329 0.2235114101593688 0
0.473511410062901 0.2323606797959208 0
0.4623606797428592 0.2380422606622487 0
1 11 0 4
389
390
391
392
0.437639320157065 0.238042260629732 0
0.4264885898131964 0.2323606797059003 0
0.4176393201885558 0.223511410041535 0
0.4119577393305791 0.2123606797207852 0
1 12 0 4
393
394
395
396
0.4119577393668931 0.1876393201674518 0
0.4176393202741672 0.1764885898406312 0
0.426488589937099 0.1676393202040792 0
0.4376393202571409 0.1619577393377514 0
1 13 0 4
397
398
399
400
0.4623606798429351 0.161957739370268 0
0.4735114101868036 0.1676393202940997 0
0.4823606798114442 0.1764885899584651 0
0.4880422606694209 0.1876393202792148 0
1 20 0 4
401
402
403
404
0.8880422606238533 0.282360679861028 0
0.8823606796829393 0.2935114102184068 0
0.8735114099107421 0.3023606799064708 0
0.8623606795953492 0.3080422607101776 0
1 21 0 4
405
406
407
408
0.8376393203685104 0.3080422606984348 0
0.8264885899206693 0.3023606797839839 0
0.8176393202490972 0.2935114101248631 0
0.8119577393384735 0.2823606797450817 0
1 22 0 4
409
410
411
412
0.811957739373012 0.2576393201486197 0
0.8176393203018869 0.2464885898024781 0
0.8264885900716503 0.2376393201063219 0
0.8376393204146603 0.2319577392865702 0
1 23 0 4
413
414
415
416
0.8623606796458044 0.2319577393062164 0
0.8735114100842063 0.2376393202195584 0
0.8823606797612126 0.2464885898893272 0
0.8880422606551615 0.2576393202353289 0
1 30 0 4
417
418
419
420
1.288042260647712 0.1423606797875984 0
1.282360679767018 0.1535114101026828 0
1.273511410220742 0.162360679681243 0
1.262360679943329 0.168042260597112 0
1 31 0 4
421
422
423
424
1.237639319993835 0.1680422605766954 0
1.226488589759476 0.1623606796668705 0
1.217639320184142 0.1535114100354603 0
1.211957739338182 0.1423606797441853 0
1 32 0 4
425
426
427
428
1.211957739356479 0.1176393201995038 0
1.217639320239842 0.1064885898878752 0
1.226488589760851 0.09763932033213074 0
1.237639320054177 0.09195773940369829 0
1 33 0 4
429
430
431
432
1.262360680012088 0.09195773942522914 0
1.273511410242121 0.0976393203342904 0
1.28236067981782 0.1064885899672404 0
1.288042260663142 0.1176393202598905 0
1 40 0 4
433
434
435
436
1.688042260647712 0.2123606797875984 0
1.682360679767018 0.2235114101026828 0
1.673511410220742 0.232360679681243 0
1.662360679943329 0.238042260597112 0
1 41 0 4
437
438
439
440
1.637639319993835 0.2380422605766954 0
1.626488589759476 0.2323606796668705 0
1.617639320184142 0.2235114100354603 0
1.611957739338182 0.2123606797441853 0
1 42 0 4
441
442
443
444
1.611957739352288 0.1876393202124017 0
1.617639320232982 0.1764885898973172 0
1.626488589779258 0.1676393203187571 0
1.637639320056671 0.161957739402888 0
1 43 0 4
445
446
447
448
1.662360680006165 0.1619577394233047 0
1.673511410240524 0.1676393203331295 0
1.682360679815858 0.1764885899645397 0
1.688042260661818 0.1876393202558147 0
2 1 0 5526
449
450
451
452
453
454
455
456
457
458
459
460
461
462
463
464
465
466
467
468
469
470
471
472
473
474
475
476
477
478
479
480
481
482
483
484
485
486
487
488
489
490
491
492
493
494
495
496
497
498
499
500
501
502
503
504
505
506
507
508
509
510
511
512
513
514
515
516
517
518
519
520
521
522
523
524
525
526
527
528
529
530
531
532
533
534
535
536
537
538
539
540
541
542
543
544
545
546
547
548
549
550
551
552
553
554
555
556
557
558
559
560
561
562
563
564
565
566
567
568
569
570
571
572
573
574
575
576
577
578
579
580
581
582
583
584
585
586
587
588
589
590
591
592
593
594
595
596
597
598
599
600
601
602
603
604
605
606
607
608
609
610
611
612
613
614
615
616
617
618
619
620
621
622
623
624
625
626
627
628
629
630
631
632
633
634
635
636
637
638
639
640
641
642
643
644
645
646
647
648
649
650
651
652
653
654
655
656
657
658
659
660
661
662
663
664
665
666
667
668
669
670
671
672
673
674
675
676
677
678
679
680
681
682
683
684
685
686
687
688
689
690
691
692
693
694
695
696
697
698
699
700
701
702
703
704
705
706
707
708
709
710
711
712
713
714
715
716
717
718
719
720
721
722
723
724
725
726
727
728
729
730
731
732
733
734
735
736
737
738
739
740
741
742
743
744
745
746
747
748
749
750
751
752
753
754
755
756
757
758
759
760
761
762
763
764
765
766
767
768
769
770
771
772
773
774
775
776
777
778
779
780
781
782
783
784
785
786
787
788
789
790
791
792
793
794
795
796
797
798
799
800
801
802
803
804
805
806
807
808
809
810
811
812
813
814
815
816
817
818
819
820
821
822
823
824
825
826
827
828
829
830
831
832
833
834
835
836
837
838
839
840
841
842
843
844
845
846
847
848
849
850
851
852
853
854
855
856
857
858
859
860
861
862
863
864
865
866
867
868
869
870
871
872
873
874
875
876
877
878
879
880
881
882
883
884
885
886
887
888
889
890
891
892
893
894
895
896
897
898
899
900
901
902
903
904
905
906
907
908
909
910
911
912
913
914
915
916
917
918
919
920
921
922
923
924
925
926
927
928
929
930
931
932
933
934
935
936
937
938
939
940
941
942
943
944
945
946
947
948
949
950
951
952
953
954
955
956
957
958
959
960
961
962
963
964
965
966
967
968
969
970
971
972
973
974
975
976
977
978
979
980
981
982
983
984
985
986
987
988
989
990
991
992
993
994
995
996
997
998
999
1000
1001
1002
1003
1004
1005
1006
1007
1008
1009
1010
1011
1012
1013
1014
1015
1016
1017
1018
1019
1020
1021
1022
1023
1024
1025
1026
1027
1028
1029
1030
1031
1032
1033
1034
1035
1036
1037
1038
1039
1040
1041
1042
1043
1044
1045
1046
1047
1048
1049
1050
1051
1052
1053
1054
1055
1056
1057
1058
1059
1060
1061
1062
1063
1064
1065
1066
1067
1068
1069
1070
1071
1072
1073
1074
1075
1076
1077
1078
1079
1080
1081
1082
1083
1084
1085
1086
1087
1088
1089
1090
1091
1092
1093
1094
1095
1096
1097
1098
1099
1100
1101
1102
1103
1104
1105
1106
1107
1108
1109
1110
1111
1112
1113
1114
1115
1116
1117
1118
1119
1120
1121
1122
1123
1124
1125
1126
1127
1128
1129
1130
1131
1132
1133
1134
1135
1136
1137
1138
1139
1140
1141
1142
1143
1144
1145
1146
1147
1148
1149
1150
1151
1152
1153
1154
1155
1156
1157
1158
1159
1160
1161
1162
1163
1164
1165
1166
1167
1168
1169
1170
1171
1172
1173
1174
1175
1176
1177
1178
1179
1180
1181
1182
1183
1184
1185
1186
1187
1188
1189
1190
1191
1192
1193
1194
1195
1196
1197
1198
1199
1200
1201
1202
1203
1204
1205
1206
1207
1208
1209
1210
1211
1212
1213
1214
1215
1216
1217
1218
1219
1220
1221
1222
1223
1224
1225
1226
1227
1228
1229
1230
1231
1232
1233
1234
1235
1236
1237
1238
1239
1240
1241
1242
1243
1244
1245
1246
1247
1248
1249
1250
1251
1252
1253
1254
1255
1256
1257
1258
1259
1260
1261
1262
1263
1264
1265
1266
1267
1268
1269
1270
1271
1272
1273
1274
1275
1276
1277
1278
1279
1280
1281
1282
1283
1284
1285
1286
1287
1288
1289
1290
1291
1292
1293
1294
1295
1296
1297
1298
1299
1300
1301
1302
1303
1304
1305
1306
1307
1308
1309
1310
1311
1312
1313
1314
1315
1316
1317
1318
1319
1320
1321
1322
1323
1324
1325
1326
1327
1328
1329
1330
1331
1332
1333
1334
1335
1336
1337
1338
1339
1340
1341
1342
1343
1344
1345
1346
1347
1348
1349
1350
1351
1352
1353
1354
1355
1356
1357
1358
1359
1360
1361
1362
1363
1364
1365
1366
1367
1368
1369
1370
1371
1372
1373
1374
1375
1376
1377
1378
1379
1380
1381
1382
1383
1384
1385
1386
1387
1388
1389
1390
1391
1392
1393
1394
1395
1396
1397
1398
1399
1400
1401
1402
1403
1404
1405
1406
1407
1408
1409
1410
1411
1412
1413
1414
1415
1416
1417
1418
1419
1420
1421
1422
1423
1424
1425
1426
1427
1428
1429
1430
1431
1432
1433
1434
1435
1436
1437
1438
1439
1440
1441
1442
1443
1444
1445
1446
1447
1448
1449
1450
1451
1452
1453
1454
1455
1456
1457
1458
1459
1460
1461
1462
1463
1464
1465
1466
1467
1468
1469
1470
1471
1472
1473
1474
1475
1476
1477
1478
1479
1480
1481
1482
1483
1484
1485
1486
1487
1488
1489
1490
1491
1492
1493
1494
1495
1496
1497
1498
1499
1500
1501
1502
1503
1504
1505
1506
1507
1508
1509
1510
1511
1512
1513
1514
1515
1516
1517
1518
1519
1520
1521
1522
1523
1524
1525
1526
1527
1528
1529
1530
1531
1532
1533
1534
1535
1536
1537
1538
1539
1540
1541
1542
1543
1544
1545
1546
1547
1548
1549
1550
1551
1552
1553
1554
1555
1556
1557
1558
1559
1560
1561
1562
1563
1564
1565
1566
1567
1568
1569
1570
1571
1572
1573
1574
1575
1576
1577
1578
1579
1580
1581
1582
1583
1584
1585
1586
1587
1588
1589
1590
1591
1592
1593
1594
1595
1596
1597
1598
1599
1600
1601
1602
1603
1604
1605
1606
1607
1608
1609
1610
1611
1612
1613
1614
1615
1616
1617
1618
1619
1620
1621
1622
1623
1624
1625
1626
1627
1628
1629
1630
1631
1632
1633
1634
1635
1636
1637
1638
1639
1640
1641
1642
1643
1644
1645
1646
1647
1648
1649
1650
1651
1652
1653
1654
1655
1656
1657
1658
1659
1660
1661
1662
1663
1664
1665
1666
1667
1668
1669
1670
1671
1672
1673
1674
1675
1676
1677
1678
1679
1680
1681
1682
1683
1684
1685
1686
1687
1688
1689
1690
1691
1692
1693
1694
1695
1696
1697
1698
1699
1700
1701
1702
1703
1704
1705
1706
1707
1708
1709
1710
1711
1712
1713
1714
1715
1716
1717
1718
1719
1720
1721
1722
1723
1724
1725
1726
1727
1728
1729
1730
1731
1732
1733
1734
1735
1736
1737
1738
1739
1740
1741
1742
1743
1744
1745
1746
1747
1748
1749
1750
1751
1752
1753
1754
1755
1756
1757
1758
1759
1760
1761
1762
1763
1764
1765
1766
1767
1768
1769
1770
1771
1772
1773
1774
1775
1776
1777
1778
1779
1780
1781
1782
1783
1784
1785
1786
1787
1788
1789
1790
1791
1792
1793
1794
1795
1796
1797
1798
1799
1800
1801
1802
1803
1804
1805
1806
1807
1808
1809
1810
1811
1812
1813
1814
1815
1816
1817
1818
1819
1820
1821
1822
1823
1824
1825
1826
1827
1828
1829
1830
1831
1832
1833
1834
1835
1836
1837
1838
1839
1840
1841
1842
1843
1844
1845
1846
1847
1848
1849
1850
1851
1852
1853
1854
1855
1856
1857
1858
1859
1860
1861
1862
1863
1864
1865
1866
1867
1868
1869
1870
1871
1872
1873
1874
1875
1876
1877
1878
1879
1880
1881
1882
1883
1884
1885
1886
1887
1888
1889
1890
1891
1892
1893
1894
1895
1896
1897
1898
1899
1900
1901
1902
1903
1904
1905
1906
1907
1908
1909
1910
1911
1912
1913
1914
1915
1916
1917
1918
1919
1920
1921
1922
1923
1924
1925
1926
1927
1928
1929
1930
1931
1932
1933
1934
1935
1936
1937
1938
1939
1940
1941
1942
1943
1944
1945
1946
1947
1948
1949
1950
1951
1952
1953
1954
1955
1956
1957
1958
1959
1960
1961
1962
1963
1964
1965
1966
1967
1968
1969
1970
1971
1972
1973
1974
1975
1976
1977
1978
1979
1980
1981
1982
1983
1984
1985
1986
1987
1988
1989
1990
1991
1992
1993
1994
1995
1996
1997
1998
1999
2000
2001
2002
2003
2004
2005
2006
2007
2008
2009
2010
2011
2012
2013
2014
2015
2016
2017
2018
2019
2020
2021
2022
2023
2024
2025
2026
2027
2028
2029
2030
2031
2032
2033
2034
2035
2036
2037
2038
2039
2040
2041
2042
2043
2044
2045
2046
2047
2048
2049
2050
2051
2052
2053
2054
2055
2056
2057
2058
2059
2060
2061
2062
2063
2064
2065
2066
2067
2068
2069
2070
2071
2072
2073
2074
2075
2076
2077
2078
2079
2080
2081
2082
2083
2084
2085
2086
2087
2088
2089
2090
2091
2092
2093
2094
2095
2096
2097
2098
2099
2100
2101
2102
2103
2104
2105
2106
2107
2108
2109
2110
2111
2112
2113
2114
2115
2116
2117
2118
2119
2120
2121
2122
2123
2124
2125
2126
2127
2128
2129
2130
2131
2132
2133
2134
2135
2136
2137
2138
2139
2140
2141
2142
2143
2144
2145
2146
2147
2148
2149
2150
2151
2152
2153
2154
2155
2156
2157
2158
2159
2160
2161
2162
2163
2164
2165
2166
2167
2168
2169
2170
2171
2172
2173
2174
2175
2176
2177
2178
2179
2180
2181
2182
2183
2184
2185
2186
2187
2188
2189
2190
2191
2192
2193
2194
2195
2196
2197
2198
2199
2200
2201
2202
2203
2204
2205
2206
2207
2208
2209
2210
2211
2212
2213
2214
2215
2216
2217
2218
2219
2220
2221
2222
2223
2224
2225
2226
2227
2228
2229
2230
2231
2232
2233
2234
2235
2236
2237
2238
2239
2240
2241
2242
2243
2244
2245
2246
2247
2248
2249
2250
2251
2252
2253
2254
2255
2256
2257
2258
2259
2260
2261
2262
2263
2264
2265
2266
2267
2268
2269
2270
2271
2272
2273
2274
2275
2276
2277
2278
2279
2280
2281
2282
2283
2284
2285
2286
2287
2288
2289
2290
2291
2292
2293
2294
2295
2296
2297
2298
2299
2300
2301
2302
2303
2304
2305
2306
2307
2308
2309
2310
2311
2312
2313
2314
2315
2316
2317
2318
2319
2320
2321
2322
2323
2324
2325
2326
2327
2328
2329
2330
2331
2332
2333
2334
2335
2336
2337
2338
2339
2340
2341
2342
2343
2344
2345
2346
2347
2348
2349
2350
2351
2352
2353
2354
2355
2356
2357
2358
2359
2360
2361
2362
2363
2364
2365
2366
2367
2368
2369
2370
2371
2372
2373
2374
2375
2376
2377
2378
2379
2380
2381
2382
2383
2384
2385
2386
2387
2388
2389
2390
2391
2392
2393
2394
2395
2396
2397
2398
2399
2400
2401
2402
2403
2404
2405
2406
2407
2408
2409
2410
2411
2412
2413
2414
2415
2416
2417
2418
2419
2420
2421
2422
2423
2424
2425
2426
2427
2428
2429
2430
2431
2432
2433
2434
2435
2436
2437
2438
2439
2440
2441
2442
2443
2444
2445
2446
2447
2448
2449
2450
2451
2452
2453
2454
2455
2456
2457
2458
2459
2460
2461
2462
2463
2464
2465
2466
2467
2468
2469
2470
2471
2472
2473
2474
2475
2476
2477
2478
2479
2480
2481
2482
2483
2484
2485
2486
2487
2488
2489
2490
2491
2492
2493
2494
2495
2496
2497
2498
2499
2500
2501
2502
2503
2504
2505
2506
2507
2508
2509
2510
2511
2512
2513
2514
2515
2516
2517
2518
2519
2520
2521
2522
2523
2524
2525
2526
2527
2528
2529
2530
2531
2532
2533
2534
2535
2536
2537
2538
2539
2540
2541
2542
2543
2544
2545
2546
2547
2548
2549
2550
2551
2552
2553
2554
2555
2556
2557
2558
2559
2560
2561
2562
2563
2564
2565
2566
2567
2568
2569
2570
2571
2572
2573
2574
2575
2576
2577
2578
2579
2580
2581
2582
2583
2584
2585
2586
2587
2588
2589
2590
2591
2592
2593
2594
2595
2596
2597
2598
2599
2600
2601
2602
2603
2604
2605
2606
2607
2608
2609
2610
2611
2612
2613
2614
2615
2616
2617
2618
2619
2620
2621
2622
2623
2624
2625
2626
2627
2628
2629
2630
2631
2632
2633
2634
2635
2636
2637
2638
2639
2640
2641
2642
2643
2644
2645
2646
2647
2648
2649
2650
2651
2652
2653
2654
2655
2656
2657
2658
2659
2660
2661
2662
2663
2664
2665
2666
2667
2668
2669
2670
2671
2672
2673
2674
2675
2676
2677
2678
2679
2680
2681
2682
2683
2684
2685
2686
2687
2688
2689
2690
2691
2692
2693
2694
2695
2696
2697
2698
2699
2700
2701
2702
2703
2704
2705
2706
2707
2708
2709
2710
2711
2712
2713
2714
2715
2716
2717
2718
2719
2720
2721
2722
2723
2724
2725
2726
2727
2728
2729
2730
2731
2732
2733
2734
2735
2736
2737
2738
2739
2740
2741
2742
2743
2744
2745
2746
2747
2748
2749
2750
2751
2752
2753
2754
2755
2756
2757
2758
2759
2760
2761
2762
2763
2764
2765
2766
2767
2768
2769
2770
2771
2772
2773
2774
2775
2776
2777
2778
2779
2780
2781
2782
2783
2784
2785
2786
2787
2788
2789
2790
2791
2792
2793
2794
2795
2796
2797
2798
2799
2800
2801
2802
2803
2804
2805
2806
2807
2808
2809
2810
2811
2812
2813
2814
2815
2816
2817
2818
2819
2820
2821
2822
2823
2824
2825
2826
2827
2828
2829
2830
2831
2832
2833
2834
2835
2836
2837
2838
2839
2840
2841
2842
2843
2844
2845
2846
2847
2848
2849
2850
2851
2852
2853
2854
2855
2856
2857
2858
2859
2860
2861
2862
2863
2864
2865
2866
2867
2868
2869
2870
2871
2872
2873
2874
2875
2876
2877
2878
2879
2880
2881
2882
2883
2884
2885
2886
2887
2888
2889
2890
2891
2892
2893
2894
2895
2896
2897
2898
2899
2900
2901
2902
2903
2904
2905
2906
2907
2908
2909
2910
2911
2912
2913
2914
2915
2916
2917
2918
2919
2920
2921
2922
2923
2924
2925
2926
2927
2928
2929
2930
2931
2932
2933
2934
2935
2936
2937
2938
2939
2940
2941
2942
2943
2944
2945
2946
2947
2948
2949
2950
2951
2952
2953
2954
2955
2956
2957
2958
2959
2960
2961
2962
2963
2964
2965
2966
2967
2968
2969
2970
2971
2972
2973
2974
2975
2976
2977
2978
2979
2980
2981
2982
2983
2984
2985
2986
2987
2988
2989
2990
2991
2992
2993
2994
2995
2996
2997
2998
2999
3000
3001
3002
3003
3004
3005
3006
3007
3008
3009
3010
3011
3012
3013
3014
3015
3016
3017
3018
3019
3020
3021
3022
3023
3024
3025
3026
3027
3028
3029
3030
3031
3032
3033
3034
3035
3036
3037
3038
3039
3040
3041
3042
3043
3044
3045
3046
3047
3048
3049
3050
3051
3052
3053
3054
3055
3056
3057
3058
3059
3060
3061
3062
3063
3064
3065
3066
3067
3068
3069
3070
3071
3072
3073
3074
3075
3076
3077
3078
3079
3080
3081
3082
3083
3084
3085
3086
3087
3088
3089
3090
3091
3092
3093
3094
3095
3096
3097
3098
3099
3100
3101
3102
3103
3104
3105
3106
3107
3108
3109
3110
3111
3112
3113
3114
3115
3116
3117
3118
3119
3120
3121
3122
3123
3124
3125
3126
3127
3128
3129
3130
3131
3132
3133
3134
3135
3136
3137
3138
3139
3140
3141
3142
3143
3144
3145
3146
3147
3148
3149
3150
3151
3152
3153
3154
3155
3156
3157
3158
3159
3160
3161
3162
3163
3164
3165
3166
3167
3168
3169
3170
3171
3172
3173
3174
3175
3176
3177
3178
3179
3180
3181
3182
3183
3184
3185
3186
3187
3188
3189
3190
3191
3192
3193
3194
3195
3196
3197
3198
3199
3200
3201
3202
3203
3204
3205
3206
3207
3208
3209
3210
3211
3212
3213
3214
3215
3216
3217
3218
3219
3220
3221
3222
3223
3224
3225
3226
3227
3228
3229
3230
3231
3232
3233
3234
3235
3236
3237
3238
3239
3240
3241
3242
3243
3244
3245
3246
3247
3248
3249
3250
3251
3252
3253
3254
3255
3256
3257
3258
3259
3260
3261
3262
3263
3264
3265
3266
3267
3268
3269
3270
3271
3272
3273
3274
3275
3276
3277
3278
3279
3280
3281
3282
3283
3284
3285
3286
3287
3288
3289
3290
3291
3292
3293
3294
3295
3296
3297
3298
3299
3300
3301
3302
3303
3304
3305
3306
3307
3308
3309
3310
3311
3312
3313
3314
3315
3316
3317
3318
3319
3320
3321
3322
3323
3324
3325
3326
3327
3328
3329
3330
3331
3332
3333
3334
3335
3336
3337
3338
3339
3340
3341
3342
3343
3344
3345
3346
3347
3348
3349
3350
3351
3352
3353
3354
3355
3356
3357
3358
3359
3360
3361
3362
3363
3364
3365
3366
3367
3368
3369
3370
3371
3372
3373
3374
3375
3376
3377
3378
3379
3380
3381
3382
3383
3384
3385
3386
3387
3388
3389
3390
3391
3392
3393
3394
3395
3396
3397
3398
3399
3400
3401
3402
3403
3404
3405
3406
3407
3408
3409
3410
3411
3412
3413
3414
3415
3416
3417
3418
3419
3420
3421
3422
3423
3424
3425
3426
3427
3428
3429
3430
3431
3432
3433
3434
3435
3436
3437
3438
3439
3440
3441
3442
3443
3444
3445
3446
3447
3448
3449
3450
3451
3452
3453
3454
3455
3456
3457
3458
3459
3460
3461
3462
3463
3464
3465
3466
3467
3468
3469
3470
3471
3472
3473
3474
3475
3476
3477
3478
3479
3480
3481
3482
3483
3484
3485
3486
3487
3488
3489
3490
3491
3492
3493
3494
3495
3496
3497
3498
3499
3500
3501
3502
3503
3504
3505
3506
3507
3508
3509
3510
3511
3512
3513
3514
3515
3516
3517
3518
3519
3520
3521
3522
3523
3524
3525
3526
3527
3528
3529
3530
3531
3532
3533
3534
3535
3536
3537
3538
3539
3540
3541
3542
3543
3544
3545
3546
3547
3548
3549
3550
3551
3552
3553
3554
3555
3556
3557
3558
3559
3560
3561
3562
3563
3564
3565
3566
3567
3568
3569
3570
3571
3572
3573
3574
3575
3576
3577
3578
3579
3580
3581
3582
3583
3584
3585
3586
3587
3588
3589
3590
3591
3592
3593
3594
3595
3596
3597
3598
3599
3600
3601
3602
3603
3604
3605
3606
3607
3608
3609
3610
3611
3612
3613
3614
3615
3616
3617
3618
3619
3620
3621
3622
3623
3624
3625
3626
3627
3628
3629
3630
3631
3632
3633
3634
3635
3636
3637
3638
3639
3640
3641
3642
3643
3644
3645
3646
3647
3648
3649
3650
3651
3652
3653
3654
3655
3656
3657
3658
3659
3660
3661
3662
3663
3664
3665
3666
3667
3668
3669
3670
3671
3672
3673
3674
3675
3676
3677
3678
3679
3680
3681
3682
3683
3684
3685
3686
3687
3688
3689
3690
3691
3692
3693
3694
3695
3696
3697
3698
3699
3700
3701
3702
3703
3704
3705
3706
3707
3708
3709
3710
3711
3712
3713
3714
3715
3716
3717
3718
3719
3720
3721
3722
3723
3724
3725
3726
3727
3728
3729
3730
3731
3732
3733
3734
3735
3736
3737
3738
3739
3740
3741
3742
3743
3744
3745
3746
3747
3748
3749
3750
3751
3752
3753
3754
3755
3756
3757
3758
3759
3760
3761
3762
3763
3764
3765
3766
3767
3768
3769
3770
3771
3772
3773
3774
3775
3776
3777
3778
3779
3780
3781
3782
3783
3784
3785
3786
3787
3788
3789
3790
3791
3792
3793
3794
3795
3796
3797
3798
3799
3800
3801
3802
3803
3804
3805
3806
3807
3808
3809
3810
3811
3812
3813
3814
3815
3816
3817
3818
3819
3820
3821
3822
3823
3824
3825
3826
3827
3828
3829
3830
3831
3832
3833
3834
3835
3836
3837
3838
3839
3840
3841
3842
3843
3844
3845
3846
3847
3848
3849
3850
3851
3852
3853
3854
3855
3856
3857
3858
3859
3860
3861
3862
3863
3864
3865
3866
3867
3868
3869
3870
3871
3872
3873
3874
3875
3876
3877
3878
3879
3880
3881
3882
3883
3884
3885
3886
3887
3888
3889
3890
3891
3892
3893
3894
3895
3896
3897
3898
3899
3900
3901
3902
3903
3904
3905
3906
3907
3908
3909
3910
3911
3912
3913
3914
3915
3916
3917
3918
3919
3920
3921
3922
3923
3924
3925
3926
3927
3928
3929
3930
3931
3932
3933
3934
3935
3936
3937
3938
3939
3940
3941
3942
3943
3944
3945
3946
3947
3948
3949
3950
3951
3952
3953
3954
3955
3956
3957
3958
3959
3960
3961
3962
3963
3964
3965
3966
3967
3968
3969
3970
3971
3972
3973
3974
3975
3976
3977
3978
3979
3980
3981
3982
3983
3984
3985
3986
3987
3988
3989
3990
3991
3992
3993
3994
3995
3996
3997
3998
3999
4000
4001
4002
4003
4004
4005
4006
4007
4008
4009
4010
4011
4012
4013
4014
4015
4016
4017
4018
4019
4020
4021
4022
4023
4024
4025
4026
4027
4028
4029
4030
4031
4032
4033
4034
4035
4036
4037
4038
4039
4040
4041
4042
4043
4044
4045
4046
4047
4048
4049
4050
4051
4052
4053
4054
4055
4056
4057
4058
4059
4060
4061
4062
4063
4064
4065
4066
4067
4068
4069
4070
4071
4072
4073
4074
4075
4076
4077
4078
4079
4080
4081
4082
4083
4084
4085
4086
4087
4088
4089
4090
4091
4092
4093
4094
4095
4096
4097
4098
4099
4100
4101
4102
4103
4104
4105
4106
4107
4108
4109
4110
4111
4112
4113
4114
4115
4116
4117
4118
4119
4120
4121
4122
4123
4124
4125
4126
4127
4128
4129
4130
4131
4132
4133
4134
4135
4136
4137
4138
4139
4140
4141
4142
4143
4144
4145
4146
4147
4148
4149
4150
4151
4152
4153
4154
4155
4156
4157
4158
4159
4160
4161
4162
4163
4164
4165
4166
4167
4168
4169
4170
4171
4172
4173
4174
4175
4176
4177
4178
4179
4180
4181
4182
4183
4184
4185
4186
4187
4188
4189
4190
4191
4192
4193
4194
4195
4196
4197
4198
4199
4200
4201
4202
4203
4204
4205
4206
4207
4208
4209
4210
4211
4212
4213
4214
4215
4216
4217
4218
4219
4220
4221
4222
4223
4224
4225
4226
4227
4228
4229
4230
4231
4232
4233
4234
4235
4236
4237
4238
4239
4240
4241
4242
4243
4244
4245
4246
4247
4248
4249
4250
4251
4252
4253
4254
4255
4256
4257
4258
4259
4260
4261
4262
4263
4264
4265
4266
4267
4268
4269
4270
4271
4272
4273
4274
4275
4276
4277
4278
4279
4280
4281
4282
4283
4284
4285
4286
4287
4288
4289
4290
4291
4292
4293
4294
4295
4296
4297
4298
4299
4300
4301
4302
4303
4304
4305
4306
4307
4308
4309
4310
4311
4312
4313
4314
4315
4316
4317
4318
4319
4320
4321
4322
4323
4324
4325
4326
4327
4328
4329
4330
4331
4332
4333
4334
4335
4336
4337
4338
4339
4340
4341
4342
4343
4344
4345
4346
4347
4348
4349
4350
4351
4352
4353
4354
4355
4356
4357
4358
4359
4360
4361
4362
4363
4364
4365
4366
4367
4368
4369
4370
4371
4372
4373
4374
4375
4376
4377
4378
4379
4380
4381
4382
4383
4384
4385
4386
4387
4388
4389
4390
4391
4392
4393
4394
4395
4396
4397
4398
4399
4400
4401
4402
4403
4404
4405
4406
4407
4408
4409
4410
4411
4412
4413
4414
4415
4416
4417
4418
4419
4420
4421
4422
4423
4424
4425
4426
4427
4428
4429
4430
4431
4432
4433
4434
4435
4436
4437
4438
4439
4440
4441
4442
4443
4444
4445
4446
4447
4448
4449
4450
4451
4452
4453
4454
4455
4456
4457
4458
4459
4460
4461
4462
4463
4464
4465
4466
4467
4468
4469
4470
4471
4472
4473
4474
4475
4476
4477
4478
4479
4480
4481
4482
4483
4484
4485
4486
4487
4488
4489
4490
4491
4492
4493
4494
4495
4496
4497
4498
4499
4500
4501
4502
4503
4504
4505
4506
4507
4508
4509
4510
4511
4512
4513
4514
4515
4516
4517
4518
4519
4520
4521
4522
4523
4524
4525
4526
4527
4528
4529
4530
4531
4532
4533
4534
4535
4536
4537
4538
4539
4540
4541
4542
4543
4544
4545
4546
4547
4548
4549
4550
4551
4552
4553
4554
4555
4556
4557
4558
4559
4560
4561
4562
4563
4564
4565
4566
4567
4568
4569
4570
4571
4572
4573
4574
4575
4576
4577
4578
4579
4580
4581
4582
4583
4584
4585
4586
4587
4588
4589
4590
4591
4592
4593
4594
4595
4596
4597
4598
4599
4600
4601
4602
4603
4604
4605
4606
4607
4608
4609
4610
4611
4612
4613
4614
4615
4616
4617
4618
4619
4620
4621
4622
4623
4624
4625
4626
4627
4628
4629
4630
4631
4632
4633
4634
4635
4636
4637
4638
4639
4640
4641
4642
4643
4644
4645
4646
4647
4648
4649
4650
4651
4652
4653
4654
4655
4656
4657
4658
4659
4660
4661
4662
4663
4664
4665
4666
4667
4668
4669
4670
4671
4672
4673
4674
4675
4676
4677
4678
4679
4680
4681
4682
4683
4684
4685
4686
4687
4688
4689
4690
4691
4692
4693
4694
4695
4696
4697
4698
4699
4700
4701
4702
4703
4704
4705
4706
4707
4708
4709
4710
4711
4712
4713
4714
4715
4716
4717
4718
4719
4720
4721
4722
4723
4724
4725
4726
4727
4728
4729
4730
4731
4732
4733
4734
4735
4736
4737
4738
4739
4740
4741
4742
4743
4744
4745
4746
4747
4748
4749
4750
4751
4752
4753
4754
4755
4756
4757
4758
4759
4760
4761
4762
4763
4764
4765
4766
4767
4768
4769
4770
4771
4772
4773
4774
4775
4776
4777
4778
4779
4780
4781
4782
4783
4784
4785
4786
4787
4788
4789
4790
4791
4792
4793
4794
4795
4796
4797
4798
4799
4800
4801
4802
4803
4804
4805
4806
4807
4808
4809
4810
4811
4812
4813
4814
4815
4816
4817
4818
4819
4820
4821
4822
4823
4824
4825
4826
4827
4828
4829
4830
4831
4832
4833
4834
4835
4836
4837
4838
4839
4840
4841
4842
4843
4844
4845
4846
4847
4848
4849
4850
4851
4852
4853
4854
4855
4856
4857
4858
4859
4860
4861
4862
4863
4864
4865
4866
4867
4868
4869
4870
4871
4872
4873
4874
4875
4876
4877
4878
4879
4880
4881
4882
4883
4884
4885
4886
4887
4888
4889
4890
4891
4892
4893
4894
4895
4896
4897
4898
4899
4900
4901
4902
4903
4904
4905
4906
4907
4908
4909
4910
4911
4912
4913
4914
4915
4916
4917
4918
4919
4920
4921
4922
4923
4924
4925
4926
4927
4928
4929
4930
4931
4932
4933
4934
4935
4936
4937
4938
4939
4940
4941
4942
4943
4944
4945
4946
4947
4948
4949
4950
4951
4952
4953
4954
4955
4956
4957
4958
4959
4960
4961
4962
4963
4964
4965
4966
4967
4968
4969
4970
4971
4972
4973
4974
4975
4976
4977
4978
4979
4980
4981
4982
4983
4984
4985
4986
4987
4988
4989
4990
4991
4992
4993
4994
4995
4996
4997
4998
4999
5000
5001
5002
5003
5004
5005
5006
5007
5008
5009
5010
5011
5012
5013
5014
5015
5016
5017
5018
5019
5020
5021
5022
5023
5024
5025
5026
5027
5028
5029
5030
5031
5032
5033
5034
5035
5036
5037
5038
5039
5040
5041
5042
5043
5044
5045
5046
5047
5048
5049
5050
5051
5052
5053
5054
5055
5056
5057
5058
5059
5060
5061
5062
5063
5064
5065
5066
5067
5068
5069
5070
5071
5072
5073
5074
5075
5076
5077
5078
5079
5080
5081
5082
5083
5084
5085
5086
5087
5088
5089
5090
5091
5092
5093
5094
5095
5096
5097
5098
5099
5100
5101
5102
5103
5104
5105
5106
5107
5108
5109
5110
5111
5112
5113
5114
5115
5116
5117
5118
5119
5120
5121
5122
5123
5124
5125
5126
5127
5128
5129
5130
5131
5132
5133
5134
5135
5136
5137
5138
5139
5140
5141
5142
5143
5144
5145
5146
5147
5148
5149
5150
5151
5152
5153
5154
5155
5156
5157
5158
5159
5160
5161
5162
5163
5164
5165
5166
5167
5168
5169
5170
5171
5172
5173
5174
5175
5176
5177
5178
5179
5180
5181
5182
5183
5184
5185
5186
5187
5188
5189
5190
5191
5192
5193
5194
5195
5196
5197
5198
5199
5200
5201
5202
5203
5204
5205
5206
5207
5208
5209
5210
5211
5212
5213
5214
5215
5216
5217
5218
5219
5220
5221
5222
5223
5224
5225
5226
5227
5228
5229
5230
5231
5232
5233
5234
5235
5236
5237
5238
5239
5240
5241
5242
5243
5244
5245
5246
5247
5248
5249
5250
5251
5252
5253
5254
5255
5256
5257
5258
5259
5260
5261
5262
5263
5264
5265
5266
5267
5268
5269
5270
5271
5272
5273
5274
5275
5276
5277
5278
5279
5280
5281
5282
5283
5284
5285
5286
5287
5288
5289
5290
5291
5292
5293
5294
5295
5296
5297
5298
5299
5300
5301
5302
5303
5304
5305
5306
5307
5308
5309
5310
5311
5312
5313
5314
5315
5316
5317
5318
5319
5320
5321
5322
5323
5324
5325
5326
5327
5328
5329
5330
5331
5332
5333
5334
5335
5336
5337
5338
5339
5340
5341
5342
5343
5344
5345
5346
5347
5348
5349
5350
5351
5352
5353
5354
5355
5356
5357
5358
5359
5360
5361
5362
5363
5364
5365
5366
5367
5368
5369
5370
5371
5372
5373
5374
5375
5376
5377
5378
5379
5380
5381
5382
5383
5384
5385
5386
5387
5388
5389
5390
5391
5392
5393
5394
5395
5396
5397
5398
5399
5400
5401
5402
5403
5404
5405
5406
5407
5408
5409
5410
5411
5412
5413
5414
5415
5416
5417
5418
5419
5420
5421
5422
5423
5424
5425
5426
5427
5428
5429
5430
5431
5432
5433
5434
5435
5436
5437
5438
5439
5440
5441
5442
5443
5444
5445
5446
5447
5448
5449
5450
5451
5452
5453
5454
5455
5456
5457
5458
5459
5460
5461
5462
5463
5464
5465
5466
5467
5468
5469
5470
5471
5472
5473
5474
5475
5476
5477
5478
5479
5480
5481
5482
5483
5484
5485
5486
5487
5488
5489
5490
5491
5492
5493
5494
5495
5496
5497
5498
5499
5500
5501
5502
5503
5504
5505
5506
5507
5508
5509
5510
5511
5512
5513
5514
5515
5516
5517
5518
5519
5520
5521
5522
5523
5524
5525
5526
5527
5528
5529
5530
5531
5532
5533
5534
5535
5536
5537
5538
5539
5540
5541
5542
5543
5544
5545
5546
5547
5548
5549
5550
5551
5552
5553
5554
5555
5556
5557
5558
5559
5560
5561
5562
5563
5564
5565
5566
5567
5568
5569
5570
5571
5572
5573
5574
5575
5576
5577
5578
5579
5580
5581
5582
5583
5584
5585
5586
5587
5588
5589
5590
5591
5592
5593
5594
5595
5596
5597
5598
5599
5600
5601
5602
5603
5604
5605
5606
5607
5608
5609
5610
5611
5612
5613
5614
5615
5616
5617
5618
5619
5620
5621
5622
5623
5624
5625
5626
5627
5628
5629
5630
5631
5632
5633
5634
5635
5636
5637
5638
5639
5640
5641
5642
5643
5644
5645
5646
5647
5648
5649
5650
5651
5652
5653
5654
5655
5656
5657
5658
5659
5660
5661
5662
5663
5664
5665
5666
5667
5668
5669
5670
5671
5672
5673
5674
5675
5676
5677
5678
5679
5680
5681
5682
5683
5684
5685
5686
5687
5688
5689
5690
5691
5692
5693
5694
5695
5696
5697
5698
5699
5700
5701
5702
5703
5704
5705
5706
5707
5708
5709
5710
5711
5712
5713
5714
5715
5716
5717
5718
5719
5720
5721
5722
5723
5724
5725
5726
5727
5728
5729
5730
5731
5732
5733
5734
5735
5736
5737
5738
5739
5740
5741
5742
5743
5744
5745
5746
5747
5748
5749
5750
5751
5752
5753
5754
5755
5756
5757
5758
5759
5760
5761
5762
5763
5764
5765
5766
5767
5768
5769
5770
5771
5772
5773
5774
5775
5776
5777
5778
5779
5780
5781
5782
5783
5784
5785
5786
5787
5788
5789
5790
5791
5792
5793
5794
5795
5796
5797
5798
5799
5800
5801
5802
5803
5804
5805
5806
5807
5808
5809
5810
5811
5812
5813
5814
5815
5816
5817
5818
5819
5820
5821
5822
5823
5824
5825
5826
5827
5828
5829
5830
5831
5832
5833
5834
5835
5836
5837
5838
5839
5840
5841
5842
5843
5844
5845
5846
5847
5848
5849
5850
5851
5852
5853
5854
5855
5856
5857
5858
5859
5860
5861
5862
5863
5864
5865
5866
5867
5868
5869
5870
5871
5872
5873
5874
5875
5876
5877
5878
5879
5880
5881
5882
5883
5884
5885
5886
5887
5888
5889
5890
5891
5892
5893
5894
5895
5896
5897
5898
5899
5900
5901
5902
5903
5904
5905
5906
5907
5908
5909
5910
5911
5912
5913
5914
5915
5916
5917
5918
5919
5920
5921
5922
5923
5924
5925
5926
5927
5928
5929
5930
5931
5932
5933
5934
5935
5936
5937
5938
5939
5940
5941
5942
5943
5944
5945
5946
5947
5948
5949
5950
5951
5952
5953
5954
5955
5956
5957
5958
5959
5960
5961
5962
5963
5964
5965
5966
5967
5968
5969
5970
5971
5972
5973
5974
0.008047164064303001 0.2053632018450278 0
0.2028969857722491 0.4008816319605701 0
0.2019222707088419 0.008883593583343051 0
0.008878402589143436 0.154990910654535 0
0.009068211465146296 0.2541724904376592 0
0.4005814430326591 0.2081898836150579 0
1.600401343913211 0.2075820239239123 0
1.206206861390589 0.1517906277188769 0
0.8063744512978405 0.2467805372002706 0
0.9003505769187972 0.2640051228296156 0
0.1485346029134565 0.009631540363744378 0
0.1481213067669319 0.4013608792091434 0
1.295274719671693 0.1526175571750573 0
0.5003393437741976 0.1940101192479099 0
0.2583442255409136 0.009580347719621581 0
0.2572749449842335 0.4004516400022358 0
0.6677705269716743 0.01127810322468197 0
1.700446066040554 0.2060595167837728 0
0.6417702132034143 0.3988459125298332 0
1.900480614990293 0.01519030768905504 0
1.041438881404635 0.01221883870451721 0
1.070253909529119 0.3971984442626396 0
1.882911693756926 0.3941224404612558 0
1.976639038990347 0.3936706148340746 0
1.430662739460725 0.3962649306989472 0
0.8835813044583631 0.2335272987059201 0
1.994203044967599 0.0163872827234454 0
0.009721769053578286 0.1041488044441911 0
0.008321880202247892 0.3048176660091012 0
0.4047615193475937 0.1774283629572391 0
0.7333214557917278 0.01145204562653833 0
0.4948582858861214 0.2228564383814936 0
0.3160954164586537 0.3994222103572929 0
1.446466843064543 0.01590470868482152 0
0.9826098850051213 0.01247187870160241 0
0.6033966332586506 0.01098920741058441 0
1.130223056284617 0.397030637642741 0
2.184153870138811 0.2049583644826398 0
0.3032011419694935 0.009653090972435205 0
0.8268978081030469 0.2246652264446903 0
0.107732076104988 0.008308441080521129 0
0.1059602375776649 0.4020695173991543 0
1.227231903362478 0.1748800750485473 0
1.272218515114202 0.1747782314962899 0
0.5907534522907909 0.398965121493845 0
0.6934374772887327 0.3987672056990502 0
1.604454043283272 0.176828977089371 0
1.365217170090623 0.3944123642513981 0
0.8579694930477471 0.2196839327919511 0
0.9252236912251541 0.01141192779278892 0
0.7869531242703738 0.01167363695169129 0
1.827959246746766 0.0156550013644143 0
0.4139495904269378 0.2354480645787375 0
0.8002742070019522 0.2778757918736469 0
1.011565313013847 0.3974437731488701 0
1.495265295756574 0.3953152654213515 0
1.1913843496145 0.3976398804243848 0
0.8415706673088628 0.01188595941872898 0
1.694863945920862 0.1762773616333236 0
0.34912433100528 0.01106010648932303 0
0.553061118222709 0.01077698230346402 0
1.252927643535429 0.3965493348259932 0
0.360383000906235 0.4008050908803834 0
1.20027420699996 0.1221242080889128 0
1.809843897092377 0.3951199511687426 0
0.5417912858472274 0.4002713264599727 0
1.299572971591536 0.1198763526095036 0
1.614425450970025 0.2360936013725171 0
0.4842081794002648 0.1648172332939279 0
1.685034788685765 0.2372412389010476 0
2.053449294595292 0.3950037813523859 0
1.512606587572069 0.0140519823342687 0
0.4082681972868177 0.4005431458496473 0
1.100596006593372 0.01149931310423077 0
0.3958028285379138 0.01030277069016856 0
0.4705595179613529 0.2458473096421917 0
0.4555827030391589 0.4004783250359913 0
0.503620853677309 0.0105834451813654 0
0.4431409372779924 0.2477295520735281 0
0.4266675265255515 0.1551439322333936 0
2.071326771390627 0.01937213331971451 0
0.4550662239897277 0.01014795790774914 0
0.06545302436282101 0.4015497731113522 0
0.0666903261932483 0.009195491158408491 0
0.8948582859136366 0.2928564384682064 0
1.6267780102901 0.1544615787407962 0
0.4583032518913711 0.1507718544459612 0
1.672856438514163 0.1551417142456013 0
1.754927147135411 0.01543534575161432 0
1.643674818289139 0.2511720477759356 0
1.562877433931558 0.3934658772341533 0
2.183306854847366 0.2842186997991806 0
0.7455734115438852 0.3985999824082623 0
1.737208498165186 0.3950341453128148 0
1.378134972665324 0.01386691469895168 0
1.564600208444433 0.01403822594007599 0
2.18350380230228 0.1264216922516983 0
0.009595778947320034 0.06565917657522533 0
0.008685771189713072 0.3454627743419185 0
1.300210938381298 0.3962982671263875 0
0.883214648126702 0.01206938289466421 0
0.4913491818697995 0.3994924481239572 0
0.9687424697552707 0.3986333059394732 0
1.685457322647934 0.3964397014528002 0
1.615242681515215 0.3948198530724674 0
1.144922060179111 0.01201803654059752 0
1.702949785426832 0.01651806571662019 0
1.64950024204813 0.01546543323933627 0
0.8148322020338411 0.3062891919953054 0
0.9237147654175882 0.3986493107441472 0
1.214692876944787 0.09431133086317622 0
1.285343443270526 0.09361757716843455 0
2.111795147844452 0.3950108852531193 0
0.7853053158087878 0.3978013848621371 0
0.8721844247564139 0.3142878539162304 0
0.8416111293518068 0.3209699172312394 0
1.331847925285302 0.01430661617956827 0
0.880959800498085 0.3970208811753828 0
2.13080823932034 0.01696357645053407 0
0.03574588847819542 0.4014433842836211 0
0.03448384302870251 0.007644009774230687 0
0.8278689727272668 0.3998314384579482 0
1.190469570533855 0.01582202448781888 0
1.242124207981336 0.08027420693547423 0
1.28594001948407 0.01351981437151615 0
2.181251765154451 0.3432665117461542 0
1.252373519221871 0.01306818261215205 0
2.182647530060627 0.06829136513005521 0
0.008660254037873046 0.0350000000001051 0
0.008893692653626308 0.3750073151729727 0
1.597702151372411 0.01373583996372955 0
1.2221471390058 0.01386139427354975 0
1.649568572265651 0.3949306909359934 0
1.791858591678727 0.01550825737191975 0
1.77324872127388 0.3957705148765831 0
1.411693767552288 0.01465821524655748 0
1.846190826352531 0.3942876121634567 0
1.529614440083073 0.3954085469526766 0
1.864261420118893 0.01556952385779634 0
1.479151707430561 0.01454115311621459 0
1.920222489351757 0.3939388599202809 0
1.070309947832601 0.01246601460501149 0
1.937817142910238 0.01806004019583639 0
1.332034067147801 0.3962421785689163 0
1.398265108059823 0.3966308462299468 0
1.462670051314814 0.3957871269128801 0
0.8578234123134187 0.400236117167319 0
1.22191073627674 0.3965981969303167 0
1.158920696877598 0.397225580597669 0
1.100029633797785 0.3975030321058839 0
1.040088719847381 0.3977408195087799 0
0.7198444129189021 0.398613860696599 0
1.010983334163237 0.0130211295324667 0
0.9541567468542966 0.01230921070853646 0
0.8141511146870167 0.01179729625284404 0
0.7600296904790177 0.0115833325070818 0
0.6937575409392267 0.01137685304960001 0
2.01570364385806 0.3941307250691441 0
2.03211024707074 0.0159110480080991 0
0.2260365449659898 0.009303660620646314 0
0.1695785204046442 0.009237917203837325 0
0.1699417140416889 0.3995059410468116 0
0.1289106573856381 0.008416500362523999 0
0.1269385630596 0.4017090567940093 0
0.0866463743011583 0.008799067289605866 0
0.08684154694867488 0.4008456540873225 0
0.2242523858425231 0.3989737276980146 0
0.6675375680091247 0.3988391640584906 0
0.6284040815543666 0.01018667968129053 0
0.6161419073380041 0.3989463484222084 0
0.5658103038889277 0.4001396376728554 0
0.5768251004088951 0.0121162138985229 0
0.5279270185003426 0.01108970277823198 0
0.5170335308051633 0.3996912873362478 0
0.2806314867076584 0.009875324397487974 0
0.2806356310147046 0.4002894415258967 0
0.4792316708063079 0.01023400671862967 0
0.3367433848828394 0.4004053181712316 0
0.4320778030028238 0.4003599456065594 0
0.3840082432220068 0.3976328020326103 0
0.4195936088290824 0.009831977575326854 0
0.3259982365839294 0.009888133539585741 0
0.372356439696625 0.01066189295017747 0
2.183548049007929 0.2432817445093525 0
2.183539210275426 0.1675693109175676 0
0.00938400877083659 0.08481174482369062 0
0.008352569625094343 0.3238041760943305 0
0.008302557415686565 0.1250844064867874 0
0.009760949092145116 0.2840341343924529 0
0.009667663836686701 0.1845461502049284 0
0.008254595113445819 0.2245307071810484 0
2.150745467922528 0.3937475665372474 0
2.169443258510951 0.01663241092520927 0
0.007810622896428322 0.01512168996342376 0
0.008222439420266925 0.3957337571929637 0
0.4000523695704248 0.1883522519629101 0
0.3927618939403979 0.177867221529621 0
0.3978911665163771 0.1670963700782727 0
0.3859324980327985 0.1674993112825462 0
0.391472505176329 0.1565531819901775 0
0.3792929223872347 0.1571850611429912 0
0.3737474933817185 0.1680666937030252 0
0.3671366687093185 0.1578490633752102 0
0.3616261423335733 0.1686558120574144 0
0.3550683298355363 0.1585393323590271 0
0.3495979130660329 0.1692502601009814 0
0.3430573273108597 0.1592243287570627 0
0.3376613830341043 0.1698437696119292 0
0.3312037197708991 0.1599005519555142 0
0.325828233549341 0.1704333777105952 0
0.3193935258798139 0.1605645950827178 0
0.3140794497131819 0.1710191527575351 0
0.3077199605385128 0.1612268431060463 0
0.3024246475585469 0.1716025931824613 0
0.2961089696167262 0.1618703603329054 0
0.2908636643603866 0.1721994557483318 0
0.2968870486219715 0.1814967210212832 0
0.2855852896707542 0.18243199560722 0
0.2793697549031689 0.1727790014447782 0
0.2741620434047399 0.1830304260641543 0
0.2679533777367428 0.1734193814894699 0
0.2627799742230825 0.1836012415376542 0
0.2565978291608781 0.1740995123680135 0
0.2514493398543198 0.1841742075198028 0
0.2453054231555632 0.1747241068919094 0
0.240190536127317 0.1847353070443217 0
0.2340671488394941 0.1751176668628778 0
0.2289807817534959 0.1852498919591171 0
0.2228931167129437 0.1756798863195668 0
0.2178337725631745 0.1857805226674449 0
0.2117741731123544 0.1761938468105482 0
0.2067448938994917 0.1863121357143421 0
0.2007166702505921 0.1767737234278718 0
0.1957155174133123 0.1868749088783498 0
0.2017032566861451 0.1961698563243518 0
0.1907055058253564 0.1967365873596441 0
0.2573313910246528 0.1934028516113596 0
0.1897305998716432 0.1776325607690133 0
0.1966688369562683 0.205969129066355 0
0.1856647475357074 0.2064947866639059 0
0.191642755866775 0.2157183055115952 0
0.1806731359560972 0.2162406677956315 0
0.1866430828017757 0.2254449001765387 0
0.1757534288214414 0.2259840389382248 0
0.1697420626293868 0.2164501115436963 0
0.1648924127444042 0.2264528155260129 0
0.1816661111579346 0.2351513277115006 0
0.158954232235171 0.2169890540095435 0
0.1540913471041222 0.2269445398736183 0
0.1947878672956947 0.1675884742127852 0
0.1837647568222922 0.1683057249791411 0
0.2391803558922246 0.165132010000886 0
0.1482404907934454 0.2179179692174554 0
0.1433507052578524 0.2275444074781639 0
0.1888967805795886 0.1583851377373929 0
0.1778279579653233 0.1591045160030921 0
0.1827370326041439 0.1495746780771786 0
0.1718503423282808 0.1501634213566786 0
0.1375338771012568 0.2185579104169786 0
0.132658609441778 0.2280665886860086 0
0.1384584450802399 0.2370553251838008 0
0.1277947332090604 0.2375636357010299 0
0.1335671813824525 0.2465319533281045 0
0.3013276230894912 0.1515276330742651 0
0.1767832345589894 0.1404682420817147 0
0.1659525972447451 0.1410452686915614 0
0.1268652409026895 0.2190995982470873 0
0.1229415425926126 0.2470587111929734 0
0.128696554758438 0.2559875435583008 0
0.3482796958985931 0.1486628626248466 0
0.1925689500264985 0.2346187859251797 0
0.187576036822621 0.2443387444715164 0
0.1984555843961358 0.2438296428594326 0
0.1934866386381764 0.2535453122211028 0
0.2043864259157142 0.2530353894686892 0
0.1995489091397093 0.2626750112762419 0
0.2103568926827663 0.2622403521665035 0
0.2055147783322226 0.2718954969974423 0
0.2163368063330079 0.2714586595747948 0
0.1186215398260647 0.2567718703085465 0
0.1239266554122765 0.2654537102162842 0
0.1709131466400267 0.130954274039151 0
0.1600700114852885 0.1318887381625082 0
0.1818892254033052 0.1294906824119926 0
0.1136492079959884 0.266152704976044 0
0.1190738693551884 0.2748518711019264 0
0.2113375903688525 0.2812330263283163 0
0.2222739750394504 0.2807419252072245 0
0.1651243256555674 0.1209311642189062 0
0.1541629900357223 0.122911178498409 0
0.149302413293282 0.1324946687780234 0
0.1434427878321121 0.1234997376396608 0
0.138591748654276 0.1330387939319846 0
0.1327748532078717 0.124092701131266 0
0.1279343908723561 0.1335737806203392 0
0.122147022015482 0.124677628070027 0
0.1173329125175323 0.1341091490438213 0
0.1115795432309718 0.1252412947105535 0
0.1089619710811945 0.2756655189235145 0
0.1142635300045321 0.2842440970107357 0
0.3842589431964621 0.1464125568052694 0
0.1067922650441532 0.1346512112176335 0
0.2914222121801086 0.1928312198867706 0
0.116363614499218 0.1158285850380632 0
0.1123555594649386 0.2476049930229668 0
0.2174837398856713 0.290390043012962 0
0.2283352358551693 0.2899826832878356 0
0.2060180452527161 0.2901196410645281 0
0.2331490729493805 0.2798751344284182 0
0.2393636578658938 0.2896006648194037 0
0.1058222531352889 0.1164152947488996 0
0.1037622269409031 0.284758784526809 0
0.1093833729145507 0.29354896999587 0
0.2444545321132224 0.2795833381875262 0
0.2505215005046326 0.28914831937358 0
0.1479894557441127 0.1137297226090836 0
0.2556200629565806 0.2788521172032989 0
0.2616986867676658 0.2884271223346209 0
0.2668368233216695 0.2782147062370985 0
0.2729261545186288 0.2879503665000832 0
0.2781160153738357 0.2776788523930016 0
0.284245429459703 0.2874519532142144 0
0.2894648966464237 0.2770994320232514 0
0.2956640789815261 0.2868942167976541 0
0.3008789567957684 0.2766648443472693 0
0.3071322783173445 0.2864169114818272 0
0.09888579987090168 0.2940498899443313 0
0.312402679356014 0.2760717735208593 0
0.3186807507391249 0.285836576665726 0
0.1045543213731498 0.3028811631588857 0
0.115038256705886 0.3023685779334819 0
0.1103596510432573 0.1071626380338014 0
0.1000481014061818 0.1076249913574048 0
0.2344350591505916 0.299205912727117 0
0.2903993035308426 0.2972359050007978 0
0.0979999295856214 0.2757484856910735 0
0.0940925414671638 0.3033688722447447 0
0.1102234350782797 0.3117180675153166 0
0.1207272199894159 0.3112045429051103 0
0.104564519757329 0.09840306438698032 0
0.09434555030487574 0.09881207445406363 0
0.3441190435863223 0.1818296023758133 0
0.08969100498992855 0.108065513872907 0
0.3239896998879352 0.275460713468515 0
0.3302790570358184 0.2852610907558905 0
0.3249576013691049 0.2956308517145878 0
0.3365934520026029 0.2950743122969944 0
0.331243693971251 0.3054231571463648 0
0.3429236797177255 0.3048868524940517 0
0.09905369064595465 0.08949488298925602 0
0.08868333245064323 0.08998576368803152 0
0.1088305695450386 0.08902773994220266 0
0.1158997694297305 0.3205491215738938 0
0.1264246541435726 0.3200542343920091 0
0.1312676687004427 0.3106732373923008 0
0.1369964342323908 0.3195658771708353 0
0.3480522664086106 0.2946426128352834 0
0.3545669410341577 0.3044266291329743 0
0.3500133696302827 0.3148571127932547 0
0.3614576522585463 0.3141097599528039 0
0.3663554393065981 0.3036559149864335 0
0.3729019761653198 0.3137428193230331 0
0.1125170452975901 0.1435019990395755 0
0.1019934643158789 0.1440429943317081 0
0.09338331140929641 0.08072507146918868 0
0.08299737049673823 0.08124461291713318 0
0.3176704678330534 0.2656917915725485 0
0.3293299620083561 0.2650892518446878 0
0.3783022442121645 0.3032577010212831 0
0.3847326459044648 0.313288994317678 0
0.2154053618945742 0.252445230622505 0
0.1321412009828069 0.3289761440210893 0
0.1427290596844287 0.3284895924932233 0
0.1669159492326318 0.159790660477635 0
0.271831256261174 0.2677909424528088 0
0.188557914830233 0.2630032026697229 0
0.1077148073166957 0.152873400209621 0
0.09722644448947768 0.1534239017648072 0
0.3673406972931839 0.3242876380838544 0
0.3229516392830609 0.2552526539459332 0
0.3346967977290732 0.254665048533349 0
0.1418607156985664 0.3101395611033155 0
0.39010865497766 0.3027750783568881 0
0.3966785201902367 0.3127824692007374 0
0.1029256064012754 0.1622201198397008 0
0.09245254045862664 0.1627362950644778 0
0.08677208540449449 0.1539760069731421 0
0.08201411052142421 0.163228502159353 0
0.07635414538933114 0.1544640559522223 0
0.08767790476263594 0.1720110726680638 0
0.07725862612911197 0.1724313426267841 0
0.08291776371721417 0.1812523083664509 0
0.07253829949284457 0.1817073885345145 0
0.0781729084336532 0.1904867465066796 0
0.06784357443353302 0.1910126118565212 0
0.07344186404075725 0.1997108100874577 0
0.087700342894264 0.07200764787937769 0
0.07732893592256446 0.07258121274267892 0
0.07264145794185208 0.08177997141265728 0
0.1378655170752576 0.3379270104429343 0
0.1484760334968656 0.3374286306696643 0
0.06701089569254248 0.07313879922189805 0
0.3827505017835926 0.2918060953095898 0
0.06313680287505032 0.2002372099186233 0
0.06870865341302429 0.2089005218077239 0
0.328290910904865 0.2447887968755177 0
0.3165612318053096 0.2453905969992816 0
0.3400661755017018 0.244151074308998 0
0.06221085500212711 0.1822398584994774 0
0.06232471365730426 0.08235336064712606 0
0.1317154554065686 0.2096255279419468 0
0.4017326467084197 0.3019201330946769 0
0.4086256963954269 0.3122342126826511 0
0.4031184648865234 0.3228496543129758 0
0.4151636575838081 0.3223560124190061 0
0.4207595917533256 0.3117110646191888 0
0.4272622359693419 0.3218360269006988 0
0.4327847713224702 0.3112408603201285 0
0.4393906801527541 0.3213501053373584 0
0.4446852327689431 0.3105119221204507 0
0.4515355414235056 0.3207969756657074 0
0.4569505227677715 0.3098583007340507 0
0.4637772032728314 0.3202699558142574 0
0.4695263185059558 0.3095893050688348 0
0.4761230512360892 0.3199404143055665 0
0.4815922883393765 0.3089333109555978 0
0.4884193907403425 0.3194467331236224 0
0.4939647423144631 0.3083234272866951 0
0.5007873611727132 0.3189332225589454 0
0.5065312402973077 0.3078616536087466 0
0.5132271804215711 0.3184559394220001 0
0.5189939141921108 0.3073445216375669 0
0.5256748554934028 0.3179448189678209 0
0.5314540755990413 0.3068834291772484 0
0.5381348054145012 0.3174480866798192 0
0.5439223136125088 0.3063728694670884 0
0.5506067460625199 0.3169260897707757 0
0.5563982212796184 0.3058491592865801 0
0.5630907364770384 0.3163985794747909 0
0.5688820951083278 0.3053213914682223 0
0.5621835128444476 0.2947781564170782 0
0.5746664248737229 0.2942493237726428 0
0.5679666455370378 0.2837031899125034 0
0.5804540097167959 0.2831713860470277 0
0.5871578669534068 0.2937290420743958 0
0.5929479789758578 0.2826397582480875 0
0.5862354792199893 0.2720854728701605 0
0.5987322126933516 0.2715457591242358 0
0.5919845808897233 0.2609751577114757 0
0.6044906162373409 0.2604355674406447 0
0.5977558038203029 0.2498696315654782 0
0.6102709358636712 0.249331513942368 0
0.6035065889264518 0.2387048221261616 0
0.6160493582262727 0.2382127164353199 0
0.6091756130050897 0.2274993437522355 0
0.6218217420220437 0.227082458078238 0
0.6149993557403619 0.2164335057729167 0
0.6276147259537658 0.2159638974707717 0
0.6207685555825171 0.205334686907861 0
0.6334161687976799 0.2048395388342815 0
0.6228147030036 0.2488096067311422 0
0.6264780027713049 0.1941760469053933 0
0.63920275679483 0.1936859682343499 0
0.6325448315911919 0.1831199404943026 0
0.6450759068945178 0.1825386386300268 0
0.6461580714472173 0.2039806179638539 0
0.6383515494475178 0.1719105889320716 0
0.6509799344210077 0.1713821099615038 0
0.625603202727394 0.172308034827942 0
0.6441969532444345 0.1607079763456622 0
0.6568773222149046 0.1601640347950969 0
0.5996658433778086 0.2932073129605035 0
0.6500463835545417 0.1494423045023415 0
0.6627432484486335 0.1489021633408465 0
0.6695839047385432 0.1596351090448501 0
0.6754612300425454 0.1483555740311466 0
0.6822950731684113 0.1591083500212692 0
0.6881963463783812 0.1478071352373056 0
0.6950417272353293 0.1585707616323899 0
0.700944620801762 0.1472581201112263 0
0.7077980508297611 0.1580336421382788 0
0.7137020878323405 0.146714448965498 0
0.6559156885543784 0.1381697271875645 0
0.6432142200404642 0.1387210834369776 0
0.7205570728944363 0.1574938846454804 0
0.726453210256817 0.1461513886326502 0
0.7147737676433497 0.1685647800316691 0
0.7068444985238468 0.1359125147074637 0
0.6490769431889692 0.1274506268282165 0
0.6363894663292875 0.1280146883330535 0
0.7333349111605765 0.156952289097968 0
0.7392453169580664 0.1455858703176301 0
0.6080477104014548 0.2056948175588868 0
0.74612545531188 0.1564117272237519 0
0.7520766748220986 0.1450532044773254 0
0.7451699745540999 0.1341896615627897 0
0.758041885847758 0.1336548277763717 0
0.7649415037256052 0.1445269096012274 0
0.7709194682714766 0.1331004422962442 0
0.7511293983501784 0.1227722657068174 0
0.7778431365090842 0.1440033163205484 0
0.7838258699471736 0.1325426054809218 0
0.7907404832923142 0.1434749224719378 0
0.7967616505220088 0.1320144249449673 0
0.6422425125449597 0.1167441809025843 0
0.6295681882458136 0.1173078594516621 0
0.7898118916221257 0.1210369828877201 0
0.8028066075598402 0.1204999185834631 0
0.8097713822511018 0.1314963008438236 0
0.815825174964697 0.1199678034185876 0
0.822825880174714 0.1309864238788192 0
0.8288838578838842 0.1194188175994829 0
0.8359055933993954 0.1304840827327469 0
0.8419913988010835 0.1192301606658373 0
0.8490186432602532 0.1300299262141577 0
0.8551242452811799 0.1187369183792418 0
0.8621532305842823 0.1295215550798924 0
0.8682932240445496 0.1182377828306861 0
0.8749955405274759 0.1295406675189961 0
0.8814714748546185 0.1174703684443101 0
0.8875050494009417 0.1294509253308899 0
0.8945774195637136 0.1172723026366245 0
0.9009646760914097 0.1307172956690572 0
0.9080243519810628 0.1161010691628745 0
0.9149749787507441 0.1270438159389805 0
0.9213358628966999 0.1155481833533 0
0.92840775598591 0.1259697927597414 0
0.9346399812646503 0.114855856959234 0
0.9417678625272693 0.1260678137896071 0
0.9479333345335739 0.1144049401344505 0
0.9550398043676434 0.1256897871602711 0
0.9488957834918832 0.1373784743056932 0
0.9620730968782887 0.1368791135271718 0
0.9559848893681404 0.1485430113572035 0
0.969112273502495 0.1479881181847276 0
0.9752054298685403 0.1363785665006572 0
0.9821706184362906 0.1474903049483595 0
0.9760912391719374 0.1590295818204764 0
0.9890891237741012 0.1585532095638466 0
0.9830142708660139 0.1700461662364481 0
0.9959877916115769 0.1695678286216118 0
1.002100569830118 0.1581162537812482 0
1.008958154580051 0.1691333768237519 0
1.003331341812568 0.180258044644717 0
1.015887988417244 0.1800752225588301 0
1.010259006164212 0.1911984053802571 0
1.022781044759695 0.1910632299110279 0
1.021991282436571 0.1687375082961658 0
1.016615384500737 0.2025523421218814 0
1.029551925237556 0.2021646167821015 0
1.023379535982553 0.213721673184189 0
1.03652635874639 0.2132747772648205 0
1.030304052099832 0.2248740866654828 0
1.043474151994614 0.2244475302775694 0
1.049694825332216 0.2128237925774368 0
1.056655389040481 0.2239615684154031 0
1.062855715061695 0.2123583655665213 0
1.069831491923037 0.223491475982087 0
1.050546945699859 0.2355337084011616 0
1.076031310157421 0.2119061062846508 0
1.083004576957496 0.2230853556612313 0
1.089198141171186 0.211460081824537 0
1.09616842733995 0.2226334630936916 0
1.089978659468749 0.2343237775690358 0
1.103226686054773 0.233847754097647 0
1.096999867205871 0.245616707335597 0
1.11040905538176 0.2451229938353175 0
1.104081722830474 0.2570151037247531 0
1.117541924356133 0.2565387367139746 0
1.017134278890286 0.2253135548288239 0
1.123886016726115 0.244602311228755 0
1.131019080007677 0.2560205473737107 0
1.111211843211907 0.2685173275067414 0
1.102326605320008 0.2110202510150362 0
1.095373431975322 0.1999074409309308 0
1.137345023663756 0.2440973977077742 0
1.144516637365102 0.2555185295851962 0
1.108461999228131 0.199451571342413 0
1.101529425228477 0.1883610826289542 0
0.590758272861171 0.2389901695328789 0
1.150812005675392 0.2435616177364145 0
1.158112264466012 0.2549738822506835 0
1.151706859744317 0.2669956598586513 0
1.165433443891605 0.2664583575141216 0
1.158932796137601 0.2786412887764294 0
1.172718196656233 0.2780837726047363 0
1.179192279515337 0.2658696328612635 0
1.186505289801818 0.2775048076694451 0
1.192905625099207 0.2652718684117876 0
1.200296314938133 0.2768034417140967 0
1.206712228873746 0.264667974358562 0
1.214099700329835 0.2762520924186256 0
1.220526377248434 0.2640760903175574 0
1.227923565208271 0.2756005312980955 0
1.234355821221275 0.2634672562212943 0
1.241758878331264 0.2749129963625909 0
1.248203193347528 0.2628472795807319 0
1.25561783320661 0.2745784224902111 0
1.261436794664306 0.2626725058450243 0
1.269400613934279 0.2738332887920541 0
1.275583556904993 0.2605103334806406 0
1.282805167702581 0.2729277222235425 0
1.289891903861237 0.2610505933398417 0
1.297465487064159 0.2739933615643562 0
1.303785072548214 0.2601493420320254 0
1.311947268606991 0.2720321277242801 0
1.317687046490982 0.2587579503121273 0
1.325387608174048 0.2711796474643932 0
1.331800651312765 0.2592591629807527 0
1.33928400846111 0.2707222429124241 0
1.345448200462412 0.2580803627394408 0
1.353227658619225 0.2704655821369759 0
1.358833627009373 0.2569566370794919 0
1.366992026854684 0.2696868274731645 0
1.372919258502608 0.256850021674163 0
1.380910661253383 0.2691608456583574 0
1.387262254177972 0.2568553876540466 0
1.378813683933254 0.2443746118780308 0
1.393007370722222 0.2443582237923459 0
1.400973770154071 0.2562488734276957 0
1.407214295483452 0.2440558122686166 0
1.399362267344148 0.2323767324409254 0
1.413406942749441 0.231964625576645 0
1.406088343939144 0.2206274199777989 0
1.419686967341791 0.2200284054450278 0
1.426977637903624 0.2313057384090489 0
1.433117625508791 0.2193614497556615 0
1.440428693174584 0.2306119045556363 0
1.425833605026479 0.2081027486776987 0
1.439269280594432 0.2073849278428148 0
1.431898871072379 0.1960498071864892 0
1.445513625398312 0.1953294894433061 0
1.43800595339178 0.1838908786311846 0
1.451772213380123 0.1831784676817813 0
1.444261255234624 0.1716532712290264 0
1.458027662759664 0.1709699818979072 0
1.46549557278897 0.1824925975045334 0
1.4717622765947 0.1703229883436866 0
1.43045714510406 0.1723743383859193 0
1.436724735840772 0.160045624090509 0
1.422868403933595 0.1607423543355891 0
1.479151565393455 0.1818126594812428 0
1.485428183560894 0.1696749746189703 0
1.478026106256616 0.1581010832066922 0
1.491861535384289 0.1574762757400504 0
1.429197951511593 0.1483538836921666 0
1.415256792940975 0.1490617836794264 0
1.48436994990376 0.1457945319525075 0
1.498365881408561 0.1451672697298612 0
1.493103704321403 0.1808745808112391 0
1.421628739653199 0.136595072421162 0
1.407641560120636 0.1372336307356797 0
1.401321155648415 0.1498026336973135 0
1.338011596757027 0.2449668600383923 0
1.490757300210817 0.1333357521794785 0
1.504817443698522 0.1327067564129081 0
1.374596016886038 0.281683200282153 0
1.276092833682636 0.2867094287538052 0
0.9111356965941202 0.1387531351907094 0
1.097652630319523 0.2689650413520756 0
1.104816516291165 0.2805541525858126 0
1.091106724447162 0.2810121461481359 0
1.318848834768416 0.284140482543362 0
1.236709959450777 0.2869244466676451 0
1.114601805211452 0.1879042602751732 0
1.107648492009356 0.176811922327001 0
1.194275061235227 0.2889528184042347 0
0.6354162942935587 0.1060416570344241 0
0.6227516945896837 0.1066157364719584 0
0.6481068338799501 0.1054714352413626 0
0.6169158730536096 0.1178544440771483 0
0.6101135577885741 0.1071869006326405 0
0.6042881269437114 0.1183904316227219 0
0.5975012438220973 0.1077534649435111 0
0.5916841892048851 0.118936174595032 0
0.5849097642891954 0.1083197458165845 0
0.5791022417750009 0.1194852743990886 0
0.5723384183452125 0.1088865718435713 0
1.414017535949494 0.1247564530003585 0
1.399942188157711 0.1252778511154638 0
0.7958290120813235 0.1094909772592091 0
1.098370275380685 0.2926822419948123 0
1.084607668278917 0.2931191244340015 0
0.5665393795982735 0.1200445092703494 0
0.5597898860073354 0.1094531803887523 0
1.512394734481739 0.1445639658430236 0
1.518868313619574 0.1321644830440539 0
0.8624896623852418 0.1080375866916346 0
1.497213205237408 0.1207006164364963 0
0.7847588690107951 0.1548973449360491 0
0.5655598589346805 0.09832759109823001 0
0.5530439861948101 0.09887889593694688 0
0.901217752710757 0.1060676699983716 0
0.5732942353527213 0.1306419408345408 0
1.120731042392084 0.1763368743523688 0
1.1137773269955 0.1651990341765425 0
0.6158720668495243 0.09586683153330663 0
0.9407981790699533 0.1031074266371063 0
0.954217473141541 0.1026148893386801 0
1.406355833062851 0.1128369390768709 0
1.392173108509567 0.1134307954679474 0
1.100740127975739 0.1657842869244798 0
1.106890246076259 0.15406904776894 0
1.119983558234221 0.1535715495621474 0
1.113349509569902 0.1420588544122037 0
1.099856153182146 0.1427741027682437 0
1.10638158871029 0.1306809131432601 0
1.092590512039206 0.1313930731258586 0
1.098915986599581 0.1194854546748636 0
1.085344706589074 0.1200220879134293 0
1.113621181139091 0.1186357001436284 0
1.091703137449489 0.1080263490407818 0
1.078090387043547 0.108512453482632 0
0.5245937316609501 0.2961234661977688 0
0.5472721492902011 0.109985869220625 0
0.5405551928062142 0.0994294588649372 0
1.199353116550751 0.2533462641591882 0
1.091893260006588 0.3048749869753565 0
1.078012283884215 0.3053338867117643 0
0.8298198571208898 0.1417859667866943 0
1.420582965931155 0.1121448906061816 0
1.526446442126183 0.1439316037600386 0
1.532864660436848 0.1316188169133523 0
0.8684381251140354 0.1417711168750894 0
0.5463119772450488 0.0883574039402124 0
0.5338448539349094 0.08892878653747495 0
0.5281010075188243 0.0999733536896021 0
0.5214058248188591 0.0894964183234377 0
1.486553130140342 0.1932157609482408 0
1.500429110956177 0.1922130055676894 0
1.493891305498692 0.204425299336815 0
1.507590553107373 0.2036081532647612 0
1.501151849146958 0.2156999048582458 0
1.514840383355568 0.2149145750151648 0
1.508332522046776 0.227052913561622 0
1.522307116905146 0.2262048618556886 0
1.515586754427469 0.2384740181971688 0
1.529628405416918 0.2375738685514073 0
1.523005919373508 0.2500171752722901 0
1.509125321085525 0.2506477650308671 0
1.516580661733969 0.2623528481418296 0
1.530515610175198 0.2616938582825587 0
1.502559420089549 0.2630238580764161 0
1.510117009085151 0.2748591481922645 0
1.496026406446216 0.275518623621302 0
1.503643099688602 0.2875831574937573 0
1.489227321244775 0.2882479687299762 0
1.497078508994492 0.3005038469272911 0
1.511478777250668 0.2998655940236177 0
1.482520829264485 0.3010807593799353 0
0.5156708820171364 0.1005194966709638 0
0.5090006864918207 0.09004141910194965 0
1.084492648388234 0.09643564458436217 0
1.070822690403553 0.09693418950805874 0
1.529049324354539 0.2140325182748323 0
1.398647234324297 0.1008755757371858 0
1.38442924266589 0.1016935249792281 0
1.378159036793664 0.114146582919384 0
1.370349996378649 0.1025336431188769 0
1.253298503231023 0.2509827688713817 0
1.105659395507091 0.3043533742765774 0
1.297310385766864 0.2481437691090156 0
0.4704140391909523 0.3308653984240911 0
0.9470061295647361 0.09119697235475738 0
0.9605214960021846 0.09065068535804451 0
1.064724760558165 0.1092667465612793 0
1.057180035688066 0.09746382891003674 0
0.5572968479266269 0.3274852633554051 0
0.5698031764825429 0.3269474247121452 0
1.085370455692921 0.3171439972107197 0
1.071454398975978 0.3175820193639537 0
1.06411644480014 0.3057718867054075 0
1.057551135503852 0.317995302040765 0
1.050255350802752 0.3062937798092847 0
1.043689138260558 0.318402862580944 0
1.036416576186442 0.3067466586178352 0
1.029857055817277 0.318792090958602 0
1.022621128421093 0.3071727294537747 0
1.016100718553079 0.3191561497079617 0
1.008875954970708 0.3075552143708599 0
1.002401563092298 0.3195126011529107 0
0.9952286563317965 0.308034178408942 0
0.9887797192914105 0.3199381552531517 0
0.9816707254691789 0.3084171928616487 0
0.9752009533928897 0.3203532291734429 0
0.9873820467025423 0.2970128723371363 0
0.974310032027675 0.2972332244034508 0
0.980093490023497 0.2857336620489456 0
0.5198916683291835 0.3288080955094099 0
0.5147128546846776 0.07904807691528183 0
0.5023420207074708 0.07960474824649767 0
0.4966349121047243 0.09057456395115542 0
0.4899832202412692 0.08015651359745794 0
0.4842945282459825 0.09111171360780819 0
0.4776736458107969 0.08071709088269007 0
0.4719630542072268 0.09100749752627835 0
0.465375825297119 0.08117144657066014 0
0.4596188300827898 0.09138308481405501 0
0.4531071059836641 0.08167647057389259 0
0.4473832384983202 0.09251798095698834 0
0.4408699754369474 0.08233284342608742 0
0.4352274620975087 0.09322730766338332 0
0.4286751124402041 0.0828454171189789 0
0.4229543369221898 0.3326245195395856 0
0.4230620926232888 0.09373224445598427 0
0.4165275785348735 0.08339445593739347 0
0.9676271873294801 0.2855708739921495 0
0.9740617696242819 0.2738467199377697 0
0.1343967065343988 0.264893328614408 0
0.1134260294565175 0.1617034504939388 0
1.127663926395956 0.1874409373005686 0
1.504984893404155 0.312867043719001 0
1.519692273489017 0.312282416781184 0
1.540402535934877 0.1433233460930669 0
1.546754237069851 0.1310721142919467 0
1.539254017596934 0.119183448286944 0
1.553432630888308 0.1186651562352008 0
1.545761179512495 0.1065516816713307 0
1.560203863284339 0.1059969857241082 0
0.07167527149564737 0.06394283940467785 0
0.06138190283479844 0.06450457544160855 0
0.4343741108875332 0.07177905779683465 0
1.474687683117091 0.2888320765880355 0
1.467939384456631 0.3016823728950388 0
0.4109365929865487 0.09424071381698103 0
0.4044288567214225 0.08406217376550144 0
0.3988596623026219 0.0947696304105054 0
0.3923764959424962 0.08463489484530094 0
0.3868240386818212 0.09531260261038933 0
0.3803876653072181 0.08519191494702011 0
0.3859022293521925 0.07456950659865073 0
0.3739745701398602 0.0751140936020268 0
0.3684727194678199 0.08567630549410866 0
0.3621198481471773 0.07565160732716766 0
0.3566460967076951 0.08615042531567609 0
0.3503185438970992 0.07620306026862624 0
0.3448825373906816 0.08664231063361337 0
0.3385717254988855 0.07675068983318738 0
0.3331955726308071 0.08742622484321139 0
0.3268950914914174 0.07729035891857414 0
0.3215613657215726 0.0879578079689229 0
0.3153200366149579 0.07788739142256107 0
0.3099800823432308 0.08815725819108282 0
0.3037832005032357 0.07843816042358061 0
0.2984955175448886 0.08904406455195019 0
0.2922936713049326 0.07889391597762095 0
0.287055865924598 0.08957366789310085 0
0.2808394444873764 0.07956785579946903 0
0.2756753357090063 0.09017117181358424 0
0.2695582115063114 0.08008380985965685 0
0.2643712508897487 0.09066050719792744 0
0.2582893806821728 0.08061468237111123 0
0.2530818908833806 0.09058643106660419 0
0.2470539043609577 0.08101909856675517 0
0.2418818669287159 0.09092754122413962 0
0.2358982429680292 0.08149290309429559 0
0.259107270626914 0.09995810988711636 0
0.2410334325324452 0.07161500288878318 0
0.2299158193172763 0.07211859212906947 0
0.2247978799164509 0.08195302516789461 0
0.2188559849886791 0.07263216885129159 0
0.2137588384683977 0.08241767469792159 0
0.2078437069559063 0.07315990765851109 0
0.2746033935456648 0.07003788806548743 0
1.552523539856425 0.09371381232176162 0
1.567138048151705 0.09321069168598629 0
1.574761746965208 0.1054199102406895 0
1.581742758007542 0.09282357589443951 0
0.05842267833217954 0.2094125679706313 0
0.06398747789225305 0.2180652868471106 0
1.063529647378944 0.08533447091562263 0
1.049801682049839 0.08586708638468997 0
1.043435611441339 0.09797904668408637 0
1.036069450752061 0.08644710812437896 0
1.364189190555677 0.1149296061604765 0
1.356428942923231 0.1033292734041003 0
1.362685423714982 0.0908860555695146 0
0.3093507150665732 0.06807033621069258 0
0.2030747273428885 0.08260679023074947 0
0.1969391538237007 0.07362661051705935 0
0.1435894977561081 0.3468689908729614 0
0.1542287295056636 0.3463896992651335 0
0.1329872776862312 0.3473600281401457 0
0.159129739940004 0.336906895384754 0
0.1649173500256867 0.3459122774713407 0
0.1698330676160696 0.3363753642386885 0
0.1756489756492973 0.3454295850403972 0
0.1805907509131481 0.3358532703806148 0
0.186412707978375 0.3449355862581496 0
0.1747438818312614 0.3267871658985557 0
1.348707344433818 0.09172954617016155 0
0.1913933704778273 0.3353226224888373 0
0.1972613049733831 0.3444739841642799 0
0.2129095759719306 0.06335051825842532 0
0.3218793199756894 0.2349639924652704 0
0.4710906485108426 0.07020236799862997 0
0.2100202943966433 0.09135145098768689 0
0.3161593066070637 0.09786656137192336 0
0.9823226965327172 0.3318736952913104 0
0.9686877264044134 0.3322831476836438 0
0.960467496416936 0.2745416925883593 0
0.9672270962351251 0.2626286880260496 0
0.9536317454403833 0.2865204526360959 0
1.029720937311124 0.09850196520109933 0
1.02286293925115 0.08668245616734517 0
1.537823028199256 0.09431623020365487 0
0.3441488456782356 0.06582150967886387 0
0.5640007432903532 0.33805381144861 0
0.5765343825622387 0.3375151829942595 0
1.023154708102496 0.330845266834623 0
1.354965768785715 0.07921325326868968 0
1.340887011103137 0.08002827583418548 0
1.030348318499498 0.2948847395770193 0
0.953310948425997 0.07918502725406332 0
0.9397044505651398 0.07974536532523319 0
0.9669237444697936 0.07865900909217712 0
1.078787078413348 0.329475902777001 0
0.3101910988077788 0.2355703627882751 0
1.589421747707759 0.1049949073778774 0
1.596345962123963 0.09241953696492881 0
0.07878187712128056 0.2091784922542242 0
0.05372895465187131 0.2185771155741643 0
0.05929513057360736 0.2272180559138189 0
1.46018541288578 0.2894162661311575 0
1.453325590816969 0.3022753689838053 0
1.461002293393709 0.3146192589213793 0
1.446352293476415 0.3152674394524035 0
0.5080524885830939 0.06854642263114467 0
0.3795940444177509 0.06415537663507774 0
0.3465062372057998 0.2541034629980112 0
0.3519137791407276 0.2435255774221787 0
1.512886546495643 0.3255774013697154 0
1.528020035368651 0.3247942727922085 0
1.53466321792654 0.3113966359580069 0
1.543073699564065 0.3239688899886093 0
1.549832343038457 0.3104881122945269 0
1.558135050240662 0.3237480173266855 0
1.564848600713967 0.3098758731312061 0
1.573092020053288 0.3230420335147855 0
1.579769899252323 0.3091520223297992 0
1.587964709230979 0.3221907517944576 0
1.594608449585134 0.3083915784451638 0
1.602768930578291 0.3213664115330366 0
1.587224335079668 0.2935848162199482 0
1.609385934282835 0.3076223431963876 0
1.617487886720341 0.319965314992682 0
1.624110567411262 0.3067573269911814 0
1.632197563375529 0.3190541188855727 0
1.638816880214296 0.3059340915634779 0
1.646906994487861 0.3182238892235874 0
1.653627958343632 0.3051104746880847 0
1.661650411893035 0.3174481673232342 0
1.668389218326131 0.3042971066213765 0
1.675993083378454 0.3164543861359578 0
1.682918831385761 0.3035201380139189 0
1.691642774158376 0.3176416638657958 0
1.697901174513278 0.3036632511246932 0
1.706095473950342 0.315084559483053 0
1.712938069155836 0.3025846319828254 0
1.721145929345963 0.3144902589700231 0
1.728003478735212 0.3012472439716176 0
1.736309650201501 0.3137045380791991 0
1.743254977965235 0.3001887293322064 0
1.751734535645148 0.3129198367988815 0
1.758707147775846 0.2989289100969798 0
1.750332931051535 0.2867079288565633 0
1.765775966601164 0.2847964824427815 0
1.774667112143041 0.2980431120840245 0
1.781751037677875 0.283602283684649 0
1.772687164258101 0.2701986482741141 0
1.788826954180771 0.2690248897484568 0
1.779619702892727 0.2553023374007986 0
1.79583948174435 0.2543576977717376 0
1.786594846574086 0.240358957608037 0
1.803036449275416 0.2395026388620025 0
1.793713273647029 0.2257187085170993 0
1.81031967643705 0.2245649762105768 0
1.819716437023803 0.2384120961908817 0
1.82710169621148 0.2232316671031974 0
1.836642870023042 0.237297867634628 0
1.844100424595358 0.2218900661173037 0
1.853823201024111 0.2361088253737192 0
1.861352056451366 0.2204995884287254 0
1.87118679175243 0.2348898815758003 0
1.87871502879768 0.2194849810931876 0
1.888760411219011 0.23371289481848 0
1.896720789738837 0.2183063800271051 0
1.906585133603029 0.2325017910803733 0
1.914730609002112 0.2165012250750213 0
1.924567231021375 0.2311623075101651 0
1.932318656086093 0.2153713515990831 0
1.942240048285217 0.2297248134962868 0
1.95077906673391 0.2141550595563011 0
1.961729515762071 0.2312274299335111 0
1.969266703143437 0.2124646847092068 0
1.800871332821528 0.2109826306272688 0
1.979217818511916 0.2271307208353637 0
1.987259037313047 0.2105030963020865 0
1.86896038486498 0.2061233991408429 0
1.997705541638405 0.225777677514731 0
2.005757849656052 0.2090244935640762 0
1.922731213202219 0.2020316946777319 0
1.977086299483725 0.1967048556145511 0
2.016252866417981 0.2244038839757111 0
2.024350512854451 0.2075573901876194 0
1.990055838280911 0.2408048469033613 0
1.934530249550008 0.2445075835165678 0
2.034910284060583 0.2230604636104841 0
1.863510688310921 0.250351279813389 0
2.043038593856523 0.2061397280349627 0
2.032429243382281 0.1906303951674821 0
1.790831874881578 0.2970694396604431 0
2.05111958239404 0.1891555703609668 0
2.04050676863651 0.1736200549666745 0
2.05365382308085 0.2216541578903132 0
2.045474588635148 0.238630597456006 0
2.059278526712748 0.1721480844057705 0
2.048629798549609 0.156563163694921 0
2.064288519520488 0.2372297270471641 0
2.056059265037668 0.2542745477257878 0
2.067418033524947 0.1550641334082928 0
2.056785933257435 0.1394867467157341 0
2.037918439025757 0.1409555240692265 0
2.075664321848813 0.138086337950268 0
2.074960290473645 0.2528638847938589 0
2.066698347087227 0.2699730396936453 0
1.784479565303251 0.2121282884222486 0
1.791496402869181 0.1975396005918691 0
2.078005124713524 0.1703409086461587 0
2.046070994244509 0.1238854445602852 0
2.027201120125764 0.1253685560981904 0
1.775892658037729 0.1984237271195056 0
1.782426581425526 0.1845503753574017 0
1.798436713692416 0.1828311077897184 0
1.789176025567685 0.1695464223407433 0
1.805437636573577 0.1679973312989547 0
1.796191397494455 0.1542792082387204 0
1.812559663777328 0.1529222016824425 0
1.802917591865032 0.1393070753883902 0
1.819682918478387 0.1377590287911191 0
1.787322010745532 0.140184461795809 0
1.793490555612937 0.1256970857582358 0
1.777735354541159 0.1267130606001625 0
1.783937029394812 0.1122226089963287 0
1.767647398481241 0.1138345908029988 0
1.761171372734739 0.130403697863228 0
1.751610796763198 0.1155104446384552 0
2.085674768027471 0.2685567652495973 0
2.077393819028187 0.2856949094263148 0
2.05840399617924 0.2870953527586166 0
1.758082252343766 0.1008484355535902 0
1.742151564220675 0.1025037746931002 0
2.09393422168349 0.2514073100997432 0
1.767626178939285 0.1846635505029986 0
1.735940922462322 0.1161084895683158 0
1.72635977923891 0.1041209146575521 0
1.732795985045693 0.08963469316380411 0
1.717055047474967 0.09138086165475216 0
2.069058661799303 0.3028758047747129 0
2.050094636312278 0.304210542032196 0
2.088101407796732 0.3014869271825908 0
2.035347780914646 0.1082812523384227 0
2.016510139727137 0.1098026286848097 0
0.9893425033865157 0.2750242982578616 0
1.554141375559415 0.1428601182464225 0
1.547780679114911 0.15500929511412 0
1.544769317335151 0.08119970687290962 0
1.529760196360875 0.08184608342471912 0
1.769247057302094 0.2129661608394062 0
1.028768971803798 0.07478098809897446 0
1.603960565972459 0.1046544268723947 0
1.610898365964219 0.09201054759406686 0
1.618505743684003 0.104222807905551 0
1.625438842780892 0.09145747407256623 0
1.633160100753756 0.1037883934631186 0
1.640039329268257 0.09093450373242958 0
1.64782675221061 0.1033739089241809 0
0.1910291453530551 0.08369899287357549 0
0.1858489458832335 0.07384798381312406 0
1.65474352772874 0.09041995545275232 0
0.04904610546727878 0.2277265893647492 0
0.05460719561545422 0.2363565174269365 0
0.06486255551240214 0.2358573317547394 0
0.06015863071500553 0.2449936725916674 0
1.482952898463067 0.1213948983821908 0
1.48948267241879 0.1085858465481743 0
0.9535917030306289 0.2634161535506687 0
0.9600485422204192 0.2517028304288073 0
0.4768876752746268 0.1017776026509935 0
0.0660288006873538 0.05532443131487472 0
0.05576935385744022 0.05590446019362109 0
0.4621284084616594 0.2986986459214913 0
1.714275631132849 0.3278836461355161 0
0.1814532702841528 0.3545319485080878 0
1.763547459142678 0.2569089937125373 0
0.2022493889270813 0.3347961391648518 0
0.2081383498400054 0.3439656022810221 0
0.9471818360767827 0.2522391887929019 0
0.9532151648230236 0.2407408974759513 0
0.9411644412282649 0.2417043481351538 0
0.946541103478495 0.2298514582933255 0
0.9593143943014751 0.2293587483086097 0
0.9525051096970318 0.2184110230744807 0
0.9396251149684082 0.2188266732268494 0
0.9456735423748529 0.207457785789823 0
0.932789042911054 0.207881997412119 0
1.226980022139612 0.2521551074348092 0
1.618582912890053 0.07936150618932551 0
1.454149596577088 0.3278339930134009 0
1.439344790837303 0.3284687266788519 0
1.431476464187494 0.315789101551201 0
1.424421558054868 0.328973488715145 0
2.008403701804613 0.1268104764542747 0
1.997750179789871 0.1113363283103522 0
1.99024270756217 0.1275541343260782 0
1.979181078031052 0.1127396656685522 0
1.970249244682993 0.1294848058605391 0
1.960341957638565 0.1134514752199171 0
1.968489600390128 0.09737859877395 0
1.949983096269857 0.098873672477789 0
1.941975711319044 0.1147525754419166 0
1.931608454487434 0.1003760297000191 0
1.923669747433296 0.1162366681181849 0
1.913352096172054 0.1019076276889068 0
1.90549133130388 0.1176323211956473 0
1.896086207220812 0.1037891461009715 0
0.1786050786078434 0.1776246280546124 0
0.3246361317055111 0.1501168624815849 0
0.2350323027301489 0.06224376814936503 0
0.3511797316747947 0.09682152146207856 0
0.4103360137967234 0.07277907137406425 0
0.2617753563492309 0.1637148589651959 0
0.05286048132951724 0.2006925276976925 0
1.037061291432533 0.1101428805172792 0
0.08845689668331981 0.2949836430766352 0
0.08368112014494719 0.3039121413980644 0
0.07806813485998877 0.2956089882810443 0
0.07331535344191785 0.3044420401238114 0
0.07891735082609312 0.3130830467819143 0
0.06856857029016578 0.31356360490637 0
0.07416398051942445 0.322252891710806 0
0.06654798252233857 0.2952371792897624 0
0.06386140823976232 0.322762659401447 0
0.06943202132300569 0.3314189159119207 0
0.05915893305410765 0.3319070401022824 0
0.06471644224154167 0.3405646561511042 0
0.07497408381549048 0.3400952384551356 0
0.07026764572507391 0.3492307962838748 0
0.05998665366999825 0.349699958860877 0
0.08054467823610276 0.3487679391708238 0
0.053597965624102 0.3232818167654816 0
0.1529923200177196 0.2071932309128402 0
0.05113821150650725 0.06504395520312857 0
0.7401995738627014 0.167742541763369 0
0.2817066800133061 0.1008943622597416 0
0.5395730256156673 0.07786278537678433 0
0.1909854823334587 0.06444268911524316 0
0.1801162729549458 0.06494874115118356 0
0.1751088657305077 0.07420425316869568 0
0.1693210825786789 0.06544493439444077 0
0.18512131242668 0.05536007770442743 0
0.1643559304812633 0.07499238423161887 0
0.1585704219037983 0.06600303895248334 0
0.1536276306865499 0.07551608020977653 0
0.1478524843729108 0.06651359679937868 0
0.1527811042147227 0.05701748284634917 0
0.142113141635435 0.05750625833693383 0
1.086692794975951 0.1434412894920031 0
0.5906909666480538 0.09719166292535393 0
0.6891751994872513 0.1696118298476964 0
1.055870181236961 0.2013282532508378 0
0.216855710828142 0.1658334243006335 0
0.5607410682209909 0.1311945130631384 0
0.5674869813399268 0.1417809176972039 0
0.5549453279109606 0.1423282034928971 0
0.5616856168404952 0.1529123954220356 0
0.5491501926103002 0.1534536981021517 0
0.5558879796175225 0.1640383305741845 0
0.5684245161628045 0.1634964282242152 0
0.5626241962493418 0.1746234026939291 0
0.5424133322591485 0.1428799223725297 0
1.783602066565102 0.3117343602894555 0
1.800177689926589 0.3107495890469553 0
0.2350381393015177 0.1946147353716978 0
0.3198818712995758 0.1799618636171603 0
0.4471528926309206 0.3315712002265842 0
1.05620318530824 0.07364668667960604 0
0.6412414487511604 0.0947504942691248 0
0.6539738801947236 0.09417846446014361 0
0.6470897988463258 0.08343035905055331 0
0.6598620755595777 0.08286099838328488 0
0.6529819249292694 0.0720999992212463 0
0.6657708406846259 0.07152809157676888 0
0.672664393457016 0.08231424461133462 0
0.6785968884191764 0.07093930539273147 0
0.6855102492276787 0.08177230557290141 0
0.6914546819699359 0.07019948666521046 0
0.6983898862936583 0.08119705689085142 0
0.7043526179712665 0.06958165584930399 0
0.7113092726767988 0.08063210498332804 0
0.7172865113996947 0.06917231770489612 0
0.6402104442748279 0.07267722863546182 0
0.1086248702817602 0.1710626583325214 0
0.1191567741429523 0.1705468660548366 0
0.4950628960144936 0.3297509029462333 0
0.6113021895413011 0.2708634847722444 0
1.710693062327126 0.1058327143476909 0
0.6344147614418537 0.2265932126985722 0
0.5800361281567648 0.1412409360135723 0
0.19364276940117 0.1489735481488853 0
0.4993848079726494 0.2969323270952395 0
0.5520498929771497 0.07728068505599611 0
0.5453141533088938 0.06677881781185112 0
0.5577865613544957 0.06620153041779218 0
0.07632276209046118 0.05474005471218796 0
0.1442180406288193 0.2460384376129306 0
1.390875879749468 0.08891693473964102 0
2.054257086522097 0.1067893349317587 0
0.2565233151173568 0.2989418441787344 0
0.345400660865482 0.2335566094395941 0
0.5794037852612426 0.2613946506340006 0
0.09809546022716094 0.07143183623328046 0
0.4260994522493353 0.3007937881752034 0
0.08855161700576539 0.1900078431193363 0
0.1386966103739257 0.3562875830290329 0
0.1281170944668076 0.3567701590980238 0
0.1599641862750587 0.3553523803091893 0
0.6608135862532497 0.1049427951918642 0
1.050736776970876 0.3303147436171546 0
1.133821444957029 0.1759027456904388 0
1.140736324552617 0.186902907491854 0
1.146904056527491 0.1754545448498855 0
1.153788028331514 0.1864342382568777 0
1.898697959867923 0.2481160105553352 0
0.07583155045114416 0.3579193895819173 0
0.08607417490188655 0.3574913701842629 0
1.166325924326486 0.2903536010709339 0
0.8223807443117619 0.1084644822477856 0
2.079749591415167 0.3187064024558313 0
2.098871086113185 0.3173169001452045 0
1.070035817455382 0.07309209612114424 0
1.024075409312665 0.2364896871455978 0
0.2030762565523032 0.2335048434741904 0
1.098169158155814 0.09597746010119236 0
0.2492373137490013 0.2688474651784638 0
1.416842241495069 0.173135428719315 0
1.392396950629182 0.221110452291912 0
0.3681705767225723 0.1788157531062587 0
1.092838787972364 0.329013087275888 0
1.800276393678809 0.1106905171139883 0
1.790610211063308 0.0971316424631638 0
1.807257060041857 0.0954705900449143 0
0.04991455555240347 0.2454860854138169 0
1.574657212987626 0.08037255061487124 0
0.550091611109123 0.1751631503105303 0
0.5568239722632711 0.1857461249185219 0
1.057013023204334 0.293939984320265 0
0.2031294023945405 0.3536644478552678 0
0.2140275482061985 0.3531592588453637 0
0.2190685183483724 0.3434551132610602 0
0.224989997270791 0.3526679583033706 0
0.2300481291855869 0.3429162890001768 0
0.2360083497490383 0.3521898209686896 0
0.2411007967730638 0.3424036546959617 0
0.2470901972681817 0.3518021245519796 0
0.2522272213901844 0.3424321506206273 0
0.2582241278502574 0.3514265678471394 0
0.2637676127009105 0.340254064390028 0
0.2694653249269133 0.3506014680505175 0
0.2745481733163946 0.3407827441986401 0
0.2806211844785937 0.3502550654238736 0
0.285856469754909 0.3408562214737705 0
0.2919356812928244 0.3499004782754661 0
0.5366268817980493 0.1539956901142036 0
0.5299110226678994 0.1433739864573636 0
1.126508954171732 0.1417422187808943 0
1.346147124895382 0.2820743986122489 0
0.05545058959804542 0.2541132349710561 0
1.495307650570546 0.2512613420921518 0
0.2971460500627867 0.3396946973987702 0
0.303295155440701 0.3492893575252697 0
1.405302671120259 0.08813041087396513 0
1.397440228162521 0.07585153502568247 0
1.412199074854348 0.07509550383433779 0
1.71917977980044 0.2875799259383638 0
0.6460942812656273 0.06134541551591322 0
0.6333440129001364 0.06193384412799978 0
0.7241553267611917 0.08003545400608249 0
0.7302580871113059 0.06871899750827237 0
0.7371701049166617 0.07946656769916352 0
0.7432754701984726 0.06809174607659119 0
1.805086152742245 0.2677298320752115 0
0.3583931919277615 0.2535410633807964 0
0.04891626636366732 0.3323873016867817 0
2.104703004426685 0.267155927824965 0
1.669400316939189 0.3290749178784432 0
0.4167533294873148 0.1041990555896082 0
1.640252966951991 0.3314712960601575 0
0.07044235979767725 0.2445054899975182 0
0.04553581094229969 0.05646706767921809 0
0.7503084288602572 0.07898243295274436 0
0.7563404258334024 0.06738379935024338 0
0.3638471053700617 0.2428847735435199 0
0.3703540512785716 0.2525186537859443 0
0.05015661806964745 0.04735176550900749 0
1.744572402902363 0.3266900328469312 0
1.581419666787152 0.3362757766997667 0
1.79269303643139 0.3257125301868185 0
1.809482127052056 0.3247714639511101 0
1.817016924231021 0.3095536689862368 0
1.826435500813327 0.3231006468332939 0
2.005791565509261 0.09441276837347849 0
0.9883312121410421 0.1358984374061143 0
1.829346352612695 0.1515859159274187 0
1.616486125085033 0.2943491060778222 0
1.434330853842408 0.2425756330173801 0
1.646442899291404 0.07769402157482277 0
1.662004274989494 0.07711397824285479 0
1.475007559049302 0.1092995557269742 0
1.481709969245257 0.09629012738501075 0
0.4420431318449317 0.1029432658775292 0
0.9383723081441657 0.1968149815190097 0
0.9258653002009175 0.196991968968607 0
0.5709651251347484 0.3484903392490675 0
0.5833135180916015 0.348099678053767 0
0.5589828008405996 0.3489544763083448 0
0.5890832305468653 0.3369710802047365 0
0.595852353321586 0.3476017684527271 0
0.6016901127872714 0.3364192894505066 0
0.6084624328931367 0.3470811646656443 0
0.6143172496658187 0.3358720523597117 0
0.6211077043065354 0.3465590436610718 0
0.6269872662312954 0.3353180917264871 0
0.6337817061218174 0.3460347561361337 0
0.6396713137426142 0.3347767974309981 0
0.6464607019189844 0.3454969839953217 0
0.652340242791273 0.3342433396369775 0
0.6455489552193401 0.3235331858078714 0
0.6582148608082086 0.3229944810019866 0
0.6650173127866337 0.3337036790349387 0
0.6708895936436489 0.3224481066069221 0
0.6776955312953868 0.3331494488585294 0
0.6835552200468041 0.3218948321243673 0
0.6767490221040717 0.3112021774269708 0
0.6894079322927222 0.3106463837739396 0
0.6962247294045003 0.3213414514684844 0
0.7020652327421338 0.3100810419379822 0
0.6952449170664254 0.2994116551791971 0
0.7089287446526999 0.3207582099404332 0
0.7078842187226773 0.2988325526938542 0
0.7010662332247251 0.2881839031383199 0
0.7136925763101336 0.2876024075481489 0
0.7068776568666794 0.276962524808704 0
0.7196377677275253 0.2763213694654343 0
0.7127068408317881 0.2657347546743626 0
0.7266380310035923 0.2868937938719275 0
0.7255289406829853 0.2651170438323981 0
0.7185297861689679 0.2545159972406993 0
0.7313002491112786 0.2539406155674761 0
0.6942520269352083 0.2775409189010883 0
0.7243289225289014 0.243301249999023 0
0.7369146770730217 0.242721468961839 0
0.7116809373986107 0.2438875084152202 0
0.7300999839423731 0.2320795226277667 0
0.7427222556415403 0.2314977813575761 0
0.7437231199109631 0.2533557068152368 0
0.651427095861875 0.3123060935942971 0
0.7030574581468274 0.3320610338661031 0
0.7158149163280381 0.3314858985761556 0
0.7099353220822614 0.3427824831484964 0
0.7226970204730054 0.3422424897835806 0
0.7286133979965443 0.3308875210691739 0
0.7355152676689258 0.3416961193886217 0
0.7414122042000414 0.3303091121029475 0
0.7483425287868124 0.3411135037020686 0
0.754241964305878 0.3297283960637442 0
0.761173716684533 0.3405451398167431 0
0.6718276649258573 0.3444427921298902 0
0.7359030530825283 0.220852365984788 0
0.7485327620990785 0.2202713771376523 0
0.7232674703237928 0.2214317727338221 0
0.7555042517439837 0.2309389291215118 0
0.7611927102467019 0.2196922840963828 0
0.7670594782252463 0.3291444727740621 0
0.774018202818327 0.3399523231374912 0
0.7601561568531221 0.3183692920755831 0
0.9460322518528219 0.0676548863501738 0
0.9323766575495753 0.06823567257346359 0
1.350287150830867 0.1156928823451332 0
1.357680448761061 0.1271445939403496 0
1.834070041062154 0.3082221561177507 0
1.843620745520433 0.3221987276028273 0
1.086176447745798 0.3414896973021778 0
1.100403239887355 0.3409918020447333 0
1.723334286693283 0.07673961799297722 0
1.739375249401418 0.07497040394177791 0
1.675014896928928 0.2911665453140502 0
1.467014169560273 0.09699816292387523 0
1.473833849883098 0.08381480293491171 0
0.2980424873159846 0.3594156833974992 0
0.3094263753078705 0.3588843654058079 0
0.314709654166421 0.3487411276480049 0
0.3208731625983547 0.3583992897667752 0
0.7680995633053809 0.3514225650279075 0
0.7810141848475057 0.3508198123867503 0
1.92113606077535 0.08555491839225983 0
0.9653900026562444 0.2179621693119307 0
1.851372621018401 0.3070364987804018 0
1.861072448863367 0.3209530844233079 0
1.595948377659534 0.1173726184653726 0
2.112985546709843 0.2499284157662499 0
0.04522275138413494 0.2545968976169574 0
1.536867067916561 0.06842898560254941 0
1.521615773318842 0.06913546898997837 0
1.344207577624902 0.1278506258834005 0
1.351567323979018 0.1390554538217466 0
2.043486506756935 0.09113188990462663 0
2.062464894084917 0.08963574489583831 0
1.611852132003471 0.3352096262711506 0
0.9758556227751096 0.3439086518124957 0
0.9622088648215712 0.3442384527653451 0
0.9550767889620675 0.3326564165642393 0
0.9485984773095659 0.3445632968441408 0
0.9415467910802212 0.3330393796763017 0
0.9350947508222821 0.3448601516526035 0
0.9280733868618076 0.3333989193676912 0
0.9216458758637768 0.3451620131581805 0
1.868899282900365 0.3057734154547778 0
1.878714416070174 0.3199031511196092 0
1.44568881123719 0.2898813936709363 0
1.159943706103619 0.1750384513988502 0
1.166801012463263 0.1860877141492823 0
0.2419518785299122 0.3615621466919156 0
0.7103057441339228 0.05823555752907958 0
0.9730681974993773 0.2512577262956382 0
0.9740021854231973 0.09014694553885029 0
1.388634137478508 0.281097744912179 0
1.382139156816929 0.2936679859517317 0
1.886624524296774 0.3045217275939114 0
1.896537729630754 0.3188103721476424 0
1.836588291766823 0.1362183977243354 0
1.846397112787317 0.1502607394428507 0
0.3154817431865085 0.2251810683377435 0
1.797419783502534 0.0817389153705366 0
1.814353738922618 0.0800671829423408 0
1.904524739943642 0.3032679916861783 0
1.914539558728658 0.3178195924061566 0
0.6838211484167387 0.05904948904642953 0
1.934099357489569 0.1322864860569672 0
1.347230634652994 0.06736124309049893 0
1.332988882773248 0.06821091285306954 0
1.014939968317561 0.07543223576065818 0
1.514616380283196 0.1914256612254985 0
1.55134647182659 0.3369732004244165 0
0.9314608675280344 0.1859043598355969 0
0.9190125196365401 0.1860505731986973 0
0.5442960562082579 0.1862850308718386 0
0.5510270259091099 0.1968643680333792 0
0.05074859340229878 0.2632093174135011 0
0.06097063845527768 0.2627662905974713 0
0.04054567749417471 0.263676933335971 0
1.922594669228906 0.301940165823089 0
1.932694265606165 0.3166979259823766 0
1.940807393507393 0.3006450180256453 0
1.951018107636861 0.3159934794640337 0
1.959162797733314 0.2995153301306697 0
1.969447514712662 0.3149249063965044 0
0.5751589310603357 0.1740822545884349 0
1.487598870141819 0.2163350901589761 0
0.913001323240252 0.1973953628528891 0
0.9061877668264735 0.1864452908377729 0
0.08109085053505262 0.1452508407499478 0
0.07072231940439547 0.145777970968694 0
1.957924413781084 0.08224123665005058 0
0.5635531555301263 0.1963269530309788 0
0.5577570620817165 0.2074439504261026 0
0.5452328355486742 0.2079796800443405 0
0.5519606643829963 0.2185573633694949 0
0.5394408844432134 0.2190925408936236 0
0.5461638739933339 0.2296648319645968 0
0.5336495303873087 0.2302009716962051 0
0.5404142051585886 0.2407910142867515 0
0.527868832336052 0.2413091318800555 0
1.941914137455352 0.3311025517528168 0
0.6110505408752657 0.129030154300948 0
0.5346305783144145 0.2518933657688445 0
0.5220891979125932 0.2524087165338871 0
1.561382151378828 0.1544985887041546 0
1.555151330049962 0.1664219008421013 0
0.03968967989662668 0.2459397969837385 0
0.04349317270031492 0.2191110160631021 0
0.04336519680303545 0.3237719076959119 0
2.039469268218332 0.2884836732363468 0
1.021312132857493 0.06314065704899459 0
1.007454081111649 0.06375140741335265 0
1.44736267585317 0.3412299183075889 0
1.462263953143669 0.3405203454398431 0
0.3261764487635643 0.3482099140594182 0
0.3323836502465655 0.3579266033134095 0
0.1470280423710429 0.04796641974837438 0
0.1364005145052316 0.04891865989575858 0
1.521138252113887 0.3383583782807613 0
0.07066738039103546 0.04614971783582006 0
0.08095188777041072 0.04554245259346933 0
0.3038572429191514 0.2258270636913371 0
0.2985819351252197 0.2361528387393987 0
0.292298557359432 0.2264487012001589 0
0.09082514870146044 0.3485793062299126 0
0.7295628701419119 0.3530567075307481 0
0.7178777032771595 0.09141675177964373 0
0.1210875049664413 0.2102025364422715 0
2.102188787727084 0.2341664920073156 0
1.160787650211523 0.1974324272784332 0
1.173727311030012 0.1971350990424402 0
0.2642329096115508 0.3608909291290457 0
0.6924156352342582 0.09263990296876197 0
1.447780904507534 0.2417702237659283 0
0.5510457173082349 0.05569853553120225 0
0.5635290917301643 0.05511015158017945 0
0.1710398474568688 0.08442304692827597 0
1.08435919907652 0.2691868322281388 0
0.04605742159501201 0.2722823352813691 0
0.9409759748530615 0.2646459113918081 0
1.152392717450422 0.29088156256864 0
1.15985896244611 0.3027067047929836 0
0.7488866371624199 0.05653011496882732 0
0.7623469789551558 0.05575587045524827 0
0.7694850415734685 0.06682934034697414 0
0.7755721381564462 0.0551411773610683 0
0.7826855005845048 0.06627457522232164 0
0.7887909630867526 0.05453462180402759 0
0.7959193655410807 0.06571073858258149 0
0.8020485949406564 0.05392998026514286 0
0.8092255534172577 0.06524743608351792 0
0.8153570962289927 0.05333926515506134 0
0.8225717004974753 0.06475725668771277 0
0.8287380048829998 0.05328126661928072 0
0.8359358684059373 0.06419105589343697 0
0.8425754143363624 0.05298535108711471 0
0.8494538806474239 0.06364578157941521 0
0.856091955430928 0.05187692808185942 0
0.8629760628815473 0.06300890196722464 0
1.338171911662427 0.1397008600432589 0
1.345365259191588 0.150899432576747 0
1.017267257915049 0.09890269906434035 0
2.121278714022743 0.2326689284691917 0
0.72908826441939 0.2103800836334751 0
0.7164437697073616 0.2108095210186663 0
0.2089927294834088 0.3628569194588082 0
1.977625847995043 0.2983461172425805 0
1.987960669560228 0.3137830542557942 0
0.0409297009958721 0.06556803282524538 0
0.7545340244403641 0.2093216484507913 0
0.7672010361134759 0.2085919312073079 0
0.9147113987050238 0.3337719204552962 0
0.9083036269618132 0.3454572610728527 0
0.3932912138967076 0.1054560675002146 0
0.6278880664981941 0.3571639480784168 0
0.7869327749615102 0.3393017109231997 0
0.7939482186392494 0.3501978010186153 0
1.062649940403714 0.0612976217859754 0
1.076625785317645 0.0607285612474166 0
0.7729110787386848 0.3177818123021375 0
0.766055798380348 0.3070594714215492 0
0.9271411444405242 0.2189061909037582 0
0.6387762867997762 0.3128403058397594 0
0.644623220124151 0.301642653307208 0
0.9210679931335721 0.3221016925985875 0
0.6025947380005586 0.3581271136611471 0
0.9001318049566926 0.1978156499085112 0
0.8932873621020261 0.1868808233306042 0
0.1314965489036432 0.05807288369385038 0
0.1257915566859755 0.04926591102609499 0
1.13477847794488 0.1982864685476026 0
1.72972580141625 0.06180110223618362 0
1.714153132037756 0.06397008825244772 0
1.335208539445341 0.09278554049182605 0
0.1338156958028698 0.3656804007159174 0
0.1232680410978458 0.3661595553628055 0
0.8691839848176588 0.05095191625349716 0
0.8764009262660294 0.0623272572920348 0
0.8826554093771846 0.05026115130916794 0
0.1429405231966327 0.07599427452603928 0
0.5779956129098518 0.3586449195554205 0
0.9419960689961685 0.3564349232922972 0
0.1963613493731226 0.3256461064542398 0
0.2072398991980033 0.3251051557995345 0
0.7740237252674738 0.2191071475943443 0
0.7797544075303929 0.2078796097444492 0
0.772924052428501 0.1972558787688919 0
0.7855226877151763 0.196639425618834 0
1.66241763874139 0.1030211955945531 0
1.979728947005104 0.3304591051621489 0
2.002200777497002 0.3295713880405869 0
1.359614204015454 0.1506352824290276 0
1.353344008704637 0.1625106600803101 0
1.339426787562955 0.1627371744727233 0
1.346601261069656 0.1739276895446318 0
1.333232720810924 0.1744557158227046 0
1.340395195537633 0.1856253267752584 0
1.3271252447626 0.1862309518986709 0
1.358226512194952 0.1726365571158668 0
1.334276959906634 0.1973879999528818 0
1.321017211224506 0.197989310229227 0
1.347572764077142 0.1968069483049905 0
0.08140712912334319 0.3666255012904411 0
0.07109987220346752 0.3670881843113524 0
1.555532782510943 0.2965323839039014 0
0.9386974211886261 0.05605599984781395 0
0.9524241551485111 0.05548950993777182 0
1.904315560171316 0.3326139538139526 0
0.3758487308890909 0.2422435020208762 0
0.3692931651859847 0.2321200538516195 0
0.3818451202767268 0.2518923093410218 0
0.03997172353672848 0.04790942093981213 0
1.17982172330525 0.1856503168394807 0
1.186744275567364 0.19667059121951 0
1.180640742738622 0.2082303201261864 0
1.193740070396223 0.2077408745163702 0
0.2870666528643518 0.2367247547589399 0
0.2808161473435103 0.2270839191282376 0
0.2756128759506872 0.2373117094179712 0
0.2694009515380441 0.227744666395483 0
0.2642460971850132 0.23788278540914 0
0.2580624549686311 0.2283775330559417 0
0.2529388456715134 0.2384554928056733 0
0.246790219552265 0.2290077825430218 0
1.435479847146404 0.1360111489194854 0
1.31400079667959 0.1869211587422676 0
1.307793370763666 0.1986234341837101 0
1.314891390923054 0.2097516299371017 0
1.301622192280266 0.2103473482537465 0
0.07542484883171105 0.1365648897308376 0
0.06508718416941378 0.1371273447171837 0
0.06040335567396808 0.1463050140053145 0
0.05479184123799923 0.1376775967236845 0
0.05945986861906966 0.1285102799512843 0
0.05012214808318232 0.1468418714346209 0
0.04920161989140642 0.129064389009964 0
0.05383564426346698 0.1199119204987214 0
0.04357700277861169 0.1204825453601095 0
0.0389378377316467 0.1296907607293652 0
0.04827437279990208 0.1111327229951506 0
1.871403786336918 0.3359829750831787 0
0.9432822265583807 0.148805572831176 0
2.090516716999086 0.3345601532742513 0
2.109683386832421 0.3331748704163319 0
2.118018730978391 0.315920050879507 0
2.071382615196088 0.3359076853650494 0
1.459968814037748 0.08449237239093516 0
1.466364652468887 0.07084675485809204 0
0.1162570046958004 0.2196289342016992 0
0.5241119211600936 0.154536357410074 0
0.5174406824745922 0.1438586860558087 0
0.1443966604692619 0.1420101919055286 0
0.5702828060412292 0.2069080730263224 0
0.04803906866106665 0.3146928693577117 0
0.2897850668217261 0.1521825567184748 0
0.2949830770001516 0.141891210113098 0
0.2835080680946945 0.1425380131470111 0
0.06799406093066312 0.09102687061595151 0
1.088426113021775 0.1890363819678667 0
1.820792699369787 0.3392314877329662 0
2.001104931549298 0.1426411514132421 0
1.404067896502277 0.06257601458521675 0
1.41902257088424 0.06177694040081182 0
1.153054970189466 0.1640209672303725 0
0.5385805255945081 0.0562797542630589 0
1.166066780887774 0.1636418312321951 0
1.159201186058236 0.152631842085737 0
0.7976299552581281 0.1543779738622331 0
0.1766765156375528 0.2448498790884323 0
0.3196215688854721 0.3059764237392104 0
0.2461413931494251 0.06172477978004112 0
0.2401312343695054 0.05236259888585842 0
0.2512342248321093 0.05184390993375449 0
0.2452135299229096 0.04249317045373729 0
0.2341296859044875 0.04301405711908343 0
0.256338781516058 0.04195631504050242 0
0.1577394997627306 0.04733174389731894 0
0.3812614702544719 0.1059831922269268 0
0.2461754309667673 0.3324876399298554 0
0.3377122603976056 0.3476738327351397 0
0.3439440418101452 0.3574407789980223 0
0.1199631004993125 0.1059014638340909 0
0.8899388884266481 0.06171222199900231 0
0.8962272696563108 0.04962649616268545 0
0.6578785687832567 0.1817263403453645 0
0.2076512855050445 0.205448609898505 0
0.6392105381055863 0.0506016728797803 0
0.6264777383323531 0.05119998078850201 0
0.6206309973070708 0.0625017206318382 0
0.6137917243307762 0.05214778376845981 0
0.6079633675895353 0.06313833399696243 0
0.6010476750634833 0.05309347058460021 0
0.5554826098470027 0.284233033722152 0
0.03870071527842973 0.332861874043108 0
0.2801894176291666 0.3308757300760906 0
1.65556789417887 0.1157398793462914 0
1.669914730631805 0.1154273947895201 0
0.6519776550148609 0.05000128552850465 0
2.123805409788623 0.2657478322915252 0
0.5702842591509752 0.06564426807825934 0
0.6813376015718307 0.137110466354851 0
0.0917231490990834 0.3664377123608506 0
0.0844953776505719 0.3217749443424953 0
0.7828400212701574 0.1100642975060372 0
0.1246786203664232 0.2836741184022887 0
0.07517048019874456 0.2353316180240356 0
0.1224287829108795 0.3478148258373593 0
2.051632341291854 0.07391803102671357 0
2.070668787998267 0.07239662385230769 0
2.081488816516003 0.08815522825954393 0
2.089762420481773 0.07085741867809585 0
2.10064878614423 0.0867078773991745 0
2.108947299965769 0.06939083303925664 0
2.11986211613026 0.08521431718233947 0
2.111535326667262 0.102607664927647 0
1.003273591875098 0.2023946065620346 0
0.9895656327036427 0.3435253438113979 0
0.983033941262786 0.3556557450777322 0
0.9968842615836172 0.3552551467039334 0
2.110461853212345 0.2168435645611872 0
0.395757527753052 0.1452838844498831 0
1.398848624958211 0.2092659743726904 0
0.9515379591164754 0.1957132709734084 0
0.08077549323520902 0.2440196787776639 0
0.08552054532692474 0.2348010956283897 0
0.04456160517971289 0.03882421884652303 0
1.814822065234212 0.1815657292226578 0
1.164280576726653 0.2431100942818863 0
1.645415864789845 0.2935100785887926 0
2.127205115990647 0.06766524150080547 0
0.7382356107903618 0.1233201615835865 0
0.9152510614229517 0.3569184663133701 0
0.9021617963045478 0.3570130795364688 0
1.745928717000348 0.05996531208097031 0
1.824192034951911 0.09381809725803981 0
1.831460780585178 0.07834158698996811 0
1.840654038727863 0.09177720820487882 0
1.848716675175611 0.07661507444076449 0
1.010889591751383 0.2369057317266286 0
1.017850807063499 0.2481394412782302 0
0.3644452541877138 0.2626816841721533 0
0.7923699441168958 0.2072934113381776 0
0.7981552626130287 0.1960716007450308 0
1.389585055250386 0.06394873742594906 0
0.7998814415757196 0.3386722467778425 0
0.8069457092213238 0.3495519161167056 0
0.8009711387109059 0.3611532844840379 0
0.8140047012488025 0.3605065244338375 0
1.145810492802791 0.3032111297966771 0
1.153277800870431 0.3151358165084643 0
1.167422701410833 0.3146121865445602 0
1.160785327197461 0.3271698522167846 0
1.175139186376681 0.3265732971534058 0
1.168368161919794 0.339311712776703 0
1.18288286029406 0.3387127378261431 0
1.154161978205202 0.3396962691022016 0
1.176038293263831 0.3516065081313753 0
1.190558787017803 0.3510469138930097 0
1.197444209597953 0.3380841183408751 0
1.205169904717994 0.3504536551105258 0
1.212000810020689 0.3374861342016344 0
1.219832112641177 0.3498695836663479 0
1.226620661786736 0.3368737840700067 0
1.234504739446401 0.3492576835229126 0
1.241350246033851 0.3362456569996944 0
1.249244608801688 0.3486782341852703 0
1.256125832095609 0.3356063448245979 0
1.2640230492226 0.3480826363054294 0
1.270869550603969 0.3349738772092656 0
1.278811781477257 0.3469947229912225 0
1.285693167270374 0.3342567792846809 0
1.293670555889052 0.346591514738049 0
1.300698816547489 0.3335330552303173 0
1.308583772214944 0.3457532069478422 0
1.315691830331062 0.3327942393934105 0
1.323533765956495 0.3451609548015016 0
1.330547511058122 0.3322475476877586 0
1.338482882847276 0.3445703206916085 0
1.345477200996912 0.3316842201565194 0
1.353476428934522 0.3443575935623911 0
1.360429691295348 0.3311351252142385 0
1.368475311671099 0.3438258429917319 0
1.139434447216762 0.3154722257907135 0
0.03783455986259677 0.3152002927013088 0
0.04250647916974858 0.3064093282912199 0
0.8949992082396008 0.3457587285669613 0
0.8879491591475597 0.358989424032067 0
1.653356278732453 0.06396608725032636 0
1.093705686021309 0.3535669684170217 0
1.108004916758521 0.3530933413047996 0
1.079410448894366 0.3540348810797803 0
1.50577723192728 0.3390891241752346 0
1.375560448986303 0.3306659186834424 0
1.383853723106834 0.3432423760924289 0
0.03803698911222277 0.1119000016826012 0
0.04262690817695466 0.1027648833630142 0
1.804400823893381 0.06619364846071982 0
0.7530091688301592 0.1672419989271465 0
2.1307688503946 0.1011161167659927 0
2.122442171515086 0.1185299647930632 0
0.1412896581959562 0.03978320642570523 0
1.669234573083179 0.06328398845239033 0
1.385055335628457 0.2096574175271802 0
1.391560829650199 0.1978488405008419 0
1.218728909842358 0.3245728081819058 0
0.2886864742149308 0.132279688212922 0
0.2772500017138562 0.1329408746836772 0
0.3001623543888771 0.1316170690973845 0
0.3275821277420669 0.3692053897044653 0
1.466948901839104 0.2768264357572424 0
0.03587809432476805 0.2727548412842249 0
1.513453443584206 0.3517637108750905 0
1.498480726079096 0.3527404740219196 0
0.1143405993971224 0.180481271785156 0
0.1249188228128998 0.1799952689287882 0
0.1297357425925982 0.1700886786557045 0
0.1355270398188122 0.1795020838766966 0
0.8993694213303652 0.1754772386654966 0
0.8864903880814112 0.1759533176079233 0
0.8804005835604853 0.1873373074894883 0
0.8736689888403056 0.1763205051190855 0
0.8675535555966158 0.1877802158385626 0
0.860787404342606 0.1767713558118068 0
0.8547015221336137 0.1879711884573661 0
0.8479023114559423 0.1766489849086934 0
0.8418755994466178 0.1882882723990268 0
0.835088349790917 0.1770070374787383 0
2.129454479251504 0.2153056246920867 0
2.118726664121384 0.1995032253313602 0
1.855476111551925 0.1332611053851652 0
1.863673850098136 0.1488747938006236 0
1.568559980195193 0.1658485584227963 0
1.562332004446296 0.1776686844131592 0
1.574832473389904 0.1540518975641947 0
0.3041572817876822 0.368994901058716 0
0.2927931208437853 0.3694977894845113 0
0.5327140106930249 0.2085198669483867 0
0.07530441506858086 0.03693784192766092 0
0.08562309765307302 0.03642640465068712 0
0.09128787947874614 0.04496373932670126 0
0.09597308178215737 0.03583789310124979 0
1.841623442480649 0.2927405918760029 0
0.110504724804906 0.2107678086363021 0
0.7750664888249793 0.3623488059286514 0
0.7620793761508403 0.3629468512801295 0
0.8199725802503135 0.3488846860319885 0
0.8270560437218657 0.3598496723592839 0
0.7787441413432725 0.3064692427942264 0
0.7718911684431735 0.2957874902964557 0
0.5443086615572259 0.04521333729096024 0
0.5318836044653179 0.04579162516035652 0
0.8815901508591812 0.3463273073521226 0
0.8752456400102332 0.3576461453936802 0
0.8684445932514687 0.3463973607737543 0
2.128904901320203 0.3317934152265736 0
1.549025420891093 0.1782895217746122 0
1.556202129888989 0.1894395563097935 0
1.480957404105946 0.07043159820199427 0
1.396366559565166 0.2928448835755444 0
1.273338101741063 0.3592783677674732 0
1.529086287842628 0.05569936994687008 0
1.544252708301867 0.05488986889238862 0
0.8432583548230153 0.0755571515287025 0
2.137117789812252 0.3144600225818975 0
1.341447791562467 0.2086604686505096 0
1.33939964728072 0.05532246567017751 0
1.325039404673215 0.05626401861041216 0
1.320079860906404 0.06984516911652473 0
1.309763319133682 0.05973706163356446 0
1.353863091174476 0.05448442200525979 0
1.192779291877539 0.1851793069523985 0
0.9898571594254465 0.3672818222233546 0
1.626234451468545 0.1164691915965708 0
0.8623958727333357 0.3577035851025864 0
1.262954902800048 0.3225374460546012 0
0.3203579375033297 0.3378347600301347 0
1.172107746851541 0.1521951223961633 0
1.16528624480807 0.1412581017226221 0
2.082136292278605 0.3518135417937018 0
1.472748768432174 0.05760831759701109 0
1.48796216300007 0.0569653791971193 0
1.569386976708493 0.1888485809971178 0
1.563303031586093 0.2005094804043169 0
0.2745185360723847 0.2175258232047669 0
0.8836752184177883 0.0737549778522706 0
0.8967264224315648 0.07291743529702993 0
1.344936793679943 0.3587556266501811 0
0.9078614195636407 0.3224643406531592 0
1.014198344151635 0.05154124291714354 0
1.002198644783744 0.05031982722007581 0
1.027835350325815 0.05079808249606884 0
0.5529780245678543 0.2402825917068556 0
1.292699165372109 0.3210402980016834 0
1.701505820005927 0.09322556033318019 0
1.37657998619069 0.3566947433111332 0
1.392623308624602 0.3562197814148552 0
0.7592316425764402 0.2963602987548835 0
0.765058287428341 0.2851208031801235 0
0.2932904851031274 0.2463968162036985 0
1.187605315134643 0.2192182104027116 0
1.200788734594816 0.2186751350361628 0
1.206922909252329 0.2071744070203197 0
1.213965890822827 0.2181030270487249 0
1.220110272380071 0.2071319288725306 0
1.227116940395956 0.2176362302550717 0
1.233203492878667 0.2064850832057339 0
1.240235110545316 0.2170719632533741 0
1.246297310336714 0.2054416286399871 0
1.253350897188767 0.2164554050757725 0
1.259128316208664 0.2052283997351678 0
1.26622535789747 0.2163431357491715 0
0.9476828812479092 0.3212565447203212 0
1.453875361084278 0.2298568258865688 0
0.862384317579711 0.04074006270387507 0
1.838625980100745 0.06245042862527939 0
1.856128720137538 0.06089316179606746 0
0.06434037649219454 0.1188029645181865 0
0.3091152220276694 0.2154397326802084 0
0.320762388460206 0.2147894007987058 0
1.45731875737784 0.05847472989548864 0
0.05571333398239453 0.1554532392020825 0
0.04547094284791434 0.1559925532121874 0
0.5287962594005562 0.2629610672613018 0
0.5162984262276371 0.2634909552063548 0
0.5078012623744418 0.2521906722060426 0
0.5038163933412044 0.2640288716196008 0
2.137754914013016 0.1979649912156193 0
2.127047144793913 0.1824224532916039 0
0.1486835900137611 0.08500779611523769 0
1.99068686932043 0.345789564452071 0
2.010420249927006 0.3477060201670018 0
1.316184973279878 0.359157022328044 0
0.6319201038579841 0.3022653401592334 0
0.6378400410435222 0.2910139886613455 0
0.6504637972443681 0.2904533725257195 0
0.6436887068488597 0.2798224940962331 0
0.6562770618477785 0.2792807603967535 0
0.649519308756368 0.2686611794569391 0
0.6621039188889715 0.268121604779932 0
0.6553442467481883 0.2575011558798595 0
0.6679269827090144 0.2569589648519712 0
0.6611669167359078 0.2463367385180608 0
0.6737474352655044 0.245796745286314 0
0.6669879563056871 0.2351702895286693 0
0.6795621865141115 0.234625576108004 0
0.6728093806037307 0.2239943295383299 0
1.967298974104385 0.282927128112032 0
0.5223559743089663 0.1110134585765934 0
0.5099269239996537 0.1115492856907647 0
0.07665435378032094 0.3757790840907941 0
0.06635591933711371 0.3759427416391786 0
1.520581392777274 0.1561624386943225 0
0.808036728355309 0.3721881932427472 0
0.645076594183482 0.03923280455402708 0
1.455195393449526 0.3540960349963496 0
1.44005389284221 0.3548095653621431 0
0.6853970038605492 0.2234541703797575 0
0.6786364231866723 0.2128091323358322 0
0.1403079304295892 0.1695835930503257 0
0.1461025396505393 0.178550031465125 0
0.7345054086335157 0.3195241305303508 0
0.2416952768332023 0.2390239453538679 0
0.235580390727997 0.229627926091181 0
0.9813194664274196 0.1247064366503671 0
0.0734148825372094 0.2869586506816189 0
1.143633094119957 0.2322178393122855 0
0.5938563453119499 0.3042873457220106 0
0.2392002128299564 0.033160932435329 0
0.2281470089985312 0.03369522396759548 0
0.03441440838137008 0.0393917816453005 0
0.02997691349335981 0.04844297174450105 0
0.9502168054199118 0.1599481625216541 0
1.337445109739591 0.3191746617977151 0
1.397374170840952 0.05038416694052734 0
0.9251129155329747 0.1746246615737248 0
1.461285960831112 0.2410232953758857 0
0.138021170027668 0.08546149041028074 0
1.118392471243102 0.2800294113053177 0
1.470405511992223 0.1465624588614018 0
1.00336020588512 0.366439754701227 0
0.9091465575677431 0.3685279281277405 0
1.4407067036711 0.2537262790874293 0
0.8326539428423955 0.3480520980173206 0
1.293428335189703 0.1991962509024785 0
1.326398184981728 0.1633097119753589 0
0.8024019373423418 0.07689643648581601 0
0.7442052439798361 0.1120088097438598 0
0.8285288829341604 0.1897240751149196 0
0.8218503992219992 0.1770779621819076 0
0.3493038528620219 0.347135531131595 0
0.3555589743143406 0.3569466293132478 0
0.3500200992383927 0.3674935294373905 0
0.3617811021022445 0.3664829537711514 0
0.3672224882939897 0.3563829645909397 0
0.3735158429777189 0.366278534383172 0
0.3789449754077784 0.3559136384702165 0
0.385278678791375 0.3658602010610355 0
0.3907441084918483 0.3554227006524089 0
0.3970775499155487 0.365368041005231 0
0.7680410073861135 0.04424095744067241 0
0.9264665950040141 0.08010668808724218 0
1.069181813062274 0.04910152991415812 0
1.083303889649763 0.04860929294855807 0
1.090603007729326 0.06030975367525926 0
1.097442014738222 0.04783401791056874 0
1.104610189871561 0.0598463592280819 0
1.11161487684612 0.04729725948041174 0
1.118932048059799 0.05932743461499513 0
1.125877535722698 0.04681146567148298 0
1.133414663580538 0.05884448662612238 0
1.126243825330373 0.07119712535737484 0
1.140708565327223 0.07069063837510696 0
1.147271916260909 0.05852560748684243 0
1.154532232561046 0.07032126625804903 0
1.14809351953067 0.08236048284666024 0
1.162072304069442 0.08175636957204097 0
1.16894622025187 0.06951405832369298 0
1.154864439175848 0.09442514701134691 0
1.167647702671393 0.09489294720735503 0
1.14169355574346 0.0944287368691215 0
1.147947123358006 0.1069624866084032 0
0.381765436550271 0.2313365879504252 0
0.3747580579571184 0.2212623328668301 0
0.03211766106205801 0.1031546330111486 0
0.03704848422553331 0.09388954403403348 0
1.985800658963073 0.2816897376990158 0
0.892554197733702 0.1644950761485273 0
1.503743062337082 0.1080540364318297 0
0.7224556942351748 0.2000082463091712 0
0.7096609853753287 0.2002527004215724 0
1.787576102493232 0.06799079369334401 0
0.9942528240029992 0.1243984255779075 0
0.3843820574341175 0.3454126229018047 0
0.3877172545285891 0.1161284173208417 0
0.3756965928966983 0.1167449766875371 0
0.7787138980001698 0.1860814069493547 0
0.7760825381638312 0.07779418587095285 0
0.298310854308071 0.3787652574700377 0
0.1215340917542383 0.05927750753632122 0
1.460431283113011 0.110077798372557 0
0.4025871717373795 0.3548992566803761 0
0.4089700780060502 0.3649232936325403 0
0.6579038715637798 0.03933487587171073 0
0.6202971856142379 0.04144264926457253 0
0.9762920251755207 0.3678264145100677 0
0.7470535752296117 0.1785262448332318 0
1.330928996126404 0.1286484400969219 0
0.8682669682578359 0.3688657078058441 0
0.8563162755440565 0.3690693207220445 0
1.536681369508095 0.04206623887054614 0
1.114723028515651 0.3406416689551351 0
1.122400427800442 0.3526281847632371 0
2.097098893224798 0.05266869245355853 0
0.7690584779874778 0.3739557129933346 0
0.8549767503280942 0.1642573564763928 0
1.115616489539111 0.3653232508449551 0
1.130120767036716 0.3648255824303249 0
0.1289496393921465 0.3750578862026027 0
0.1395097367070562 0.3745869526424694 0
0.11841963713638 0.3755165934583644 0
0.04136845389424518 0.2810779261688395 0
1.242787552912733 0.361088547482618 0
0.03233097539466882 0.3066858739755471 0
1.316889197516439 0.04465350871813683 0
1.302956533208154 0.04604334146114237 0
1.29479340056971 0.05931339223970902 0
1.28817307606025 0.04466483127183792 0
1.281377791383268 0.05943412564838031 0
1.274127545418785 0.04764562936333765 0
1.268151966048777 0.0594162464066356 0
1.260399906954718 0.04827689430197195 0
2.062999985975462 0.3531493394977352 0
1.856230934173974 0.1645707167319215 0
1.873648370944458 0.1632261745531904 0
0.7946566591636197 0.0432681166906449 0
1.392306910049061 0.3300944581291557 0
0.9450948855523437 0.04435110264265791 0
0.9595861320727407 0.04540815896366643 0
0.9316768107795054 0.04422643163178248 0
1.004100148076656 0.2488795112902684 0
1.010961111435666 0.2602225442015658 0
1.024786928388324 0.2594793339245774 0
0.9982657000995481 0.2377116422288845 0
0.1056985163464536 0.2201686545755284 0
1.736248413014557 0.04661937825365593 0
1.086968234827579 0.3662106965753 0
1.072622002182517 0.3666310366054972 0
1.876582531024316 0.2899969557837659 0
1.354817356348653 0.2080584029974716 0
2.120492844636964 0.3491628164142329 0
2.139790679378916 0.3477873804522193 0
0.8743769171187374 0.1990340268173661 0
0.2938539061763057 0.1220083314961334 0
0.3053881650894899 0.120836791255784 0
0.2013421540985484 0.3160164542018719 0
0.212283480038942 0.315757486574581 0
0.03120102764208234 0.2816751505427583 0
0.02571405776803725 0.2732774843386268 0
1.212729133528862 0.3622495499472754 0
1.866320673695703 0.07510741740920812 0
1.873798563439232 0.05919795051526255 0
0.2522658816098013 0.2195570687142747 0
0.914129646266284 0.3109079865879376 0
0.1412847811653652 0.1882935968394594 0
0.1519533067257978 0.1875224899266298 0
2.139354505819752 0.2305842114010846 0
1.308750178813357 0.2216204651360317 0
1.296475197723604 0.2237420432780128 0
1.912343866539846 0.2869971869036127 0
0.8054149979820284 0.2073403382860473 0
0.7994408574623943 0.2179102308255962 0
0.1011758780652077 0.04426604573076565 0
0.1059370496362493 0.03494615529751396 0
1.66019170643515 0.04949880854787243 0
1.641795001786171 0.0505436167535881 0
1.676797367262515 0.04915610325228586 0
0.8219370553710141 0.04325953626516272 0
1.178980261910945 0.1391216273727125 0
1.171182777939349 0.1296679227190031 0
0.02727264791959957 0.1122278552260636 0
1.183764105848127 0.3640342417519246 0
1.169456169868115 0.3643012660800088 0
1.542712432833173 0.1902075979950385 0
2.059812515533515 0.05665758037467054 0
2.040764964645267 0.05837087497487308 0
1.464351691617224 0.04468898302660462 0
1.449149822345106 0.04528982430122213 0
1.427132867564308 0.07444061740627142 0
0.5116118034960259 0.1550796038936942 0
0.5046202732379438 0.1442871070282193 0
0.5183245708006952 0.165473043883668 0
0.9805477061355627 0.07812600788594443 0
2.142574824767709 0.1173080504185604 0
2.133690117388394 0.1343894795154645 0
2.150069187878469 0.1005507203229955 0
1.158451615864267 0.130301215754516 0
0.5213251409039599 0.231074486223832 0
1.348934030323096 0.2198180594408323 0
0.3915956379896202 0.3758968916406925 0
0.2590879944378474 0.2479914907222991 0
0.5415167500779279 0.2625963617528188 0
0.9876863227112344 0.08968938441276376 0
0.752382167574594 0.2856924728235629 0
0.03899321150008256 0.03032755963389079 0
0.04914213899547635 0.02975192945149095 0
0.02886909114080127 0.03090665419247149 0
1.663094100498942 0.1280127100762929 0
1.676980809764061 0.1279977072066983 0
1.649071593987112 0.1290368773226378 0
0.3143795129639433 0.2050241495299974 0
0.3260653516563747 0.2043458413793558 0
0.6063785017469699 0.3037398646727353 0
0.2720766658756477 0.1431286811044878 0
0.2658624218397387 0.1335699401349852 0
0.2709882930820747 0.1231890786131487 0
0.2596547665903052 0.1238205233877559 0
0.2545702376063399 0.1341238560428192 0
0.2484313808855067 0.1252396755040408 0
0.2433319119579097 0.1348242086560178 0
0.2372321990654159 0.1260314205072355 0
0.2321536244229883 0.1354589149695591 0
0.2260545161701496 0.1261559862907381 0
0.2210276734877984 0.1359868758695753 0
0.2149589186952302 0.1266977504597362 0
0.2323319328114135 0.1165492481044968 0
0.2270823807623378 0.1452676954311306 0
0.2495293217485388 0.1443623028904296 0
2.006634905074631 0.3125124725409639 0
0.8362963785513722 0.2001905621975666 0
0.7581787430028233 0.2744377643408284 0
0.7708536373788779 0.2738879041426653 0
0.7639864702989567 0.2632246383599803 0
0.7764122899987588 0.2625569962989728 0
0.7698714271127909 0.252069668742356 0
1.345947129434526 0.04176631324335398 0
1.360701503622979 0.0412978840498882 0
0.9272602000184321 0.3105126173307803 0
0.9203478877978425 0.2994251349594838 0
0.05103376632823671 0.1645762107946726 0
0.04081395330803413 0.1650801830689511 0
0.035273671044026 0.1565347893894379 0
0.03063808829773372 0.1655894275394786 0
0.03616120870563582 0.1741307388204998 0
1.415773564939617 0.3163233030323776 0
1.42180724785634 0.3015090010163368 0
0.3681112948183491 0.3756756047079244 0
1.883029493698335 0.1467445803144522 0
1.891254816796614 0.1618536783859277 0
1.118372637850723 0.03466193758237179 0
1.325248864431693 0.1405174382205286 0
1.377757628342436 0.1982451553487286 0
1.384255861998574 0.1864462992967872 0
2.022192808953239 0.1752747005414926 0
0.2230941668833455 0.04351007045681213 0
0.2171481439591285 0.03423682611758103 0
0.212056233444295 0.04415211209053844 0
0.2060141101087081 0.03517890016087653 0
0.387104408957582 0.1888876467039645 0
1.535726657732963 0.1789348406407781 0
1.362120948860366 0.2193943194454748 0
0.1795207229951744 0.1967166579401252 0
1.185918300558015 0.174245598463988 0
0.5375944923438519 0.03474765942530297 0
0.5252022271081654 0.03534078854079704 0
0.5500124602709686 0.0341520447677936 0
0.5194900705630809 0.04640281153452277 0
0.5128505024135765 0.0359314050920549 0
0.5071560120801353 0.04693929454348039 0
0.5005422802931175 0.03651383273573447 0
0.4948830087318499 0.04742203683305488 0
0.4882790466583372 0.03708450218259473 0
0.4825887905793945 0.04806830022269829 0
0.47604711806998 0.03767952437458175 0
0.4703491063626054 0.0486139132410391 0
0.4638579299857389 0.03826094539247391 0
0.4582349755339032 0.04904811608526938 0
0.4517318837560796 0.03881034932019478 0
0.446031766630816 0.04974573103524846 0
0.4396199462722615 0.0394155657223391 0
0.4338847573948679 0.05027974257360396 0
0.4275535910695888 0.03999909336035425 0
0.4220013924327419 0.05065231200482057 0
0.4155735376489008 0.04054779315100831 0
0.4098499986272897 0.05132611208633262 0
0.4033897399511225 0.04126789006406038 0
0.6689069128839655 0.2787240064186422 0
0.0608253916822584 0.3675294972678843 0
0.05610143636778461 0.3763419643420796 0
0.05059459356930654 0.3680287743218476 0
0.04590956793634583 0.3770890736124755 0
0.04041252169788482 0.3685700821854092 0
0.03574808334449102 0.3775996492427917 0
0.03026804967173267 0.3690656377877697 0
0.0349174693138264 0.3600550439931113 0
0.05202124471991813 0.3850439494382738 0
0.02480025710459394 0.3605421525667596 0
0.02943276741530704 0.3514384938469594 0
0.9069570220934253 0.2086803342687665 0
0.893619357292713 0.2091805289107772 0
0.0442404232017322 0.3416019363460738 0
0.1323035129775008 0.07647979702687545 0
0.6863664911199572 0.2451884935221713 0
0.0388364419773694 0.2282182310264401 0
0.03328688639827904 0.2196524417709521 0
0.02866220331706136 0.228700518582559 0
0.03792853042346693 0.2105602132314189 0
0.7463986943579687 0.2969322988019688 0
0.2160003590691564 0.1458624729358934 0
1.035674092475447 0.1906670209531532 0
0.05157266562747612 0.2808291125080671 0
0.04645112640159107 0.0745334198468641 0
0.03627472455539163 0.0750471114716529 0
0.0308129116675218 0.06619094637295324 0
2.114305140090617 0.1355540117082435 0
0.6304804555144679 0.1391871667875302 0
0.5105159804584962 0.2745579019893762 0
0.4980478913618827 0.2750890774590221 0
0.4913771942684866 0.2650184543092777 0
0.4855969906155866 0.2756952219241948 0
2.03799675356779 0.255168985840313 0
2.052269213581611 0.3373102803329838 0
2.044808973805383 0.3538805784778875 0
0.5356838164944775 0.1322856431235945 0
0.09628273448572973 0.135264147174057 0
1.794408211561662 0.05228421892892796 0
0.9700306424677966 0.1705397087425798 0
0.9769493606467488 0.1815235054084814 0
0.1054116421685356 0.3210566456251461 0
0.1110727821821242 0.3298811163201323 0
0.5357889201686 0.2737525079489869 0
1.309442154985811 0.03251906422085863 0
0.7927854054139711 0.3278773375866839 0
0.1981074750358074 0.3633516952195756 0
0.2039522680066192 0.3723772540890556 0
0.1928823982702955 0.3724626464510721 0
0.2148663990177156 0.3720365841806624 0
0.1599400079289492 0.2359894598708139 0
0.2874571935530166 0.379454129089909 0
0.1904463234180866 0.3166989373316608 0
0.5760800182956817 0.1957894284749906 0
0.5828098083709321 0.2063706764464204 0
0.5885781311251749 0.1952721407400339 0
0.5770115365933675 0.2174883981688515 0
0.02767499021163254 0.3156680750391094 0
0.3626799876133849 0.2219644590585377 0
0.3681312385616183 0.2112248121942166 0
0.3559741427836668 0.2121526489839718 0
0.561265704605426 0.2731559492609986 0
0.6122464514776125 0.2925538316365939 0
0.7559989598828666 0.3745018849297317 0
0.58096628560611 0.1629527121983792 0
0.5877106432812281 0.1735423435930264 0
0.5935203662858737 0.1624004785545773 0
0.6002641531833618 0.1730730396953687 0
0.6061186339453447 0.1619034248070684 0
2.091363606129656 0.218334696296645 0
1.214815789102319 0.1946056438843061 0
0.7106245433436456 0.2220688009674859 0
1.970529478864857 0.3459909061122333 0
0.4331142855118069 0.0293014361772796 0
0.07604012422647424 0.2532258187692119 0
0.0863964270376765 0.2527372879445883 0
0.08164555346404222 0.2619779666249422 0
0.5993273141337496 0.1512460784951785 0
0.3096964187876219 0.3793485726215569 0
1.976451100497405 0.08069874466954347 0
1.965847594082606 0.06541691397947913 0
1.984447888425668 0.06387836368136411 0
1.973839043414654 0.04876475981161552 0
1.953673162535316 0.04775273632774285 0
1.001446775308465 0.1354685119052692 0
1.007799198894782 0.1237595289449287 0
1.014771100368435 0.1350088448704479 0
0.6260513368632752 0.3134447150688451 0
0.6617566787401593 0.1269014129910555 0
0.6845345420762288 0.3438968524267761 0
0.6786643402700653 0.3552157506611093 0
0.665928303074019 0.3557463595819399 0
0.6727480924860643 0.3664081017666037 0
0.6855504070744521 0.3660131240658289 0
0.6599237679947184 0.366463401513225 0
0.8258420687490201 0.3377505478070894 0
1.402704936367958 0.28039870923226 0
1.115529172353036 0.2104576764826516 0
0.1127523614964417 0.3666481508062292 0
0.107938803750876 0.3759890981266779 0
1.065157071921669 0.3544733809119159 0
1.058311716503008 0.3670272576542877 0
1.050878287541761 0.3548928724219675 0
1.044604204055055 0.3669667285623674 0
1.036956009100531 0.3553658261136354 0
0.5759917816883646 0.05449298833706939 0
0.5827789889778943 0.06500600139447527 0
0.5692734269876751 0.04396479950009354 0
0.9054838140727366 0.1640145564302002 0
0.5770289626475691 0.07621889549105121 0
0.3997683930973877 0.1161408352279979 0
0.2181942894481805 0.3246406886656695 0
1.083746461187045 0.2460083298119605 0
0.3116915899743912 0.1308544085629043 0
0.3169597013350588 0.1200431552483844 0
0.2623804943830872 0.05129938031248529 0
0.2675173922717739 0.0413946306891388 0
1.452886780032238 0.2066794562063952 0
0.7571161068960222 0.111392928696932 0
0.6514406343857487 0.02752572544658542 0
0.136091822287099 0.30125958830932 0
0.1467222345958854 0.3006667651362981 0
0.1524867342809014 0.3096267636658839 0
0.1574031054993264 0.3001419811369686 0
0.1515815208700343 0.2911498398829533 0
0.1622968061856216 0.2905990010971299 0
0.1564610402779275 0.2815963494125072 0
0.168134920954767 0.2996319295715146 0
0.1730492498472985 0.2900427312833063 0
0.9734978827270848 0.2301734990335234 0
0.9783106270566159 0.2175183504725484 0
0.9733009652069992 0.06653055573237837 0
0.4144926577700135 0.3544084436789736 0
0.4208847142282849 0.3644115060533373 0
0.4264479077326062 0.3538801562448337 0
0.4328884573156775 0.3639662189949759 0
0.4153485244745622 0.3750314398310221 0
0.7948921543973424 0.3727967634384252 0
1.405042505549293 0.197341040772024 0
0.3324658419368145 0.2141844518420838 0
0.326875192972775 0.3180391236480997 0
0.3144533225228773 0.3166353356405534 0
2.146265724259469 0.1808363728581171 0
0.1345518246689389 0.1605438269070638 0
1.414762777949701 0.2555743817195604 0
1.336248611117839 0.220613862305489 0
0.10025799341168 0.21114382955744 0
0.1048012694120821 0.2019223349295472 0
1.846432640333301 0.04663884418401935 0
0.6369685492252022 0.269216235731729 0
0.8883241665663331 0.334487707649826 0
0.5895908322775716 0.07559414298160705 0
0.02636191338652051 0.09348031324308169 0
1.82888716427475 0.04776837356418531 0
1.367659191591448 0.3183593804269358 0
1.181642384632214 0.3139525117396805 0
1.529211822191993 0.3527892802574885 0
0.6486243221512967 0.2468981981356997 0
0.9222901171156264 0.3683802954581372 0
0.6602278483424745 0.224588639919138 0
1.82909031770098 0.2521129201024843 0
0.1006046381848455 0.3303071579826861 0
0.106243063854659 0.3392598058989733 0
0.4384631480531633 0.3533851322934597 0
0.4449311361920308 0.3634877557592529 0
0.4505281692957515 0.3528599333701139 0
0.4570235850336613 0.3630020597527946 0
0.4393294346171213 0.3741577711352177 0
0.3430405285951448 0.3373433924878195 0
1.506989266096141 0.3659555592383962 0
1.491845215532131 0.366323818889628 0
1.055191708699246 0.04967206487368502 0
0.2735716639374126 0.05084126464830185 0
0.2787513687011334 0.04084464638507808 0
0.2848386081448788 0.05029310737370352 0
0.2900377056503288 0.04028361060508154 0
0.2726453321304374 0.03139923296378564 0
0.2961540034981615 0.04975963961446843 0
0.3012960611873322 0.03969713519790433 0
1.776224684635391 0.3262852224061734 0
1.785210025188434 0.3406301039421948 0
1.768576912264317 0.3412754672028151 0
1.777571375196744 0.3556839035552165 0
1.76079832682172 0.356544594958254 0
0.323283960330465 0.130132715982506 0
0.3285468656551842 0.1197955946307214 0
0.3349298832512603 0.12965103185334 0
0.3402588245551731 0.1189092987350397 0
1.794464034365635 0.3548698914562041 0
1.834147798598257 0.2082227350776631 0
1.520926061732779 0.04088929052531336 0
0.1457467869910788 0.2823023635106984 0
0.1505909550135692 0.2728145596381775 0
0.1612356950135047 0.2721323504200305 0
1.174509266673604 0.2197829874640204 0
1.448132988162852 0.3679128096197136 0
0.1200994167602213 0.1904248468111653 0
1.755282914122451 0.07291883066679691 0
0.2990939410566459 0.1112718455792743 0
0.1788422123254219 0.2990760030213504 0
0.1837029782925752 0.2895633936918571 0
0.1451990922053773 0.1602667840209074 0
0.6795744822290265 0.3769914102081429 0
0.6924638716679528 0.3766444950967797 0
0.6984241079664707 0.3654287556987059 0
0.7053675056084893 0.3762246953560909 0
0.4623667539915497 0.3525494416520776 0
0.4691153685398236 0.3626668656948223 0
0.4635125359313315 0.3732791609683084 0
0.4756400553448312 0.3722646086855954 0
0.4813266706091759 0.3620418485006725 0
0.487842011843522 0.3719889910040053 0
0.4935550737527519 0.3615689064906005 0
0.5000869517428844 0.371291343174338 0
0.5058249348553762 0.361023339653616 0
0.5124038435314167 0.3712613499083089 0
0.5181468061247609 0.360606188041875 0
0.5247492760133698 0.3708746345104713 0
0.5302700622076062 0.3603815376826838 0
0.5370957442178201 0.3706597527859701 0
0.468874626406327 0.3824043590567925 0
1.777714002438392 0.05522040962548991 0
0.5817771646391154 0.04335784607727847 0
0.02601342498843471 0.1746319704743653 0
0.0315080425085902 0.1836163052332127 0
0.04170852113191984 0.1830314094251082 0
1.58184859235047 0.1653602777857224 0
1.588158176869331 0.1536162200482539 0
1.581093259547811 0.1421916845737133 0
1.594523560105548 0.1418123885755322 0
1.602827768634757 0.1550478332852152 0
1.607912201038564 0.1414613491670661 0
0.7912586619684173 0.1654478740967831 0
0.9714662572565255 0.2065334342436542 0
0.1554287446154052 0.2633066889749104 0
0.7313020656666573 0.1125898764809667 0
0.0277728940843875 0.2110963030508936 0
0.0261708939775502 0.07524475839183346 0
0.4089859810353196 0.03058954559022222 0
0.3971626102996216 0.03112136027143443 0
0.3917480397683344 0.04162482995237151 0
0.3853716324974954 0.03165262610545095 0
0.3796067365576344 0.04238829718886532 0
0.3735382112211534 0.03224938609792145 0
0.3681271037967038 0.04265222873626203 0
0.3618450239555422 0.03277305490694086 0
0.3561622469746781 0.0435561238669808 0
0.3501308805873596 0.03338948518028662 0
0.3443342220805496 0.04406906793216837 0
0.3384737130067624 0.03395458292826696 0
0.3330030120226794 0.04417915249662768 0
0.3274496140905596 0.03411462697508357 0
0.3207972674151958 0.04446678546286276 0
0.2949600936092185 0.03010885348279997 0
0.3077389588473575 0.02926743615337316 0
0.1568146752231669 0.1780308490745253 0
1.886124448761709 0.07549840739405769 0
1.891847316195621 0.05731800780332116 0
1.020548266107588 0.03903959861326362 0
1.033595668219411 0.03803862695907116 0
0.3377666208881303 0.2036648678650294 0
1.018474568076329 0.2712049138581079 0
1.031980437618668 0.2707538638756615 0
1.038194484997175 0.2589754257802594 0
1.045419261366487 0.2702891034841017 0
1.051685425720926 0.2584861424927782 0
1.576043440528923 0.1998613745982959 0
1.569940904830609 0.2113406212591578 0
1.557190109779135 0.2121043591006275 0
1.564265075568684 0.2231255217543076 0
1.579287961967238 0.2220653796744398 0
1.571696320527104 0.2341633268550833 0
1.582483127743012 0.2343853466160983 0
1.577914013739594 0.2454127545416029 0
1.565115041341648 0.2460457010099542 0
1.572393014092348 0.2573910428139166 0
1.585494525670125 0.2557003225861896 0
1.55887067342109 0.2581318639740973 0
1.566414522056172 0.2698162775928626 0
1.581796788925856 0.1888821336276854 0
1.356373900101394 0.2311056827564578 0
1.135345805540898 0.1062958492225527 0
1.127130739428468 0.09490655838376903 0
0.3272424305735292 0.05521319943615158 0
1.43267156880072 0.3684042866972535 0
1.424722762647826 0.3553213949842183 0
1.417119469985841 0.3688975931126083 0
0.1778552683753153 0.2807164808096508 0
0.07966148469442835 0.02756272199313199 0
0.06959587293285954 0.02834510682062143 0
0.1663939255016494 0.2631070815480729 0
0.3604382265024857 0.2016343666746015 0
1.514673117415716 0.08264126684355885 0
1.550717284186673 0.2240086170865024 0
0.3466715677367794 0.1290639361264916 0
0.3520163649900486 0.1182087314984864 0
0.3584952516637163 0.128126484431514 0
0.8064932215988658 0.3259264822937275 0
1.552350209441688 0.2702898483358962 0
0.8288731634867876 0.1655394072578985 0
0.8888931756448193 0.03809914155806841 0
0.9020493173771567 0.03717787722898558 0
0.7343204339299514 0.1790649145220971 0
1.132121345728593 0.303471322707962 0
1.125966626346511 0.3157911107877785 0
0.7411644055140227 0.1893890343361098 0
1.010141434005272 0.3550824439307709 0
1.058731676947092 0.2697507920536635 0
1.684124688427463 0.1152648854560836 0
1.691348322828472 0.1274904790269829 0
0.3617973027037185 0.05417879836270389 0
1.031482414065544 0.3667934608278205 0
0.3338075360251611 0.1092447737234523 0
0.9333603901165737 0.2990059662052889 0
0.9266397478146746 0.2880256334983209 0
0.3916169864394162 0.06350578280538573 0
1.36774906677306 0.2939261276790415 0
0.7888210184770538 0.0984731355030176 0
0.7759064514058445 0.09945604089416914 0
0.189570754290531 0.2986022442896538 0
1.252365633464664 0.1937777941885484 0
0.4858724191700279 0.3514698779849698 0
1.551724928385381 0.04137776720152098 0
1.559724199155481 0.05435345859514593 0
1.567358001159739 0.04057453937392917 0
1.575480007178714 0.05388192572064652 0
0.7821330330549339 0.251331210022227 0
1.275104302702037 0.07198399044184726 0
0.1437350294006335 0.09444432436496156 0
0.1550848075208957 0.09337204118764485 0
1.490606605974297 0.3395277246848127 0
1.209273605951686 0.2295650149523407 0
1.384889141338731 0.3696525787722583 0
0.7840008097718412 0.2955427566564872 0
0.7907361084207424 0.3062832195516815 0
0.5104810573815267 0.3505136637483668 0
0.2098097505315454 0.3817572742089934 0
0.22017320278217 0.3809882498491652 0
1.999804289755905 0.3613755471636936 0
0.4789264128033817 0.2654449464674043 0
0.4731616779413955 0.2762870114170318 0
0.4664960462210611 0.2659804036248251 0
0.4607316164315169 0.2767583807585578 0
0.02581248335341717 0.37816520522306 0
0.03238335465066873 0.2020629451988879 0
1.352871042324868 0.02851374536225991 0
1.198375792596519 0.1740394841215008 0
1.37026614027261 0.3694647928381701 0
1.583203031093055 0.04007067151788351 0
1.591535546067401 0.05348910332165997 0
0.04724857265960498 0.09357158122693213 0
0.1626211766421612 0.1869820036189087 0
0.9009186284118976 0.2200262590184678 0
1.676722817494822 0.07739899106840238 0
0.4061451923852182 0.2266785783312128 0
0.4022898659781769 0.2382856926316439 0
0.4111313653856922 0.2475760274953407 0
0.4459755688125327 0.1495634667532528 0
0.4537112331802085 0.1390760469662937 0
0.466096806323026 0.1410369869281176 0
0.4400919881572001 0.1375613190230386 0
0.4615139477832731 0.1292634482729149 0
0.4736146973726095 0.131021266676474 0
0.4787423889817455 0.142978221110606 0
0.4857860707021935 0.132806228318994 0
1.266379201988288 0.03635311979121234 0
1.252099579409088 0.03743145348968959 0
1.246356793282001 0.04935593343479616 0
1.237939758867168 0.0384174202288478 0
1.231801177812064 0.05108097196529455 0
1.223788671574309 0.03969619684113979 0
1.217471878284001 0.05230350042242334 0
1.209693800799083 0.04097544380680673 0
1.203802484233286 0.05378467655874192 0
1.195578179281172 0.04234119040050398 0
1.21145579404681 0.0668031740167542 0
1.197063311679891 0.06656128405233422 0
1.668748829592288 0.03570277702321625 0
0.4834857586664552 0.2394044789631949 0
0.8995084579544107 0.2780278729026521 0
0.9106067823274003 0.2700000000232657 0
0.9117847474498197 0.257686465789823 0
0.4940500911714555 0.173285206998095 0
0.5000926980676405 0.2090300646502723 0
0.5109456155636761 0.2005245355801177 0
0.5115265057654882 0.1872783197674253 0
0.09944842799183384 0.02652910275072563 0
0.1102166815956769 0.0257664852198041 0
0.8730528893721368 0.2243739434690958 0
1.236027049480163 0.2284163040218479 0
0.8018947475680225 0.09803056305320827 0
0.826744567547427 0.315571416766294 0
0.8545282411463937 0.3217186390295628 0
1.884037532138158 0.1775810583259145 0
0.8818159231519295 0.3108785122528031 0
1.28298239479873 0.1684931088004387 0
1.992527299841207 0.04732313874216948 0
2.003178183556177 0.06244022865468295 0
2.011272884806484 0.04541559484211054 0
2.073670007686983 0.3681492845129855 0
1.059787119502188 0.03740545153261051 0
2.182647408102532 0.3800366795322994 0
1.60330640103553 0.2192170122367874 0
1.623438537421696 0.2440998945576365 0
1.610978734468371 0.2478697014844128 0
1.619883034462979 0.2569807973334208 0
1.607195211036278 0.2610267153832712 0
0.4799477088421028 0.2869615066617244 0
0.9832185592852078 0.3787325164137258 0
1.226755931566184 0.08428568559415359 0
1.204553781784162 0.1026230593335121 0
1.202381001163412 0.09090644506187356 0
1.192950534322323 0.09987176668272732 0
1.18967434846451 0.08752732279791738 0
1.299957692086273 0.1416843896143388 0
1.128500584379059 0.3400571781469044 0
1.700613727865098 0.191616801700907 0
1.708177920990246 0.1808925993291852 0
1.704723003377219 0.1683866707185572 0
1.717763297473902 0.1719722875288792 0
1.720734794589107 0.1839790848546675 0
1.714449135932847 0.1587197190070575 0
1.727891512898546 0.1625293011826404 0
1.724486616156303 0.148774521783945 0
1.738309835135814 0.1527212271644293 0
1.703035120304247 0.1540350181886709 0
1.741272831542681 0.1662074098133554 0
1.752404175594404 0.1568300675640613 0
1.656016112336194 0.2509384749142882 0
1.668057207899627 0.2503334958952174 0
1.662769806111759 0.2622054630458484 0
1.67544570787777 0.2608995060288221 0
1.641961465483672 0.14945994867641 0
1.630531917867176 0.1404638503937868 0
0.4523543931631875 0.06028401670123237 0
1.693806378304535 0.2268031957064638 0
1.697950689697617 0.2391032475633197 0
1.707341153927111 0.2304311126065678 0
1.710855109453694 0.2429931719344766 0
1.720906505426261 0.2336062359526838 0
1.724132079031835 0.2466880940688451 0
1.73350306206993 0.236943768045484 0
1.730673468628872 0.223424828959351 0
1.701119883444558 0.2522085239978373 0
1.745469202882771 0.228393209980667 0
1.740293053865261 0.2124836516383798 0
1.736808638421231 0.2508422224025342 0
1.727436977963846 0.2607314067742976 0
1.724518727647103 0.2095767706962917 0
1.295499830797211 0.1063532345689222 0
1.307835866705878 0.1112079877957741 0
1.299241187305171 0.09422418344606237 0
2.131317257902155 0.3648050713008357 0
1.182346348952769 0.2308295677270466 0
1.616771017243559 0.2699012499367762 0
1.603790679719521 0.2734192506681831 0
1.629647488313587 0.2663551135579466 0
0.89336214234803 0.2415369691921252 0
0.7633002554240154 0.3859170508907848 0
1.46279956675707 0.3672219147128466 0
0.5895365866832114 0.2169528340493493 0
0.2945636377873366 0.2667493157876887 0
1.599091391106922 0.03979087179238431 0
1.607466435852885 0.0527666455946967 0
1.615027057376251 0.03918213705839785 0
0.8562512525034915 0.3458866155078182 0
1.881213363064946 0.04292399745021436 0
0.230564489561086 0.2395484677092051 0
0.2366557992358268 0.2489764806582257 0
0.2244958961441096 0.2301758533914308 0
0.2294567140530512 0.2202745731791136 0
0.7454900312473454 0.2750158574462603 0
0.8140484120638429 0.2337872730230579 0
0.1959911626900987 0.05483167720922561 0
0.190094763497733 0.0457189042341769 0
0.1792642894074247 0.04624634824281576 0
0.1842221497251118 0.03662282947787542 0
0.1734329142466536 0.03714554352626936 0
0.1783823266618577 0.02766995397896995 0
0.1676301290469611 0.02822404168455847 0
0.189122856941614 0.02701381267329813 0
2.150653982943949 0.3631649587953213 0
0.4891135696918521 0.05860209208188718 0
1.901434407779044 0.1759204495339373 0
1.90914778751112 0.1608450263920543 0
1.088494531693869 0.03640242175146546 0
0.5750225111701741 0.03337397943072102 0
0.5881277228226212 0.03250047660925735 0
1.46753616979969 0.2290761897060943 0
1.965260188858964 0.03172841048663277 0
1.752889197757646 0.04486436283101563 0
0.1117182925319314 0.2289387292141465 0
1.260884239010275 0.2273608635326029 0
1.27367320615666 0.2273710585025565 0
1.200345567714585 0.1382370288397556 0
1.551165191780041 0.2473669212766908 0
0.2232261925726163 0.3148397260660227 0
0.5166039793902114 0.1220503014582675 0
0.1346103200543952 0.3836968133343819 0
0.1451986711120794 0.383271149505588 0
0.1501002126553569 0.3740753925237622 0
0.155814832084175 0.3828174624292448 0
0.1607375394446937 0.3736015161189868 0
0.1659222432025214 0.3822625054756501 0
0.1712962946875117 0.3731509893184289 0
0.1769767314037144 0.3829165727662528 0
0.6147846387105027 0.07378300673595253 0
0.05267488382450303 0.3056053910536476 0
0.2183338923001041 0.2215894395305149 0
0.2233271746145055 0.2116119038704067 0
0.06128822626373105 0.1640773409408451 0
0.7783876766284619 0.1659133877648506 0
0.1276940709772807 0.0860705902184702 0
0.1223974738716904 0.07755641875146511 0
1.146225065834444 0.1529959833899272 0
0.5204236843318392 0.0679871520893288 0
0.308038227300269 0.3065283486261309 0
0.3027987530535738 0.3168495311439963 0
1.272453423331658 0.2040504112281367 0
0.2814652141657206 0.3699412904646471 0
0.2762453839518455 0.3799503416161655 0
0.6911960543976039 0.2121844884635535 0
0.6844726819319513 0.2016102053033933 0
0.6719142304723691 0.2021861672856535 0
0.6776927442563613 0.1911945533577353 0
0.6902921770907577 0.1904636527285991 0
1.132302232086112 0.03448598818738655 0
0.3692639795415739 0.1065638221736478 0
1.657954054404332 0.1495680536625516 0
0.7754603573393838 0.2409128894068313 0
0.5375654995433139 0.1757002090915836 0
0.9384201538893723 0.03385997484330894 0
0.07220392079897077 0.3844500930426656 0
0.08219805232319055 0.3844606906374623 0
0.8024864354349411 0.3845341478097697 0
0.6119118224331613 0.1507209853983856 0
0.8038228238798665 0.1653657596285852 0
0.8103066768374771 0.1544526645342639 0
1.255491325898403 0.07968257950920012 0
0.9874843921500328 0.1129755318524302 0
0.225710352625089 0.3715407447885551 0
0.2315109679335058 0.381770894222577 0
0.6645928388734651 0.04964142241677783 0
0.6706932644961834 0.03802648098522474 0
1.090975779356099 0.08432582139514228 0
1.104726167563481 0.0838870954145764 0
0.9197017309215352 0.06904981904570334 0
0.1038114132476322 0.1815949700457072 0
0.7253667097850147 0.1239141894145049 0
0.7184772766545003 0.1133475539463119 0
2.11546008290424 0.2830009216992953 0
2.134621088412383 0.2816186961131288 0
2.142989657671042 0.264287107072355 0
1.368945837770801 0.07831319855283675 0
0.5948739671624935 0.3258313378428314 0
0.228889751743389 0.324232834508482 0
0.09235934015593772 0.06276696048637216 0
0.1027020416140906 0.06218837968011628 0
0.0796287369058771 0.2263004510835525 0
1.164570172678662 0.1188476470694503 0
1.177582820325005 0.1184812197102915 0
0.113566167864152 0.3845146930729514 0
0.1031119437519017 0.3849151437327357 0
1.543124629218637 0.02759650125456059 0
1.307222807193596 0.1525244209032512 0
1.30169518320349 0.1638430042752448 0
1.293017022543199 0.0827152403114557 0
1.888449139348755 0.1192618103196885 0
1.877339141935235 0.1051335985798365 0
1.177195046835303 0.3755010441333735 0
1.141581560655247 0.118773243263778 0
0.1158527887434667 0.03419056420046897 0
0.1212314490667977 0.02544596421568543 0
0.798411347187385 0.2663029800876672 0
2.152625011746502 0.1329864080270073 0
0.9743701167222594 0.1134448181314993 0
2.107907740861913 0.1838486534868095 0
0.5043217860861453 0.1226542495436992 0
0.4974900158553389 0.1120968115998659 0
0.7490982877640402 0.3635066643388846 0
0.7433543452037799 0.3751892614398322 0
0.3800607390310828 0.2105570857041093 0
0.2936305600405743 0.3891140137246858 0
0.8420160891712685 0.2195577986926815 0
0.4544398654839831 0.266462911222121 0
0.4483892029213847 0.2772532427259616 0
0.188985099145863 0.2809085439914281 0
0.468846564734325 0.02792020489468481 0
0.5310740872390882 0.1878188101563153 0
1.736078717848643 0.199480035080022 0
0.908663284761978 0.0480219407399859 0
0.7111124163650083 0.3648440383466175 0
0.7182952193068675 0.3757582179139686 0
0.8904066652414314 0.08489314196194515 0
0.8773519017231425 0.08569275281119583 0
0.904534070948789 0.08456256054782861 0
0.1738872232079208 0.3086129472603814 0
1.474795023096875 0.2403844250519278 0
1.467971268035626 0.2525278072178783 0
0.03695904786609962 0.2975909087743955 0
0.02681255198071644 0.298102385935428 0
2.092290031358496 0.3673089009543622 0
0.2910295253275298 0.05960400277453856 0
0.02538747255388459 0.1571960386648253 0
0.0297767779342238 0.1480470161808442 0
0.531334305026171 0.3811253199757828 0
0.5437271733759548 0.3804639287297738 0
0.5495376192561442 0.3699721040971789 0
0.5558379289668657 0.3801622007616459 0
0.9254432376099917 0.03351575895996533 0
1.788240774109298 0.36952800689056 0
0.7375160605216101 0.1015303152690634 0
1.826775398334621 0.1224801812935739 0
0.5131932869625597 0.2130467674318559 0
0.211092381403776 0.02558295948261589 0
0.4080657527401026 0.344259911786609 0
1.184486897747229 0.1514890448213691 0
1.390459131045776 0.3052280421107972 0
0.5059955468106512 0.3805036662920007 0
1.064809080572078 0.2578751903078866 0
0.3821486004912272 0.1267053818655414 0
1.231190098574706 0.07210907701881897 0
1.804050835044858 0.3691284149867585 0
0.4688195561087539 0.1196801805746002 0
0.4578008020941318 0.1165023104440541 0
0.7539736649953837 0.1884810758120287 0
0.7877101526081378 0.2390993805911016 0
0.6385438744542117 0.02930214687904596 0
0.1607112928957123 0.2542727780077339 0
1.282585759495208 0.1816573881168804 0
2.116421690353156 0.1669968672294615 0
0.0920096569164546 0.2610468369800511 0
0.7157419759713866 0.1894116832967122 0
0.09030420703357636 0.2253423622134879 0
0.09598949884819827 0.2358186702173933 0
1.685062248645322 0.03578873770507259 0
0.4420436417116361 0.2672143856782468 0
0.4360241308197812 0.2777872426768139 0
0.429334516078368 0.2676884651472372 0
0.4236631862746379 0.2783085863178748 0
0.4170616979177535 0.2682165703646541 0
0.411381070537884 0.2788048811341426 0
0.4048178718582503 0.2686906141755975 0
0.4427831016305791 0.2884575720853116 0
0.3994049260789677 0.2797219993868961 0
0.3927403757796963 0.2695184259600116 0
2.144373154602443 0.1497980198267057 0
0.4932395724044001 0.02689461063851727 0
0.09679206261392405 0.252217566544236 0
1.65054716320049 0.2625257672759795 0
1.657756079229094 0.2734246911488423 0
1.975055082115764 0.2669503240086833 0
1.956961816044599 0.2685582828631739 0
0.1846725587018342 0.01791891818737201 0
0.2349818777690625 0.2117372250834563 0
1.021096435504305 0.123295388640807 0
1.028107023385002 0.1346105184237868 0
1.021703509147936 0.1462169611805036 0
1.03507873529383 0.1458337239916572 0
1.041372003159589 0.1341917171084265 0
1.048181279625606 0.1455250381115461 0
1.042058545683925 0.15707336768935 0
1.055076780588523 0.1567761261497206 0
1.054086907132302 0.1339624207362606 0
1.048807771541816 0.1682400531528484 0
1.062109458774978 0.1678874345275699 0
1.068083248512125 0.1562718918791687 0
1.075300928737672 0.1675363573866545 0
1.068813760965947 0.1789635305112506 0
1.23832390775551 0.1796576976618885 0
2.048994422474955 0.04144747456914256 0
0.2332382863049358 0.02438070392329396 0
0.2450601199860554 0.02287067287248755 0
1.741551237307056 0.2646371098628845 0
1.919750816532276 0.1742744541066772 0
1.927215989666683 0.1594732083073786 0
1.937947057129034 0.1734114097359681 0
1.945387300393 0.1580538607299512 0
1.955685167864782 0.1717447406874257 0
1.96360005603936 0.156583878781924 0
1.191327768860216 0.375065125330913 0
2.153158355886602 0.2798132187588687 0
0.0440182924083577 0.0214775891447373 0
0.05352431748790746 0.02008745308404103 0
1.598469935506152 0.06655741800936757 0
0.8108158962450477 0.195513551648472 0
0.8168345852097789 0.2064940174289615 0
0.8037053998588328 0.1851912235455102 0
0.4166236235125967 0.1618336186641668 0
0.4166371286350555 0.1488705672699309 0
0.3032226738107369 0.2059526329096429 0
0.3086271670893054 0.1967802478151422 0
0.4308382456821367 0.2461424356573743 0
1.747809836359158 0.2026467396958669 0
0.3538485868770228 0.3358319405787495 0
0.8010485108466061 0.2876904038225536 0
0.9839249171230807 0.2063920355981558 0
0.9894985992521331 0.2168097459167563 0
1.318213209872374 0.1302325211874942 0
0.03109446667201935 0.3862611788848052 0
0.8497203604936605 0.2109289119500933 0
1.691952577144378 0.04999284103645336 0
1.368415906253468 0.05372039304969185 0
1.37543621716488 0.03996227988738469 0
1.250000000047467 0.06910596386065758 0
0.8827865923853456 0.09663440034534378 0
1.684460458818435 0.139751865444093 0
0.3313352472958478 0.1938091011955461 0
1.12444258129161 0.02276253841768884 0
0.9220751789708501 0.2627472825797532 0
0.9228997441638754 0.2506967913091161 0
0.9130271868490902 0.2453829295785014 0
0.234417046108212 0.3158761879168067 0
0.3087147124178734 0.325776387178993 0
1.746105192704678 0.1903287859735861 0
1.053082252072276 0.3806040867198696 0
0.397359782260009 0.259880060814513 0
1.495309704512732 0.07037362061506064 0
1.321461206925401 0.116850290613582 0
0.8149876256989876 0.3831713778843984 0
1.081710062008673 0.3781660154376337 0
0.5616407253728424 0.3696621831920919 0
0.5672029932388851 0.3796191100644192 0
0.9158008563859883 0.3796597542905712 0
0.9004985040052377 0.3805115945789566 0
0.9285129937247609 0.3790275544619623 0
1.899181171134524 0.04120622578170774 0
1.909644747887465 0.05559439392042711 0
1.917309512357648 0.03953665070446546 0
1.926363262265421 0.05438540388129377 0
0.02117225063772796 0.3864647307727183 0
1.973936700146185 0.1708782986773707 0
0.5188530150078365 0.02474073206480904 0
1.026844109317479 0.02635139210474348 0
0.9639769274188539 0.1816325159707292 0
2.16182540359269 0.2631268657577842 0
0.9929043436740557 0.2476713787540293 0
1.734631845074668 0.1391717162955426 0
1.720635052184734 0.1346185126551147 0
1.599993535498102 0.1948180394028652 0
0.8379843212528899 0.3357392801898962 0
0.2519041325242924 0.1161532169937934 0
0.02258038151499264 0.2019847573355553 0
0.9230032477262925 0.2385736501559986 0
1.624616417103626 0.05434174952780368 0
0.9381842246003962 0.1741226996506089 0
0.9293504069448925 0.162233489161977 0
1.894507510039261 0.1903201370587393 0
0.1266023985773649 0.03372000282373083 0
0.1308905901568369 0.02439790322213038 0
0.8398057655580582 0.358994912209111 0
0.8330396747866422 0.3697826806122149 0
2.155947420490053 0.1968716003032731 0
1.215766215572546 0.1695992691842999 0
1.432780243092012 0.05989556948343449 0
1.424234223324405 0.04683128460944904 0
1.096496434442624 0.3776981622759681 0
1.502535752546947 0.05685085463347463 0
1.494984923202999 0.04318783230160013 0
1.626308735962507 0.2793827984023471 0
1.712072146085044 0.2013095756481132 0
0.9929950571948162 0.0765541307815228 0
0.4617783318044606 0.2562137125863713 0
1.123490826001461 0.3767159748040407 0
1.13793905030714 0.376309417394814 0
1.143954499073987 0.3640541207593518 0
1.151227783244074 0.3758586410053317 0
2.018773406185491 0.3638318224324317 0
0.7825505781610785 0.2732201423627783 0
1.004688851373116 0.272033259579816 0
1.012256104993547 0.2829504060455213 0
0.4571259990782928 0.3829246769015291 0
0.1160420731580599 0.05155788690143662 0
1.781313177271817 0.04075521761071551 0
1.798629307172583 0.03303682170653104 0
0.8624402968315419 0.3800808421288588 0
0.8479540028087008 0.381304919696155 0
0.8763434885419149 0.3803328005317922 0
2.033737997263566 0.3383211702015659 0
0.1079569238945311 0.07087621850058767 0
1.602181977260041 0.2391658176531761 0
0.9127241802138769 0.2320774960939852 0
0.2065882652661434 0.3074618049153755 0
0.6438642969953211 0.01855408176986553 0
0.3306243659758164 0.02231681564789745 0
0.3207730110745505 0.02470906808526691 0
1.684020877945112 0.1652233825788456 0
1.305314888914825 0.08269381861373887 0
1.311929240514389 0.09371969919616825 0
0.8951829235230668 0.02587139947044045 0
0.8979645608874801 0.1533684643202303 0
0.8856930336826785 0.1535538440944072 0
0.3082158503286342 0.04809324306950653 0
0.914566748352542 0.2885969446870142 0
1.993125471917709 0.2664352791949571 0
2.005601583483601 0.2810011852877223 0
2.010576123845231 0.2619451468233139 0
2.027289147285984 0.3055023853034853 0
0.09426827138011962 0.2021720396287823 0
0.01812250138326875 0.1492163570551633 0
0.02397087845434189 0.1396148093737023 0
0.01498103104630246 0.1400146346076291 0
0.9010637653972527 0.3112381005957701 0
1.272071428217785 0.1875547733897716 0
0.5432861434090924 0.02368521116901437 0
1.268704878001423 0.2388011568586917 0
1.280011972868119 0.2387588543013185 0
1.201626565341059 0.02941948098883359 0
1.187346975183615 0.03071444048448322 0
1.181371448561987 0.04376831490228474 0
1.173109658635776 0.03284102674713031 0
1.167192243581929 0.04526825516518566 0
1.159275125929129 0.03393074522673181 0
1.166123790262895 0.0229500803452709 0
1.948676771094212 0.1860752726575309 0
1.369895767709101 0.2313925732244578 0
1.227170845104992 0.1870151183493544 0
2.162077738062581 0.1483876996054675 0
1.370799570236777 0.1871164884352771 0
1.377739477010968 0.1754746543838935 0
1.39053928719103 0.1744735854729261 0
1.383008239087703 0.1629483723486712 0
0.073465862445476 0.01862499159370623 0
0.9098822913829531 0.3920694444467609 0
1.189812218565898 0.1310017099717865 0
1.440806299198214 0.0729271877733985 0
1.43402924176425 0.0870291284022856 0
1.61524870392378 0.1627604450801602 0
0.9695670634193027 0.3797527152795996 0
0.9623214291547303 0.3681728935343595 0
0.9554279592915133 0.3791640563512317 0
0.4650380662614385 0.1079460730360907 0
0.2374031342187534 0.01435942387548382 0
0.2877355562224301 0.1119246994261873 0
0.04687743924357776 0.2899478233146442 0
0.8136146899192831 0.2197989179003255 0
0.7764774119813286 0.3853420624692227 0
2.082651390746263 0.3814921476470435 0
1.409267471252942 0.3294416993616672 0
1.6416797118484 0.272851746367218 0
1.000142848352498 0.08842787906875509 0
0.4985132157415138 0.1545571139410543 0
0.0209793609703393 0.1840872663313824 0
0.0158950008341571 0.1751590873803594 0
1.631010299276727 0.03849797235798066 0
1.62268140887187 0.02640666566656082 0
1.323628585156579 0.03111497219463337 0
1.128920422138892 0.1180929326791679 0
0.02091476885361572 0.2823689167273433 0
0.01563727573087487 0.2741304298985885 0
0.02053093371600052 0.2649841808682782 0
1.455720079064238 0.03087971090110664 0
1.44108814094039 0.03189874294606714 0
0.9080148586606603 0.02475662853595833 0
0.01797318082089505 0.3510349814503028 0
0.02398134313028493 0.342813239210573 0
0.01581273441255742 0.360357258286762 0
1.313941289067545 0.01514703677434242 0
0.3554731172561804 0.02255138849262593 0
2.159641712059404 0.3457452643243688 0
0.1259058894986939 0.2004981385635706 0
1.213623917705413 0.08104421442291058 0
0.1365154822827345 0.1999241757934953 0
0.2156777092682484 0.3909940346551541 0
1.544108235145165 0.2126994375346204 0
0.01847270442121078 0.2914318804480467 0
0.4309424408099121 0.3431376155366263 0
0.9996296065139794 0.2827150133922908 0
1.963988995285234 0.2517934505010604 0
2.068018451364644 0.03936849695824108 0
1.134195770715266 0.1302303283204123 0
1.046929620423387 0.1223449298960607 0
0.8683182319164082 0.2111690638728987 0
1.52961010596456 0.1907937160848147 0
1.522109928883228 0.1793521481996515 0
1.507773994262275 0.1798560030617845 0
0.01704636240183873 0.1932926073709875 0
1.89859705744089 0.1343514427710606 0
0.01746729519728363 0.1301274567978198 0
1.677476125479831 0.02388483253688312 0
1.260121495309131 0.1818783251238817 0
0.04813544729469671 0.01215535467927821 0
0.8006254105400947 0.2354326454564455 0
1.039083897399119 0.2822383195575817 0
0.1615398328228644 0.3920704610881449 0
0.8874488979596135 0.2206955982387087 0
1.303447626319403 0.2349461112137468 0
1.31671193963061 0.2335301871769207 0
0.4547957593575425 0.342198883116977 0
1.916714696199795 0.1439483407215285 0
0.4185648812488899 0.2896150238958717 0
0.02069134358326502 0.06630694156204069 0
1.745287701851482 0.03098457940405785 0
1.728575271497805 0.0306601901901551 0
1.112195886614679 0.09551128437818264 0
1.669875148567632 0.1410839712179505 0
1.701882587512942 0.03649592770870779 0
0.4277413936090614 0.1427323563215374 0
0.4175567382940089 0.1361226991221635 0
0.4285967442671712 0.1304045228198133 0
0.4392730599921716 0.1236786340178827 0
0.4189260428082283 0.1237419387372479 0
0.4068458434844 0.1277351655102278 0
0.1577854697416816 0.1967301101845435 0
1.377479037219945 0.3834555437870223 0
0.08836529375986356 0.2707985443443278 0
0.07697688089588045 0.2707546294062304 0
0.08246891046868871 0.2799544368606455 0
1.648615108652171 0.03404776377928699 0
0.8616020778503335 0.3351512349827864 0
1.637366737159655 0.06587461840008585 0
0.05746824898088156 0.2891958646472123 0
0.06133969457380151 0.2797964971667092 0
0.4841446651315878 0.2534426944849679 0
0.4951478016973229 0.2461422389043921 0
0.2198450767414487 0.2409116150248477 0
1.730714180925124 0.2748816056023431 0
1.716650156619065 0.2714076409513721 0
1.704041735886904 0.2812209805411643 0
0.01592314961282258 0.07544541418213714 0
0.01587197395621821 0.05721996590961723 0
0.0208606137492018 0.08432180118727162 0
0.01559627291679277 0.0940802608380908 0
0.02101382982883343 0.1031734977428275 0
0.01716512296582985 0.1130401510850569 0
1.870103794059054 0.1215593363768529 0
1.860478456807852 0.1071727146676198 0
1.587617062451447 0.1301696668639146 0
1.574011396679796 0.1305232692829374 0
1.294192712195638 0.1756747174485561 0
1.935814267410009 0.0386997738388534 0
1.711697998275179 0.212003346606146 0
1.953033170731051 0.1409581448142941 0
1.698469755642058 0.1395863286938091 0
1.706991068769264 0.1282090758236515 0
0.04172687743667595 0.08456404602778034 0
0.01712179652030314 0.2105678061833283 0
0.9397423770513296 0.287444901988512 0
0.9467135035660977 0.2984622505002004 0
0.9341995579229484 0.2766893803814694 0
0.9860840929295831 0.2376992983179143 0
0.3788734655298313 0.02150382191330695 0
1.410665850126197 0.2923566535941735 0
1.416742745932903 0.2794425812999057 0
0.9604596064681905 0.2978782274053613 0
0.141195027376512 0.3922624190563007 0
2.170172746962614 0.3622734098960327 0
2.16688518690447 0.3277886555050746 0
1.429836917248624 0.01918400781526392 0
1.416709313149979 0.03140350375962323 0
1.401579471366783 0.02605854997528803 0
0.07794859091536158 0.3933757751048423 0
0.09746299499177974 0.3760880186188788 0
0.4163869447526243 0.06138578723731086 0
1.440120106927217 0.3819208041480384 0
0.3426076489799847 0.193490133957132 0
0.2974492915507659 0.3260004250681011 0
0.2916463087321604 0.3169615899499421 0
0.4916496535067399 0.1436196297664299 0
0.2219931092331682 0.1553439046658228 0
0.2109668436247103 0.1557519207499495 0
1.364541235448872 0.2439353362829971 0
0.867117643450017 0.3914204237599418 0
1.591156739726824 0.2142087312449961 0
1.757049180969207 0.1717735231373602 0
1.765408809174555 0.1606270989638399 0
1.980313156373188 0.1563539241783375 0
1.992421337321129 0.1694354400027568 0
0.1012791244351484 0.2601013966348236 0
2.166442230354918 0.1790078359560209 0
1.471578286612726 0.03009049526466965 0
1.144860181287859 0.3888874573572838 0
1.763759320708619 0.1474901199505757 0
0.02691352614462462 0.1930121669328501 0
0.03703846769240422 0.1926181102160991 0
1.537171004510525 0.2248464297231823 0
0.1954008600223202 0.01777745746915805 0
0.8316094716840021 0.212376546871323 0
0.4040290212469994 0.06236906529472264 0
0.3869948599287858 0.279751758379801 0
0.3811536536909089 0.270615611755782 0
0.3757173150626876 0.2816804992175443 0
1.40893628220151 0.3557486291065219 0
1.29911201554834 0.02223174815149305 0
1.287487665646712 0.02926234615702681 0
0.2331595868404218 0.1549267456569672 0
0.8091787152252969 0.3951358132566918 0
1.681223133115543 0.2491263986511627 0
0.3710047034029246 0.2929534564037394 0
0.3645455407011107 0.2831485738319846 0
1.702612176371213 0.2670083480695449 0
1.692019788095954 0.277114630107571 0
1.175498429787724 0.05676967717414876 0
1.399150075829717 0.3171558734621153 0
1.400726167337983 0.3428122425547961 0
0.1141785103055763 0.01695741332535018 0
1.689250681186881 0.2605237682354519 0
0.4728564384088236 0.1551417141223876 0
1.20674663757112 0.01461739701009077 0
1.589220418511481 0.2004509735778283 0
0.04732444408987824 0.1916542010922414 0
0.3855511581675885 0.05274083587672213 0
0.9951897843964402 0.2595584051876385 0
1.40149065895978 0.3695295746347811 0
1.408055124460578 0.3826083487366986 0
0.7568803585681035 0.2526873995397028 0
0.8801894078903072 0.0270215139835169 0
0.8692533478719096 0.01839484772139768 0
1.035367114416915 0.1684856781121401 0
0.5838259080650586 0.2281651307358963 0
0.5712245546374773 0.2286157868992668 0
0.5780490673593006 0.239294827216101 0
1.559854195804882 0.2820784144810373 0
1.546678270634708 0.2840526258894953 0
1.575931462660173 0.2820241552407637 0
1.540673232884155 0.2980755984476672 0
1.532354580018699 0.2856067846500103 0
1.462819426310185 0.01551831944657784 0
1.777612246951415 0.2265149524396848 0
1.76184865221243 0.2275619286029871 0
1.770637422793409 0.2413507530009008 0
1.75594832237285 0.2417288124292606 0
0.08961032922880136 0.2120744047490722 0
1.752188110594095 0.3418907546679271 0
1.7441541959579 0.3566855689676063 0
1.752798351834012 0.3699673571346225 0
1.736076085181137 0.3424840451378821 0
1.727336374645009 0.3570751484915808 0
1.719687545977072 0.3435122081653639 0
1.710993410343219 0.3584637553528904 0
1.703275452441509 0.3420109761292132 0
1.695184189436794 0.3591860981282539 0
1.703193730557234 0.3725029440284498 0
1.686456781551055 0.3465777303246207 0
1.679045382156308 0.3606046665380376 0
1.670411654304886 0.3484711006053635 0
1.663066491292815 0.3623859703477534 0
1.6717032528233 0.3750701945210739 0
1.654936256204571 0.3499952394348975 0
1.647205552914427 0.3634832174089876 0
1.638522043790154 0.3470082893736915 0
1.631135754330512 0.3636120371106253 0
1.621486826085224 0.3487633054471593 0
1.615038962497625 0.3644318553010011 0
1.605796266926827 0.3503485172453937 0
1.599358076854302 0.364829045878278 0
1.639916417509772 0.378750537986892 0
1.590556189809109 0.3513788735124641 0
1.583517430909272 0.3656602144660047 0
1.591888912324203 0.379266388869872 0
1.574798910126327 0.3520713659472066 0
1.567675949976856 0.3663636640240939 0
1.559058288526739 0.3531882102618892 0
1.551390234303495 0.3680331951456557 0
1.692068749231686 0.3325738944231291 0
0.09902355108488622 0.1923154623193667 0
1.487625696479028 0.02909903486572688 0
0.4024442876254868 0.02054708866216408 0
1.119360536560466 0.08338822901212073 0
1.120593746162006 0.1067916075888375 0
1.641045128222624 0.1161940675259416 0
0.548515836018531 0.2734266185815426 0
0.5428489736420332 0.2846025870985432 0
0.5541879622052619 0.2621828181394453 0
1.610801888710125 0.1169451414135881 0
1.618737053560775 0.1301599236551851 0
0.02318574427626941 0.1212371042035364 0
1.630806967648756 0.2938187957234888 0
0.1095617120829989 0.1913522611216274 0
1.38341226461901 0.2317746209659785 0
1.602328279782915 0.2950689557382771 0
0.9111419924819522 0.1515843290334033 0
0.9223718193446176 0.1441348703201562 0
1.172416764348859 0.1076423639123021 0
1.660398193493578 0.2927878148111635 0
0.2050230065544233 0.1468138901738518 0
1.238953710686939 0.193402953318404 0
1.570526879336992 0.2955412775511093 0
1.589542889677234 0.2805088761984408 0
0.03957983766105812 0.3508200483073063 0
0.8955013326467789 0.3232299464247193 0
0.7126879982172254 0.3873221353273377 0
0.6187728135862657 0.161515937744148 0
1.230142246079073 0.02658792301186456 0
1.043841562614051 0.3428036323238582 0
1.237192305551788 0.01323060088839019 0
1.634311222644678 0.1281697337769273 0
0.5964619949247784 0.2278208551483034 0
0.9775358552942175 0.1954833842201364 0
0.9904669084819937 0.1949585620112106 0
0.8916749252506737 0.1418835372988254 0
0.625183927045704 0.2916044477111222 0
0.00984092858190665 0.2650921955839889 0
0.05195661718628701 0.08324314849444166 0
0.02752934712161745 0.3946143001003452 0
0.1307107838050763 0.1901863394020238 0
1.268297068196002 0.01268166531532465 0
0.05660378965326988 0.1732550040905569 0
0.8881851743528891 0.3855588205427578 0
0.888050410647504 0.3733391407183762 0
1.19101194071813 0.1627888159156883 0
1.528509675906815 0.1675971742020836 0
1.273379460853993 0.08534108090600136 0
1.310397154151768 0.2466601850077887 0
1.324250680213042 0.2457204813826915 0
0.1626895483342741 0.0376954205339476 0
0.1568625283356302 0.02862836534742693 0
0.1628904484713617 0.01900993134501971 0
1.582637043315446 0.06704019783763397 0
0.05753083528137188 0.09185258059498225 0
0.06334724806790352 0.100486123608753 0
0.07373472187545449 0.09965726262329637 0
0.06928162726681972 0.1088201757287804 0
0.05889783131723737 0.1097573053862846 0
0.07467201656151597 0.1180612673852534 0
1.581470441301343 0.01393088377569552 0
0.5668826429891294 0.2618411888081167 0
0.5600374712875837 0.2510415518086633 0
1.668146201149367 0.3928257843455718 0
1.632103079711807 0.394873854193114 0
1.368601994664826 0.1641443559914355 0
1.373757409036165 0.1503119276353133 0
1.388011404739566 0.1502252636969841 0
1.380061186285667 0.1378938821499656 0
0.7811689682589178 0.2295612746841437 0
0.1685430430032228 0.1961806065370941 0
1.330220001683619 0.2327701624275174 0
0.3483793348735362 0.3269506632249461 0
0.336706100678126 0.3275068166361788 0
1.755299777319256 0.2706310929556457 0
0.9934509155451461 0.1012916636427991 0
1.754444663470094 0.395725353424234 0
1.521866509569827 0.2029043077219266 0
1.773551879783883 0.01448127110408212 0
1.765366304441609 0.0309037008248107 0
0.0343128122099255 0.1389534290325709 0
0.217993255865804 0.05349096117752786 0
1.506331029157975 0.1568135551752976 0
1.5454001504505 0.3956410931756077 0
1.538243730435793 0.3790038171493735 0
1.5233247172284 0.3794455916380977 0
1.511975115871884 0.3924333519087811 0
1.79168002178067 0.3957255856289636 0
1.809479747559836 0.01589036525672584 0
1.818818204587703 0.03236659548122987 0
1.328192687131104 0.08158780657016206 0
0.504894152298176 0.285689997063024 0
0.5176105648035023 0.285332448419314 0
1.121072316454449 0.1295481704358449 0
1.352379581592003 0.318667516697465 0
1.344890550130134 0.3062119035932703 0
1.329831632298099 0.30703630785544 0
1.338347052000593 0.2945024899547319 0
1.322797220557649 0.3197011159152387 0
1.314809599421401 0.307641222071397 0
1.307673245588109 0.3204296595978663 0
1.299616311496718 0.3081036584100965 0
1.284595500425927 0.3091854150734621 0
1.289929006253857 0.295215376126215 0
1.307445785608933 0.2941902345109479 0
0.1676144834534303 0.1776156489097749 0
1.481476939818186 0.2763411048860464 0
1.205344061798491 0.1845293415097883 0
1.828000102553634 0.3945122704870755 0
1.837047428003288 0.3787962744674508 0
1.855053949027391 0.3786596922068042 0
1.845982002596354 0.3632182659344137 0
1.863874220951187 0.363650940231601 0
1.829784087152992 0.3642431506201024 0
1.837494938503591 0.3476597602858967 0
0.8750309699351031 0.3351755648519342 0
1.598528920847206 0.3945246620221348 0
1.58078277462894 0.39508177663471 0
0.2058746590898926 0.1662092365450565 0
0.946732024080464 0.2756732242870137 0
1.846137384431795 0.01562385403138335 0
1.478668851174072 0.3954879816275639 0
1.17874791308562 0.1631688542658954 0
1.085229608802381 0.0121104612856929 0
1.079218346918711 0.02432935521230293 0
0.3976974907001251 0.05213908601326583 0
0.270228298257626 0.3704185677635958 0
0.2650236508600231 0.3803581741987886 0
0.2710399527910637 0.3899701888231654 0
0.2590277970270806 0.3709791021386499 0
0.2538332448295131 0.3809643235589592 0
0.2477997288014757 0.3710978847361528 0
1.452539682519183 0.277477885593065 0
1.439285849551944 0.2775365653839412 0
1.460212222778988 0.2651372428228869 0
1.432280241162927 0.2895917842796425 0
1.873377142528406 0.3786055083967117 0
1.882523093072966 0.3633846929509245 0
0.2010106809842684 0.04504555208334469 0
1.365611568981736 0.138518660459088 0
1.342705096865633 0.1042228262020205 0
1.329528172191357 0.1050106499857873 0
1.332397540367016 0.1516464642240938 0
1.213146881419611 0.252836727038188 0
1.21826326811448 0.2410909496873645 0
0.147056445176934 0.1976424495630862 0
1.240852143725926 0.2512335312568274 0
1.244693455675742 0.2394505593220402 0
0.116746362828034 0.3388598147766316 0
1.277757261849333 0.321925072057629 0
1.269854299964931 0.3099897423412241 0
1.255253581530571 0.3102999652579744 0
1.262225914906589 0.2968215410541951 0
1.246098098266148 0.2984385730318314 0
1.240122567221627 0.3113309608147327 0
0.9613762100194538 0.3208095568247269 0
0.0924349950955419 0.384579725109723 0
0.0971934635123728 0.3942665982116584 0
0.5301756058909751 0.2849475131224317 0
0.9068377217408498 0.2992117146998855 0
1.055612403558437 0.01228023048762192 0
1.050766635208712 0.02456630712743772 0
1.720181548704458 0.3954985810111196 0
1.727788995278573 0.3825786156705504 0
1.702691487324082 0.3968703777622534 0
0.5137335465667717 0.05758259679535923 0
1.881856771473021 0.01514290601544829 0
1.36296293754659 0.01403490479836086 0
0.2279915779373531 0.1651747156633477 0
0.244512381452564 0.1549756718763245 0
1.720305673393902 0.01497794956089511 0
0.7717556311782313 0.3980602755195042 0
1.320340946150101 0.1750551648559104 0
0.1271295920943832 0.0678913034287463 0
0.4221020676541433 0.07211219099563597 0
1.18954767399639 0.05533621846086216 0
1.18330647221902 0.06756403288237095 0
1.177656884799059 0.08161253728336067 0
1.419960751990214 0.08747180560696349 0
1.409334441078863 0.1616206167114469 0
1.185625724350195 0.2539455700895585 0
1.19101020513337 0.2422317783991245 0
1.472939132598617 0.193890536989426 0
1.575459336104335 0.1771964405136693 0
1.589006988030453 0.1769800843564526 0
1.595180019647122 0.1658304073852423 0
0.9802291433112893 0.2623580324943085 0
1.31616387350485 0.3962306320053681 0
1.308212383225369 0.383204500539877 0
1.292545103881808 0.3828532685128136 0
1.300275703929685 0.3692944078088145 0
1.324024767722833 0.3832226848295207 0
1.339130994858153 0.383077817222985 0
1.330710324794689 0.3691123574485825 0
1.283081638978246 0.3706943247011451 0
1.276295276676544 0.3837695762869775 0
1.348031452744457 0.3960148781354586 0
1.352796257441989 0.3824687705104098 0
1.237415679393873 0.3965385116759991 0
1.229152168276532 0.3840779075028748 0
1.213745668317316 0.3851449381642548 0
1.244697730056468 0.3842493795901948 0
1.260602544498757 0.3841260654250271 0
1.20654091633005 0.3976012794529283 0
1.530537415460401 0.01604263435924836 0
0.05527816488555819 0.3589755470968694 0
0.8439115005713805 0.3965644875953376 0
0.8346858147287393 0.3863557139018565 0
0.3506832161233519 0.2229769886110098 0
1.34695620263983 0.01403402333248948 0
1.901611858845247 0.3940209457513122 0
1.910893142592254 0.3779918047468933 0
1.929386358386473 0.3778785543650831 0
1.92010780996358 0.3625395003601763 0
1.93942932901583 0.361940715497532 0
1.947861818191475 0.3778222861626285 0
1.901310361620892 0.363041974636577 0
1.957072903289209 0.3617295358789797 0
1.931603424362198 0.3469381338792193 0
1.892160790508093 0.3784127370352303 0
1.890204527401731 0.3468158645917214 0
1.175691219535429 0.3976053166342662 0
1.268542862737463 0.3965808518394011 0
1.081386934002405 0.1558048887509749 0
1.719993755462251 0.1188512436278021 0
0.03417647128106 0.2372831212708915 0
0.02402500076346563 0.2377315075417081 0
0.01722180704764834 0.2288914607237727 0
0.01529329413103016 0.2384186216184088 0
0.01820592243894647 0.2479013942934135 0
0.03317235983165105 0.1210884548938398 0
1.085167711547185 0.3971096368260229 0
1.114269283438786 0.3983785431187354 0
1.204253547409031 0.3251825539019493 0
1.210951091839693 0.3123800890558893 0
1.225512880970325 0.3120417882163827 0
1.216886881443328 0.300015476699127 0
1.196301500160848 0.3131679084778263 0
1.202308539231731 0.3006544033921312 0
0.5107763256945979 0.1331707262362565 0
0.4983709080773572 0.1335317963739604 0
0.7976312612191589 0.3160870422986468 0
0.313384074024614 0.296207987048544 0
1.054445973717452 0.3960168345653995 0
0.5569943963106609 0.02358946621083259 0
0.5645372221831075 0.01266195094168306 0
1.45922314867912 0.1945993204866852 0
1.466611940865059 0.205859667235282 0
1.918567058138569 0.0151463926481223 0
1.026013862059572 0.3974776893126036 0
1.018689234466892 0.3859340627741965 0
1.003928970154676 0.3871935354391386 0
1.032550073920202 0.387158180403574 0
0.9971481839497033 0.3984055501448401 0
0.9830971044213378 0.3989366886525617 0
1.070981661502173 0.293383636669539 0
0.5290335918811815 0.1215663540475255 0
0.1518976351321345 0.03847229257571309 0
0.1462504915867246 0.03001397475288855 0
0.1520424116897101 0.01961815429207171 0
0.1684857934822023 0.04680594959764705 0
1.233448278637682 0.3240449202187245 0
0.8871174170734979 0.198270065133287 0
1.130219836761894 0.2327241066443597 0
1.136323676396562 0.2209288155891611 0
1.149509112181994 0.2203954826991867 0
1.116807227842525 0.2331556045037625 0
0.1871684019397749 0.3635246673775746 0
0.3721926735630346 0.1471653357798911 0
0.7473436967862694 0.3189518127920974 0
0.7404089857948053 0.3081976136838526 0
0.7275821860586658 0.308817835237314 0
1.818189928956331 0.3787373067041966 0
0.360194035132789 0.1479890898736508 0
0.8148805308231112 0.3183378026348855 0
0.9542866610125076 0.3990831284725933 0
0.9394131476824956 0.3996099819148693 0
0.284592631532446 0.1624866899190184 0
0.9016168587805315 0.3341949841371357 0
0.9969373017035459 0.01256878832584953 0
0.9897524251180889 0.02489009805527756 0
0.9756920434302417 0.02470940739674066 0
0.9823932278950904 0.0363712847143499 0
0.9960900012169597 0.03729014275185696 0
0.9682972598356587 0.01251304763648456 0
0.9612276952007806 0.02466543022258144 0
1.002916737187278 0.02613359800547342 0
0.2783279527260485 0.1527822420578878 0
0.2669595765223399 0.1533380564511677 0
0.870183615731231 0.07435132337586946 0
0.8639528782363085 0.08590292433063734 0
0.8567298998359415 0.07489524850628075 0
0.85049064710305 0.08637059240613533 0
0.8370869187439826 0.08700671493281149 0
0.8432121775104393 0.09724122267159788 0
0.8297666781706553 0.0762143048263217 0
0.8228651218831624 0.08708899370963234 0
0.8158142931759116 0.07631999319052378 0
0.05933207740146536 0.0289587100868454 0
1.077895812379162 0.2810482541209051 0
0.06401271950091296 0.01966653413318476 0
0.5261524382094257 0.0569000995364731 0
1.161179559856348 0.05781147294125896 0
0.7332360711274466 0.398539075279515 0
0.7258291537258172 0.3871896815940413 0
0.2867129902361676 0.3598684546207462 0
1.069060185364998 0.2008372137872621 0
0.8622136743691022 0.1987756675597925 0
0.813014934601947 0.338237582147149 0
0.4067167960061614 0.2907008477899659 0
1.122765176849279 0.2215300106266314 0
0.2976095138718076 0.2161371946965625 0
0.2917023598549796 0.2052184555680341 0
0.1637158259447531 0.2064191764262947 0
0.1746432563440569 0.2064170011511246 0
1.523417383479037 0.094972228518534 0
1.43864216268928 0.3025888551010095 0
0.6201636479833045 0.3246374986208406 0
0.5725409072546135 0.2506195406024264 0
1.142444200558793 0.2091804009678937 0
1.499291622807633 0.1690158855934229 0
1.028548375287981 0.1573475262882545 0
0.3678548324225112 0.06449978145320233 0
0.3559186787246496 0.06537259115000832 0
0.3501742142931194 0.05442312643382512 0
0.3323913715977698 0.06666333873076219 0
0.4308366942437721 0.2892966156758289 0
0.3748603045088932 0.09580834325339514 0
1.481236687065942 0.228306985559582 0
0.9394908603562051 0.01180262799521009 0
0.2099727020421193 0.1366402898053858 0
0.2039254297985385 0.1273180126402924 0
0.2088916367134107 0.1174563669603653 0
0.1979101129479614 0.1180698807220221 0
0.2028703314027221 0.1086859985470594 0
0.1919121375687141 0.1089504727876142 0
0.215210308442681 0.1077699064820286 0
0.1965029950025499 0.100257909298909 0
0.1858864950525803 0.1003351415434084 0
0.1810088967720138 0.1095802119455671 0
0.1756362567637678 0.1007824627737844 0
0.1702408732022411 0.1103438833208719 0
0.176026722485701 0.1199896623041545 0
0.1640067818363818 0.1006338083237344 0
0.1811466394421886 0.09089345285795929 0
0.158496787753434 0.1119915753023624 0
0.1929412454302111 0.1278723592262277 0
0.1988740627916364 0.1377112857689254 0
0.1610249130748272 0.1506132697345024 0
0.156001829823179 0.1600297982746893 0
1.139709569915598 0.04665441512636334 0
0.0858317481540779 0.135914123367261 0
0.08020727492625206 0.1270332878305305 0
0.09238877102567135 0.2851412121461402 0
0.8278802803045336 0.01189524710192803 0
0.8350887396080084 0.02347536634222953 0
0.8479418990786278 0.02283954593253044 0
0.8423175130800014 0.03297874287849246 0
0.8214729437210448 0.02290914960690541 0
0.8073594585029154 0.02279505568427585 0
1.902946574598794 0.08707498310157075 0
1.488496872657656 0.2637972328632139 0
1.015259556389795 0.1576991798905143 0
1.857409249013076 0.3491918142366612 0
0.5328617833220937 0.06738026746357395 0
0.6803635134634747 0.3988825937494241 0
0.3212829706759989 0.06696314036299603 0
0.3156605362640675 0.05681397110886962 0
0.02082258006033724 0.1662738345444258 0
0.009906783618705759 0.1656888685964598 0
0.4209710771795525 0.03002545781757837 0
0.1175689584423142 0.3572479848049716 0
0.1069826224288734 0.3576055563909278 0
0.111894264609311 0.3482931563689937 0
0.1012893003448506 0.3483841601333052 0
0.0350018575990663 0.2550494037481579 0
0.1010536215334329 0.1258396245560826 0
0.09060325706071336 0.126402824846688 0
0.09536481882763873 0.1169429396590985 0
1.199882535696947 0.1960699468855862 0
0.3905912319618549 0.02103296771589737 0
0.7734727218040449 0.01162685929944775 0
0.7802147939033652 0.02313265547809184 0
0.7667095829697914 0.02292335905462335 0
0.7532856724812338 0.02277643979227908 0
0.7936841341224202 0.02272540684026898 0
0.2818295483645497 0.2469322856791792 0
0.2880432894298112 0.2566135099748203 0
0.2996800229071979 0.2563257323826272 0
0.2767681816554948 0.2572227541221194 0
0.9199163217585269 0.2082004129364562 0
0.7200756897413734 0.0114293534691635 0
0.7266760428372636 0.0228538219766017 0
0.7134970915840666 0.02282420819137844 0
0.7200423879753771 0.03421727707692673 0
0.706936716917671 0.03415938634304493 0
0.7331703805148021 0.03426871498438081 0
0.7265618523681163 0.04560843015541244 0
0.7411178957227015 0.04551390993322985 0
0.7004133598143371 0.02284328762528849 0
0.6940592141164298 0.03404168433013565 0
0.7003800087102747 0.04544089768424801 0
0.688991407667517 0.04660706782315158 0
0.6875295683932172 0.02274833057930556 0
0.680691676120035 0.01165714506870104 0
0.6735028482204978 0.02443000635065425 0
0.7068774957639337 0.01141658079710556 0
0.9340599199334788 0.1378375754661141 0
0.2797325948368533 0.1921107960426474 0
0.022416005680146 0.3072449663386761 0
0.01730481364205031 0.3170748608293236 0
0.02347840109946058 0.3251055730410131 0
0.03326212344545056 0.3243197825487851 0
0.02864244599397326 0.3334468540129683 0
0.01941995442207258 0.3340842549599061 0
0.1742843748046702 0.05591080392607376 0
1.424466724669559 0.1846289193527998 0
0.3671112438361711 0.02200247360074906 0
1.004907600452998 0.2260461094099823 0
0.2634077137976181 0.07054240411581625 0
2.150341548956841 0.01694054131185928 0
2.160160771790167 0.03395507530115371 0
2.181657894771722 0.03198957145281087 0
2.170167630778993 0.05088052989906667 0
2.150818200002971 0.05084571947345452 0
2.161398506417112 0.06765379200740947 0
2.170606865968061 0.08156781466686651 0
2.141156547326738 0.03365832410575349 0
2.122626354691565 0.03383748463495206 0
0.8697864161840352 0.09674823696946132 0
0.5488372738955225 0.3902715688334015 0
0.04454379224042488 0.1382836712142857 0
0.02465144294048384 0.03980799310693389 0
0.0178825573402294 0.03045375165127153 0
0.023828485501969 0.02237382302233868 0
0.4566187056964651 0.02850320656170224 0
0.4447752380455219 0.02890601884860321 0
0.4379482930768752 0.01911213065027931 0
0.4551039626972783 0.2878841488861981 0
0.4499227735942733 0.2993713451085667 0
0.4674601169877868 0.2875748283063911 0
0.1021827020721441 0.3668060251485847 0
0.311297139734484 0.2558347114758475 0
0.3437276802281665 0.02317535308881999 0
0.3374399030589598 0.01186734313861383 0
0.3608654362943565 0.01104597692214591 0
1.948895312184238 0.2843044908805022 0
1.938270322046431 0.27064734956322 0
0.4588577542890595 0.07067055604510056 0
0.4465542358026428 0.07148186859293544 0
0.4402307689492652 0.06069596022990564 0
0.1845394072507085 0.1870443697006542 0
0.1373059671967509 0.06707635230197065 0
0.727593051037763 0.168157159939721 0
2.11152971817941 0.01692118136568813 0
2.103338006502923 0.03409743798548268 0
2.092150458980184 0.01710706105377867 0
0.01858989728669869 0.3698038402859786 0
1.156601108484646 0.2316395560711328 0
1.072293453840172 0.1209580128508228 0
0.2966460315977155 0.3070254666875649 0
0.2852167857650217 0.3075652002714201 0
0.2801109173647213 0.3186914119989674 0
0.2738209387581461 0.3082506917010753 0
0.2685033136284294 0.3179900527713115 0
0.2625271894421593 0.3085671391907533 0
0.257660939024612 0.3185816439722071 0
0.251688873586411 0.309005493982812 0
0.2463351406987775 0.3195477410040084 0
0.2634157122042534 0.3283793626138132 0
0.2789261318322772 0.2979978934647821 0
0.2731631082949961 0.1630867050545863 0
0.9343060818020583 0.3217214966994765 0
0.7718046292070612 0.1553495165686409 0
0.7656282246116419 0.1665157837617232 0
1.46849899909404 0.1221676539383651 0
1.454406451917626 0.1230473535421865 0
1.445915516610319 0.1109924000092801 0
0.117233243175369 0.2380674678134584 0
0.1066110667307998 0.2371604286891875 0
0.02317565205959728 0.2197947205892891 0
0.06690741004462354 0.172881560350969 0
0.3363538428746349 0.1494484679385254 0
1.453171777732999 0.09815808076414609 0
2.131456476164209 0.3943390812414034 0
1.172889397286523 0.1746456115545638 0
0.06297819294063976 0.3048458250379231 0
2.041090411537459 0.3213965369361885 0
2.022601768722811 0.3229044056066611 0
0.8559230699837903 0.1412943538519623 0
0.8617546944260518 0.1533067372771864 0
0.8489085614653835 0.1524262880954227 0
0.8420733390961366 0.1645770420570617 0
0.8675251459895736 0.1651323381693572 0
0.8427111038799011 0.1412672993010347 0
0.1826946355866165 0.2539432415477798 0
0.1774459674729513 0.2632235302444294 0
0.1365987085085709 0.1139630413601939 0
1.284560125928778 0.3963866413101237 0
0.2307367974626681 0.09133428269482548 0
0.2369310571272087 0.1003575871240427 0
0.2252718908822627 0.1012278589575415 0
0.2478733240203906 0.09972828911591389 0
0.2425712640206796 0.1100195456942252 0
0.4808031647105684 0.02762129815975855 0
1.138723797041238 0.291230249413004 0
1.462657858068797 0.1349103062112064 0
0.3129232792452377 0.1508543460457219 0
0.0285078212835197 0.1301186691718057 0
0.495722908447406 0.06906687689136413 0
0.4833792397744156 0.06974493564363339 0
0.4768642786493351 0.05907312917019013 0
0.133395168933222 0.09475297541315646 0
0.123874449211433 0.09598020186826541 0
1.975314653826837 0.01618111479220688 0
0.8971484580088191 0.01207691547298535 0
0.03547522690827731 0.05706715761786055 0
0.2823991549029536 0.1227139381210909 0
0.2763428879893052 0.112359733463323 0
0.270426465367584 0.101947872983494 0
0.2631572282291363 0.1119624378746184 0
0.3192566223801507 0.3266088376178722 0
0.7798867068706372 0.3285344533256088 0
0.2222068774785574 0.02500447823804435 0
0.380414426113486 0.1784092582245543 0
0.3756060329003944 0.1894566160820256 0
2.099629946649229 0.201180611717735 0
2.080588964964483 0.2028770711369187 0
0.05485511342722497 0.4019646000563424 0
0.05942756960596235 0.3928365272884325 0
0.2233457874534887 0.1947685076715749 0
0.3936505851983476 0.2300161109186161 0
0.3892849677542983 0.2421134745565721 0
0.2239615342025923 0.06278265095520272 0
0.9332113290607618 0.2315958896478304 0
1.079321760337126 0.1320813246335359 0
0.6373208741955485 0.1499153008237981 0
0.7018803524489737 0.1689442652452916 0
0.02480343211631159 0.007811208360030614 0
0.746648418302344 0.01145579449488259 0
0.1923026584729763 0.4006592355695061 0
0.1970717300225355 0.3912114640150846 0
0.1852139696134678 0.3914714325616291 0
0.2002047090474402 0.2811708037540651 0
1.289502459781217 0.2136107823678428 0
2.019161243438874 0.1422476051943216 0
2.009401509894657 0.16026585554748 0
2.029635094749774 0.1581544840023527 0
2.103244408669066 0.119858016462683 0
2.09235101396277 0.1039553317886469 0
0.09495094355607969 0.3214958993056301 0
0.09012870936870482 0.3306575198621195 0
0.09975562239853034 0.3121829448300393 0
0.5060678386901337 0.02356726640599124 0
0.2704578641469118 0.2474867734709493 0
0.265381085244203 0.2576926172038417 0
0.254144187626105 0.2582485580246669 0
1.623564610001267 0.3801356189796503 0
0.1336772098634605 0.1424504360704877 0
2.094727034755698 0.1366356675601557 0
2.05458647034926 0.3697719417366204 0
2.036464664314829 0.3671143926077652 0
0.4923951747086739 0.2862503449593138 0
0.487010957571671 0.2977263974575209 0
0.7137107911648852 0.04560103570416887 0
0.2478620141208958 0.248534525853044 0
0.2427934574295192 0.258653034467631 0
0.2314477858852701 0.258934448009641 0
0.2374136439600163 0.2683767290817449 0
2.034516309917069 0.3953614186293885 0
0.4792301617524843 0.4000567777810198 0
0.4861860330897648 0.3901146560812868 0
2.050942504438273 0.01595894232809561 0
0.3048974656118254 0.2459330944688337 0
0.1708798015139463 0.2355735678058908 0
0.7216935411794977 0.3201596705586829 0
0.5313847063275821 0.02402822366983114 0
0.515301271873383 0.01218848126245032 0
0.3046206484895302 0.09828791907798676 0
0.3107459769368045 0.1086823491166703 0
0.2931965398362885 0.1007863932724086 0
1.948773043947553 0.06738956221884829 0
0.6764700493526919 0.1700901717174261 0
0.6546794666914861 0.398805640667578 0
0.6480128707026445 0.3877870045121411 0
0.6352896314442533 0.3877688553120895 0
0.6412757908682251 0.3770644741515667 0
0.6287328843804669 0.3769478465811131 0
0.6606563578752014 0.3879101313764197 0
0.6224940727112078 0.3878550613351723 0
0.6160896749090278 0.3767777547978481 0
0.6097675040899085 0.3878631564082478 0
0.6033710866837848 0.3768513530822718 0
0.5970750373198206 0.3878976451711585 0
0.5909302784311778 0.3777280250929386 0
0.5847762841757334 0.3886848443017435 0
0.6289232551827912 0.3989026962665505 0
0.8569037185996381 0.01186006773150119 0
0.06039716397911971 0.04673783185725411 0
0.1240639547986689 0.3840374828619256 0
0.1200879896195336 0.3928081837582039 0
0.7776824978058148 0.2845342207836317 0
0.03406865226790131 0.02254380121128472 0
0.2468981637821825 0.400486888798878 0
0.3026356011652985 0.3979895112254737 0
0.3095871748127834 0.3899691990258301 0
0.3200940177884536 0.3863018544315343 0
0.3268215538415718 0.3957664000625693 0
0.3344627563167893 0.3877058989938272 0
0.3459175793712621 0.3920896488088292 0
0.3448827400737457 0.3793825167668847 0
0.3548711499401516 0.3850460602632215 0
0.1394660950650857 0.1039137066786587 0
0.06554821310291674 0.3584072289004625 0
0.04976500426101388 0.3503385090682852 0
0.3842272581495294 0.01058357554492505 0
0.04815373857297943 0.2099790122802735 0
1.996734469369029 0.3935299779154007 0
1.988781520030713 0.3771824573604635 0
0.03038087021383345 0.2641639050525354 0
0.0250309463925902 0.2559505891710718 0
1.248354405971196 0.323204523029625 0
0.6640915509486076 0.3117581659880335 0
0.669933728233258 0.3005342260880757 0
0.7889778092409447 0.07727128359990258 0
0.09813236542974729 0.1717315283691522 0
0.3394333259688547 0.0970179769890253 0
0.3456857812630009 0.1075186967504375 0
0.3278615400782537 0.09923115404420463 0
0.7335145474602263 0.2975569975919619 0
0.7395479107830527 0.2862627357436649 0
0.7327075983620301 0.2756303845307239 0
0.05446395379867683 0.3410832337025674 0
0.6034272540040846 0.3989243457597739 0
0.02935497972862587 0.2466426355014969 0
0.5400501998405631 0.01156284183803119 0
0.07694933480179915 0.008932092917050759 0
0.6274651471388234 0.07323028189998992 0
0.6215879825851734 0.08449946343983153 0
0.6090355183651549 0.08519330362436262 0
0.6343640901669276 0.08399150489479142 0
1.071945979994404 0.3419217165647694 0
0.5516306924728857 0.3385405330317127 0
0.5464171013239661 0.3495287720048142 0
0.5394183704280235 0.338902017249284 0
2.012521693907044 0.01605975152133421 0
2.047937944073531 0.2713087211783364 0
1.95764929961837 0.3938270007799885 0
0.5482131029126623 0.1317265315257104 0
0.5540117699846863 0.1205757762137805 0
1.394872111209532 0.2686848148101401 0
0.3384502605840317 0.3157693049917605 0
0.2457266357880042 0.2990872346081638 0
0.3080958462190505 0.1803030712097029 0
2.024605699241131 0.09277986582458991 0
0.04131187774104562 0.3856300420292411 0
0.04643969942321133 0.3947286266329241 0
0.5032745424433448 0.1010489438882096 0
0.4512856613401914 0.3735523934928231 0
0.4457376315764859 0.3840704553861615 0
0.4337224115066273 0.384821237547644 0
0.4273240540066366 0.3746393316393441 0
0.4217309696419435 0.3849117219279883 0
0.4097794813131386 0.3855996960771015 0
0.630987654579706 0.2804857387741724 0
0.6242937933984507 0.2698291884371896 0
0.04437954486421637 0.2368387608599245 0
2.183359358804821 0.2243918788482035 0
2.167904452467888 0.2341964022506218 0
2.166405561358833 0.2139577762440943 0
0.5780872676127741 0.09777248686661402 0
0.1220878539927715 0.228560825643905 0
0.2128519719206983 0.009105278634264514 0
2.032647036092375 0.07575684763501496 0
0.3565520275351182 0.1802191070329875 0
0.1387219282533168 0.009127504455799998 0
0.8005362265008623 0.01149856595484669 0
2.180928886385278 0.2633879924728021 0
0.09688912064271196 0.008667327092660092 0
0.09299921462154306 0.01760328629809241 0
0.1813723512078939 0.4006660286581421 0
0.2860834558799669 0.2166123108931873 0
0.2797201436417557 0.2078582138287836 0
0.2686647763011235 0.2093381674821293 0
0.4034541028088464 0.3755032039415823 0
0.3978966370854853 0.3856517805654097 0
0.3862064494308106 0.386187259496173 0
0.7854491170010777 0.3171721846431641 0
0.3317513469856901 0.1797996761746936 0
0.03408477565422693 0.3420897418155472 0
0.5449060770412134 0.3279763263343493 0
2.180965516477579 0.1473417693284308 0
0.2464344543707945 0.1940391216573182 0
0.2521561069630075 0.2024244706705096 0
0.6161635041667189 0.01106566518863567 0
0.6097103369950192 0.02160854519770676 0
0.5970027515751214 0.02194540160136041 0
0.6019638277548677 0.03206614772733368 0
0.6214457759199187 0.02092223682580399 0
0.1551509668899785 0.1414648743661982 0
0.7498069714738202 0.2421518012958671 0
0.75117819559123 0.2638915515994552 0
0.2682386263608615 0.1924228711282936 0
0.682594268558816 0.2999779661720699 0
0.6757684677442943 0.2893264635444104 0
0.6428081591123004 0.2580617727954098 0
0.636026331046627 0.2474290645423791 0
0.9575869642715161 0.1706589303172382 0
0.9511100970579465 0.1818158942506092 0
0.6285638062083588 0.0953270588085418 0
0.05673982257685436 0.07367383613405487 0
0.2636777086365396 0.2187549163738632 0
1.940546587456766 0.08423864010169818 0
2.060549706058505 0.3201304381402392 0
0.525190025376808 0.1757792576159489 0
1.042672336446528 0.2017142969304679 0
1.049009608557829 0.1905149143516201 0
0.5782317001279145 0.399682503269243 0
0.1230575726375439 0.1429676459017943 0
0.235901490520203 0.40028453398786 0
0.2401752413857032 0.3909739209371696 0
0.547352828496049 0.2514709712663368 0
0.632630685093823 0.040575350891135 0
0.6236969058765646 0.1285015391893521 0
0.5899218638535145 0.01124825778633365 0
0.2290603580512387 0.05287476133892312 0
0.1869838672410517 0.1186377578884383 0
0.6884264319004583 0.2887584546293387 0
0.681615273093456 0.2781206341147813 0
0.6874309699610163 0.2669243129364309 0
0.9901786862230739 0.1815649268741506 0
0.5297667417718277 0.3998134668429166 0
0.1409155179061202 0.2918330285584295 0
0.6033089289276597 0.09655417513263743 0
0.6795618355893278 0.09315943155056822 0
0.6864531805675343 0.1040360835176735 0
0.6992956990087418 0.1035231526361286 0
0.6933178827074452 0.1149043327443222 0
0.6804480942470357 0.1153005149436438 0
0.7051887875166314 0.09205534733567579 0
0.3911444101091194 0.3233448085185843 0
0.3975245304373399 0.3335521436710387 0
0.2607804727465772 0.1436977319281774 0
0.3798353882918302 0.376107785648325 0
0.3740764617414163 0.3868813141269866 0
0.3719861054904718 0.3986041604364489 0
0.4671841496460729 0.4005331866528273 0
0.5043064907966561 0.3996903327309255 0
0.6328927919056573 0.3240433904767158 0
0.6314470502367122 0.1610936106323524 0
0.6128988621196796 0.1726987903653162 0
0.6068945652013533 0.1837933056042258 0
0.6196309625181352 0.1834286820608958 0
0.6074524394487445 0.3252793277910048 0
0.491368179829124 0.01050921889046264 0
1.780703558527961 0.0835882083930162 0
0.5655325555150847 0.2397945264046177 0
0.6572622662055787 0.3010959957182057 0
0.6544486891923491 0.2357419682021122 0
0.647595189715237 0.225193639366095 0
2.18310011637632 0.3026047904111496 0
0.7399297080677291 0.02286286507056408 0
0.4443070938448228 0.4005188798182637 0
0.357450775635376 0.1074214121581685 0
0.2694410944170574 0.009859139382867199 0
0.2637041528421396 0.02122026727770516 0
2.183900962437841 0.1078139318839071 0
2.164606596708578 0.117095313882551 0
0.9260790936804284 0.05667949554227655 0
0.2915349414174896 0.4000444687551673 0
0.4671045464751304 0.0100941942812599 0
0.7589309427514076 0.1558498567599692 0
0.2918922122979997 0.009721782790437056 0
0.2865174947808092 0.0196267989849246 0
0.543360755669186 0.1645756450478456 0
0.5153591021350759 0.2418479770785948 0
0.5073864671238455 0.2307069918152516 0
0.4204523620537884 0.4006847420963886 0
0.3966154615370051 0.4003798049739455 0
0.314577516939038 0.009129585073471476 0
0.2201411447873448 0.09129605779895761 0
0.5644863443025618 0.2180245964134092 0
0.9335619217548486 0.0917244880082328 0
0.9183199515487726 0.09137358936368675 0
0.1493056731114021 0.3558070586622679 0
2.014324876025878 0.1923846531711485 0
0.7000655139458802 0.26633835362836 0
0.7631241505787463 0.07834017413214218 0
0.7567405634841192 0.08977693315543554 0
0.7206713588271363 0.2981980024903127 0
0.6735850588807969 0.1044483367053965 0
0.8166758094426184 0.1425383349489242 0
0.8235531822764699 0.153639380660247 0
0.352856586774229 0.2637649951620601 0
0.5231349947438488 0.2741338521803846 0
0.5984284730905212 0.1295487653840825 0
1.082231150404111 0.2005127858766661 0
0.5587243362332182 0.2291566161263735 0
0.7679746750939642 0.2303326524638191 0
0.5210211457202727 0.1943571756718031 0
1.109470549293262 0.2221074599699034 0
0.3981149339165416 0.07365341578060428 0
0.4827119709265862 0.330186344122493 0
0.4779071693699993 0.3412427608926852 0
0.1272868628462741 0.3383886155313999 0
0.5496781100147734 0.2952792872069403 0
0.05196741366315376 0.1825700575939087 0
0.9026171608878247 0.06061760516667683 0
1.073414631080139 0.144112236054051 0
0.537112135070047 0.2957015253783367 0
0.5074503329387594 0.3291983185121771 0
0.5025996121396534 0.3399501605327163 0
0.5389696520827285 0.197872823647802 0
0.3336211069759327 0.2342990847834036 0
0.5251735391483665 0.2185381307855601 0
0.7148042136971351 0.3094745521430964 0
0.3196459149058602 0.1945812507619592 0
0.2614492858877466 0.03197788648520029 0
0.275308934878564 0.02041164452791507 0
0.5858498689344971 0.1300897763445529 0
0.5953213967199886 0.2059530297770694 0
0.5271320420452452 0.07846155969052888 0
0.602168271907001 0.07442004538829401 0
0.6747162896767471 0.2675714492772366 0
1.145286673496674 0.2790751271586563 0
0.5850987292564631 0.2502649469763567 0
0.7058716640757426 0.2551103615907215 0
0.6990174867676158 0.2445434769662695 0
0.4801999238365636 0.1215559238650993 0
0.4049210896068932 0.1555575867295949 0
0.2605084548597889 0.2682744010500297 0
0.7597689352386482 0.1774212494488672 0
0.3629789345893587 0.09640697164284578 0
1.126900589739134 0.164783301995403 0
1.484021086166052 0.3527402317754361 0
0.569352083114005 0.1852084386508815 0
0.7048260889775964 0.2332903961719315 0
0.5737502089531252 0.2726274405835604 0
0.3792255801400399 0.3237896413475962 0
0.3749799757399179 0.334419781784767 0
0.7532658291248255 0.3076451312549891 0
1.17183462951467 0.254614600353507 0
0.6660495730733923 0.2134183511119494 0
0.6591009572992245 0.2030892097302222 0
0.5823135684315504 0.3264047448469627 0
0.03140725122181224 0.08442459572594226 0
0.5587947907553636 0.08779391402504287 0
0.5324307564901719 0.328446127091128 0
0.5274106883551605 0.3391309287748071 0
2.027632618513302 0.2393695841064683 0
1.824487429821249 0.2942688728394801 0
1.831594234293826 0.2793778901317339 0
1.848790968977865 0.2779095260353498 0
1.858957280444978 0.2915252072598523 0
0.7174689673843114 0.2326720205677689 0
0.6054608723256525 0.2820555751642108 0
0.5049408659781622 0.1667941524222019 0
1.189610614745131 0.3259455212399799 0
0.5818758166056152 0.1846739001361395 0
0.5188400340466307 0.3805266645140768 0
0.5742274967971289 0.1523684486339006 0
0.5308632757246911 0.165010033860554 0
0.5120014018707826 0.2965474023369433 0
0.008282814934911748 0.02509590693583275 0
0.007484248953935323 0.04508655809619023 0
0.01047826137811028 0.3858599999331155 0
0.283694593500644 0.03070135009318157 0
0.2530544398480764 0.3612931258491472 0
0.9679863559537746 0.3089567534430349 0
0.5813582310137615 0.3047917577275125 0
0.3392702798197378 0.3679319454742864 0
1.968265269070477 0.3775064293704589 0
1.121571138247256 0.1988794253853527 0
1.133181197891569 0.1532438777869895 0
0.07129726717006238 0.2623846962101529 0
0.9631704690336328 0.1594512521573132 0
0.08199793463267709 0.06336397726485449 0
1.446592213870662 0.2186454015207518 0
1.930481044552368 0.2858433043668381 0
1.919718262222867 0.271671722068204 0
1.901824009718965 0.2726185342715012 0
2.072467849933842 0.2201490864494929 0
1.106795968469402 0.3286409111827817 0
0.2026059987700064 0.2152014895592973 0
0.5567494274227582 0.04462047702741358 0
1.028895830264618 0.1797891596980617 0
0.5348054916140068 0.1105030913688985 0
0.2019222858377814 0.06396098232231041 0
2.097057461923681 0.1687479677826239 0
0.1635228808519891 0.05644380518059638 0
0.1950288148392449 0.03601837229033868 0
1.497594911777028 0.3262036993228073 0
1.482926056168673 0.3265162612846674 0
0.2522023901532131 0.07110096826470408 0
0.2504645923872171 0.03316868372985124 0
0.06986526160002618 0.1276833390222127 0
1.336519700094094 0.1163792858544742 0
0.5953109399937668 0.06403838298495061 0
0.2204168599110296 0.1174060164154123 0
0.1640156396557242 0.3273973103761964 0
2.021812925612847 0.2895196837434984 0
0.1262534362725254 0.1146316482387286 0
0.1877609912820885 0.1392608433726286 0
0.22324825148824 0.2990400787131228 0
0.6805265018188181 0.2563959748151824 0
2.073235848516838 0.1053230257173229 0
0.6685968462585324 0.1376416672358289 0
0.1922554271010056 0.3540803882304893 0
0.09151969201413661 0.1446760566878012 0
0.08698011240220996 0.3756617886846916 0
0.429218112052068 0.1056370114338097 0
0.03991669072661613 0.1474422217439912 0
0.4906235713106438 0.1012525839024015 0
0.121595272068757 0.3294515077691926 0
0.6549232652481928 0.1161910969001653 0
0.07972224873517673 0.3309652284117171 0
0.74174810049036 0.2099469545206333 0
0.08930085074797356 0.3125770211305133 0
0.9952126322700272 0.1470566693649726 0
1.707689376935985 0.07870680084733962 0
1.699488973948955 0.06464093298529661 0
1.003085736891704 0.343069553045048 0
0.04638144213170836 0.1737739339656162 0
0.05827438344340409 0.3141690482026451 0
0.6637093022249471 0.1706345772137084 0
0.6405680798457264 0.356534850327093 0
1.397788685152582 0.1859014849982323 0
0.1198596540049974 0.2930370758127466 0
0.7471319281704198 0.03390657786661216 0
1.140000025958701 0.1644111631030061 0
0.1294970925979941 0.2742770291918659 0
0.1423677047946829 0.2087606031110904 0
0.3153034096371783 0.3685477741088287 0
0.139300172805712 0.2554789214553002 0
0.1490645267610554 0.2364749428597772 0
0.6588488677527354 0.06080116780597761 0
0.1153267529208905 0.2008613210840807 0
0.9585369306972187 0.206939862229714 0
0.2123735120081203 0.1954251837321161 0
0.7323397380386569 0.1347623791625905 0
0.04509126523144132 0.3594646674954715 0
0.6914320464959482 0.3546613255439225 0
0.1706942559203219 0.3549274913161951 0
0.2754202533200973 0.3602004206784805 0
0.06572660166042375 0.2536648671895129 0
1.774277739942959 0.09901930734570732 0
1.412345054495511 0.2087039462079832 0
0.9646415144706317 0.1959467630643801 0
0.05617675911502435 0.2717035556962981 0
0.4137498440602597 0.3011625117095929 0
1.854919461128193 0.03098221375603874 0
0.6940933513106592 0.1365068214520452 0
0.06600434074007949 0.1549426747471324 0
0.06952852772683207 0.2267192024352382 0
0.5867719228344527 0.1518157034561015 0
0.5900420914087643 0.358489707490859 0
0.1631594913437324 0.3091035295856887 0
0.6965509348116093 0.05818569243290386 0
0.08378074862210601 0.1995736236804103 0
0.803647659600608 0.143059103601025 0
0.09332028980559626 0.1810269830363948 0
0.6152198023721372 0.3575500113065198 0
2.137910453329435 0.08396898773430612 0
1.010986253978948 0.2141433450643444 0
0.6591348900550948 0.3449738621195341 0
0.1182133505230311 0.1523430538861647 0
0.3018763852189995 0.296758330928047 0
0.5755721808856364 0.3158649333483249 0
1.535692344970925 0.2024719123485703 0
1.837192350250418 0.03150581373021182 0
0.240809721617845 0.220375093813083 0
0.5415033203628693 0.121107210916689 0
1.99575044958251 0.1947802960629148 0
1.480313445829195 0.2051007638445531 0
0.3085857476321873 0.3395798513388195 0
0.7038343222306996 0.2113896066357139 0
0.1596357615507582 0.08418980676028287 0
0.3410884056433414 0.2645676194357884 0
0.3471992803271932 0.2742697655201697 0
2.131961918013018 0.24837193966646 0
0.7545808699741327 0.04488631821560216 0
2.148080243574511 0.3301470427273078 0
1.50192600195949 0.2391006698206207 0
0.1855387544610193 0.3263042434169716 0
0.6903807204309127 0.3326109732322394 0
0.2382948678641267 0.1449692565800714 0
0.9122632543853018 0.1750285142428372 0
0.7768841929452786 0.1216151232188777 0
2.101207802759069 0.3504201784562371 0
0.1670609510347887 0.2811568274803981 0
0.2199148537783041 0.3623583518068137 0
0.1475842391873546 0.3190621972014156 0
0.7913343230100689 0.185599390934158 0
0.6631020390265405 0.2899024707819678 0
0.9660907995080693 0.240287934069649 0
0.05476532913533899 0.03821112697970295 0
1.89438976774685 0.2885902146794874 0
2.009271272692349 0.2426238884744351 0
1.839043815259597 0.1657015894994611 0
1.84865401853289 0.1801778038466131 0
1.8665026416263 0.1783878213542329 0
1.301260851314336 0.1874951348407896 0
1.470611351985584 0.3813647102903414 0
0.7126496002471147 0.1247001730691365 0
2.096406147436355 0.2843369718895716 0
0.283168195350316 0.2671185909576241 0
1.529804529979305 0.3672875225241014 0
1.987088357770475 0.09601815461079956 0
2.061749388579519 0.2045957372647473 0
0.1443881582146326 0.3652020462846601 0
0.2131447213231537 0.3342823929010747 0
0.09087657036282362 0.2439440210527468 0
0.103395389345412 0.08030750027515859 0
2.030005398512616 0.04364089405519517 0
2.078244634769121 0.05409443006628473 0
0.3271678520882311 0.2245517831676795 0
0.562712663744512 0.03406853156637211 0
0.6932432991223997 0.2557554041546504 0
1.057941594568391 0.2466546598137424 0
0.666743471655782 0.09365071181709865 0
1.864397092712668 0.3942824359901625 0
1.048822122675062 0.06197653942282371 0
0.1533294806360766 0.3279888908805165 0
1.995604931252333 0.2977145001875417 0
0.197445844655793 0.2248338109406956 0
1.360935382981066 0.1961487096214829 0
0.5943850755213671 0.1841949348238702 0
0.5014502526367038 0.05794655211076719 0
0.8089278267412626 0.108992367995517 0
2.083200545911367 0.2356918661157033 0
0.6136769149858528 0.1945219947875426 0
0.3223468211062543 0.1091439313558927 0
0.3320483407951627 0.3380715370127076 0
1.173942093700882 0.302143979995167 0
1.064764775015086 0.3299093616166689 0
0.7812264126934357 0.04387165353179113 0
1.938762262771565 0.3939303947244989 0
0.1255122921608995 0.3018590454369441 0
0.5925814608448194 0.1406832240609555 0
1.167683785586737 0.2086070880869635 0
0.564530860741562 0.07673074393228052 0
0.05757681084335807 0.1914996148843444 0
1.135957797914014 0.3519585935729654 0
2.064986974970752 0.1224288287286965 0
1.067711843793 0.3785464152508786 0
0.3604098974678204 0.3459648506346771 0
0.3719225266653008 0.3454787224011116 0
0.4052192771433464 0.1049312151355178 0
0.1239590413558885 0.1611755554580143 0
0.8080776132144806 0.04316719044928075 0
0.2069805324656963 0.05413863385689539 0
0.9489004522765012 0.3679951371962722 0
1.807573313763421 0.2957200424829612 0
2.026628926933141 0.2716096496330407 0
0.3941718544848293 0.126282432040275 0
1.566418003054147 0.3384684175410855 0
0.3065145032116969 0.1412023897672154 0
1.420825279726455 0.2433289007244892 0
0.5232465145316345 0.1326642093222892 0
1.037265203342772 0.2360370673810387 0
0.3060821507356423 0.26622302818114 0
1.549868047367246 0.2012387239488278 0
1.960922429171165 0.3307000191686463 0
0.9555618331481593 0.3562208516107952 0
1.105424805854891 0.1075660716774266 0
1.432317367816206 0.3417493626065569 0
1.124688198237547 0.2679680042058262 0
0.7640030118479882 0.1222405832353756 0
1.042444757544443 0.07423321570622125 0
0.357302952930826 0.2329334793383152 0
0.875236085850895 0.03941733261328384 0
1.03103346460427 0.2476953876515122 0
0.9271435887640612 0.1035017663617593 0
1.916531470131937 0.2460139254902321 0
1.488291413195947 0.08346802507165825 0
1.851276130525941 0.2071379395204634 0
0.7552666578109557 0.3519424156178902 0
2.111324391936116 0.3654226240055027 0
1.076845242472525 0.2346426229441287 0
0.9286203812323542 0.3565952279618939 0
1.328308287236377 0.2092223598544355 0
1.495847065627496 0.0143449839569003 0
1.505793040964774 0.03046592916211183 0
0.06501037315139999 0.03755672258465081 0
0.9596801932583109 0.06707744892986543 0
1.134076376422031 0.08285396340568967 0
0.0426148361264858 0.2012611682861022 0
0.6713477290045946 0.06024964152241719 0
1.008415690552463 0.1465944034988259 0
0.9692122860563128 0.3560038348851325 0
1.541754827008036 0.1669538673032313 0
0.7879782311401098 0.3617643277378212 0
1.360420503582645 0.3061394808563964 0
0.653224493678622 0.3559280563044471 0
0.6921773026497129 0.2339942477813758 0
0.0866439882300611 0.05415030178920615 0
1.19800988327353 0.3629448592142228 0
1.552238219097779 0.06788898477697618 0
0.2677355171877565 0.2982099983207402 0
1.536603422752718 0.24939532700348 0
0.9681777967919243 0.1251886010941337 0
0.2505093264828864 0.1643849525079174 0
1.531538200517527 0.1071624074336214 0
0.9846944526962847 0.06754963700736394 0
0.9801274827295372 0.05588473333217619 0
0.07161119667050925 0.1636444884011944 0
0.0840286690812007 0.09920148621832733 0
1.866159346505716 0.2764871359506372 0
1.883759799092356 0.2750896290823703 0
1.880991708236995 0.2489924567193054 0
0.6051794204364102 0.1401406883042201 0
1.11195550974722 0.2921078712601788 0
0.2308798522289709 0.3619085813517653 0
1.101627051255745 0.365652794841944 0
0.7195593074472983 0.1353591823253073 0
1.0772290426224 0.08481917255151204 0
1.511269269868337 0.1202627913744255 0
0.257293722651338 0.06117888831040699 0
1.842726990717963 0.1205265602921338 0
1.161995262884319 0.3517953640352957 0
2.152424211735684 0.2451826219769409 0
0.6191477277373494 0.302962891528373 0
1.464291467456963 0.1588069110751973 0
1.450549729976541 0.1594609779533518 0
1.090807065088301 0.2573748393492976 0
1.846208976758771 0.2511602672542343 0
1.138176030286878 0.2674649396663569 0
1.099116521544252 0.3166172976859841 0
1.56749404811287 0.118099251490656 0
0.9176674387454891 0.1635767628447785 0
2.10718257803897 0.3001250923040726 0
0.6022571095791475 0.2167257310097935 0
1.180255047924826 0.2897702570572561 0
0.5712813469929521 0.08724954996010965 0
1.152654193845499 0.141801554921006 0
0.6177769112409436 0.1396149221857705 0
1.49975995333871 0.3800655167060953 0
0.8204480919153581 0.371089845165458 0
0.7028549740754879 0.1899988428091837 0
1.140008151524589 0.1419472274917059 0
1.146867896625698 0.3274547833725885 0
1.094607852259672 0.1775309657587913 0
0.3356215692323495 0.2749000299582084 0
1.05130796743778 0.1098100464254403 0
0.9959527570273795 0.3314842269715573 0
0.2556811059124523 0.1538754805360051 0
0.6972385116474995 0.3433525453217996 0
0.6182458147280709 0.2812320444159221 0
1.103206391456363 0.03532231426394766 0
1.110292208039427 0.02261865678074853 0
0.5880896510777365 0.3153211263396786 0
0.8359295496845132 0.1084642889118021 0
1.817310678626148 0.2096589307030028 0
1.057887409009641 0.3423859512427224 0
0.1499787020423213 0.1032993464383131 0
1.372101512841512 0.1265259134058211 0
0.1550232187590413 0.3647209456793967 0
1.995136602991777 0.07917655706431859 0
1.718700157410895 0.04559763091611668 0
0.07394577850010861 0.217836139523165 0
0.2240772894539923 0.3337972331937957 0
0.084970674840287 0.1173093885726093 0
0.2366726545190421 0.3713766312595201 0
1.227667791377797 0.3612188826836383 0
1.356069065169696 0.1843269744061633 0
0.6245664889205916 0.1503020361739484 0
0.6980092192433012 0.2227302850666363 0
1.821423787745327 0.06452984648280048 0
1.698569537830318 0.1152685849547853 0
1.258457405697808 0.3605407682140235 0
0.6171539019888808 0.2597098195593134 0
0.7424280868601143 0.3524809089551797 0
1.426852123531243 0.09994073200569163 0
1.460298126897095 0.2178326281589452 0
1.368167824713098 0.2074672365603335 0
0.6302737117267855 0.2587110888460856 0
1.580944277356491 0.269388544810336 0
0.6676488855938469 0.1156991360402724 0
1.03699270110045 0.3305894647193342 0
0.009760050544683785 0.3344987241273158 0
1.360502666521727 0.2818776433022981 0
1.055892886399615 0.179325705299726 0
1.361451180659047 0.3570658708146344 0
0.3702953436889155 0.1272196772709555 0
0.07832341699529727 0.09044547690666621 0
0.6286636655029803 0.2375179842917891 0
0.5838652815326657 0.08669361468909979 0
1.030181457530065 0.3430123293846283 0
0.7699737579588459 0.1109177100925923 0
1.767418945960332 0.3121081154721762 0
0.9403773433876657 0.3100501413437474 0
2.084034933787323 0.1210478680346288 0
0.426364893113434 0.01953974835970787 0
1.65618703142307 0.3790961168043487 0
2.126272618611289 0.2987087543112275 0
0.1303544662567449 0.2924591374889793 0
1.770681007060747 0.3695733269929055 0
0.1287717608842276 0.1518009685940518 0
0.158215708736179 0.3185462470913408 0
0.6006261583634074 0.3147713587149948 0
1.524415913011065 0.2737591359451894 0
1.809972198611525 0.1242321999542323 0
1.831681793347165 0.1808130740652671 0
0.6011506323258652 0.1949050372152714 0
1.41843543626819 0.1967152395647044 0
0.5964771022650046 0.08603607620936778 0
0.3860084174510579 0.3338767929989847 0
1.411094567571741 0.04849047068552662 0
0.6970518658503049 0.2009832493936693 0
1.412803127726561 0.1002759057982202 0
0.6419286792175518 0.2364158754403929 0
0.9142056360494423 0.1044010538489963 0
1.428009226023476 0.1241435776126468 0
0.7864971384096268 0.2182680680967842 0
1.737437169559909 0.01534301081778706 0
1.536213968456106 0.3377933753326115 0
0.7363806355229919 0.3639853834254308 0
1.495761167995308 0.09604652502654082 0
0.7065158635303651 0.3986842343384618 0
1.676719184919535 0.1029170593818832 0
1.669301011353083 0.09028106956858524 0
1.442953690877796 0.1479033729888694 0
1.596589101279723 0.3364752762757932 0
0.4646363711016066 0.05952253538586529 0
1.375455038092797 0.2188571282825074 0
0.2347889483147884 0.3334070813820546 0
1.476607086288784 0.1340276002541917 0
0.7040909806528187 0.3541026037132606 0
1.490272284960152 0.3134558465118971 0
1.083813956271912 0.07252303657842783 0
0.6744694652425125 0.1264294973131692 0
1.807696004842024 0.1962113770919203 0
0.09677512429381888 0.05361141407770187 0
0.880803616275196 0.2097663024226815 0
1.488355655111455 0.2397088149647422 0
1.534335198352472 0.1554704712456926 0
0.2825899587915104 0.3894491450530781 0
1.567620889346193 0.1424841109629603 0
0.06640979725727683 0.2708956894441569 0
0.9674861920723486 0.1020093578760596 0
1.479875254890703 0.0436066737087886 0
0.7501540843173639 0.3861969198812206 0
0.8150955494061816 0.09760339837529262 0
0.2975810353822435 0.06897257178510167 0
0.6401333500991491 0.2153062925019353 0
0.3280859685973704 0.379201545507337 0
1.80231225403908 0.3398699899829543 0
1.71112748304849 0.1447077882334245 0
1.748659390369094 0.08791922065715828 0
1.408770126906508 0.2678895951905542 0
0.9662755286494356 0.05615694085192911 0
0.7439562093429954 0.09031104676904252 0
1.034044985791657 0.1228822596785563 0
1.494766930912073 0.2277007298206314 0
1.416731934885222 0.3423411362214842 0
1.574536926550766 0.3799927286558085 0
1.393789673979178 0.1376590769780309 0
0.9142632789932017 0.2193916376255434 0
0.9010403730934001 0.232567430376886 0
1.822148554467429 0.1667643069493669 0
0.9610966770656661 0.1139962282609334 0
0.3388815346447773 0.2238564734519861 0
0.897379274866828 0.3974377716091796 0
2.013850120096548 0.07759499165516552 0
0.165693413672474 0.3642632710839644 0
0.3417161286699059 0.2848004302989628 0
0.7820950459139521 0.3734248413287077 0
1.001277401772348 0.2944842033600488 0
1.55755421333535 0.2352745158290419 0
2.145434769814182 0.2972427826393186 0
2.165543801759122 0.2954187437142122 0
1.215690843395074 0.0275263059887142 0
1.035107501614825 0.06253489733651539 0
1.322521734900809 0.2212514444729159 0
1.331457388077367 0.04274502534857695 0
0.762834839876414 0.2416105601335941 0
1.811094583205901 0.04936325077073241 0
0.6133033020238418 0.3141392760661322 0
1.687145898386653 0.372747881761809 0
0.6532108316627824 0.2142627917655323 0
1.282219911583742 0.1941518086915113 0
0.08532811064733599 0.3397309862009277 0
1.376750018487508 0.08987918444646227 0
1.044444519822232 0.2472303985867488 0
0.07939645243586771 0.1085191824001956 0
0.4075809350323333 0.01006045746225491 0
1.11043105796031 0.3768546286217827 0
0.6872754891609464 0.1259689970421468 0
0.7168567866035882 0.353523239331462 0
2.183862314369178 0.1857548090975479 0
0.2984694654894194 0.01949894169752125 0
0.8800143801032321 0.1650846744496237 0
0.3646115323839664 0.1907556265130002 0
0.1764449869482166 0.36382630376159 0
1.026316751367087 0.01473039096596198 0
1.37532766282844 0.305995065887052 0
0.4291141027724166 0.1184121304995011 0
1.559717806400927 0.08062045950532232 0
1.625548382638226 0.3320998654524174 0
1.729353398649923 0.3269824723818731 0
0.2684388515979624 0.06060885739271531 0
0.3181122646486024 0.1404908413580576 0
1.812300115673098 0.2530809985485153 0
1.797969050344581 0.2824318390502654 0
1.654948351031156 0.3305234722962533 0
1.42794710507792 0.254467617464231 0
1.4220596041518 0.2666923359810724 0
1.023752819696421 0.1103734768090312 0
1.009526735759513 0.3310228129820744 0
0.008068646781326046 0.2150535847391063 0
1.01575277241103 0.2956236630270711 0
1.543395095457299 0.2365612495536212 0
0.8822427526692196 0.3232675076971085 0
1.097597274980984 0.07219856390070291 0
1.4739325400998 0.2170852207772387 0
2.069918521747823 0.187517532067491 0
1.598517214114263 0.2511639369577513 0
1.817077802041247 0.1090113154464435 0
1.581822815353049 0.117617049220418 0
0.1351717162038514 0.2830404759257338 0
0.9120474632971236 0.01161711246677139 0
0.1689311477425108 0.3180139017784961 0
0.3958634081273146 0.3449755427765793 0
1.188120771147621 0.3014403131777159 0
0.7232736824489014 0.05792157141830687 0
0.1394592923106222 0.1513015527371842 0
0.09573649518364269 0.339486489384654 0
1.957031211451857 0.01575031357380062 0
0.6521385686799002 0.1927836470683518 0
1.525227157729314 0.1197428854815021 0
0.6541165147606987 0.01203452296956044 0
1.111730840876688 0.07171771798302184 0
0.2002139098674929 0.02668463243081407 0
0.9806676511963868 0.1016890120679107 0
1.361231119374582 0.06671622459437612 0
0.6999706160147664 0.1254478326538525 0
2.116002598155284 0.05151532959110762 0
1.386037784427883 0.1258223503394355 0
0.7890975111524747 0.3843413754047908 0
1.063738837522286 0.2350132077462699 0
1.760119265333607 0.3268615715658174 0
0.7386322090098771 0.2645783501175129 0
1.602590023920998 0.1296535146901097 0
1.383213730645257 0.0769317497186764 0
1.749265395765554 0.1425407846198201 0
1.560264679521406 0.1307791074063396 0
0.2257989013060842 0.2498884448955087 0
0.9540993167738485 0.3095689123728986 0
2.021953097951578 0.06053657196950705 0
0.1501922438841864 0.1508875633879961 0
0.2796794696596024 0.06012141988496188 0
1.714301897999619 0.2564085908393238 0
1.607270360673303 0.3796679040205673 0
0.8313080949871972 0.3267156457210061 0
0.6994939119755622 0.3875610047732527 0
1.025129711949349 0.2826122303664888 0
1.690578055017173 0.2904450231146158 0
1.043903393237038 0.2944725897946207 0
1.692068092859245 0.07783136246933606 0
0.6648651838883983 0.191964935867556 0
0.1796637475338584 0.3174344728234424 0
0.2091391307044381 0.24238304316725 0
0.2136543023320918 0.2320405327909378 0
0.2211077684398888 0.2618369059250569 0
1.05180640111171 0.2817764141272588 0
2.088851293476775 0.1857521241396228 0
0.2690351295224803 0.4005412185532573 0
0.4099831879485308 0.3328450136158068 0
0.3297000929313053 0.1397958766916841 0
0.3864708558849991 0.2205650003316488 0
0.5883583625866513 0.05376487429293263 0
0.4281633403451959 0.06115084180635193 0
1.307565260912113 0.1754034813937138 0
0.1588560228853016 0.009582923867445518 0
0.4551792962346963 0.1030822195231703 0
1.011383748690411 0.111410640340929 0
0.3638697180693881 0.1173808507033849 0
1.128901973724967 0.2098771329332154 0
0.1400141150971745 0.273592339932135 0
0.05298762805049574 0.1015941995291861 0
0.181841628464269 0.3727939296718442 0
1.475492055898821 0.3140227323965752 0
1.041349956793203 0.05027724380464141 0
1.614812388912449 0.1515224641746439 0
1.517742199547691 0.2867282778034944 0
0.2269815012432354 0.2704600604617389 0
0.7903742250209963 0.2839998584992437 0
1.730564693562717 0.1752947761562452 0
0.2858029763650705 0.06956592273708 0
1.411030328180657 0.1853531548548044 0
1.810973996705995 0.3538142332637358 0
0.3595126729777103 0.2939136596029409 0
0.02556377138556866 0.0575625186164045 0
2.155729240478563 0.3129199070445657 0
1.131750286000835 0.2794536073215493 0
0.4219840211531602 0.2556757754963797 0
1.298481277936719 0.07138660276303442 0
0.2308752308486964 0.3919333451046554 0
0.4981793634315139 0.389526787978188 0
0.3029986109778683 0.05855229409386289 0
2.086383401581751 0.1534673634846019 0
0.4194023460902517 0.3438321743769362 0
0.5947144912956595 0.04300070177894067 0
0.705887191850997 0.1141091659776357 0
1.691429175749396 0.1031267125267407 0
0.1845596869738306 0.3079664923218871 0
0.144868367933145 0.2641443899304001 0
0.6621563945609862 0.02134886405370346 0
1.544493529671449 0.3498762302521854 0
0.151039472184648 0.1692203931989399 0
1.48143571651889 0.2521162692694567 0
0.4746109664514253 0.29824733239526 0
1.764714054335013 0.08611371473862296 0
1.33851489851012 0.02834738005146152 0
0.344148573010259 0.2132701333033241 0
0.9354375638595992 0.3678306324792661 0
1.833027642270779 0.1070103323850233 0
0.686466599211777 0.3877795797876392 0
1.147800962855243 0.1976842141196042 0
0.723801542705767 0.364386244743083 0
1.153397195115438 0.04616324424884882 0
0.3115913485348424 0.03892851997133868 0
2.170157456012376 0.3945452787237057 0
1.403605988046785 0.1738895539465728 0
1.814767310900199 0.2810204540084588 0
1.042274550609373 0.1795037552612582 0
0.4352909770006035 0.3322820874492208 0
0.7117816730556008 0.1027729158515601 0
1.180926874976029 0.09656983839586385 0
0.1953526704453289 0.3075162975209174 0
1.367488008736239 0.02830611666677064 0
1.446850553262888 0.3957909800647512 0
0.2607725050537733 0.3904361905179962 0
1.062108425907427 0.1903295875235263 0
1.319652960833531 0.1521114669512938 0
1.456607396819272 0.1472744341649284 0
1.526100713519462 0.29899255127733 0
1.77139491160805 0.07032589036781041 0
0.9212800003051662 0.2760553627749085 0
0.3414538461690783 0.1391102448500688 0
1.312760845608526 0.1414550116279447 0
1.07084728770545 0.2462751720445415 0
0.414155458676615 0.0201907735802652 0
0.1660714945405896 0.2450165116719843 0
1.244407596824249 0.02575974026926604 0
0.3725414038253869 0.2007836634157995 0
1.094167630531609 0.1548133920979296 0
1.175976879726962 0.01255986245275647 0
1.567409081355995 0.06735959617509935 0
1.125277450304715 0.2916034863478703 0
1.632255443284751 0.07920260149869535 0
1.075297720733967 0.1899294904647497 0
0.1498092055741906 0.2547531171867685 0
0.02083427602598251 0.04892546632567421 0
0.7355622708353197 0.05706412834344001 0
0.246385980034814 0.01024059430479347 0
2.147881853338034 0.2135058797625207 0
0.72458137808851 0.1020565959506223 0
0.3108331202291053 0.01807453779650508 0
0.4428622311913155 0.3425724753321636 0
0.3490386893875246 0.2029566519533479 0
1.081511151538832 0.1783975233307904 0
0.1727828679326613 0.168414774288399 0
1.383410570055124 0.3179164564499164 0
1.560966886739882 0.3788582345696377 0
0.6735627462012588 0.3878970783106696 0
0.008154492831512745 0.314132896522964 0
1.545051800145102 0.2594899340603369 0
0.09651284959138307 0.3575506884079739 0
0.01513530207787332 0.009285700421120837 0
0.1618107657760365 0.1688613033080667 0
1.08785034377066 0.1667399223255318 0
0.7307782330192151 0.09076832394957969 0
0.1719697958755689 0.254109091727386 0
1.313812557212426 0.1637078750591288 0
0.0900691236424471 0.02746102804386245 0
0.2430932696785955 0.38106189990976 0
1.201914339055492 0.07844157824719643 0
0.213294311318534 0.4007215763581759 0
0.3737551963443178 0.05343588637547223 0
0.458586773762294 0.3309630008413007 0
1.474213418188964 0.2646177710763224 0
0.365257185223112 0.1374820823326517 0
0.683326049956795 0.1803233051762851 0
0.3533919303040113 0.1384057833732039 0
0.7306013282942346 0.3751498819102707 0
0.6706569830770749 0.1809889806130126 0
1.155084858782164 0.2088029309782237 0
1.821904974854411 0.2663431218323155 0
1.671127329964345 0.2722197137901573 0
0.1549690947215527 0.2454242078683347 0
0.1735739853254234 0.1870273191268616 0
0.6960270044738311 0.1797427579400878 0
0.5820402230668937 0.02258901058638759 0
1.077665310547888 0.2575999365309109 0
1.858989209496746 0.09068548205885112 0
0.01487910196949722 0.4025621237408473 0
0.4378520043015622 0.299945350580915 0
0.1741133337100068 0.01838417903230083 0
1.395970085965394 0.1621600043123191 0
0.7503216379241662 0.1010867367038018 0
0.9412605965612051 0.3789908054602013 0
1.208224315779314 0.2883012085315099 0
0.9342457379555507 0.2542317235560556 0
2.124952307344175 0.1508422642911858 0
1.743808081838436 0.12855803332333 0
1.2166861774583 0.1811777435876374 0
1.5140996072992 0.1681328674877604 0
0.7222013080934139 0.179099107085655 0
1.649783830670193 0.1404719562924215 0
1.016628150943632 0.3432388520521863 0
0.7284734040038704 0.1895059233660708 0
0.1764695298282533 0.3928818818973946 0
0.2004551792121971 0.156748852238479 0
0.007966224732179047 0.1150000000003263 0
0.1721558984059281 0.2720507056878393 0
0.8161920311485829 0.1665468554780628 0
1.824225999476971 0.1949434438952677 0
1.517452586675226 0.1076558429295886 0
2.105641172674846 0.152040690342712 0
1.423603268547709 0.3825938721252254 0
1.875729259597338 0.08749529719639883 0
1.68467817091421 0.1531446585872048 0
1.350991048158157 0.2439216134657026 0
0.4738596789198828 0.3520779756346645 0
2.009074360342984 0.3774270163997096 0
0.6667779564189492 0.3769795906839014 0
1.060834827591268 0.1452767872986248 0
1.753985988634927 0.2155639488396791 0
1.588912923629996 0.08042787334973509 0
1.120356523805183 0.3280004077379046 0
0.3385490160409804 0.05506156578473313 0
1.45539785646128 0.3814111417211086 0
0.7089132304510738 0.1792935727347666 0
1.520365148838792 0.02644424937763928 0
1.222707459199104 0.2879251042002497 0
1.761690397783289 0.05797217837432406 0
1.177670668924486 0.2428089000114288 0
1.778446271615295 0.1550039228382347 0
0.3943464205002249 0.1987649567603782 0
1.118853598208546 0.3038340990958247 0
0.7631552483465776 0.1004984374180496 0
1.184965978832203 0.1090424776401709 0
0.9458679095243314 0.02339082599452027 0
1.239884222676466 0.06129093072204988 0
1.468703442485533 0.3271187811811294 0
0.4905709034111339 0.3406953950018652 0
1.863955179374777 0.04515137617577827 0
1.7350875266705 0.2883636611830396 0
0.008332434357219424 0.2444265346356363 0
0.4111399080643601 0.1148060259733068 0
1.453827174320685 0.253459397401311 0
1.391763522573642 0.3832804518595326 0
0.4946682965027602 0.2343663283897477 0
1.231339641091885 0.2994460582716614 0
1.375272564008664 0.06567482633922499 0
0.4918880764162408 0.1222584795696659 0
1.983155214554576 0.03238541580680609 0
0.4315357352665667 0.0095550821220639 0
0.009262283014884368 0.295014833449864 0
1.162108649077575 0.220016506374656 0
0.6818720154624454 0.03589865716071495 0
2.135544995337032 0.1662354961613972 0
0.513829109745529 0.1769128532389055 0
0.008289863154247134 0.3546191111725324 0
1.04723258866138 0.03826232189335285 0
0.6539963271738213 0.3770929137544704 0
1.538775307068716 0.2721677119508237 0
0.1945554632020258 0.271950511303552 0
0.2538040205168998 0.01809300145329173 0
1.196133817126319 0.2304851310151306 0
0.4981506667850782 0.3508702239020224 0
0.3771181823008248 0.1368000884100041 0
0.3946180642472645 0.2911126520529695 0
1.204530149049369 0.2415926442085561 0
0.1888111144676309 0.382011226360974 0
0.1995929490966189 0.3817871712534204 0
1.414017248546904 0.3966689814582802 0
0.7944832975000705 0.2484199136701419 0
1.071401497382625 0.2692237795366925 0
1.604835468307495 0.07925032641930028 0
2.153953864331752 0.1644447808701327 0
0.7350463891636511 0.1998726792519236 0
1.112605674019302 0.316055122718315 0
1.446719211908271 0.2653131066219847 0
1.448846277630161 0.1355291820057427 0
0.5152906196521113 0.3397065912839366 0
1.630995530856044 0.01364546145714213 0
0.1942844911311718 0.289622030147858 0
1.612018534856654 0.2823903356800226 0
1.904315656013858 0.07128456620855571 0
1.613272184663076 0.067028521793906 0
0.7603614015009027 0.03356265629731027 0
0.1584238059698794 0.4007051082305326 0
0.647331219183189 0.3663528802895689 0
0.7479469494743922 0.1992235029024894 0
2.184111372157481 0.3218512766892263 0
0.7609939807433908 0.1983282234751384 0
1.919773393347999 0.06847630391042397 0
1.231299924317603 0.2401058882785012 0
0.7693574173346246 0.08904241078975117 0
0.1035773385437217 0.01730534262785892 0
1.222657779847119 0.2291529023739751 0
1.066725980423949 0.1332155438963142 0
1.023718803105268 0.3554975927133878 0
0.5227255941202571 0.3499173678521192 0
0.1812917431560193 0.008418682717257228 0
0.1409444730217091 0.02018077983609877 0
0.3584333357369952 0.2734990380855152 0
0.4076272929205917 0.1417075259001322 0
0.7820322009849636 0.08859670867701207 0
0.7665740286871787 0.1872908476894368 0
1.547763314003684 0.01389760450568683 0
1.394915111218121 0.01305937886695295 0
1.065252426562797 0.02484444866948623 0
1.169494005887485 0.2312235708340896 0
1.38134735250606 0.3970357758118768 0
0.4084641591084963 0.2580174177550034 0
0.1064929484329544 0.05277019259455529 0
1.606633169185558 0.02671689777274211 0
0.3887094194718775 0.1361523828211623 0
0.2409684267563202 0.2031813984840122 0
1.476320572432643 0.3396720303187554 0
0.5429430024587943 0.3606397389213157 0
1.195350041671682 0.1115112399064116 0
0.9671776874581053 0.03541232127090988 0
0.8024477341052365 0.3059445486302473 0
0.4501038759971756 0.1262745415651917 0
1.485619058720934 0.3807441816871423 0
0.6346477945692327 0.3666896992436636 0
1.405703738227135 0.3042362927985574 0
1.145612409114992 0.03465205361282283 0
0.5543159194594079 0.3595985801182487 0
1.509477793759513 0.09558505102250087 0
1.30515609936501 0.1308092813278307 0
1.064638345421183 0.2815204768047206 0
0.8359898678875948 0.1532058973597265 0
0.7952382934924107 0.08794458235393755 0
1.274920125002182 0.2482624326218809 0
1.841065462086071 0.1937768619033558 0
1.248756721590599 0.2277413099090219 0
1.440992054354475 0.1237163776276086 0
0.8679820784140826 0.3254222706560075 0
0.8500099966881879 0.3326769246711994 0
0.6768864006534906 0.04824545982578596 0
0.2008827396257747 0.2988077023380716 0
1.017538300894908 0.3662100083995237 0
0.05652945148628186 0.008287304980003039 0
0.353243204136921 0.2840456800291428 0
1.593230586208979 0.266825355919083 0
0.151715579355407 0.3920812465864923 0
1.979190055055265 0.3615957400563166 0
1.059344781635959 0.1215929500610296 0
2.084443035939931 0.03389337809978835 0
0.5220869158310194 0.205792610375046 0
1.353009493983923 0.2941220073329978 0
0.8088849904780051 0.08731399452806843 0
0.1832592685720527 0.2719754957844371 0
0.1121391649326935 0.06130082193883719 0
1.250901770598032 0.2860811202697262 0
0.8492572707786648 0.2005078863480111 0
0.4723809947843688 0.257385813361152 0
2.161063275760673 0.3786829394807845 0
1.558244046790983 0.02760456294323423 0
0.7720825502246316 0.1766221334504055 0
0.7735743042136882 0.03322813201785804 0
1.631911284141396 0.2529144372579173 0
0.6219804340905285 0.3670722098541372 0
1.276539511046788 0.2995843006697803 0
1.262847793265629 0.2836047602719983 0
1.383247293740975 0.0270562403590348 0
1.391327176431941 0.03819559288814008 0
0.7898356157041921 0.2615832762705872 0
0.01675003379102352 0.3791128383097481 0
0.5728783881025861 0.3688105348040556 0
0.7847184485484981 0.1760256773110811 0
1.574449126781603 0.02755118517122268 0
1.259925540741603 0.02487142856561556 0
0.7584738992472497 0.3981290381166285 0
1.469694042747916 0.3533597257385174 0
0.4432798120374442 0.009613945302693142 0
2.073419337695376 0.3955927907199998 0
1.189554791095061 0.1415131939774717 0
0.7382655955470652 0.3874819541131894 0
1.683926035546806 0.09080582689910423 0
0.1372338041895992 0.4011807388824171 0
1.951543784424064 0.346071586663646 0
1.722982851423699 0.1953540002929375 0
1.13377448960081 0.3276175630122743 0
1.85911690284764 0.1929932931961701 0
1.590518705755608 0.02716675519926471 0
1.838591717816119 0.2647366361274892 0
0.4852166998904793 0.1111202902850993 0
0.7972103238760596 0.1754611922469912 0
1.074206354564934 0.03678208333809688 0
0.1913278051638872 0.008833108659521719 0
1.61461742690824 0.01341747747669577 0
0.4859590485521638 0.1539670625718576 0
1.331695147844771 0.2831762302357114 0
0.5021627884121314 0.1812672834798028 0
1.684213270077824 0.0632840218868954 0
0.2119327559235428 0.2989373167535598 0
0.6093043818141124 0.3673039991172619 0
1.773354503307466 0.1717274424236164 0
1.904289735438547 0.2034654340056403 0
2.001415890445626 0.03195427924163236 0
0.4361561908419784 0.2568887466510395 0
0.8740127046944101 0.1540769737079458 0
1.298321021231046 0.2853980155633817 0
0.9021708637984542 0.2512838150293078 0
0.5661297619700059 0.3590268388712048 0
0.007303685305474363 0.0550000000001713 0
0.007800236951492704 0.1953207054901048 0
1.433478649451556 0.1123096871157987 0
1.382901848325048 0.05198099942181966 0
1.619701641111443 0.1428972533389719 0
1.322505093426847 0.2960935693756427 0
0.1131682428430954 0.07901399064795522 0
1.356553410522414 0.3700443391419126 0
0.006980587466195841 0.07518326711629292 0
0.07582848255631136 0.4022844084407278 0
1.950095464813238 0.2431885231703583 0
0.5347829142682667 0.3493175161444379 0
1.278191643326949 0.2155297756827817 0
1.750081707804781 0.2545908071875396 0
0.1306882765163848 0.392615782447873 0
0.7870514125942067 0.03301508934862992 0
0.007952798199658828 0.1337746505444959 0
1.87189658363945 0.03009887475524782 0
1.094506182250687 0.02371375373306471 0
0.5967022300324425 0.3677119421340102 0
1.225450517844744 0.06274874942684952 0
0.5843307042549546 0.3681035988417201 0
0.1187452974385454 0.008575030557769836 0
0.007924345111203357 0.1462746316511153 0
0.8803865631117024 0.1417128441376923 0
0.02849823298381557 0.2899913874653847 0
1.876484767743096 0.1918318405944317 0
0.007093889657909911 0.1750788212365299 0
1.958503541535158 0.1990818688801343 0
1.477431720318281 0.3669590971823185 0
0.00694041014824153 0.09460816202129861 0
1.14146875389977 0.3393091940813461 0
0.2076169219017132 0.2235557004638566 0
0.3979556142158484 0.2186469528571074 0
0.7931362130938389 0.227701319035864 0
1.343463198023521 0.2321993734057319 0
0.4492851129715039 0.0189684036255772 0
0.0369808403259641 0.2880566392532044 0
1.922653198234103 0.3324451537287412 0
2.141307492011209 0.3789476516022578 0
1.855767948676811 0.2636183175106427 0
0.1143608528274946 0.09729623909647987 0
1.66193251018728 0.02280759256245606 0
1.203165034843866 0.1635652002048635 0
0.8298677050107428 0.09748445063399395 0
0.008244329428503191 0.3656470541413759 0
0.8668787441263675 0.02996104990567565 0
2.133743780276185 0.04999377632655487 0
0.572789250886938 0.3893415448616732 0
0.116162767397726 0.401467890981733 0
0.8189545862164386 0.328639613855541 0
1.116318803381934 0.01142130836471987 0
1.206021001897299 0.3740514418189424 0
0.9845998950817556 0.2261905095452703 0
1.501911555070428 0.08380139884335674 0
0.8440665680235321 0.3465161102220602 0
0.007053312928257465 0.2750000000003379 0
0.9995310335269353 0.1130486455274099 0
0.3489896684335147 0.4019032207698166 0
1.593496979339631 0.2289111812013299 0
1.285144363731693 0.2270449638298092 0
0.3652427551690709 0.3910861882214852 0
0.6079679547117893 0.04204943252399085 0
0.8975612855345185 0.3676762333987218 0
1.26322805930638 0.1944979407331013 0
0.04726537041233177 0.2995517633593755 0
1.167971049934941 0.3864138734563646 0
0.4375761262875313 0.1124473064991378 0
0.8493998048024608 0.1079172196534115 0
1.681916640811221 0.2706168181664346 0
0.7984664279332073 0.3994599294988985 0
2.00447102706929 0.1785439210672137 0
0.46632169576537 0.3416495767602993 0
1.008451326111455 0.0396898537538194 0
0.1299251597483582 0.104857172898849 0
0.08732332975902835 0.3915056886302017 0
1.146883783938408 0.1308725262258809 0
1.330957001799511 0.3555362483244069 0
1.886613036103733 0.2049220286533245 0
0.2125298277354432 0.2136625784826544 0
0.0154632832021637 0.04163218629277365 0
1.589812111491555 0.2437818644694535 0
0.9317933484671063 0.1497525676706117 0
0.5788179831817125 0.3787146096610917 0
0.5046678577669023 0.2412389604238412 0
0.01662354804106795 0.1586732019030818 0
0.0622429995497578 0.3843477402861991 0
0.8005287141010403 0.03273976458934914 0
0.1644764801275492 0.09113649116800636 0
1.130577097756241 0.01151566670594076 0
1.149161235498072 0.3514747275847392 0
1.315881630590491 0.3727981945909677 0
1.873355243010711 0.2624364680928953 0
0.8565552643702559 0.09703629712047966 0
1.153182990016653 0.1190922071595433 0
1.581129893113015 0.2095854160709436 0
1.261977496789254 0.06947703060638812 0
0.05563535298737874 0.2973973077837608 0
0.3566045283733588 0.3754551164008508 0
1.911284336896256 0.3484275055058535 0
0.08329856575114197 0.01816386468924162 0
0.1089131916225702 0.3926286600674477 0
0.2173243291224937 0.2040549726669438 0
2.186814384043919 0.3615915107110279 0
0.2412209989404389 0.3085196505507127 0
0.2058189822125358 0.01790823198974159 0
0.0824541857579288 0.2181463699647004 0
0.352894528062567 0.1918142480844804 0
1.160104865374903 0.1069771331614001 0
1.702210607007764 0.2186743771742788 0
2.167560977861554 0.09849095831441536 0
1.151549778986216 0.02335441463569209 0
0.09769109145397276 0.2194384271516958 0
1.929982670986899 0.1875638726574788 0
0.8508881986267616 0.3571274514617099 0
0.1183876098793388 0.08749086342080641 0
1.87133733133622 0.1366809999872294 0
1.912116058996374 0.1889293403400341 0
0.5696886861473738 0.02306652543908655 0
0.8748279268200253 0.1080922952115941 0
1.508747350451702 0.07037811686418109 0
0.5059507355656689 0.2200470814452203 0
0.5536492821990083 0.4005071656430601 0
0.101335445490822 0.2278112120102399 0
1.267747268433323 0.372240615368138 0
0.398673536474927 0.1354316139190975 0
2.186894611122268 0.04975610282015921 0
0.931309207309046 0.02275244133628837 0
1.254461730966447 0.05948716655541653 0
0.5606878388460245 0.3900068713061758 0
0.1247229793030087 0.01665100772538406 0
0.9153776698890752 0.07923808973484729 0
0.4613760153501568 0.01878049941043145 0
0.8879685152278934 0.1074994548922257 0
1.287512499180408 0.07108064970849452 0
0.8283226206184671 0.03320834693399142 0
0.1173875815651053 0.0693193768006521 0
1.137956531526204 0.02301422546912632 0
0.04553484606948063 0.4036273221945774 0
0.906758220861535 0.09632183534766681 0
2.121205114907401 0.3800696330087522 0
0.1808346887731708 0.0814135459283261 0
0.4469960487417731 0.1141547129878276 0
0.8146164009214937 0.03301317392149421 0
0.3838470471954449 0.2008418929341247 0
0.2503412282856669 0.3907291439541665 0
1.301073369850839 0.3555726307376151 0
0.0967021706004615 0.4034363539396271 0
0.2382129859091137 0.3249658798099027 0
1.25160653902504 0.3724022984173838 0
1.236119709805838 0.3726194221225141 0
1.220905912200607 0.3732270237065833 0
0.3905436866433765 0.209594295367071 0
2.155298200702305 0.08333677904909648 0
0.357559272936006 0.3234777890411675 0
1.719687313686055 0.3704589532153984 0
1.248276531538344 0.1842728348884381 0
0.2287478109971067 0.2032723839760039 0
1.156913117562248 0.3638030673862392 0
2.144308979409769 0.06640935864145754 0
0.6145938768114833 0.03162697708671499 0
0.288096891388431 0.3255589206862883 0
0.2542099506585691 0.3268686570925793 0
0.01534345533493974 0.0200000000000522 0
0.2176094523226706 0.3072282366176812 0
0.3640108630964383 0.3338424880057839 0
1.760338485029883 0.1980373622195415 0
1.888235203922179 0.3308252633512209 0
0.9895799798076351 0.04652541330717168 0
1.440202826100061 0.09950351009228854 0
0.449595783148577 0.2568818658534713 0
0.5374806241618586 0.3896688368038941 0
1.323051817256356 0.09354899125360143 0
1.317219895181261 0.1044559574862794 0
1.29190998445718 0.2378502940092402 0
1.31044787089204 0.1217952867068369 0
0.8157739802438282 0.1864952197979487 0
1.639492093158602 0.2611638224469993 0
1.949447202903485 0.02986512947987449 0
0.8097591597048616 0.1760230354798343 0
0.2064906837451675 0.3915282961271603 0
0.8202486150812861 0.1963990144963805 0
0.1013450950524464 0.2449332031537052 0
1.940498653273081 0.2007131866713766 0
1.198938593626923 0.385981699089078 0
0.1047559580298884 0.252742255922847 0
1.515091734166605 0.05624058284920219 0
1.732846158772284 0.1872119828963642 0
1.891183628328162 0.2610907476349081 0
1.745091114899784 0.3823098515492649 0
2.168716529707845 0.1342484915435345 0
2.186097042836905 0.08814477032095472 0
0.1908071664557403 0.09321399543401282 0
1.88991361919249 0.02919837820476686 0
0.03642425588721784 0.3925355063861873 0
0.9198434948491085 0.04611143241184478 0
1.873082975355176 0.3518052574188174 0
0.2290261667637949 0.3074516320985771 0
2.020976746991287 0.0305832670352701 0
0.06901373924113526 0.3933425111663897 0
0.07148512581546973 0.2783236072009536 0
1.28837519197769 0.3580709947907199 0
0.1307451295103235 0.04191718671560121 0
1.899748770329351 0.1495486137170046 0
1.685984165385115 0.01284337175997335 0
0.01653538851891802 0.2576201700708823 0
1.278188485450824 0.03638164472844609 0
1.275572857520674 0.02434498361072668 0
0.3984302160761128 0.248065458183536 0
0.99693411442399 0.3773176598940209 0
1.195324875542881 0.1504319498739459 0
0.496948499895405 0.2561724669545011 0
0.1203542864045332 0.04241371491499876 0
1.226703808601539 0.1978130964497244 0
0.1361204568414859 0.03166884229602582 0
0.8955638341278279 0.09560849049787566 0
1.76754833817692 0.04554177123058261 0
1.434033661086681 0.2657117061988108 0
1.966332309752357 0.1844182685957966 0
0.5248396718395578 0.3899571885434502 0
2.102354182456339 0.3809246766122622 0
0.51460583394088 0.222682691540344 0
0.2467226110075482 0.21121024935932 0
0.4083673438515256 0.1676809056539809 0
1.705235485610985 0.05213948417980444 0
0.8591428442876325 0.02298682224013236 0
0.4204960361757433 0.243697826356093 0
1.016010087375687 0.02649432716262143 0
1.800738542258415 0.3831188972019529 0
0.3701751914629066 0.2720072600231182 0
0.4354411440165433 0.1493223780711032 0
0.8446556477660279 0.3691180974895619 0
0.848853189755902 0.04241915997106992 0
0.4734533470847029 0.018508011797926 0
0.007878675744671593 0.23375000300569 0
0.1109758374067452 0.04335742660662321 0
1.984999687225866 0.1824601800034339 0
0.3757480158805644 0.2618340815182155 0
0.2575901670093942 0.2104608477701857 0
1.681612774894089 0.3272720415295851 0
1.717957838405557 0.2217446128621336 0
1.405159230728599 0.03797091381753151 0
1.713991858970504 0.02820197489397592 0
1.190540180538316 0.07655238721603386 0
0.01476849950446412 0.219767655883309 0
0.02483908568514726 0.4030899476647476 0
1.851111365244473 0.3350123310091028 0
1.909028679812995 0.2595351258285789 0
0.5115324396216955 0.3899826545658148 0
1.915714437973486 0.1288910517726777 0
1.184611856742158 0.3863875293430448 0
0.01597948933191344 0.3414497309198169 0
0.3866686278665448 0.2611158583732382 0
1.781866299302023 0.3830985294519776 0
0.4752179437186602 0.1121360555303446 0
0.2073064557233114 0.1003539222398471 0
1.446979228982158 0.08535132095562042 0
0.08295951911497561 0.2885293862092168 0
1.507698301195471 0.04476020604765741 0
0.6264958045604363 0.03099262395091194 0
1.637815120643607 0.2844471109057954 0
1.158473039850854 0.01151244620961206 0
0.4936400096056771 0.3803187591555161 0
1.763021692973423 0.3827408222382646 0
1.736142724383555 0.3698459158381704 0
0.2175653467693129 0.01742973007410476 0
0.9050090962570405 0.2876612689174341 0
0.9228862659796245 0.22863089568728 0
0.01785341436872784 0.3947208099007896 0
1.285386314071047 0.250440809650379 0
0.9528957439496122 0.03451463565627414 0
1.291615340993851 0.1624386912763337 0
0.9224650011968116 0.1542564038061854 0
0.9081220025935859 0.07104833084906996 0
1.600165768284138 0.2839958570419488 0
0.3201523885105382 0.3765210272747445 0
2.168960952798288 0.2767617119383163 0
1.835891049890322 0.3334405906928174 0
1.429067115419036 0.0353399442072729 0
0.8354572996741245 0.04302206729251865 0
1.935290102896019 0.1469440081260239 0
1.453463986162107 0.0703933307724622 0
0.2628921507994224 0.2014934843592343 0
1.606250536153223 0.2295541165143587 0
0.9141711279490767 0.05858810395925956 0
1.316233853696773 0.08234263972344849 0
1.651836284995776 0.2838964061398837 0
0.8255637776805425 0.3810406224602667 0
0.1997901307123647 0.09191384351079679 0
0.01736627539473514 0.3006244257170597 0
2.171313651006841 0.3124621950995835 0
1.704887092658459 0.2932485780950375 0
0.8045698935647868 0.2265367173777842 0
1.640879201739502 0.1372844786852952 0
0.9192840955866846 0.02209340501054792 0
0.0972501827489575 0.2674000267387881 0
1.73078085335467 0.1275048756256204 0
1.711173918440938 0.3839117475507278 0
0.7950758151190843 0.2963120634670829 0
1.66729252429512 0.2832428550573394 0
2.092280206819351 0.3955034167054041 0
1.599320640743404 0.1854490378586837 0
0.4856130507243005 0.01823594187508869 0
0.4817370729569195 0.3803407482028091 0
1.691460770873711 0.2475825706230737 0
0.02975546568943926 0.0148706721318454 0
1.951939888372244 0.1261866974787268 0
1.927508805118604 0.2583102309708166 0
2.185416577735498 0.01448771756490561 0
1.742780753295954 0.2764477744283914 0
0.9903536814873535 0.388187065296402 0
1.667796732620981 0.01075080495668848 0
0.8020793941213469 0.2572157654871621 0
1.29760208000401 0.03483825806765798 0
1.011483383018243 0.08615678645277351 0
1.681739696931157 0.2823264726701706 0
0.9996329657341539 0.190172891055355 0
0.8076115794156885 0.2959939842731527 0
1.636474480114953 0.02645239679315887 0
0.2711565267283306 0.333022441467704 0
1.00554319784138 0.09987305234950113 0
0.2252009854328811 0.1100980654562261 0
0.4205325467851748 0.1135414544817991 0
0.01510688617238686 0.1207166241717711 0
1.539688247261263 0.3625730295602064 0
2.026109523129863 0.3803959807386868 0
1.445383345175792 0.05701388056103139 0
1.606416993307259 0.1673220508900262 0
0.007319473605087648 0.007322299831382939 0
2.16903049845476 0.2494213339175021 0
0.6334201393190235 0.01957013147270012 0
2.185670810630355 0.3957712649717497 0
0.1328381256241019 0.01575473912038744 0
0.2993251712792749 0.197815331181162 0
0.9938061371163717 0.2071911973603345 0
0.2737034612417575 0.200741085279758 0
1.188057710491325 0.119927300258444 0
0.9420009276924507 0.1869684716648088 0
0.007273929975084912 0.4027231956846749 0
0.8871533232580388 0.3026125903724258 0
0.9136475650691305 0.03524644191175622 0
1.220899935674417 0.07290484241575623 0
1.908097074949749 0.02841403848856718 0
1.971074210811442 0.1444519488796323 0
1.004325334829727 0.07399567839088363 0
1.773914345911563 0.1394228055705381 0
1.975376332925951 0.2409483742086834 0
0.4733569982837263 0.3920063367543715 0
0.2272900379475099 0.01809559934631464 0
1.673980127969131 0.2420791298403133 0
2.039109371606846 0.03017703945298063 0
1.946518852985399 0.2571425647025982 0
1.290744578345856 0.1879031872202535 0
0.9764402636512661 0.3886333632757388 0
0.9315977194239846 0.2667149244251236 0
0.2157817756325051 0.09871190072025897 0
0.8410474178080818 0.208707921627284 0
1.145176632737337 0.401243706529334 0
1.288275052856553 0.2831589268804157 0
2.171549141982148 0.1957804630223357 0
0.2840527956572084 0.1999911206689854 0
0.892865069894608 0.2284140611517091 0
0.8222623929461037 0.2145153932766308 0
0.6413258595065308 0.008408555292798322 0
0.9474468886067622 0.1690278888207112 0
0.8585797996893392 0.2084502475124239 0
0.5208299021398894 0.1848850622643861 0
0.9092742673237634 0.2796133738294121 0
1.01108355877332 0.3767620245830882 0
0.9956700958839833 0.06214873445413048 0
2.064199810933996 0.3815798991866199 0
1.037521855490053 0.02443336756376785 0
0.4623698014587904 0.3915603317449791 0
1.207867456453944 0.174582207721618 0
1.4370096406796 0.04461605298543558 0
0.4969162224594591 0.0177124056465372 0
2.022855153729956 0.2539191027101757 0
0.8213871886276385 0.3912239731877961 0
1.256848988053017 0.2394440709416864 0
1.164819617534802 0.375356011759476 0
1.933854455479312 0.07099642117122223 0
0.9618776467550793 0.3891869436743348 0
1.691362776151994 0.02509445599240252 0
1.888736243651114 0.09143255295561538 0
1.427506879269231 0.2773225584254276 0
0.06537907352593512 0.2867518462590095 0
0.01475101045843975 0.2008378602095598 0
0.03939557420415365 0.01422901855762319 0
0.8545864179847068 0.03198756393862931 0
0.4565402530955376 0.2470504180239104 0
0.974190006435424 0.04595980874003385 0
0.2424941818614616 0.1187986213607583 0
1.282871345710032 0.08094770770724669 0
1.309974640117681 0.07320105837006219 0
0.9400456500995747 0.1606483967761231 0
1.658802653260762 0.1376179117153647 0
1.694950862604172 0.1622768305763694 0
0.4516394337076856 0.3913019096808152 0
1.694985126267982 0.3843391710490805 0
1.13087449537106 0.3851436673006715 0
0.8267143365782847 0.2036826674872364 0
1.940735496999886 0.05500297266414264 0
1.306102406226405 0.1014186307355498 0
0.3274053902851365 0.3296831553143005 0
1.78229200391214 0.0264598567735308 0
1.518698703535294 0.3640384391362658 0
1.883331956203753 0.1323296993115039 0
0.09030572620996125 0.2779106697605467 0
0.3550808307640469 0.3941860417887471 0
1.264854009340672 0.251751039824063 0
0.9471365295327028 0.3895980110142855 0
1.982067817919883 0.2533892836426119 0
0.3179044416227372 0.03392842946867439 0
1.99831663986448 0.2526411125185785 0
1.846739588851068 0.1044486318150702 0
0.9759128337550528 0.2420058290908742 0
0.9324831468142419 0.3900723595451032 0
0.256695517738079 0.3347027535483024 0
1.106687596287113 0.3885112040755961 0
1.343654891763194 0.3717623943975153 0
1.743929507955403 0.1788659207390859 0
2.169395711900451 0.1613502793355239 0
0.4397686329925738 0.3914766887772205 0
0.3026531014145839 0.1894976613203891 0
0.3358129762883432 0.3764196937397369 0
0.3205612501604879 0.01682362802854533 0
0.2360876644919166 0.006095497400673992 0
0.01471269355013842 0.3087789630834249 0
1.179092397325987 0.02315676629518003 0
1.823430227767992 0.3525920233083729 0
2.154260416880174 0.2267770355581038 0
0.4949094537802819 0.1639395247571979 0
0.4661387800851934 0.09871733086650863 0
0.5292590864803668 0.1991285226377797 0
1.307605902084206 0.2821682758361928 0
0.8629388241421176 0.3174543643071141 0
2.010993619654891 0.2977370136087942 0
0.2531381117526245 0.1072055227361518 0
1.265662653251155 0.07968848417773321 0
1.856350510125174 0.1188590500541233 0
0.8692781252003294 0.007586178545427652 0
0.02177322814410658 0.01486828078707755 0
1.092243965949414 0.38885369933044 0
0.903706783857381 0.2415588251230904 0
0.1051594407068228 0.267888940173422 0
1.211833717556073 0.1608099231317585 0
0.313634410285025 0.1884417572144065 0
1.677418743454525 0.3380301253867987 0
1.044071084216773 0.3875619263087234 0
0.994390512223261 0.2275651601671712 0
1.712214725848484 0.1901460719949949 0
1.07740333888229 0.3890719821678824 0
0.9112778216213121 0.4024697195290282 0
0.2324614260548891 0.1076504610673065 0
0.427797123032688 0.3917039150430641 0
0.01588256924399307 0.3266901325748929 0
0.1102833919936447 0.2586086826843191 0
0.2726751775109802 0.3257917997855773 0
0.9997999776323387 0.2154460055655471 0
2.044887678873385 0.3815379023752444 0
1.299976725372103 0.009643737822729807 0
1.709086585665161 0.1170488068652819 0
1.701471616182953 0.3270389480073414 0
0.8691371981383469 0.4023031698892964 0
1.062880572492132 0.3894803130385101 0
0.04252967870918087 0.006805676602226417 0
0.9220788107451064 0.387895684697709 0
0.7926442481869672 0.2727461165666825 0
1.420773883483755 0.2895005578514245 0
0.8977612161108224 0.3027303348434109 0
1.662539176658214 0.3391900364401761 0
2.056927483632897 0.02970184743720619 0
0.4155167911527107 0.3923226943342065 0
0.6635371393740297 0.03079087465690282 0
0.2914415983963111 0.3334891926204233 0
1.743764267627512 0.241437276166223 0
1.98482901096191 0.1419024029197058 0
2.019740046481716 0.3372696477400968 0
2.02816465026771 0.3515865297588561 0
1.157431962802648 0.3852446602674323 0
1.025784859415211 0.3771868071306262 0
0.8558526186565042 0.389436176890826 0
1.240678542778372 0.07081970364197546 0
1.180360996553206 0.127402946233091 0
0.9220903797421458 0.1339804792500022 0
1.038595814624177 0.3777118649921634 0
1.924747578271587 0.02831064568748494 0
1.994630775620878 0.1554610407235899 0
0.3253082080160573 0.1876775101075398 0
1.75547321719938 0.1832372031838837 0
0.9836855211591089 0.1880208044547458 0
0.8918209350812027 0.3133886517626758 0
1.204465559780698 0.11237557685794 0
1.625435816227424 0.06952017607346316 0
0.9311175460546688 0.2436514128208313 0
0.3021450341865171 0.3869365383385384 0
0.970785851706379 0.1886183521309523 0
0.4037122058401788 0.3923651445548685 0
0.9585726770591421 0.1890100064963682 0
0.2552046089476352 0.02599852165912451 0
0.3259982365854323 0.4040774816634733 0
0.3027206433801172 0.3331981144240259 0
1.530794271669512 0.03065453362883087 0
0.9830002890472919 0.2511980355028179 0
1.550220997721881 0.3835818819075429 0
1.681133514539622 0.3840782115153174 0
1.693644569833372 0.1488668431598745 0
1.282600360832499 0.204607749023434 0
1.119329385890558 0.3871057759272612 0
1.591367068103966 0.1905459500139753 0
1.67796755420361 0.1472805523737124 0
0.8788724948582969 0.3675356860603978 0
0.3911648193113633 0.2529546608498859 0
0.3364064651749225 0.1873778647793584 0
0.3921431203284875 0.3921671474648764 0
0.01331231844737776 0.05017440934484103 0
0.2236615548993435 0.3888055327502263 0
1.511472836083251 0.376588924828084 0
0.9020857020737123 0.1434322828486735 0
0.1693265298808087 0.3898778739587705 0
0.3134113917896865 0.3328879480438105 0
1.816300358631745 0.3650419172896583 0
0.1716480585960628 0.09342810961884969 0
0.990884986909409 0.2871137320692744 0
0.838927715001606 0.3780980708614549 0
0.8072596522159052 0.3135729093123913 0
0.3629206252198569 0.3831557822049614 0
1.365522698579978 0.3805111127166725 0
1.367103052623706 0.1773703178930292 0
0.8169756596893502 0.4014012816048095 0
1.64867159685301 0.3391995445474578 0
$EndNodes
$Elements
21 11954 1 11954
1 1 1 153
1 1 21 
2 21 22 
3 22 23 
4 23 24 
5 24 25 
6 25 26 
7 26 27 
8 27 28 
9 28 29 
10 29 30 
11 30 31 
12 31 32 
13 32 33 
14 33 34 
15 34 35 
16 35 36 
17 36 37 
18 37 38 
19 38 39 
20 39 40 
21 40 41 
22 41 42 
23 42 43 
24 43 44 
25 44 45 
26 45 46 
27 46 47 
28 47 48 
29 48 49 
30 49 50 
31 50 51 
32 51 52 
33 52 53 
34 53 54 
35 54 55 
36 55 56 
37 56 57 
38 57 58 
39 58 59 
40 59 60 
41 60 61 
42 61 62 
43 62 63 
44 63 64 
45 64 65 
46 65 66 
47 66 67 
48 67 68 
49 68 69 
50 69 70 
51 70 71 
52 71 72 
53 72 73 
54 73 74 
55 74 75 
56 75 76 
57 76 77 
58 77 78 
59 78 79 
60 79 80 
61 80 81 
62 81 82 
63 82 83 
64 83 84 
65 84 85 
66 85 86 
67 86 87 
68 87 88 
69 88 89 
70 89 90 
71 90 91 
72 91 92 
73 92 93 
74 93 94 
75 94 95 
76 95 96 
77 96 97 
78 97 98 
79 98 99 
80 99 100 
81 100 101 
82 101 102 
83 102 103 
84 103 104 
85 104 105 
86 105 106 
87 106 107 
88 107 108 
89 108 109 
90 109 110 
91 110 111 
92 111 112 
93 112 113 
94 113 114 
95 114 115 
96 115 116 
97 116 117 
98 117 118 
99 118 119 
100 119 120 
101 120 121 
102 121 122 
103 122 123 
104 123 124 
105 124 125 
106 125 126 
107 126 127 
108 127 128 
109 128 129 
110 129 130 
111 130 131 
112 131 132 
113 132 133 
114 133 134 
115 134 135 
116 135 136 
117 136 137 
118 137 138 
119 138 139 
120 139 140 
121 140 141 
122 141 142 
123 142 143 
124 143 144 
125 144 145 
126 145 146 
127 146 147 
128 147 148 
129 148 149 
130 149 150 
131 150 151 
132 151 152 
133 152 153 
134 153 154 
135 154 155 
136 155 156 
137 156 157 
138 157 158 
139 158 159 
140 159 160 
141 160 161 
142 161 162 
143 162 163 
144 163 164 
145 164 165 
146 165 166 
147 166 167 
148 167 168 
149 168 169 
150 169 170 
151 170 171 
152 171 172 
153 172 2 
1 2 1 21
154 2 173 
155 173 174 
156 174 175 
157 175 176 
158 176 177 
159 177 178 
160 178 179 
161 179 180 
162 180 181 
163 181 182 
164 182 183 
165 183 184 
166 184 185 
167 185 186 
168 186 187 
169 187 188 
170 188 189 
171 189 190 
172 190 191 
173 191 192 
174 192 3 
1 3 1 153
175 3 193 
176 193 194 
177 194 195 
178 195 196 
179 196 197 
180 197 198 
181 198 199 
182 199 200 
183 200 201 
184 201 202 
185 202 203 
186 203 204 
187 204 205 
188 205 206 
189 206 207 
190 207 208 
191 208 209 
192 209 210 
193 210 211 
194 211 212 
195 212 213 
196 213 214 
197 214 215 
198 215 216 
199 216 217 
200 217 218 
201 218 219 
202 219 220 
203 220 221 
204 221 222 
205 222 223 
206 223 224 
207 224 225 
208 225 226 
209 226 227 
210 227 228 
211 228 229 
212 229 230 
213 230 231 
214 231 232 
215 232 233 
216 233 234 
217 234 235 
218 235 236 
219 236 237 
220 237 238 
221 238 239 
222 239 240 
223 240 241 
224 241 242 
225 242 243 
226 243 244 
227 244 245 
228 245 246 
229 246 247 
230 247 248 
231 248 249 
232 249 250 
233 250 251 
234 251 252 
235 252 253 
236 253 254 
237 254 255 
238 255 256 
239 256 257 
240 257 258 
241 258 259 
242 259 260 
243 260 261 
244 261 262 
245 262 263 
246 263 264 
247 264 265 
248 265 266 
249 266 267 
250 267 268 
251 268 269 
252 269 270 
253 270 271 
254 271 272 
255 272 273 
256 273 274 
257 274 275 
258 275 276 
259 276 277 
260 277 278 
261 278 279 
262 279 280 
263 280 281 
264 281 282 
265 282 283 
266 283 284 
267 284 285 
268 285 286 
269 286 287 
270 287 288 
271 288 289 
272 289 290 
273 290 291 
274 291 292 
275 292 293 
276 293 294 
277 294 295 
278 295 296 
279 296 297 
280 297 298 
281 298 299 
282 299 300 
283 300 301 
284 301 302 
285 302 303 
286 303 304 
287 304 305 
288 305 306 
289 306 307 
290 307 308 
291 308 309 
292 309 310 
293 310 311 
294 311 312 
295 312 313 
296 313 314 
297 314 315 
298 315 316 
299 316 317 
300 317 318 
301 318 319 
302 319 320 
303 320 321 
304 321 322 
305 322 323 
306 323 324 
307 324 325 
308 325 326 
309 326 327 
310 327 328 
311 328 329 
312 329 330 
313 330 331 
314 331 332 
315 332 333 
316 333 334 
317 334 335 
318 335 336 
319 336 337 
320 337 338 
321 338 339 
322 339 340 
323 340 341 
324 341 342 
325 342 343 
326 343 344 
327 344 4 
1 4 1 41
328 4 345 
329 345 346 
330 346 347 
331 347 348 
332 348 349 
333 349 350 
334 350 351 
335 351 352 
336 352 353 
337 353 354 
338 354 355 
339 355 356 
340 356 357 
341 357 358 
342 358 359 
343 359 360 
344 360 361 
345 361 362 
346 362 363 
347 363 364 
348 364 365 
349 365 366 
350 366 367 
351 367 368 
352 368 369 
353 369 370 
354 370 371 
355 371 372 
356 372 373 
357 373 374 
358 374 375 
359 375 376 
360 376 377 
361 377 378 
362 378 379 
363 379 380 
364 380 381 
365 381 382 
366 382 383 
367 383 384 
368 384 1 
1 10 1 5
369 5 385 
370 385 386 
371 386 387 
372 387 388 
373 388 6 
1 11 1 5
374 6 389 
375 389 390 
376 390 391 
377 391 392 
378 392 7 
1 12 1 5
379 7 393 
380 393 394 
381 394 395 
382 395 396 
383 396 8 
1 13 1 5
384 8 397 
385 397 398 
386 398 399 
387 399 400 
388 400 5 
1 20 1 5
389 9 401 
390 401 402 
391 402 403 
392 403 404 
393 404 10 
1 21 1 5
394 10 405 
395 405 406 
396 406 407 
397 407 408 
398 408 11 
1 22 1 5
399 11 409 
400 409 410 
401 410 411 
402 411 412 
403 412 12 
1 23 1 5
404 12 413 
405 413 414 
406 414 415 
407 415 416 
408 416 9 
1 30 1 5
409 13 417 
410 417 418 
411 418 419 
412 419 420 
413 420 14 
1 31 1 5
414 14 421 
415 421 422 
416 422 423 
417 423 424 
418 424 15 
1 32 1 5
419 15 425 
420 425 426 
421 426 427 
422 427 428 
423 428 16 
1 33 1 5
424 16 429 
425 429 430 
426 430 431 
427 431 432 
428 432 13 
1 40 1 5
429 17 433 
430 433 434 
431 434 435 
432 435 436 
433 436 18 
1 41 1 5
434 18 437 
435 437 438 
436 438 439 
437 439 440 
438 440 19 
1 42 1 5
439 19 441 
440 441 442 
441 442 443 
442 443 444 
443 444 20 
1 43 1 5
444 20 445 
445 445 446 
446 446 447 
447 447 448 
448 448 17 
2 1 2 11506
449 1603 3511 4251 
450 51 52 4177 
451 3055 2565 3586 
452 4419 628 4477 
453 790 4407 5551 
454 3452 582 3821 
455 4076 4078 4887 
456 3410 621 4309 
457 3422 2566 3588 
458 3437 3134 3517 
459 3627 3433 4940 
460 2562 2561 3513 
461 4340 4339 4341 
462 3225 3733 4693 
463 3007 4076 4887 
464 123 124 3535 
465 4033 3361 5380 
466 3743 2909 5075 
467 1392 3692 3756 
468 2686 4262 4389 
469 621 3410 4310 
470 3066 3550 4966 
471 3563 3066 4966 
472 4341 4339 4978 
473 2044 2043 3798 
474 2566 3422 3522 
475 4891 3574 5686 
476 3526 637 3527 
477 476 3600 3601 
478 2561 3364 3513 
479 130 131 3626 
480 4262 4261 4389 
481 3742 3743 5075 
482 3493 1066 3639 
483 3718 3720 5031 
484 1512 3447 3545 
485 3304 3560 5311 
486 3733 3225 3746 
487 535 3037 3675 
488 4837 5612 5813 
489 3560 457 5311 
490 3454 3939 3940 
491 1066 1063 3639 
492 4477 628 4478 
493 4408 459 5340 
494 4286 526 4310 
495 3225 2265 3746 
496 2276 2278 4225 
497 2636 2635 5363 
498 1746 3718 5031 
499 3673 3065 5334 
500 70 71 3978 
501 2443 4343 4603 
502 5346 3628 5403 
503 3514 562 3904 
504 3455 566 3640 
505 4547 3291 5387 
506 601 5027 5671 
507 4598 3408 5712 
508 4836 4837 5813 
509 3056 386 5286 
510 2977 4525 5369 
511 644 7 5272 
512 2818 3806 5847 
513 3447 1512 3680 
514 3939 3454 5925 
515 2469 2470 5552 
516 3437 3517 5704 
517 5503 3458 5525 
518 3806 2818 4384 
519 4350 4351 5258 
520 566 3455 3776 
521 571 3485 3486 
522 5071 3212 5514 
523 392 3032 5477 
524 3633 790 5551 
525 3805 3806 4384 
526 5360 3578 5586 
527 630 3462 5869 
528 3418 564 5376 
529 4498 2854 4550 
530 3692 1392 3755 
531 3473 3474 4786 
532 4633 3473 4786 
533 481 4339 4340 
534 807 3805 4384 
535 1299 1297 4252 
536 2950 5503 5525 
537 2874 3538 4669 
538 3574 4891 5668 
539 3462 630 4177 
540 3291 4547 5665 
541 643 4598 5712 
542 2531 2532 3680 
543 562 278 3904 
544 492 3481 3558 
545 4604 3950 5384 
546 546 3569 3597 
547 3030 3459 4991 
548 5027 3411 5671 
549 3537 574 3624 
550 2504 4747 5386 
551 508 3536 4176 
552 1867 3720 3722 
553 3459 3030 4990 
554 1061 1059 5256 
555 4225 2977 5369 
556 495 3917 3918 
557 3804 3565 5006 
558 3992 459 5106 
559 1541 3708 5906 
560 3620 2636 5363 
561 3785 3992 5106 
562 4457 4429 5226 
563 3092 13 5367 
564 2619 3475 4221 
565 2584 2586 4500 
566 124 565 3535 
567 3600 476 5474 
568 3387 3388 5236 
569 459 3992 5340 
570 3720 1867 5031 
571 3962 453 5282 
572 3111 3743 3764 
573 1541 3706 3708 
574 3776 3402 4995 
575 3520 638 3521 
576 524 3440 5833 
577 1603 4251 4252 
578 3387 5236 5798 
579 3978 620 5562 
580 1063 1061 3639 
581 3475 2619 5880 
582 3433 3627 5722 
583 620 5226 5562 
584 3081 437 5399 
585 634 3597 3599 
586 3246 3604 5228 
587 2266 2268 3773 
588 3580 2788 5283 
589 3463 2932 5191 
590 481 4338 4339 
591 1355 4058 5264 
592 2797 5063 5140 
593 3517 3134 5621 
594 564 3418 5086 
595 2797 3461 5063 
596 3700 1369 4691 
597 4779 4778 5609 
598 3612 3416 4980 
599 3476 3700 4691 
600 3470 2930 4100 
601 4230 4634 5518 
602 4603 4343 5868 
603 3246 5228 5254 
604 582 3452 5848 
605 453 3962 5649 
606 1854 4093 5323 
607 3215 4525 5249 
608 967 969 5468 
609 3917 495 5745 
610 4190 578 5489 
611 2470 3751 5552 
612 3798 2043 3799 
613 3402 3776 3777 
614 3947 3951 5419 
615 3743 3111 5448 
616 4309 621 4368 
617 4274 5308 5309 
618 2961 4058 4099 
619 3067 5332 5335 
620 2854 4498 4551 
621 2475 2571 3601 
622 3078 5347 5427 
623 1695 3747 4957 
624 1066 3493 3747 
625 634 3599 3600 
626 584 130 3626 
627 4100 1326 5132 
628 1854 5323 5331 
629 2042 2619 4221 
630 1070 1067 3747 
631 5332 3877 5335 
632 549 3467 3684 
633 2792 2545 4312 
634 4274 4275 5308 
635 3558 3481 5508 
636 5347 3857 5427 
637 3485 571 3676 
638 3570 537 3812 
639 4480 5131 5692 
640 737 738 4078 
641 3402 3777 5507 
642 5129 2320 5837 
643 4351 3016 5258 
644 3037 3041 3675 
645 3494 2748 5239 
646 532 4033 5380 
647 1672 3476 4691 
648 1755 3725 3728 
649 3196 3481 5013 
650 454 392 5477 
651 3724 581 3797 
652 2042 4221 5921 
653 4074 737 4078 
654 114 5180 5705 
655 482 3529 3530 
656 4343 2443 5542 
657 3516 2527 3671 
658 489 3673 5334 
659 2969 5025 5178 
660 400 3060 5432 
661 2517 2320 5129 
662 1106 3885 5402 
663 3476 1672 3733 
664 630 51 4177 
665 5180 3491 5705 
666 2924 2988 4057 
667 4815 2868 5702 
668 3440 524 5394 
669 3438 3126 3609 
670 1057 1055 3782 
671 3639 1061 5256 
672 3890 614 5519 
673 2565 2566 3586 
674 5403 3628 5404 
675 3669 3596 5089 
676 562 5071 5514 
677 638 3520 3554 
678 3885 1106 5401 
679 2868 4815 5267 
680 969 971 3768 
681 3402 3501 4995 
682 1295 1293 4313 
683 1763 3437 3745 
684 5025 4258 5178 
685 416 3135 5442 
686 71 620 3978 
687 3302 5360 5586 
688 1055 1053 3781 
689 3467 549 4248 
690 480 4509 5286 
691 3525 1159 3737 
692 732 730 4075 
693 3704 3706 5032 
694 532 3500 4033 
695 2056 3690 3755 
696 3733 1672 4693 
697 3690 3692 3755 
698 2599 3384 3573 
699 637 3526 3543 
700 3950 2750 5384 
701 3768 971 5962 
702 1655 4901 5137 
703 1055 3781 3782 
704 1186 1184 3653 
705 52 508 4177 
706 3657 3322 5306 
707 3505 2908 5116 
708 369 452 4102 
709 5231 609 5339 
710 2988 4056 4057 
711 732 4075 4459 
712 4882 4881 5462 
713 3410 4286 4310 
714 3706 1541 5032 
715 3061 462 3062 
716 3627 4940 5685 
717 2470 3910 5161 
718 386 480 5286 
719 1385 1387 4788 
720 3511 1603 4313 
721 3150 457 3560 
722 5209 3863 5589 
723 4058 2961 5264 
724 2484 4939 5055 
725 3611 3612 4980 
726 3277 3278 5469 
727 5298 2937 5815 
728 1556 5313 5324 
729 4223 2506 4224 
730 3331 5231 5339 
731 488 3150 3513 
732 574 3537 3625 
733 3053 3539 5210 
734 3396 3128 5617 
735 2761 3608 5622 
736 2908 3505 5771 
737 3277 5469 5481 
738 2278 2977 4225 
739 3717 3714 4926 
740 3657 851 3659 
741 509 3482 4368 
742 3594 1733 3595 
743 2265 2874 3746 
744 565 3524 3535 
745 3482 509 3977 
746 5313 3362 5324 
747 4939 4474 5055 
748 3057 458 3058 
749 497 3261 3378 
750 3700 3311 5550 
751 4572 2484 4779 
752 5418 612 5458 
753 3581 1600 3878 
754 7 454 5272 
755 3034 5350 5652 
756 3659 851 3666 
757 524 3056 3591 
758 5493 490 5545 
759 3066 497 3550 
760 3055 3586 5486 
761 3623 5418 5458 
762 764 4230 4345 
763 2484 4572 4939 
764 2788 3580 4787 
765 2527 3516 3672 
766 5350 3394 5652 
767 474 3066 3563 
768 3671 2527 5196 
769 5089 3596 5735 
770 4429 3165 5226 
771 2932 3463 5856 
772 3878 1600 4664 
773 3527 637 5500 
774 2926 2924 4057 
775 3482 4309 4368 
776 3311 3700 5556 
777 3691 2056 3693 
778 4333 5493 5545 
779 3477 452 5467 
780 3668 3669 3674 
781 3894 5298 5815 
782 3500 532 4369 
783 2506 4223 4226 
784 562 3514 5071 
785 5326 460 5383 
786 3128 3396 5619 
787 2961 4099 4100 
788 3261 488 3655 
789 1517 5261 5610 
790 512 3172 3502 
791 3350 3510 5188 
792 131 482 3626 
793 3562 5326 5383 
794 3481 3196 5508 
795 764 4345 4887 
796 3221 5294 5377 
797 3861 5099 5165 
798 547 3532 5297 
799 614 3890 5591 
800 2050 2044 3798 
801 2830 3599 4578 
802 5091 3031 5433 
803 5099 464 5165 
804 5358 2529 5714 
805 4018 5358 5714 
806 3496 4758 4897 
807 3260 4337 4502 
808 3252 2584 4500 
809 2470 2467 3910 
810 3746 2874 4669 
811 2476 2830 4578 
812 2998 3558 5508 
813 5294 4135 5377 
814 5208 2966 5544 
815 3260 4502 4969 
816 3690 2056 3691 
817 4509 480 5565 
818 2930 3470 5154 
819 1178 1098 3553 
820 3496 4897 5972 
821 476 3601 3602 
822 1896 4135 4690 
823 3452 3821 3822 
824 173 174 4155 
825 3122 3697 3699 
826 2345 1655 5137 
827 4502 624 4969 
828 3599 2830 3600 
829 5131 3296 5692 
830 2598 2599 3573 
831 2876 4311 4312 
832 3168 3570 3812 
833 3350 5188 5302 
834 2971 5001 5044 
835 2254 1695 4957 
836 4389 568 5638 
837 1389 1391 4955 
838 3165 4429 4430 
839 4337 3260 5939 
840 2642 2254 4907 
841 3496 2642 4758 
842 477 5292 5733 
843 5261 3371 5610 
844 3601 2571 3602 
845 3417 455 3677 
846 3295 3671 5196 
847 5456 4277 5504 
848 568 4389 5582 
849 693 696 4046 
850 3551 1901 3552 
851 4311 2876 4313 
852 3293 5100 5134 
853 3437 1763 5322 
854 4907 2254 4957 
855 3828 3830 5388 
856 4188 2504 5386 
857 4062 5276 5571 
858 1377 4055 5212 
859 1102 1057 3782 
860 3582 5285 5349 
861 2748 3494 5657 
862 4758 2642 4907 
863 4525 2977 5249 
864 5509 3512 5541 
865 5100 1252 5134 
866 3416 3612 3957 
867 5285 593 5349 
868 123 3535 5904 
869 1305 1299 4252 
870 3113 433 5553 
871 5049 3084 5382 
872 2690 3030 3563 
873 3414 2531 3680 
874 3106 436 3107 
875 4053 3815 5240 
876 2543 3550 4040 
877 3512 3589 5541 
878 4277 2559 5504 
879 546 3597 5452 
880 2506 2276 4225 
881 5414 3515 5744 
882 198 5414 5744 
883 3529 482 3695 
884 2988 4055 4056 
885 3548 1724 3826 
886 969 3768 5468 
887 2703 2702 3613 
888 3531 3467 4248 
889 368 369 4102 
890 4572 4779 5609 
891 53 54 4178 
892 437 538 5399 
893 515 3127 3128 
894 738 764 4078 
895 3381 5404 5447 
896 1159 3525 3826 
897 480 3061 5565 
898 3571 4891 5686 
899 1297 1603 4252 
900 508 4176 4177 
901 3499 3798 3799 
902 2823 3804 5006 
903 13 515 5367 
904 2504 4188 5069 
905 3531 4248 5053 
906 3126 3438 5420 
907 2545 2876 4312 
908 2532 3447 3680 
909 3087 559 3539 
910 3715 3796 4926 
911 3038 3575 3577 
912 3595 1733 3596 
913 3544 5159 5192 
914 4093 2934 5323 
915 3536 508 4178 
916 2519 2517 5578 
917 3367 4562 5342 
918 4453 5209 5589 
919 4345 4230 5518 
920 4653 5091 5433 
921 3545 3448 5000 
922 851 3657 5306 
923 5282 361 5678 
924 1153 1155 3826 
925 5159 1634 5192 
926 737 4074 4075 
927 3951 1932 5419 
928 393 7 644 
929 392 391 3032 
930 395 394 3366 
931 2468 3670 3909 
932 5430 3519 5875 
933 5000 3448 5043 
934 2060 2473 4265 
935 390 389 3370 
936 553 3849 5085 
937 397 535 3675 
938 2934 4093 5827 
939 1526 4077 5585 
940 3499 3799 3800 
941 2948 3641 5503 
942 3127 560 3129 
943 8 396 3035 
944 1392 3756 5718 
945 3636 3519 5430 
946 3571 3903 4947 
947 517 398 3675 
948 455 3641 3677 
949 3219 4453 5130 
950 3110 534 3111 
951 3542 1203 4701 
952 1535 1349 3852 
953 3721 3719 4290 
954 730 737 4075 
955 387 386 3056 
956 400 399 3060 
957 1686 4975 5488 
958 4077 1526 5636 
959 1203 3542 3653 
960 509 70 3978 
961 3538 2874 3773 
962 572 3087 3299 
963 410 457 3150 
964 480 385 3061 
965 3673 5466 5574 
966 5 462 3061 
967 3069 5086 5494 
968 3094 507 3095 
969 416 415 3135 
970 3115 5553 5684 
971 488 411 3150 
972 3731 3817 5768 
973 3569 546 3598 
974 3216 572 3382 
975 2268 2555 3773 
976 3914 5303 5307 
977 424 456 3172 
978 412 488 3261 
979 3532 547 5695 
980 9 458 3057 
981 536 3206 3573 
982 2581 3519 3636 
983 419 418 3073 
984 5271 1483 5436 
985 557 3069 4007 
986 4985 3333 5040 
987 1582 4985 5040 
988 3165 4430 5135 
989 371 5460 5467 
990 1184 1203 3653 
991 5553 3609 5684 
992 497 12 3261 
993 860 4042 4682 
994 4516 3273 5575 
995 3273 4516 5583 
996 417 13 3092 
997 19 455 3417 
998 5043 3448 5088 
999 3470 4100 5132 
1000 466 3094 3438 
1001 421 14 3347 
1002 5303 3009 5307 
1003 440 439 3080 
1004 413 497 3066 
1005 278 279 3904 
1006 5309 3014 5624 
1007 1763 3748 5322 
1008 624 3861 4969 
1009 5466 611 5574 
1010 474 414 3066 
1011 3347 14 5600 
1012 4042 3568 4682 
1013 2376 3592 5528 
1014 557 406 3069 
1015 762 757 4301 
1016 2874 2266 3773 
1017 1361 5043 5088 
1018 4188 4161 5069 
1019 4079 732 4459 
1020 5378 756 5434 
1021 1305 4252 4253 
1022 1882 4134 4297 
1023 3293 4474 5100 
1024 3592 2376 5655 
1025 3910 3091 5161 
1026 4474 3293 5055 
1027 512 15 3172 
1028 3861 624 5099 
1029 3615 1351 3616 
1030 66 67 4310 
1031 3694 4933 5300 
1032 533 401 3057 
1033 405 564 3069 
1034 2555 3540 3773 
1035 4134 1882 4690 
1036 438 437 3081 
1037 3819 504 4869 
1038 4506 2931 4599 
1039 4974 3136 5411 
1040 2960 3572 3736 
1041 2092 3953 5640 
1042 4453 3219 5209 
1043 18 436 3106 
1044 3591 3056 3592 
1045 420 492 3558 
1046 578 4190 5406 
1047 4135 4134 4690 
1048 3782 3565 3804 
1049 4055 2988 5212 
1050 434 433 3113 
1051 5276 3209 5571 
1052 3900 3023 3942 
1053 1695 1070 3747 
1054 3540 2555 3878 
1055 142 5320 5429 
1056 2830 2475 3601 
1057 1974 4131 4713 
1058 4166 4596 5607 
1059 4499 5554 5635 
1060 5256 1102 5479 
1061 1754 3701 3704 
1062 5253 473 5310 
1063 3572 2960 3737 
1064 595 3939 5925 
1065 3524 565 5146 
1066 631 3619 4150 
1067 3923 2383 5535 
1068 3682 5253 5310 
1069 2288 4547 5387 
1070 3698 1543 3699 
1071 2920 2918 3679 
1072 4335 5749 5831 
1073 543 5346 5403 
1074 1067 1066 3747 
1075 4876 1214 5385 
1076 3748 1392 5718 
1077 2062 2060 4265 
1078 3367 3366 4562 
1079 3460 5378 5434 
1080 5431 3830 5449 
1081 559 3089 3539 
1082 482 3530 3626 
1083 4079 4080 4635 
1084 581 3724 4926 
1085 1693 762 4301 
1086 4143 635 5199 
1087 1901 3551 3810 
1088 1754 3704 5032 
1089 173 4155 5752 
1090 732 4079 4635 
1091 1111 5431 5449 
1092 5482 3951 5543 
1093 3953 2092 5611 
1094 2059 5482 5543 
1095 5749 569 5831 
1096 609 3785 5106 
1097 533 3057 5710 
1098 452 3477 5529 
1099 2999 5279 5304 
1100 2239 1765 3588 
1101 3060 4589 5432 
1102 3608 2761 5845 
1103 2993 3656 4534 
1104 3366 394 5667 
1105 3534 4190 5489 
1106 2468 3909 3910 
1107 5284 3867 5317 
1108 534 443 3505 
1109 2383 3923 5590 
1110 4007 3069 5494 
1111 390 3370 5670 
1112 1256 1350 3919 
1113 608 3510 5792 
1114 4156 576 4158 
1115 3822 2831 5009 
1116 427 559 3087 
1117 3725 1755 4955 
1118 515 432 3127 
1119 4059 3321 5230 
1120 1603 1295 4313 
1121 5279 4544 5304 
1122 698 703 5246 
1123 1102 3804 5479 
1124 3850 539 4988 
1125 1494 3650 5077 
1126 3035 396 5674 
1127 4166 577 4596 
1128 3510 608 5870 
1129 2562 3513 5736 
1130 4289 1693 4299 
1131 2433 5284 5317 
1132 3069 564 5086 
1133 2581 3636 3973 
1134 3078 3894 5347 
1135 5614 527 5833 
1136 4551 4506 4599 
1137 1289 1287 4361 
1138 3568 1671 4682 
1139 3617 1971 3852 
1140 5554 4159 5635 
1141 495 3918 5771 
1142 2931 4506 5023 
1143 448 507 3094 
1144 466 17 3094 
1145 5322 3748 5718 
1146 1671 3568 4059 
1147 5612 2341 5813 
1148 1346 4361 4764 
1149 3894 3078 5298 
1150 1182 1180 3810 
1151 3331 5339 5428 
1152 431 560 3127 
1153 3593 5094 5095 
1154 5094 1691 5095 
1155 572 428 3087 
1156 3785 609 5231 
1157 444 534 3110 
1158 679 681 3851 
1159 5610 3392 5933 
1160 2960 3736 4818 
1161 3371 3392 5610 
1162 4412 5208 5544 
1163 1293 4311 4313 
1164 3624 574 5547 
1165 5774 617 5807 
1166 5747 4304 5791 
1167 441 3417 5745 
1168 536 445 3206 
1169 3172 456 5654 
1170 2898 5747 5791 
1171 1882 4297 5057 
1172 3554 3520 3651 
1173 2566 2239 3588 
1174 1540 870 4172 
1175 4299 1693 4301 
1176 16 572 3216 
1177 2854 4551 4599 
1178 507 447 3464 
1179 560 430 3780 
1180 495 441 5745 
1181 3830 1725 5388 
1182 517 3675 5430 
1183 4158 576 4159 
1184 5128 3034 5670 
1185 3067 3880 5332 
1186 358 359 3770 
1187 3900 543 5163 
1188 3361 3559 5380 
1189 20 3110 3206 
1190 3461 5774 5807 
1191 3452 3451 5848 
1192 3183 4275 5245 
1193 446 536 3464 
1194 5512 4027 5537 
1195 3579 3580 5283 
1196 3462 3463 5869 
1197 3013 5319 5338 
1198 1867 3722 4955 
1199 3241 5345 5396 
1200 4171 1540 4172 
1201 1632 5354 5601 
1202 3736 2462 4818 
1203 2909 3743 5448 
1204 538 3106 3327 
1205 5404 2425 5447 
1206 3054 3053 5210 
1207 1053 1210 3781 
1208 3643 5271 5436 
1209 5319 4581 5338 
1210 3333 2763 5108 
1211 3654 3331 5428 
1212 3570 3571 4947 
1213 5345 544 5396 
1214 1420 1543 3698 
1215 782 5548 5641 
1216 4184 2652 5224 
1217 1901 1178 3553 
1218 3553 4053 5240 
1219 2973 2865 4360 
1220 3643 3650 5271 
1221 5351 3450 5391 
1222 3849 3727 5085 
1223 349 5297 5489 
1224 3969 5268 5287 
1225 5487 3778 5654 
1226 4297 4130 5057 
1227 3637 1620 3638 
1228 3549 1582 4876 
1229 2792 4312 4764 
1230 3727 3849 3850 
1231 3737 1159 4797 
1232 1210 3564 3781 
1233 4080 1658 4635 
1234 1136 5512 5537 
1235 522 4882 5462 
1236 3753 1658 4080 
1237 3073 418 5715 
1238 3961 5282 5678 
1239 3520 2902 3651 
1240 4258 2649 5588 
1241 3393 3976 5892 
1242 537 3570 4947 
1243 3408 4598 5406 
1244 5731 3940 5821 
1245 310 311 4478 
1246 2626 5007 5146 
1247 3613 2702 3771 
1248 635 4143 5899 
1249 534 3505 5116 
1250 442 495 5771 
1251 1724 3548 4872 
1252 4030 4029 5389 
1253 3679 2918 3858 
1254 4131 4661 4713 
1255 5040 3333 5108 
1256 3674 3669 5513 
1257 3121 3668 3674 
1258 3450 2490 5391 
1259 3724 3797 4290 
1260 1705 5090 5097 
1261 1255 1235 3622 
1262 3819 4869 5961 
1263 3541 615 5211 
1264 1442 3546 5454 
1265 5090 3561 5097 
1266 462 400 5432 
1267 2932 2931 5023 
1268 3505 442 5771 
1269 1305 4253 5881 
1270 1858 3742 5075 
1271 527 6 5833 
1272 3544 1252 5159 
1273 1252 3544 5134 
1274 3038 3577 3578 
1275 3080 439 5727 
1276 3885 3886 5392 
1277 3034 5128 5350 
1278 2467 2468 3910 
1279 5320 3523 5429 
1280 4274 5309 5624 
1281 5213 1211 5516 
1282 3452 3822 5009 
1283 4589 5296 5432 
1284 3651 2902 3652 
1285 1387 1755 4788 
1286 2950 2948 5503 
1287 3540 3878 4664 
1288 3880 3067 5373 
1289 388 524 5833 
1290 458 416 5442 
1291 2566 3522 3586 
1292 4988 539 5197 
1293 3976 3393 5908 
1294 1755 3728 4788 
1295 3314 5439 5614 
1296 3940 570 5821 
1297 4099 1326 4100 
1298 3656 1579 4534 
1299 2859 3701 5073 
1300 2676 2675 3858 
1301 693 4046 4047 
1302 4212 753 5626 
1303 1600 3581 4046 
1304 1106 3836 5401 
1305 3677 3641 5539 
1306 3327 3517 5621 
1307 4045 751 5777 
1308 3885 5392 5402 
1309 5626 753 5629 
1310 819 5079 5096 
1311 5079 4300 5096 
1312 3587 3070 5375 
1313 3420 3554 3651 
1314 409 11 5756 
1315 1971 1535 3852 
1316 1902 1385 4788 
1317 132 133 3695 
1318 3111 534 5448 
1319 456 5487 5654 
1320 3676 580 5004 
1321 3043 5410 5651 
1322 2954 5049 5382 
1323 2902 2903 3652 
1324 5376 3143 5499 
1325 11 3251 5756 
1326 751 4045 5804 
1327 5460 3479 5467 
1328 408 407 5761 
1329 5268 1112 5287 
1330 3509 3302 5107 
1331 3800 1101 5232 
1332 3512 3277 5481 
1333 3616 1351 3622 
1334 3812 3451 5660 
1335 1582 3549 4985 
1336 3724 3717 4926 
1337 4701 2574 4794 
1338 4275 3183 5308 
1339 504 3854 5361 
1340 3414 3680 5947 
1341 606 4350 5258 
1342 2932 5023 5191 
1343 3373 408 5761 
1344 3135 474 5805 
1345 4078 764 4887 
1346 3047 5277 5464 
1347 3065 3064 5334 
1348 2990 4359 4360 
1349 5001 3173 5044 
1350 3546 1442 5790 
1351 3277 3512 5509 
1352 3023 3900 5163 
1353 3680 3919 5947 
1354 3606 4861 5051 
1355 5271 3650 5789 
1356 3714 3715 4926 
1357 588 3648 3695 
1358 1724 1153 3826 
1359 2606 2607 4253 
1360 5506 4430 5604 
1361 2517 5129 5578 
1362 403 402 5783 
1363 4312 1346 4764 
1364 3559 25 5380 
1365 3790 2368 3791 
1366 508 53 4178 
1367 4991 3135 5805 
1368 3552 1901 3553 
1369 3708 3732 5906 
1370 5758 1993 5764 
1371 5277 3299 5464 
1372 594 5164 5265 
1373 2368 3790 3792 
1374 620 4457 5226 
1375 526 4286 5819 
1376 1361 3561 5090 
1377 3631 1579 3656 
1378 696 1600 4046 
1379 3668 3121 5084 
1380 4496 1578 4565 
1381 3719 3724 4290 
1382 54 631 4178 
1383 4359 2990 4361 
1384 3256 5289 5425 
1385 3572 3737 4797 
1386 3803 2652 4047 
1387 4254 2818 5847 
1388 3573 3384 5954 
1389 3578 5511 5586 
1390 3730 3731 5141 
1391 3613 2476 4578 
1392 3624 3079 5395 
1393 3553 1098 4053 
1394 3660 3672 4987 
1395 4412 3064 5208 
1396 1186 3653 5044 
1397 3474 4730 5820 
1398 1671 4059 5230 
1399 1391 1867 4955 
1400 1351 3615 3852 
1401 870 868 4172 
1402 3072 403 5783 
1403 2495 5506 5604 
1404 4730 3474 5857 
1405 3730 1902 4788 
1406 2359 2357 3754 
1407 5163 543 5403 
1408 4122 823 4288 
1409 573 3661 3662 
1410 1858 3605 5051 
1411 1155 1159 3826 
1412 3600 2830 3601 
1413 1059 1102 5256 
1414 1502 3642 5436 
1415 1755 1389 4955 
1416 3501 558 5896 
1417 3656 2993 3858 
1418 1537 3509 5876 
1419 3787 3788 5112 
1420 3653 2971 5044 
1421 3521 638 5471 
1422 3701 1754 5073 
1423 2368 2088 3791 
1424 534 5116 5448 
1425 5057 4130 5187 
1426 5690 3847 5721 
1427 3451 3812 5848 
1428 3547 529 5386 
1429 636 3556 5460 
1430 3575 3038 5674 
1431 3691 3694 5300 
1432 2088 2091 3791 
1433 3660 2347 3672 
1434 675 677 3901 
1435 1971 3617 5798 
1436 3561 1361 5088 
1437 3206 3110 5242 
1438 3518 5758 5764 
1439 4975 4029 5488 
1440 4096 3847 5690 
1441 4105 4174 5201 
1442 615 3541 5960 
1443 359 453 3770 
1444 1659 876 4296 
1445 3630 3889 4642 
1446 3221 4138 5294 
1447 4500 2586 5554 
1448 540 4493 5003 
1449 526 66 4310 
1450 2865 2990 4360 
1451 3513 3364 5806 
1452 3539 3089 5210 
1453 5270 2179 5348 
1454 3028 3771 3787 
1455 631 4150 4178 
1456 5840 5255 5950 
1457 2703 3613 4578 
1458 517 5430 5875 
1459 3889 3211 4642 
1460 116 117 3676 
1461 1349 1351 3852 
1462 5549 4405 5709 
1463 2383 3926 5535 
1464 558 3501 5910 
1465 4295 1659 4296 
1466 3595 3668 5084 
1467 3464 536 5255 
1468 3727 3850 4988 
1469 2098 5700 5725 
1470 4747 3547 5386 
1471 4046 3803 4047 
1472 819 3593 5079 
1473 5410 3774 5651 
1474 3064 4412 5334 
1475 4057 1355 5264 
1476 4601 3888 5080 
1477 3619 631 4348 
1478 3509 1537 5698 
1479 2635 3671 5363 
1480 4130 4131 5187 
1481 2690 3563 4966 
1482 2347 3660 3681 
1483 3566 1634 5213 
1484 3759 3270 4037 
1485 2459 2462 5064 
1486 4247 3167 5060 
1487 3499 3800 5232 
1488 524 3591 5394 
1489 3167 2761 5622 
1490 3549 4876 5385 
1491 67 621 4310 
1492 4173 3085 5144 
1493 1634 3566 5192 
1494 3502 2569 5927 
1495 3311 5556 5567 
1496 3607 3243 5105 
1497 1112 3886 5287 
1498 3648 588 3734 
1499 1351 1255 3622 
1500 1693 4289 4563 
1501 3836 1106 5802 
1502 3630 2153 4174 
1503 564 3070 5376 
1504 2569 3502 5415 
1505 3028 3613 3771 
1506 2652 3803 5224 
1507 4091 5579 5587 
1508 2153 3630 4642 
1509 1733 3594 5281 
1510 1203 1182 3810 
1511 5639 4501 5728 
1512 5530 3210 5643 
1513 3652 2903 3678 
1514 3988 1705 5368 
1515 5354 3332 5601 
1516 1579 3631 3907 
1517 1350 1883 3919 
1518 3738 2600 3764 
1519 3214 3215 5249 
1520 3241 3937 5345 
1521 3312 3311 5567 
1522 5612 4837 5834 
1523 3386 5495 5533 
1524 1540 4171 4173 
1525 2618 3902 4718 
1526 1667 4198 4200 
1527 2345 5137 5417 
1528 3817 4739 5768 
1529 433 466 5553 
1530 3589 1590 5541 
1531 3672 3516 4987 
1532 4069 4234 5765 
1533 3593 819 5094 
1534 584 3626 3627 
1535 4015 5612 5834 
1536 541 4974 5411 
1537 5515 4705 5680 
1538 129 584 5346 
1539 451 4405 5549 
1540 1620 3637 3901 
1541 3807 3351 5457 
1542 4562 2172 5342 
1543 4234 4069 5799 
1544 3562 610 5326 
1545 5277 3045 5572 
1546 1346 1289 4361 
1547 681 698 3851 
1548 4300 4301 5118 
1549 2462 3736 5064 
1550 5405 5311 5756 
1551 2831 3822 4702 
1552 5548 3390 5641 
1553 3751 2470 5161 
1554 5096 4300 5118 
1555 2832 4825 5028 
1556 482 132 3695 
1557 25 3559 5909 
1558 767 765 4563 
1559 2245 2527 3672 
1560 2669 3112 4183 
1561 1270 3907 5104 
1562 538 3327 5621 
1563 758 763 4385 
1564 3009 3877 5307 
1565 5393 4040 5809 
1566 1180 1901 3810 
1567 3268 5639 5728 
1568 3550 2543 4966 
1569 3851 698 5246 
1570 3734 3436 4973 
1571 3122 3699 5919 
1572 507 3464 5840 
1573 4497 623 4551 
1574 2998 2359 3754 
1575 571 3486 5872 
1576 3678 1581 4819 
1577 1512 1256 3919 
1578 560 3780 5836 
1579 4196 4198 4831 
1580 1422 1420 3698 
1581 4825 2994 5028 
1582 3682 593 5285 
1583 2473 4264 4265 
1584 133 588 3695 
1585 1162 3825 3891 
1586 1620 679 3851 
1587 3378 5393 5809 
1588 3837 1111 5449 
1589 2559 3564 5618 
1590 2338 3926 5521 
1591 3923 3927 5645 
1592 2553 5666 5682 
1593 3949 3870 3953 
1594 3786 3362 5262 
1595 4198 1667 4831 
1596 5495 111 5533 
1597 2347 2245 3672 
1598 3605 3606 5051 
1599 1287 4359 4361 
1600 600 3759 4037 
1601 5143 4094 5214 
1602 3935 3928 3955 
1603 4029 4975 5389 
1604 5472 1441 5627 
1605 2930 2961 4100 
1606 5699 4070 5732 
1607 4407 5025 5551 
1608 5590 3923 5645 
1609 2959 3525 3737 
1610 3786 1702 5181 
1611 5263 4615 5316 
1612 1494 5077 5238 
1613 2956 2953 4909 
1614 3648 3734 4973 
1615 3926 2383 5521 
1616 4146 3533 4147 
1617 4351 4604 5384 
1618 3112 4182 4183 
1619 3003 3786 5181 
1620 3968 3887 3994 
1621 5700 3503 5725 
1622 1580 4834 4878 
1623 3485 3676 5004 
1624 3796 581 4926 
1625 817 809 3666 
1626 3870 3949 3952 
1627 5340 3991 5658 
1628 2721 3739 3740 
1629 3597 634 5452 
1630 5171 3387 5798 
1631 3832 3834 3837 
1632 3586 556 5486 
1633 2721 2592 3739 
1634 3638 1620 3851 
1635 3817 3731 5948 
1636 3525 3548 3826 
1637 4929 5697 5707 
1638 876 874 4296 
1639 5439 527 5614 
1640 700 3663 3902 
1641 571 116 3676 
1642 971 1107 5962 
1643 3796 3715 5949 
1644 5141 3731 5768 
1645 1616 3956 4541 
1646 476 3602 5247 
1647 5504 2559 5618 
1648 5218 3258 5416 
1649 55 56 4348 
1650 311 511 4478 
1651 851 817 3666 
1652 5673 2192 5681 
1653 3342 4914 5158 
1654 3747 3493 4957 
1655 3824 1659 4295 
1656 2671 2669 4183 
1657 3251 5405 5756 
1658 593 3682 5310 
1659 3212 3664 5514 
1660 2918 2676 3858 
1661 117 580 3676 
1662 3436 3734 4815 
1663 3605 1858 5075 
1664 2960 2959 3737 
1665 4040 3550 5809 
1666 3010 2347 3681 
1667 5091 2345 5417 
1668 4344 4343 5542 
1669 5029 4643 5511 
1670 3479 3477 5467 
1671 5808 3423 5838 
1672 1102 3782 3804 
1673 2728 5176 5223 
1674 5822 3483 5853 
1675 5648 3557 5755 
1676 3563 3030 5805 
1677 5297 3534 5489 
1678 628 310 4478 
1679 4288 823 4563 
1680 5178 4258 5588 
1681 5292 3543 5733 
1682 3566 5213 5516 
1683 3647 633 5022 
1684 3663 700 3901 
1685 3956 3344 4541 
1686 2281 3603 5560 
1687 4102 452 5529 
1688 3382 5277 5572 
1689 3622 1235 4601 
1690 3556 636 5767 
1691 2224 2344 3833 
1692 1902 3730 5141 
1693 145 5648 5755 
1694 2675 3656 3858 
1695 496 3582 5349 
1696 4167 4166 5607 
1697 4398 4397 4880 
1698 3971 3970 5056 
1699 3761 580 3763 
1700 4138 3221 5917 
1701 4433 1830 5008 
1702 3542 4701 4794 
1703 5164 3632 5265 
1704 3089 3091 5210 
1705 5105 3243 5207 
1706 2607 3419 4253 
1707 4201 3390 5548 
1708 4052 3997 5110 
1709 1208 5822 5853 
1710 1344 4181 4956 
1711 3112 4181 4182 
1712 5107 3302 5586 
1713 5437 1435 5522 
1714 2973 4360 4496 
1715 3464 5255 5840 
1716 3564 1210 5618 
1717 3423 3424 5838 
1718 2167 3767 5760 
1719 5243 4920 5337 
1720 3205 4496 4565 
1721 529 3547 5915 
1722 3595 3596 3668 
1723 4643 5029 5766 
1724 5450 3457 5580 
1725 1804 1802 4364 
1726 2748 3840 5239 
1727 5676 1987 5723 
1728 4223 1172 5440 
1729 473 3632 5164 
1730 5440 1172 5468 
1731 3767 2167 5778 
1732 3070 3587 5376 
1733 3739 2592 3741 
1734 3902 3663 4718 
1735 910 907 4763 
1736 5666 4426 5682 
1737 3133 3756 5382 
1738 3693 1382 5169 
1739 3587 3143 5376 
1740 3322 4042 5306 
1741 3687 1028 3689 
1742 4251 2606 4253 
1743 1838 1323 4888 
1744 1115 3971 5056 
1745 1345 5699 5732 
1746 5579 2568 5587 
1747 4328 5492 5527 
1748 2840 4107 5059 
1749 3652 3678 4819 
1750 3685 4330 5884 
1751 3662 2518 5650 
1752 3167 4247 5290 
1753 3743 2324 3764 
1754 4224 2506 4225 
1755 1654 4398 4880 
1756 429 3216 5882 
1757 3877 3009 5335 
1758 3679 1377 5212 
1759 3670 2468 4035 
1760 3658 5673 5681 
1761 639 3960 5678 
1762 3751 5161 5275 
1763 3780 429 5882 
1764 2382 5921 5922 
1765 3891 3825 4527 
1766 4262 5530 5643 
1767 1590 3589 5829 
1768 3617 5171 5798 
1769 823 4122 4738 
1770 3742 2324 3743 
1771 3139 4120 4121 
1772 3950 3947 5419 
1773 2518 3662 5757 
1774 1805 1807 5074 
1775 2130 4201 5606 
1776 677 1620 3901 
1777 3622 4601 5080 
1778 2999 4536 5279 
1779 3028 3787 5112 
1780 3683 1814 4433 
1781 3423 4441 5781 
1782 5045 3848 5375 
1783 2056 1384 3693 
1784 3721 4290 5085 
1785 4360 1578 4496 
1786 68 69 4368 
1787 3558 2998 5600 
1788 4869 504 5361 
1789 3832 3833 3834 
1790 3585 2416 5644 
1791 5007 3524 5146 
1792 4174 2153 5201 
1793 3445 2382 5922 
1794 4711 5341 5381 
1795 905 903 4864 
1796 4810 5584 5664 
1797 2876 3511 4313 
1798 4536 2999 5257 
1799 3555 3567 5647 
1800 3874 3873 4629 
1801 771 769 4738 
1802 580 3761 5004 
1803 230 504 3819 
1804 1028 3687 3765 
1805 3618 2807 5497 
1806 3834 3836 3837 
1807 4363 1804 4364 
1808 149 537 4947 
1809 1647 1645 4690 
1810 5262 3362 5313 
1811 3689 1028 4558 
1812 2721 3740 3891 
1813 3769 2384 4854 
1814 3567 3555 5693 
1815 3648 3529 3695 
1816 4247 475 5290 
1817 3173 4832 5044 
1818 3833 2344 3834 
1819 3061 3062 3291 
1820 3062 462 3063 
1821 563 3072 5045 
1822 700 675 3901 
1823 3686 996 4054 
1824 2036 3802 4531 
1825 3802 3207 4531 
1826 3792 4085 4628 
1827 4276 756 5321 
1828 3551 2574 4701 
1829 1521 2324 3742 
1830 4441 3423 5808 
1831 824 5301 5390 
1832 2368 3792 4628 
1833 3801 3799 3872 
1834 2944 2957 3677 
1835 4110 4085 4894 
1836 3757 2688 4422 
1837 1667 4200 4385 
1838 3799 2043 3872 
1839 566 3776 4995 
1840 4181 3112 4956 
1841 2324 1523 3738 
1842 3458 5503 5727 
1843 3278 3543 5469 
1844 1763 1393 3748 
1845 1384 1382 3693 
1846 3926 2338 5863 
1847 3636 3042 3973 
1848 3955 3928 4231 
1849 5422 4733 5470 
1850 2648 3871 4623 
1851 471 3869 3952 
1852 5289 4561 5425 
1853 5356 4376 5365 
1854 4376 1774 5365 
1855 2180 1397 3745 
1856 2593 3808 5066 
1857 3756 3692 4909 
1858 4085 3792 4894 
1859 5697 583 5707 
1860 2984 5243 5337 
1861 4897 2050 5972 
1862 10 404 5879 
1863 1424 1422 3696 
1864 584 3628 5346 
1865 2691 3757 4422 
1866 1659 3824 4595 
1867 3058 458 3059 
1868 2648 2647 3871 
1869 5356 2896 5455 
1870 3103 3611 4980 
1871 3642 1502 5933 
1872 1399 2180 3752 
1873 3139 4121 4793 
1874 2440 2439 5620 
1875 4121 4175 4793 
1876 3994 3887 4354 
1877 3396 3874 4629 
1878 4301 757 5118 
1879 5620 2439 5625 
1880 3535 3661 5904 
1881 3645 5515 5680 
1882 1251 1254 3907 
1883 2472 2469 5552 
1884 941 4553 4936 
1885 2382 2042 5921 
1886 449 3614 5042 
1887 3625 3537 4714 
1888 3683 4433 5008 
1889 4201 2130 5592 
1890 3352 5557 5561 
1891 2740 3769 4854 
1892 3205 2486 5109 
1893 3602 2571 3744 
1894 5485 800 5559 
1895 626 4340 4341 
1896 1172 967 5468 
1897 3825 1162 4595 
1898 3556 3744 4241 
1899 3061 3291 5565 
1900 4090 5676 5723 
1901 3696 1422 3698 
1902 1392 1388 3755 
1903 3697 3122 5261 
1904 3614 449 5830 
1905 782 758 4385 
1906 2513 5593 5594 
1907 765 1693 4563 
1908 4290 553 5085 
1909 3243 3607 5715 
1910 4485 910 4763 
1911 4021 1580 4878 
1912 4108 4353 4367 
1913 996 3686 4618 
1914 2324 3738 3764 
1915 4576 5061 5092 
1916 2665 2663 4244 
1917 3390 4201 5592 
1918 4498 4497 4551 
1919 2953 2954 4909 
1920 3867 3276 5214 
1921 2226 2224 3833 
1922 3691 3693 3694 
1923 3869 3870 3952 
1924 2739 3741 3794 
1925 3905 5105 5207 
1926 783 4193 4194 
1927 2638 3555 5647 
1928 610 3562 5963 
1929 3603 2281 5883 
1930 2663 3160 4244 
1931 1543 3807 5457 
1932 3166 4906 5047 
1933 2272 2274 4226 
1934 3023 2626 5146 
1935 4881 3163 5462 
1936 3070 10 5879 
1937 3306 5176 5206 
1938 3808 3217 5066 
1939 2828 3758 4011 
1940 4834 3902 4878 
1941 1982 1984 4030 
1942 485 3649 5801 
1943 1802 1805 4364 
1944 3454 3940 5968 
1945 3872 1838 4888 
1946 226 539 3850 
1947 3084 3133 5382 
1948 3757 2691 4347 
1949 2274 2506 4226 
1950 3532 3534 5297 
1951 1814 3683 4434 
1952 4439 4918 4943 
1953 549 3684 3685 
1954 3427 5340 5658 
1955 3079 3624 5547 
1956 2993 3679 3858 
1957 219 552 3897 
1958 5061 2136 5092 
1959 3779 2403 4968 
1960 460 3623 5383 
1961 3372 5598 5609 
1962 763 1667 4385 
1963 4634 2133 5518 
1964 823 767 4563 
1965 4353 3962 4367 
1966 3722 3725 4955 
1967 3942 3023 5146 
1968 768 770 4203 
1969 3889 3890 5519 
1970 903 3765 4864 
1971 3372 3805 5598 
1972 3623 460 5418 
1973 1540 4173 5144 
1974 4338 4337 5939 
1975 2739 3739 3741 
1976 3762 1677 4886 
1977 4918 1656 4943 
1978 523 3735 4113 
1979 1203 3810 4701 
1980 540 5003 5720 
1981 3160 4242 4243 
1982 3734 588 4814 
1983 2147 2600 3738 
1984 4239 4208 4959 
1985 3160 4243 4244 
1986 1738 4984 5205 
1987 2416 3585 5701 
1988 631 55 4348 
1989 3131 3914 5270 
1990 3533 4146 4422 
1991 3801 3872 4888 
1992 4203 4196 4831 
1993 2721 3891 4527 
1994 3335 4054 4095 
1995 4539 857 4774 
1996 3871 2647 4783 
1997 2840 4106 4107 
1998 4832 3173 5200 
1999 1897 3567 5693 
2000 783 4194 4203 
2001 2403 1170 4968 
2002 623 4506 4551 
2003 3492 5472 5627 
2004 588 134 4814 
2005 3902 2618 4878 
2006 3276 5143 5214 
2007 857 3775 4214 
2008 3659 3666 3667 
2009 3641 2948 5539 
2010 4120 3139 4738 
2011 4398 4903 4908 
2012 841 857 4214 
2013 575 120 3774 
2014 2647 3814 4783 
2015 4054 996 4095 
2016 4330 3685 5669 
2017 699 1575 5195 
2018 580 118 3763 
2019 4289 4288 4563 
2020 2968 3306 5206 
2021 4903 909 4908 
2022 3853 4683 4702 
2023 3632 473 5253 
2024 2926 4057 5264 
2025 1190 4832 5200 
2026 4633 3475 5880 
2027 2957 3916 3917 
2028 2022 4052 5110 
2029 4746 2576 5081 
2030 502 3373 5119 
2031 423 422 5889 
2032 1376 4242 4760 
2033 2128 1948 3990 
2034 3771 858 3787 
2035 3846 3842 4005 
2036 4051 3689 4558 
2037 56 523 4348 
2038 903 901 3765 
2039 3886 1112 5392 
2040 3760 917 4483 
2041 4016 4019 5517 
2042 5290 475 5438 
2043 2807 3618 5859 
2044 3539 3053 5785 
2045 917 3760 4482 
2046 3649 485 5843 
2047 2616 4236 5835 
2048 1580 4021 4204 
2049 3560 3304 5478 
2050 5321 756 5378 
2051 565 3942 5146 
2052 3611 3103 5950 
2053 3824 3825 4595 
2054 563 5045 5375 
2055 3783 2128 3990 
2056 229 230 3819 
2057 912 910 4485 
2058 703 1658 5246 
2059 3816 586 3817 
2060 3907 3631 5104 
2061 4361 2990 4764 
2062 544 139 3793 
2063 3585 4086 5701 
2064 1713 1715 4600 
2065 3960 3961 5678 
2066 4242 3160 4760 
2067 223 553 3797 
2068 221 581 3796 
2069 3248 2472 5538 
2070 3013 4544 5319 
2071 3678 4539 4774 
2072 5492 3400 5527 
2073 3645 4279 5515 
2074 3131 5270 5348 
2075 4081 4082 5082 
2076 3937 3241 5946 
2077 465 4137 4138 
2078 4140 3750 5928 
2079 1716 4202 5763 
2080 3847 2111 5721 
2081 3784 3991 3992 
2082 537 3811 3812 
2083 3759 600 4951 
2084 422 3431 5889 
2085 3961 3962 5282 
2086 4364 1805 5074 
2087 1984 4028 4030 
2088 3840 2748 4112 
2089 2206 2204 4590 
2090 3629 614 5453 
2091 4107 1956 5059 
2092 4914 4449 5158 
2093 3835 3882 3883 
2094 2982 5263 5316 
2095 4362 1804 4363 
2096 3670 3908 3909 
2097 621 68 4368 
2098 5584 561 5664 
2099 3418 5376 5499 
2100 3016 4351 5384 
2101 2437 1982 4030 
2102 3321 4172 5230 
2103 901 1028 3765 
2104 3163 3857 5462 
2105 3694 3693 5169 
2106 3953 2059 5543 
2107 126 3900 3942 
2108 1360 2025 3823 
2109 1963 3859 3862 
2110 216 542 3809 
2111 2826 2831 4702 
2112 2439 2620 5844 
2113 537 150 3811 
2114 3792 3790 5017 
2115 3020 3018 4173 
2116 1254 1579 3907 
2117 4544 3013 5304 
2118 2636 3868 4049 
2119 769 823 4738 
2120 770 783 4203 
2121 688 690 4047 
2122 1358 4911 4920 
2123 4977 914 5012 
2124 2146 4195 5605 
2125 3489 3670 4035 
2126 2688 3533 4422 
2127 914 4576 5012 
2128 1415 1414 3807 
2129 3027 3362 3786 
2130 2623 2621 4434 
2131 2147 2148 2598 
2132 228 586 3816 
2133 584 3627 3628 
2134 2430 4239 4959 
2135 214 583 3820 
2136 249 505 3936 
2137 2117 2328 3855 
2138 3785 3784 3992 
2139 3864 1881 4600 
2140 2905 2908 3918 
2141 3794 1669 4570 
2142 907 941 4763 
2143 4150 3536 4178 
2144 4183 1270 5104 
2145 4269 4482 4898 
2146 1948 2252 3990 
2147 1581 3678 4774 
2148 4906 3980 5047 
2149 3692 2956 4909 
2150 1705 5097 5368 
2151 3749 1107 3750 
2152 3689 4051 4489 
2153 582 152 3821 
2154 3051 3054 3908 
2155 79 80 4137 
2156 3567 1897 5724 
2157 1565 3610 5750 
2158 3815 2403 5240 
2159 4683 2826 4702 
2160 3827 2424 3828 
2161 1480 1475 1517 
2162 3873 1837 4629 
2163 2775 4043 4533 
2164 451 3654 5428 
2165 1190 5200 5300 
2166 1645 1896 4690 
2167 1559 2636 4049 
2168 1342 3814 4266 
2169 2343 3795 4454 
2170 4131 1974 5187 
2171 3680 1512 3919 
2172 2840 3881 4106 
2173 69 509 4368 
2174 3294 3778 3855 
2175 3788 3791 5112 
2176 2147 2598 2600 
2177 3445 4294 5769 
2178 909 4439 4908 
2179 556 3586 5762 
2180 3771 2702 4443 
2181 1270 1251 3907 
2182 4925 4103 5175 
2183 4555 2829 4630 
2184 2228 2226 3831 
2185 4252 4251 4253 
2186 2216 3994 4354 
2187 4037 5218 5416 
2188 2857 2859 5073 
2189 2829 2784 4630 
2190 4043 3999 4533 
2191 3650 1494 5789 
2192 3784 3990 3991 
2193 4778 3372 5609 
2194 3881 2158 4106 
2195 3052 3051 3908 
2196 2521 2519 3005 
2197 4763 941 4936 
2198 1525 2147 3738 
2199 4347 2691 4365 
2200 1656 4492 4943 
2201 5593 3934 5594 
2202 212 513 3841 
2203 1324 1837 3873 
2204 3995 2690 4966 
2205 2764 3335 4821 
2206 2128 3783 3993 
2207 1669 3794 4051 
2208 1523 1525 3738 
2209 858 3771 4443 
2210 3869 471 4753 
2211 3835 2344 3882 
2212 4162 3383 5563 
2213 3668 3596 3669 
2214 1512 3545 5967 
2215 2739 3794 4570 
2216 3859 1963 4676 
2217 2780 3762 4886 
2218 858 2109 3787 
2219 880 878 4595 
2220 2246 2089 3963 
2221 1882 1647 4690 
2222 2333 2284 3916 
2223 3831 2226 3833 
2224 2698 4362 4363 
2225 500 154 3853 
2226 1575 3838 5195 
2227 1723 2102 4791 
2228 2045 2436 3875 
2229 2305 3587 3848 
2230 2967 4031 4033 
2231 3911 4905 4942 
2232 3874 3396 5617 
2233 4905 1169 4942 
2234 3012 3974 4420 
2235 2111 3847 5873 
2236 4894 3792 5017 
2237 2230 2424 3827 
2238 1655 1504 3957 
2239 2659 2657 3898 
2240 1032 1030 4574 
2241 4621 3254 5098 
2242 1616 1154 5179 
2243 3197 3859 4676 
2244 3139 771 4738 
2245 4751 2943 5016 
2246 5538 2472 5552 
2247 1093 1097 3815 
2248 2102 2581 3972 
2249 4397 3769 4880 
2250 3969 3971 5235 
2251 4439 909 4918 
2252 1393 1390 3748 
2253 523 4113 4348 
2254 2244 2832 5196 
2255 3169 4211 4212 
2256 2698 4003 4362 
2257 2957 2333 3916 
2258 3797 553 4290 
2259 3744 3963 4241 
2260 772 774 4699 
2261 3335 4095 4821 
2262 1525 2040 2147 
2263 1984 1986 4028 
2264 3941 2736 4802 
2265 2328 3294 3855 
2266 232 594 3854 
2267 590 3856 3857 
2268 4051 3795 4489 
2269 917 912 4485 
2270 4482 3760 4898 
2271 3813 2090 4164 
2272 2748 2353 4112 
2273 1575 4184 5224 
2274 3972 2581 3973 
2275 4861 1315 5051 
2276 2765 4050 5010 
2277 590 108 3856 
2278 1388 1386 3755 
2279 4492 1656 4977 
2280 2314 4024 4025 
2281 3974 2723 4420 
2282 4113 3619 4348 
2283 3949 3944 3952 
2284 2314 4025 4026 
2285 1101 3800 4989 
2286 2795 3979 3980 
2287 839 841 4214 
2288 4372 1145 4466 
2289 3310 5241 5244 
2290 2090 3813 4241 
2291 4492 4977 5012 
2292 244 3955 4231 
2293 5176 3306 5223 
2294 1519 1521 3742 
2295 2644 4279 4280 
2296 496 3929 3930 
2297 4338 2756 4339 
2298 3914 3131 5303 
2299 4031 3361 4033 
2300 4911 3762 4920 
2301 3463 5191 5869 
2302 1418 1415 3807 
2303 127 543 3900 
2304 3708 3711 3732 
2305 1864 1838 3872 
2306 3642 3643 5436 
2307 1093 3815 4053 
2308 2043 1864 3872 
2309 3920 3921 3924 
2310 1395 1393 1763 
2311 935 5241 5266 
2312 2480 3310 5244 
2313 3735 523 5018 
2314 1500 1495 1503 
2315 3775 857 4539 
2316 1521 1523 2324 
2317 3776 3455 3777 
2318 1367 1519 1858 
2319 3687 3138 3765 
2320 1476 1475 1480 
2321 1481 1480 1502 
2322 3129 560 3244 
2323 2319 1899 3823 
2324 941 905 4864 
2325 3814 1342 4783 
2326 2828 3848 5045 
2327 1668 3941 4802 
2328 4122 4120 4738 
2329 4212 3312 5567 
2330 2599 2987 3384 
2331 3800 3799 3801 
2332 4082 2879 5082 
2333 602 4017 4018 
2334 3085 4296 5144 
2335 4193 783 4699 
2336 1399 1397 2180 
2337 3699 1543 5457 
2338 2833 3970 4590 
2339 4257 2649 4258 
2340 4496 3205 5109 
2341 1493 1491 1494 
2342 1403 1401 1845 
2343 2705 5237 5252 
2344 1193 1195 3839 
2345 642 5202 5607 
2346 1039 1165 3876 
2347 542 3895 3896 
2348 3802 2036 4946 
2349 471 209 4753 
2350 1401 1399 3752 
2351 5625 2439 5844 
2352 1390 1388 1392 
2353 3931 3932 3934 
2354 1043 1555 3879 
2355 2715 4084 4110 
2356 3957 3612 5905 
2357 4398 1654 4903 
2358 500 3853 4702 
2359 1934 1930 4454 
2360 4371 1145 4372 
2361 3610 1565 5787 
2362 4553 941 4864 
2363 1504 1503 3957 
2364 3842 3841 4005 
2365 469 3893 3894 
2366 1543 1418 3807 
2367 5563 3383 5577 
2368 690 693 4047 
2369 1845 1401 3752 
2370 4171 3020 4173 
2371 465 79 4137 
2372 1397 1395 3745 
2373 2089 2090 3963 
2374 587 156 3899 
2375 3895 218 3897 
2376 119 575 3763 
2377 5286 4509 5528 
2378 784 3583 5739 
2379 2117 3855 4218 
2380 4019 601 5671 
2381 3908 3054 3909 
2382 2102 3972 4791 
2383 358 3770 5500 
2384 3106 3107 3108 
2385 4244 1344 4956 
2386 2920 3679 5212 
2387 475 4378 5438 
2388 3590 5644 5829 
2389 469 106 3893 
2390 121 573 3774 
2391 3795 2343 4489 
2392 3051 3049 3053 
2393 4281 4292 4924 
2394 2384 2765 4854 
2395 3849 225 3850 
2396 4135 1896 5377 
2397 3834 2344 3835 
2398 1323 1206 4888 
2399 2490 2020 3906 
2400 3292 2648 5065 
2401 836 839 4838 
2402 667 669 4204 
2403 3898 2657 4034 
2404 2344 2222 3882 
2405 3471 2629 3892 
2406 4825 3828 5388 
2407 1420 1418 1543 
2408 3018 3085 4173 
2409 1899 1360 3823 
2410 645 2649 4257 
2411 4328 493 4450 
2412 3920 548 3921 
2413 4002 4003 4573 
2414 1830 4531 5008 
2415 2314 1988 4024 
2416 1390 1392 3748 
2417 1881 1713 4600 
2418 3027 3141 3362 
2419 14 3558 5600 
2420 2518 2517 2519 
2421 161 4247 5060 
2422 1233 3888 4601 
2423 3841 513 4005 
2424 225 226 3850 
2425 267 558 4009 
2426 1727 1191 4094 
2427 3422 3588 5937 
2428 2457 2459 5064 
2429 619 5566 5573 
2430 1395 1763 3745 
2431 1858 1519 3742 
2432 855 4175 4306 
2433 2652 688 4047 
2434 2795 3980 4906 
2435 4003 2698 4573 
2436 2154 4283 4284 
2437 628 4419 5958 
2438 2436 2047 3905 
2439 1475 1424 3696 
2440 140 579 3793 
2441 3931 596 3932 
2442 3758 2339 4011 
2443 1506 1504 1655 
2444 2210 2206 4590 
2445 3555 2638 5850 
2446 3817 586 3818 
2447 4084 4085 4110 
2448 1992 2045 3875 
2449 581 222 3797 
2450 552 220 3796 
2451 2339 2003 4011 
2452 3003 3027 3786 
2453 4175 4121 4306 
2454 1912 1910 4611 
2455 1100 1101 4989 
2456 218 219 3897 
2457 1881 3864 4895 
2458 248 249 3936 
2459 4076 3007 5532 
2460 1015 1013 3999 
2461 3939 570 3940 
2462 1162 3891 4542 
2463 1030 2179 4574 
2464 1386 1384 2056 
2465 600 283 4951 
2466 603 4092 4409 
2467 3548 3248 5520 
2468 2520 2519 2521 
2469 3588 1765 5183 
2470 2795 1080 3979 
2471 4016 4013 4019 
2472 3982 3983 3985 
2473 2745 2746 4483 
2474 3891 3740 4542 
2475 4326 493 4328 
2476 2025 3873 3874 
2477 1938 4108 4367 
2478 3637 3663 3901 
2479 4784 2033 4796 
2480 4576 914 5061 
2481 1493 1494 1495 
2482 4207 2249 4504 
2483 1193 3839 4094 
2484 1444 1424 1475 
2485 1375 1559 4049 
2486 2746 3760 4483 
2487 3701 3702 3704 
2488 242 548 3920 
2489 542 217 3895 
2490 2829 4555 4938 
2491 2204 2833 4590 
2492 208 471 3943 
2493 583 215 3809 
2494 4380 3948 4604 
2495 3425 5437 5522 
2496 3615 3617 3852 
2497 3609 3126 5684 
2498 247 596 3931 
2499 3813 3478 4241 
2500 151 582 3811 
2501 1386 2056 3755 
2502 605 4132 4136 
2503 1080 1082 3979 
2504 466 3438 3609 
2505 3569 3598 5125 
2506 4092 4118 4409 
2507 1089 1694 3912 
2508 4194 4196 4203 
2509 496 239 3929 
2510 3984 503 3986 
2511 539 227 3816 
2512 274 570 3939 
2513 3970 2833 5056 
2514 3191 5450 5580 
2515 2555 2556 3878 
2516 2598 2148 2599 
2517 1233 1348 3888 
2518 4933 1190 5300 
2519 3791 2091 5112 
2520 4013 4012 4019 
2521 2158 3881 4537 
2522 1339 1324 3873 
2523 602 100 4017 
2524 1517 3696 3697 
2525 477 5733 5871 
2526 4211 3169 4404 
2527 3475 4220 4221 
2528 3683 2623 4434 
2529 3076 4746 5081 
2530 2025 1339 3873 
2531 513 213 3820 
2532 2154 4284 4648 
2533 251 597 3954 
2534 3865 1878 3866 
2535 3664 276 5514 
2536 774 3975 4699 
2537 1145 4371 4442 
2538 2237 2828 4011 
2539 1963 3862 4600 
2540 119 120 575 
2541 80 605 4137 
2542 5453 531 5643 
2543 3051 3053 3054 
2544 153 500 3821 
2545 4266 3814 4458 
2546 2556 3581 3878 
2547 1669 4051 4558 
2548 1207 1206 1323 
2549 1324 1323 1837 
2550 3095 507 3096 
2551 3489 3487 3670 
2552 1804 4362 4522 
2553 710 4211 4404 
2554 468 158 3981 
2555 2422 5125 5186 
2556 2963 3660 4987 
2557 255 598 3965 
2558 257 470 3964 
2559 1837 1838 1863 
2560 1715 1963 4600 
2561 2284 2283 3916 
2562 3123 3120 3126 
2563 4154 4157 4160 
2564 2147 2040 2148 
2565 2636 3620 5912 
2566 3982 503 3983 
2567 3507 4784 4796 
2568 1730 1732 3911 
2569 3487 3052 3908 
2570 2621 3149 4434 
2571 3943 471 3952 
2572 259 599 3976 
2573 3944 3943 3952 
2574 117 118 580 
2575 4362 4004 4522 
2576 2261 3865 3867 
2577 791 781 4111 
2578 3697 3698 3699 
2579 124 125 565 
2580 121 122 573 
2581 3215 4524 4525 
2582 669 1580 4204 
2583 3769 2740 4880 
2584 264 551 3987 
2585 4206 4207 4504 
2586 553 224 3849 
2587 261 503 3982 
2588 146 147 555 
2589 1128 4989 5070 
2590 3149 2594 4363 
2591 3857 3163 5427 
2592 1938 3958 4399 
2593 1937 1936 2283 
2594 3666 809 5124 
2595 3821 500 3822 
2596 585 211 3841 
2597 604 4117 4272 
2598 504 231 3854 
2599 653 718 4006 
2600 4010 667 4204 
2601 5517 4019 5671 
2602 2714 3989 4704 
2603 2303 2305 3848 
2604 2814 4395 4396 
2605 1988 1990 4024 
2606 4061 1917 4986 
2607 120 121 3774 
2608 143 144 556 
2609 138 139 544 
2610 140 141 579 
2611 3678 2903 4539 
2612 3834 3835 3836 
2613 783 772 4699 
2614 115 116 571 
2615 2641 5167 5173 
2616 3809 5633 5707 
2617 109 522 3856 
2618 1007 4751 5016 
2619 3948 3950 4604 
2620 3928 3922 4231 
2621 1367 1858 5051 
2622 221 222 581 
2623 219 220 552 
2624 223 224 553 
2625 4229 2968 5206 
2626 1097 1134 3815 
2627 4976 1294 5121 
2628 3478 3556 4241 
2629 3704 3705 3706 
2630 1500 1503 1504 
2631 155 587 3853 
2632 4708 2749 4899 
2633 118 119 3763 
2634 2196 2975 4041 
2635 5359 5742 5761 
2636 585 3841 3842 
2637 1490 1489 1491 
2638 839 4214 4838 
2639 878 1659 4595 
2640 1205 1149 1206 
2641 774 777 3975 
2642 2318 1899 2319 
2643 1732 2579 3911 
2644 2590 4418 4419 
2645 2463 2465 2466 
2646 2462 2461 2463 
2647 1360 1339 2025 
2648 1271 1372 2261 
2649 149 150 537 
2650 2723 2007 4255 
2651 3993 4148 4622 
2652 216 217 542 
2653 2466 2465 2467 
2654 1168 961 4227 
2655 2459 2461 2462 
2656 2723 4255 4420 
2657 4132 605 4139 
2658 3661 573 5904 
2659 2018 2690 3995 
2660 1372 1878 3865 
2661 1134 1170 2403 
2662 2516 2320 2517 
2663 2594 2698 4363 
2664 3922 548 4231 
2665 2197 2196 4041 
2666 1677 3762 4911 
2667 899 897 4558 
2668 3828 2424 3829 
2669 781 759 4111 
2670 3916 2904 3917 
2671 1986 2314 4028 
2672 2016 2628 4205 
2673 2469 2467 2470 
2674 139 140 3793 
2675 4381 2714 4704 
2676 586 229 3819 
2677 483 4012 4013 
2678 2571 2246 3963 
2679 4144 4146 4147 
2680 3898 1376 4760 
2681 2845 4392 4393 
2682 222 223 3797 
2683 220 221 3796 
2684 1837 1323 1838 
2685 957 4524 4692 
2686 4021 4020 4204 
2687 2859 2861 3701 
2688 4967 4061 4986 
2689 3828 3829 3830 
2690 2262 2549 4352 
2691 226 227 539 
2692 1514 1513 1936 
2693 1559 2635 2636 
2694 1940 2145 4145 
2695 3921 548 3922 
2696 4292 1472 4924 
2697 5557 1450 5561 
2698 3956 1616 5179 
2699 135 136 520 
2700 214 215 583 
2701 1195 1271 3839 
2702 3621 2774 4982 
2703 3906 2020 4185 
2704 1131 3988 4032 
2705 3706 3707 3708 
2706 1910 2560 4611 
2707 4272 4117 4494 
2708 89 603 4409 
2709 1969 1110 4032 
2710 3921 3922 3923 
2711 215 216 3809 
2712 3969 5235 5268 
2713 151 152 582 
2714 150 151 3811 
2715 127 128 543 
2716 4262 2686 5530 
2717 2696 3960 4213 
2718 3886 3887 5287 
2719 1019 1015 3999 
2720 2579 3504 3911 
2721 1090 1177 3915 
2722 1514 1936 1937 
2723 126 127 3900 
2724 4731 4935 4992 
2725 2498 1991 2641 
2726 651 653 4006 
2727 228 229 586 
2728 4276 3264 5301 
2729 1897 3610 5724 
2730 3832 3837 5449 
2731 4031 2967 4816 
2732 1863 1864 1991 
2733 1059 1057 1102 
2734 217 218 3895 
2735 2832 3827 4825 
2736 3610 1897 5750 
2737 1262 1513 1514 
2738 2283 2904 3916 
2739 4555 4372 4938 
2740 4219 1588 4656 
2741 2036 2037 4946 
2742 1162 880 4595 
2743 213 214 3820 
2744 592 3920 3924 
2745 1937 2283 2284 
2746 2237 2303 2828 
2747 107 590 3893 
2748 227 228 3816 
2749 1874 2016 4205 
2750 212 213 513 
2751 4145 2145 4146 
2752 1834 4002 4573 
2753 152 153 3821 
2754 3146 4299 4300 
2755 708 710 4404 
2756 133 134 588 
2757 2554 2339 3480 
2758 555 147 3903 
2759 2128 3993 4622 
2760 4087 4088 4091 
2761 2967 2289 4816 
2762 3932 596 3933 
2763 3475 1508 4220 
2764 129 130 584 
2765 2604 2108 4020 
2766 2000 2704 4249 
2767 282 600 4036 
2768 2363 1872 4205 
2769 4008 266 4009 
2770 3929 3925 3930 
2771 2466 2467 2469 
2772 2970 1516 4048 
2773 664 667 4010 
2774 230 231 504 
2775 4283 2154 4650 
2776 4079 4064 4080 
2777 153 154 500 
2778 2244 2232 2832 
2779 2462 2463 4818 
2780 483 102 4012 
2781 4084 2715 4641 
2782 1955 2069 4414 
2783 1834 1824 4002 
2784 2905 2907 2908 
2785 2828 2303 3848 
2786 493 4326 4366 
2787 2016 2003 2339 
2788 4260 2747 4614 
2789 2232 2230 3827 
2790 3741 2592 4454 
2791 211 212 3841 
2792 3708 3709 3711 
2793 2261 1372 3865 
2794 4106 4105 4107 
2795 291 292 4366 
2796 4001 651 4006 
2797 1516 1354 4048 
2798 3621 4982 5039 
2799 1409 1407 1733 
2800 1208 3879 3880 
2801 2592 1934 4454 
2802 510 3931 3934 
2803 1696 4257 4258 
2804 520 136 3937 
2805 112 113 554 
2806 3990 2252 3991 
2807 2629 2554 3892 
2808 3795 3741 4454 
2809 3044 2522 3045 
2810 2305 3143 3587 
2811 2814 4394 4395 
2812 1095 1089 3912 
2813 1597 4347 4365 
2814 154 155 3853 
2815 2604 4020 4021 
2816 3925 3924 3926 
2817 2423 982 4608 
2818 1477 4621 5098 
2819 157 468 3899 
2820 3883 3884 3885 
2821 1863 1991 2498 
2822 2455 2457 5046 
2823 109 110 522 
2824 2591 4288 4289 
2825 3967 3970 3971 
2826 131 132 482 
2827 3938 1597 4346 
2828 3787 2109 3788 
2829 1284 1355 4056 
2830 544 3793 5409 
2831 3993 3153 4148 
2832 2311 3927 5568 
2833 4036 600 4037 
2834 768 4203 4831 
2835 3146 4298 4299 
2836 2308 2284 2333 
2837 1807 1814 5074 
2838 4576 4575 5012 
2839 266 267 4009 
2840 2355 2353 2748 
2841 3543 3278 5733 
2842 1930 2343 4454 
2843 100 101 4017 
2844 3368 4044 4045 
2845 4984 3289 5205 
2846 2498 2641 3376 
2847 3923 3922 3927 
2848 2031 2692 4185 
2849 1131 1167 3988 
2850 4107 4105 5201 
2851 4000 1542 4640 
2852 1630 2857 4922 
2853 1249 1270 4182 
2854 1487 1485 1489 
2855 2361 2359 2998 
2856 3574 555 5686 
2857 2016 2339 2554 
2858 3794 3741 3795 
2859 3276 3867 5284 
2860 2230 2228 2424 
2861 2579 3503 3504 
2862 1597 3938 4347 
2863 2591 4287 4288 
2864 3193 3898 4034 
2865 1874 2003 2016 
2866 2715 812 4641 
2867 3185 4219 4656 
2868 2752 4607 4677 
2869 2590 4417 4418 
2870 2363 4205 4923 
2871 3887 3884 4354 
2872 1053 1051 1210 
2873 3193 4034 4097 
2874 4114 4115 4116 
2875 3079 5155 5395 
2876 2001 5328 5330 
2877 820 4537 4646 
2878 3046 3045 3047 
2879 4483 917 4485 
2880 2832 2232 3827 
2881 231 232 3854 
2882 224 225 3849 
2883 1555 3876 3877 
2884 1035 1032 4574 
2885 4180 4611 4612 
2886 1065 1063 1066 
2887 108 109 3856 
2888 4371 4373 4442 
2889 2747 1960 4762 
2890 1207 1323 1324 
2891 4734 3607 5105 
2892 649 651 4001 
2893 1281 1278 4060 
2894 1000 998 4448 
2895 2845 4391 4392 
2896 2554 3480 3892 
2897 3958 1938 4367 
2898 2256 3966 3967 
2899 2670 2751 4169 
2900 3813 4164 4644 
2901 700 3902 4834 
2902 1389 1388 1390 
2903 4285 4283 4650 
2904 4060 3205 4565 
2905 503 262 3986 
2906 2049 2077 3905 
2907 3125 3594 3595 
2908 3884 2326 4354 
2909 1271 2261 3839 
2910 3983 503 3984 
2911 4164 2086 4644 
2912 1638 1636 4373 
2913 3670 3487 3908 
2914 210 211 585 
2915 605 4136 4137 
2916 1506 1655 2345 
2917 1719 1721 4038 
2918 3246 3245 3603 
2919 2283 2285 2904 
2920 1387 1386 1388 
2921 1278 1277 4060 
2922 4108 4352 4353 
2923 1370 1939 4349 
2924 2944 2333 2957 
2925 4179 1912 4611 
2926 592 241 3920 
2927 4153 4154 4160 
2928 2496 3507 4822 
2929 785 778 4285 
2930 1554 2013 4123 
2931 3882 2326 3883 
2932 156 157 3899 
2933 2334 2333 2944 
2934 1265 4861 5078 
2935 592 3925 3929 
2936 980 2093 4140 
2937 510 246 3931 
2938 498 98 4062 
2939 657 1576 4215 
2940 1191 1193 4094 
2941 4144 4145 4146 
2942 4182 1270 4183 
2943 3711 3712 3713 
2944 4124 4126 4139 
2945 1045 1043 3879 
2946 2745 4483 4484 
2947 2055 2678 4346 
2948 1290 1326 4099 
2949 1574 1573 3245 
2950 777 794 3975 
2951 595 273 3939 
2952 2045 2047 2436 
2953 1391 1390 1393 
2954 4522 4004 4548 
2955 4104 4105 4106 
2956 603 90 4087 
2957 1863 1838 1864 
2958 1041 1039 3876 
2959 1507 1687 4446 
2960 1205 1206 1207 
2961 1817 1797 4308 
2962 2549 3528 4352 
2963 1184 1182 1203 
2964 4038 3197 4676 
2965 4380 205 4769 
2966 1282 1284 4056 
2967 4175 815 4793 
2968 2653 2064 4218 
2969 1870 1872 2363 
2970 3568 3317 4059 
2971 4026 4025 4027 
2972 1039 1037 1165 
2973 1047 1045 1208 
2974 4467 4523 4752 
2975 3381 5403 5404 
2976 107 108 590 
2977 2417 3998 4191 
2978 1156 1616 4268 
2979 155 156 587 
2980 4004 4308 4548 
2981 3368 2369 4044 
2982 505 250 3954 
2983 3339 3686 4054 
2984 167 168 4189 
2985 3885 3884 3886 
2986 232 233 594 
2987 3246 3603 3604 
2988 106 107 3893 
2989 5361 4735 5473 
2990 4050 2765 4481 
2991 1043 1041 1555 
2992 1110 1131 4032 
2993 3062 3063 4532 
2994 1990 4022 4024 
2995 1385 1384 1386 
2996 3968 3967 3969 
2997 4437 4356 4726 
2998 799 4839 4917 
2999 1235 1232 4601 
3000 4531 3207 5008 
3001 4063 3753 4080 
3002 1165 3913 3914 
3003 2434 2297 2773 
3004 1085 1090 3915 
3005 1572 1574 4093 
3006 1177 1098 1178 
3007 2069 2335 4414 
3008 3883 2326 3884 
3009 529 167 4189 
3010 1208 1045 3879 
3011 1383 1382 1384 
3012 3855 2653 4218 
3013 4064 4063 4080 
3014 589 207 3943 
3015 1262 1263 1513 
3016 599 3982 3985 
3017 3155 3153 3993 
3018 1170 1171 1262 
3019 1087 1081 4149 
3020 1236 1235 1255 
3021 1090 1098 1177 
3022 3744 2571 3963 
3023 603 4087 4091 
3024 1134 1135 1170 
3025 661 712 4240 
3026 1234 1232 1235 
3027 485 254 3965 
3028 598 256 3964 
3029 2047 2049 3905 
3030 604 86 4114 
3031 1572 1571 1573 
3032 207 208 3943 
3033 3783 3155 3993 
3034 3713 3714 3716 
3035 2019 2018 3995 
3036 2674 2916 4103 
3037 2224 2222 2344 
3038 2992 2629 3471 
3039 4055 1282 4056 
3040 4061 3166 5047 
3041 4322 618 4324 
3042 470 258 3976 
3043 977 980 4140 
3044 775 1583 4086 
3045 1366 855 4306 
3046 2637 4476 4477 
3047 2212 2210 3966 
3048 286 616 4098 
3049 2957 3917 5953 
3050 4056 1355 4057 
3051 4169 2751 4170 
3052 1572 1573 1574 
3053 241 242 3920 
3054 1575 686 4184 
3055 4437 2677 4461 
3056 2919 3619 4113 
3057 2459 2460 2461 
3058 1447 5422 5470 
3059 2256 3968 3994 
3060 3844 3842 3846 
3061 2923 3536 4150 
3062 1650 1638 4373 
3063 246 247 3931 
3064 4275 4273 4413 
3065 1879 2117 4218 
3066 2811 2813 4394 
3067 1874 1875 2003 
3068 4014 4013 4015 
3069 4524 3215 4692 
3070 2491 1767 4208 
3071 4111 4110 4894 
3072 599 260 3982 
3073 2424 2228 3831 
3074 4109 2715 4110 
3075 4347 3938 4673 
3076 273 274 3939 
3077 3996 1019 3999 
3078 1100 1095 1101 
3079 2904 2905 3918 
3080 483 4013 4014 
3081 551 265 4008 
3082 2322 2653 3024 
3083 3967 3966 3970 
3084 2220 2218 2326 
3085 158 159 3981 
3086 1037 1035 3913 
3087 2450 2493 4417 
3088 3892 533 5710 
3089 4101 3521 4102 
3090 1288 1290 4099 
3091 629 4925 5175 
3092 3757 4347 4673 
3093 4012 601 4019 
3094 1315 1316 1367 
3095 250 251 3954 
3096 1256 1255 1349 
3097 3511 4250 4251 
3098 1555 1041 3876 
3099 3844 3847 4096 
3100 2027 2776 4104 
3101 2699 3753 4063 
3102 2256 2212 3966 
3103 1990 2029 4022 
3104 3888 2363 5080 
3105 3986 263 3987 
3106 510 3935 3955 
3107 1767 1533 4208 
3108 1781 4050 4481 
3109 750 2715 4109 
3110 4220 1508 4446 
3111 1260 1380 4624 
3112 1991 1992 3875 
3113 2237 2238 2303 
3114 159 591 3981 
3115 997 999 4696 
3116 4104 2776 4105 
3117 655 657 4215 
3118 3969 3967 3971 
3119 254 255 3965 
3120 256 257 3964 
3121 2249 4207 4564 
3122 565 125 3942 
3123 2108 2106 4020 
3124 1574 3245 3246 
3125 1065 1066 1067 
3126 1230 1232 1234 
3127 626 4341 4342 
3128 2413 2074 4298 
3129 1152 1724 4606 
3130 2297 2197 4041 
3131 567 170 4153 
3132 82 4124 4139 
3133 3671 3295 5363 
3134 2090 2087 4164 
3135 514 4464 5615 
3136 2214 2212 2256 
3137 998 2700 4448 
3138 2695 2696 4213 
3139 258 259 3976 
3140 2901 3521 4101 
3141 2273 2543 4040 
3142 961 963 4227 
3143 1029 2417 4191 
3144 263 264 3987 
3145 575 3774 5410 
3146 1394 1393 1395 
3147 208 209 471 
3148 3556 3479 5460 
3149 4498 4550 5943 
3150 1939 2697 4349 
3151 3844 3846 3847 
3152 2927 3462 4176 
3153 2668 2670 4169 
3154 1350 1349 1535 
3155 604 4114 4116 
3156 2463 2464 2465 
3157 1352 1321 1582 
3158 1069 1067 1070 
3159 260 261 3982 
3160 1872 1873 1874 
3161 1519 1520 1521 
3162 3854 594 4735 
3163 3963 2090 4241 
3164 3024 2653 3778 
3165 1101 1095 3912 
3166 1367 1368 1519 
3167 1577 4266 4458 
3168 3716 3717 3718 
3169 105 106 469 
3170 5520 3248 5538 
3171 1462 2644 4280 
3172 1870 1871 1872 
3173 2714 1723 4791 
3174 265 266 4008 
3175 4208 1533 4959 
3176 4316 4317 4321 
3177 1234 1235 1236 
3178 4058 1288 4099 
3179 3759 4951 5087 
3180 2328 2569 3294 
3181 612 4333 5458 
3182 1243 1344 4243 
3183 4187 4161 4188 
3184 1214 1161 4192 
3185 3948 4380 4769 
3186 3149 4363 4364 
3187 649 650 651 
3188 85 604 4272 
3189 1280 1282 4055 
3190 1247 1249 4182 
3191 2434 2773 3418 
3192 4279 4278 4280 
3193 651 652 653 
3194 1230 1231 1232 
3195 2975 2723 3974 
3196 637 3543 5292 
3197 1085 1086 1090 
3198 3146 2413 4298 
3199 1024 1019 3996 
3200 591 3608 5930 
3201 1286 1288 4058 
3202 1090 1091 1098 
3203 1082 1085 3979 
3204 659 661 4240 
3205 2780 2782 3762 
3206 663 664 4010 
3207 103 601 4012 
3208 1444 1475 1476 
3209 1721 1848 4038 
3210 1771 1554 4123 
3211 3996 3999 4043 
3212 651 650 652 
3213 3153 1609 4148 
3214 1165 1037 3913 
3215 2814 2811 4394 
3216 589 3943 3944 
3217 567 4161 4187 
3218 196 561 4217 
3219 2777 3630 4174 
3220 4193 3635 4194 
3221 567 4153 4160 
3222 653 654 655 
3223 157 158 468 
3224 1138 3189 4206 
3225 2590 2450 4417 
3226 1651 3225 4358 
3227 1373 1375 4049 
3228 2003 2004 4011 
3229 281 282 4036 
3230 4537 3881 4646 
3231 1602 2980 4186 
3232 270 271 566 
3233 242 243 548 
3234 245 246 510 
3235 238 239 496 
3236 240 241 592 
3237 749 649 4001 
3238 1991 1864 1992 
3239 2446 2448 4476 
3240 4086 3585 5851 
3241 1692 3572 4797 
3242 1228 1229 1230 
3243 4333 612 5493 
3244 236 237 593 
3245 2491 4208 4209 
3246 2307 2284 2308 
3247 4440 2423 4608 
3248 292 493 4366 
3249 653 652 654 
3250 2471 2469 2472 
3251 5644 2416 5829 
3252 2646 3292 4256 
3253 234 235 473 
3254 645 644 2649 
3255 2764 3334 3335 
3256 2921 2923 4150 
3257 5301 3264 5390 
3258 1613 2031 4185 
3259 1748 2000 4249 
3260 1236 1255 1256 
3261 2004 2237 4011 
3262 4222 1172 4223 
3263 3048 3047 3049 
3264 655 656 657 
3265 4168 2668 4169 
3266 2591 2072 4287 
3267 2303 2304 2305 
3268 3718 3719 3720 
3269 272 273 595 
3270 2077 4734 5105 
3271 247 248 596 
3272 4146 2145 4422 
3273 4861 3606 5078 
3274 102 103 4012 
3275 289 290 4329 
3276 4206 3189 4207 
3277 4045 4414 4415 
3278 4176 3462 4177 
3279 3999 1013 4533 
3280 541 281 4036 
3281 2692 3906 4185 
3282 655 654 656 
3283 2736 2061 4802 
3284 1309 1342 4266 
3285 2004 2184 2237 
3286 2738 2736 3941 
3287 4607 1908 4677 
3288 2314 4026 4028 
3289 1619 4448 4449 
3290 274 275 570 
3291 2917 2919 4113 
3292 2925 2927 4176 
3293 249 250 505 
3294 3317 3315 4059 
3295 4243 1344 4244 
3296 478 644 645 
3297 2116 1661 4097 
3298 1224 1226 1361 
3299 4211 753 4212 
3300 4037 3270 5218 
3301 4612 2560 4613 
3302 2322 2064 2653 
3303 3511 2544 4250 
3304 2672 2674 4103 
3305 2959 2472 3248 
3306 4081 822 4082 
3307 3534 2687 4190 
3308 5607 5202 5885 
3309 657 658 659 
3310 4461 2677 4556 
3311 2072 2070 4287 
3312 1476 1480 1481 
3313 2235 1940 4145 
3314 592 3924 3925 
3315 98 99 4062 
3316 897 1669 4558 
3317 4023 3272 4162 
3318 3701 2861 3702 
3319 2078 2080 2435 
3320 3862 3864 4600 
3321 3997 4043 5110 
3322 657 656 658 
3323 3032 501 3033 
3324 251 252 597 
3325 90 91 4087 
3326 1298 1300 4152 
3327 5341 3667 5381 
3328 1161 1158 4192 
3329 977 979 980 
3330 4871 2481 4941 
3331 1570 1569 1571 
3332 778 786 4285 
3333 596 248 3936 
3334 4042 860 5306 
3335 2664 3265 4237 
3336 3195 3635 4193 
3337 2112 1561 4278 
3338 659 660 661 
3339 2773 2297 4041 
3340 2628 2554 2629 
3341 267 268 558 
3342 86 87 4114 
3343 1517 1475 3696 
3344 1992 2044 2045 
3345 2120 720 4228 
3346 2190 2534 4151 
3347 1701 1938 4399 
3348 646 645 647 
3349 2593 3518 3808 
3350 2637 2446 4476 
3351 2049 2052 2077 
3352 694 692 4307 
3353 2842 2844 4391 
3354 257 258 470 
3355 255 256 598 
3356 253 254 485 
3357 2678 3938 4346 
3358 659 658 660 
3359 1134 2403 3815 
3360 426 425 5936 
3361 2728 694 4307 
3362 3058 3059 3387 
3363 5615 4464 5663 
3364 4232 4234 4513 
3365 603 4091 4092 
3366 3335 3336 4054 
3367 264 265 551 
3368 684 2652 4184 
3369 2218 2216 4354 
3370 1536 1535 1546 
3371 1466 1462 4280 
3372 2659 3898 4760 
3373 1266 1264 4835 
3374 1348 1870 3888 
3375 1029 1024 2417 
3376 2845 2842 4391 
3377 1226 1227 1228 
3378 1028 899 4558 
3379 1256 1349 1350 
3380 285 286 4098 
3381 2302 2116 4034 
3382 4097 1604 4554 
3383 2222 2220 3882 
3384 4259 2747 4260 
3385 1396 1395 1397 
3386 4181 1247 4182 
3387 618 4322 4329 
3388 528 3366 3367 
3389 2308 2333 2334 
3390 259 260 599 
3391 1220 1222 1705 
3392 661 662 663 
3393 4192 1158 4268 
3394 484 4429 4457 
3395 1909 2262 4352 
3396 1337 1341 4640 
3397 2420 2646 4256 
3398 1365 1841 4374 
3399 1820 1817 4308 
3400 170 171 4153 
3401 1089 1087 1694 
3402 4142 2735 4143 
3403 4902 5568 5593 
3404 2657 2302 4034 
3405 661 660 662 
3406 3658 3657 3659 
3407 2256 3967 3968 
3408 4462 4461 4556 
3409 1069 1070 1071 
3410 855 828 4175 
3411 2106 4010 4020 
3412 4613 4729 4841 
3413 4260 4614 4741 
3414 1546 1535 1971 
3415 1570 1571 1572 
3416 4034 2116 4097 
3417 3946 3944 3949 
3418 1081 1079 4149 
3419 1914 1912 4179 
3420 980 981 982 
3421 261 262 503 
3422 2665 4244 4956 
3423 3330 4179 4180 
3424 2196 2007 2723 
3425 1307 1309 4266 
3426 103 104 601 
3427 1955 1954 2068 
3428 2666 2668 4168 
3429 3339 3342 3686 
3430 1681 1680 1879 
3431 99 602 4062 
3432 277 278 562 
3433 195 196 4217 
3434 3525 3248 3548 
3435 4126 4132 4139 
3436 494 285 4098 
3437 965 1172 4222 
3438 1082 1084 1085 
3439 706 822 4081 
3440 1815 2015 4490 
3441 663 662 664 
3442 2167 997 4696 
3443 136 137 3937 
3444 2220 2326 3882 
3445 3238 5275 5780 
3446 1953 1366 1954 
3447 2171 2747 4259 
3448 91 506 4087 
3449 2065 2064 2322 
3450 1824 1822 4002 
3451 716 753 4211 
3452 686 682 4184 
3453 2711 1468 4379 
3454 4222 4223 4224 
3455 1561 1479 4278 
3456 1742 1593 4365 
3457 4194 3635 4195 
3458 1568 1566 1569 
3459 2069 2068 2070 
3460 4736 3226 4847 
3461 1687 2097 4446 
3462 3319 3568 4042 
3463 1064 1063 1065 
3464 946 4206 4504 
3465 201 606 4302 
3466 1953 1954 1955 
3467 1570 1854 4445 
3468 1119 954 4456 
3469 3575 3367 3576 
3470 1062 1061 1063 
3471 1468 1474 4379 
3472 1661 1604 4097 
3473 604 4116 4117 
3474 1301 1305 4235 
3475 649 647 650 
3476 1521 1522 1523 
3477 2400 3256 4390 
3478 2677 4437 4726 
3479 1955 2068 2069 
3480 81 82 4139 
3481 1241 1243 4243 
3482 1060 1059 1061 
3483 262 263 3986 
3484 2196 2723 2975 
3485 1492 1491 1493 
3486 2691 1742 4365 
3487 828 815 4175 
3488 3720 3721 3722 
3489 3336 3339 4054 
3490 667 668 669 
3491 3765 3138 4864 
3492 243 244 4231 
3493 1348 1869 1870 
3494 607 165 4305 
3495 4137 4136 4138 
3496 3917 2904 3918 
3497 2660 3325 4286 
3498 2711 4379 4786 
3499 1568 1569 1570 
3500 740 742 4230 
3501 3722 3723 3725 
3502 2963 2964 3660 
3503 2776 2777 4174 
3504 760 775 4086 
3505 1058 1057 1059 
3506 206 207 589 
3507 2641 1991 3875 
3508 1568 1570 4445 
3509 87 499 4114 
3510 2258 2604 2605 
3511 2216 2214 3994 
3512 1783 1781 4481 
3513 2273 2271 2543 
3514 2200 2981 4238 
3515 1349 1255 1351 
3516 2706 4269 4898 
3517 2214 2256 3994 
3518 759 4109 4111 
3519 2761 2758 4314 
3520 3194 2819 3195 
3521 1508 1507 4446 
3522 171 641 4153 
3523 1674 2027 4104 
3524 975 977 4140 
3525 667 666 668 
3526 2087 2084 4164 
3527 939 1602 4186 
3528 2662 2664 4237 
3529 1284 1285 1286 
3530 510 3934 3935 
3531 2305 2325 3143 
3532 2690 2689 3030 
3533 1003 1000 4448 
3534 2071 2070 2072 
3535 4017 4014 4018 
3536 2106 663 4010 
3537 4124 479 4125 
3538 685 670 4435 
3539 2069 2070 2071 
3540 1860 1909 4108 
3541 1022 1010 1023 
3542 3480 2339 3758 
3543 980 979 981 
3544 83 479 4124 
3545 3050 3049 3051 
3546 3977 509 3978 
3547 1683 2055 4346 
3548 203 472 4350 
3549 648 647 649 
3550 1694 1087 4149 
3551 983 985 986 
3552 4854 2765 5010 
3553 2693 4560 4750 
3554 1282 1283 1284 
3555 712 663 2106 
3556 746 750 4109 
3557 3323 3322 3657 
3558 574 3625 5329 
3559 1286 1287 1288 
3560 2514 2735 4142 
3561 3997 3996 4043 
3562 2488 1978 4357 
3563 1564 1563 1565 
3564 4087 506 4088 
3565 2604 4021 4475 
3566 2354 2353 2355 
3567 2129 2486 3205 
3568 4129 4494 4661 
3569 982 981 983 
3570 4125 479 4494 
3571 147 148 3903 
3572 1377 1280 4055 
3573 1280 1281 1282 
3574 1288 1289 1290 
3575 2275 2273 4040 
3576 1245 1247 4181 
3577 2407 2963 4798 
3578 2737 2736 2738 
3579 3320 3319 3322 
3580 2018 2689 2690 
3581 2117 2118 2328 
3582 1355 1286 4058 
3583 2112 4278 4279 
3584 664 666 667 
3585 5599 3705 5708 
3586 3194 3195 4193 
3587 3675 3041 5430 
3588 3488 3487 3489 
3589 1350 1535 1536 
3590 240 592 3929 
3591 4105 2776 4174 
3592 4624 4625 4961 
3593 1292 1293 1294 
3594 2073 2072 2074 
3595 1290 1291 1292 
3596 2417 3996 3997 
3597 3958 2694 4399 
3598 478 645 646 
3599 2353 2067 4112 
3600 1097 1104 1134 
3601 1224 1225 1226 
3602 4308 1797 4548 
3603 4350 472 4351 
3604 2991 2629 2992 
3605 3750 4140 5526 
3606 1279 1278 1280 
3607 1005 1619 4039 
3608 1564 1565 1566 
3609 1294 1295 1296 
3610 3754 2357 5657 
3611 1276 1277 1278 
3612 1632 674 4425 
3613 1618 927 4270 
3614 2518 2519 2520 
3615 2071 2072 2073 
3616 949 1138 4206 
3617 4264 3033 4265 
3618 4209 4208 4239 
3619 4028 4026 4029 
3620 2633 2901 4101 
3621 159 160 591 
3622 200 201 4302 
3623 339 340 4261 
3624 2482 1892 4488 
3625 1296 1297 1298 
3626 3980 3915 4706 
3627 4196 4195 4197 
3628 2496 3506 3507 
3629 1158 1156 4268 
3630 326 327 4273 
3631 2780 2781 2782 
3632 3998 3997 4052 
3633 1031 1033 4557 
3634 4000 2726 5113 
3635 165 166 4305 
3636 647 645 4257 
3637 3272 3271 3383 
3638 1586 1588 4219 
3639 3843 3842 3844 
3640 4194 4195 4196 
3641 475 163 4378 
3642 1167 1220 3988 
3643 669 668 670 
3644 4989 3801 5070 
3645 2607 2608 2609 
3646 1841 2242 4374 
3647 2107 2106 2108 
3648 4523 1676 4752 
3649 2778 2779 2780 
3650 1515 1861 4830 
3651 669 670 671 
3652 280 281 541 
3653 287 288 4316 
3654 1892 1699 4488 
3655 2018 1918 2689 
3656 4400 4401 4402 
3657 2075 2074 2413 
3658 4198 4197 4199 
3659 648 649 749 
3660 2658 2660 4286 
3661 4129 4125 4494 
3662 1872 1874 4205 
3663 2121 2819 3194 
3664 567 4160 4161 
3665 2258 2108 2604 
3666 282 283 600 
3667 2609 2610 2611 
3668 4200 4199 4201 
3669 3335 3334 3336 
3670 2103 739 4432 
3671 2073 2074 2075 
3672 1832 1824 1834 
3673 1298 1299 1300 
3674 2635 3516 3671 
3675 4124 4125 4126 
3676 3619 2921 4150 
3677 290 618 4329 
3678 2927 2928 2929 
3679 288 467 4316 
3680 2534 3414 3618 
3681 202 203 4350 
3682 321 322 4336 
3683 3272 3383 4162 
3684 1023 1010 4529 
3685 3735 2917 4113 
3686 3949 3953 5543 
3687 2336 3271 3272 
3688 640 195 4217 
3689 1300 1301 1302 
3690 1022 1023 1026 
3691 4242 1241 4243 
3692 1302 1303 1304 
3693 1005 1003 1619 
3694 2611 2612 2613 
3695 3033 501 3034 
3696 1562 1561 1563 
3697 284 285 494 
3698 671 672 673 
3699 4119 4120 4122 
3700 2414 2413 3145 
3701 1559 1560 2635 
3702 2618 2608 4475 
3703 673 674 675 
3704 2916 2676 2917 
3705 3377 2683 4388 
3706 3147 3145 3593 
3707 2257 2108 2258 
3708 2921 2922 2923 
3709 2064 1880 4218 
3710 675 676 677 
3711 1271 1272 1372 
3712 1317 1370 4349 
3713 3336 3338 3339 
3714 168 4187 4189 
3715 971 973 1107 
3716 2421 2422 4165 
3717 2398 1914 4179 
3718 3330 2398 4179 
3719 4316 467 4317 
3720 1212 1146 4515 
3721 478 393 644 
3722 3582 496 5971 
3723 944 940 4672 
3724 1879 2115 2117 
3725 2923 2924 2925 
3726 4127 4130 4297 
3727 2694 1529 4399 
3728 2614 2699 4063 
3729 2613 2614 2615 
3730 2272 4226 5024 
3731 4196 4197 4198 
3732 3536 2925 4176 
3733 4015 4013 4016 
3734 163 164 4378 
3735 3318 3317 3319 
3736 2925 2926 2927 
3737 2318 2319 2320 
3738 1286 1285 1287 
3739 2121 2818 2819 
3740 2615 4063 4064 
3741 2751 2672 4103 
3742 1542 1337 4640 
3743 4198 4199 4200 
3744 1547 1546 1548 
3745 3195 3634 3635 
3746 1549 1548 4267 
3747 1274 1275 1276 
3748 1277 2129 4060 
3749 2420 2645 2646 
3750 2919 2920 2921 
3751 735 756 4276 
3752 677 678 679 
3753 4236 2616 5897 
3754 2758 1922 4314 
3755 245 510 3955 
3756 2075 2413 2414 
3757 1648 1958 4472 
3758 2190 2531 2534 
3759 3462 2929 3463 
3760 1307 1308 1309 
3761 1294 1293 1295 
3762 2457 2458 2459 
3763 1309 1310 1311 
3764 670 668 4435 
3765 2646 2647 2648 
3766 1372 1373 1878 
3767 3323 3657 3658 
3768 1933 1119 4456 
3769 4152 1300 4626 
3770 4114 499 4115 
3771 1562 1563 1564 
3772 1284 1283 1285 
3773 4220 3456 4221 
3774 1292 1291 1293 
3775 646 647 648 
3776 1288 1287 1289 
3777 1398 1397 1399 
3778 4415 2335 4416 
3779 3810 3551 4701 
3780 1290 1289 1291 
3781 714 4081 4432 
3782 3315 3321 4059 
3783 1582 1321 4876 
3784 2417 1024 3996 
3785 1296 1295 1297 
3786 881 883 4580 
3787 3245 1573 3555 
3788 1343 855 1366 
3789 1222 1223 1224 
3790 3814 2645 4458 
3791 679 680 681 
3792 2414 3145 3147 
3793 1311 1327 1328 
3794 391 501 3032 
3795 3195 3391 3634 
3796 3579 3576 3580 
3797 1959 2100 2294 
3798 2251 2705 4281 
3799 681 682 686 
3800 1267 1314 1315 
3801 4020 4010 4204 
3802 4153 641 4154 
3803 739 731 4432 
3804 2917 2918 2919 
3805 2439 2277 2620 
3806 316 317 4337 
3807 301 302 4303 
3808 1328 1526 1527 
3809 2606 2605 2607 
3810 2607 2605 2608 
3811 1499 1495 1500 
3812 2712 2713 3456 
3813 2294 2535 2824 
3814 4071 4072 4073 
3815 2609 2608 2610 
3816 2608 2605 4475 
3817 1891 1366 1953 
3818 4073 4074 4076 
3819 2294 2100 2535 
3820 2356 2355 2357 
3821 3862 3860 3863 
3822 671 670 672 
3823 3199 4708 4899 
3824 3184 2140 4370 
3825 2161 2163 4282 
3826 3384 2987 3611 
3827 4075 4072 4459 
3828 3615 2992 3617 
3829 1822 1820 2412 
3830 677 676 678 
3831 4317 467 4318 
3832 673 672 674 
3833 675 674 676 
3834 707 708 715 
3835 3725 3726 3728 
3836 2674 2675 2676 
3837 701 702 707 
3838 1071 1070 1072 
3839 1298 1297 1299 
3840 738 739 740 
3841 718 655 4215 
3842 696 697 701 
3843 1163 1133 4382 
3844 1312 1298 4152 
3845 2730 2034 4716 
3846 2645 2126 4458 
3847 1854 1572 4093 
3848 4250 2606 4251 
3849 1380 2243 4624 
3850 3193 4097 4554 
3851 3859 3198 3860 
3852 682 684 4184 
3853 1282 1281 1283 
3854 681 680 682 
3855 3577 3576 3579 
3856 2611 2610 2612 
3857 1608 1610 1611 
3858 4131 4129 4661 
3859 2702 1601 4443 
3860 1511 1479 1561 
3861 696 694 697 
3862 2093 982 2423 
3863 1606 1607 1608 
3864 679 678 680 
3865 794 796 2121 
3866 605 81 4139 
3867 1239 1241 4242 
3868 693 694 696 
3869 701 697 702 
3870 835 836 837 
3871 3197 2729 3198 
3872 699 686 1575 
3873 742 743 744 
3874 707 702 708 
3875 2084 2086 4164 
3876 4414 2335 4415 
3877 744 745 746 
3878 740 741 742 
3879 1611 1612 1613 
3880 2672 2673 2674 
3881 171 172 641 
3882 693 692 694 
3883 1056 1055 1057 
3884 2632 2633 3281 
3885 74 75 4427 
3886 684 688 2652 
3887 4066 4079 4459 
3888 2687 2684 4190 
3889 1071 1072 1073 
3890 528 395 3366 
3891 2692 3190 3191 
3892 2613 2612 2614 
3893 664 665 666 
3894 1254 1273 1274 
3895 1300 1299 1301 
3896 2082 2083 2084 
3897 1939 2694 2695 
3898 3322 3319 4042 
3899 4024 4023 4025 
3900 921 918 4269 
3901 1302 1301 1303 
3902 2021 2490 3450 
3903 4228 824 4229 
3904 4355 1815 4490 
3905 674 672 4425 
3906 2699 3638 3753 
3907 784 760 4086 
3908 1677 4767 4886 
3909 4324 618 4366 
3910 4044 1955 4414 
3911 3862 3863 3864 
3912 3758 2828 5045 
3913 2615 2614 4063 
3914 2683 2681 4388 
3915 1959 715 2100 
3916 3319 3317 3568 
3917 2695 2694 2696 
3918 2671 4183 5104 
3919 3157 3783 3784 
3920 1832 1834 2011 
3921 1251 1253 1254 
3922 1949 2020 2021 
3923 746 745 750 
3924 2670 2671 2672 
3925 2813 2845 4394 
3926 1237 4580 4581 
3927 744 743 745 
3928 101 102 483 
3929 4072 4068 4459 
3930 2179 1029 4191 
3931 4022 3272 4023 
3932 1511 1561 1562 
3933 742 741 743 
3934 3704 3702 3705 
3935 3281 2633 4101 
3936 1254 1274 1579 
3937 486 4400 4402 
3938 2084 2083 2086 
3939 740 739 741 
3940 916 919 4657 
3941 3829 3831 3832 
3942 3316 3315 3317 
3943 1939 1529 2694 
3944 99 100 602 
3945 4108 1909 4352 
3946 706 704 822 
3947 835 834 836 
3948 4462 4556 4637 
3949 1692 3223 3572 
3950 3859 3860 3862 
3951 1309 1308 1310 
3952 2129 3205 4060 
3953 2632 2631 2633 
3954 91 92 506 
3955 94 95 549 
3956 97 98 498 
3957 1311 1310 1327 
3958 653 655 718 
3959 2007 1833 4255 
3960 4390 3256 4645 
3961 3036 3035 3038 
3962 1306 1304 1307 
3963 1938 1860 4108 
3964 846 847 850 
3965 4287 4122 4288 
3966 1585 1586 1590 
3967 1583 785 1584 
3968 3476 2824 3700 
3969 1583 1584 1585 
3970 4202 1716 5861 
3971 1579 1274 4534 
3972 827 4571 4572 
3973 2015 2386 4490 
3974 1279 2993 4534 
3975 1353 1352 1993 
3976 1328 1327 1526 
3977 750 812 2715 
3978 2549 3526 3527 
3979 710 716 4211 
3980 169 567 4187 
3981 3197 3198 3859 
3982 826 834 835 
3983 1276 1278 1279 
3984 1749 4520 4521 
3985 4300 4299 4301 
3986 714 706 4081 
3987 4073 4072 4074 
3988 1249 1250 1251 
3989 2242 2538 2778 
3990 2158 1674 4104 
3991 1585 1584 1586 
3992 5045 3072 5935 
3993 2776 2511 2777 
3994 2419 2126 2420 
3995 528 3367 3575 
3996 2646 2645 2647 
3997 3630 3240 3889 
3998 1307 1304 1308 
3999 4187 4188 4189 
4000 690 692 693 
4001 1018 2190 4151 
4002 841 843 857 
4003 986 985 987 
4004 2549 2548 3526 
4005 1601 1269 4443 
4006 1590 1586 4219 
4007 852 1317 1581 
4008 1108 1969 4857 
4009 89 90 603 
4010 2373 2631 2632 
4011 618 291 4366 
4012 4839 3789 4917 
4013 1279 1280 1377 
4014 716 728 753 
4015 3960 3959 3961 
4016 4126 4127 4128 
4017 2516 2517 2518 
4018 3329 2398 3330 
4019 2668 2669 2670 
4020 4066 4064 4079 
4021 2708 3824 4295 
4022 4065 4064 4066 
4023 1370 1529 1939 
4024 548 243 4231 
4025 2680 2679 2681 
4026 1280 1278 1281 
4027 2876 2544 3511 
4028 2704 2915 3569 
4029 1787 1815 4355 
4030 2591 4289 4298 
4031 4076 4074 4078 
4032 5642 607 5794 
4033 738 731 739 
4034 4281 2705 4292 
4035 2696 3959 3960 
4036 759 746 4109 
4037 4352 3528 4353 
4038 2031 2428 2692 
4039 3420 2914 3614 
4040 2916 2917 3735 
4041 715 708 4404 
4042 1331 2158 4537 
4043 5788 3439 5813 
4044 1608 1607 1610 
4045 1701 1860 1938 
4046 2901 3520 3521 
4047 2082 1921 2083 
4048 1539 1601 1748 
4049 1611 1610 1612 
4050 3265 2666 4168 
4051 2158 4104 4106 
4052 3320 3322 3323 
4053 4935 2178 4992 
4054 1940 1742 2145 
4055 1599 1593 1742 
4056 2420 2126 2645 
4057 1599 1742 1940 
4058 389 527 3370 
4059 1613 1612 2031 
4060 1220 1221 1222 
4061 484 74 4427 
4062 2328 2329 2569 
4063 5725 3503 5770 
4064 1276 1279 4534 
4065 854 828 855 
4066 87 88 499 
4067 1068 1067 1069 
4068 2929 2928 2930 
4069 850 847 858 
4070 850 858 4443 
4071 2678 2402 2679 
4072 4067 4066 4068 
4073 2886 2898 3449 
4074 4071 4068 4072 
4075 775 785 1583 
4076 747 760 784 
4077 2271 2019 3995 
4078 2262 2548 2549 
4079 2334 2944 2945 
4080 4132 4128 4133 
4081 2287 2729 3197 
4082 1133 1132 4382 
4083 2493 2814 4417 
4084 698 686 699 
4085 1322 1321 1352 
4086 2674 2676 2916 
4087 3011 2300 4334 
4088 1605 1527 1606 
4089 2021 2020 2490 
4090 1249 1251 1270 
4091 3915 1177 4706 
4092 2692 2428 3190 
4093 2919 2921 3619 
4094 1536 1546 1547 
4095 2089 2087 2090 
4096 4070 4068 4071 
4097 4611 2560 4612 
4098 2011 1834 2012 
4099 3569 2915 3597 
4100 2417 3997 3998 
4101 3003 3026 3027 
4102 4373 1636 4442 
4103 2724 2726 4000 
4104 2003 1875 2004 
4105 2475 2246 2571 
4106 2272 2271 2273 
4107 2704 2703 2915 
4108 2601 2369 3368 
4109 2666 2667 2668 
4110 722 824 4228 
4111 3032 3033 4264 
4112 2670 2672 2751 
4113 2927 2926 2928 
4114 2682 2681 2683 
4115 2140 1735 4370 
4116 703 699 704 
4117 2000 2703 2704 
4118 789 781 791 
4119 1606 1527 1607 
4120 2678 2679 2680 
4121 720 722 4228 
4122 1748 1601 2000 
4123 2258 2606 4250 
4124 764 740 4230 
4125 85 86 604 
4126 3784 3783 3990 
4127 705 704 706 
4128 3315 3263 3321 
4129 3278 2514 4142 
4130 2597 4165 4166 
4131 2287 2489 2729 
4132 4298 4289 4299 
4133 3254 2280 4259 
4134 713 706 714 
4135 730 714 731 
4136 2514 2235 2735 
4137 2243 2264 3008 
4138 1284 1286 1355 
4139 1276 1275 1277 
4140 2777 3240 3630 
4141 535 3035 3036 
4142 1074 1073 1075 
4143 3154 3153 3155 
4144 827 810 4571 
4145 3156 3155 3157 
4146 4614 2747 4762 
4147 1331 1674 2158 
4148 1381 1261 1382 
4149 1008 1005 4039 
4150 1487 1489 1490 
4151 2684 2683 3021 
4152 2474 2061 2736 
4153 1591 1593 1599 
4154 2027 2511 2776 
4155 1918 1771 4123 
4156 846 814 847 
4157 2242 2778 4374 
4158 1498 1508 1941 
4159 2097 2523 2712 
4160 3184 4370 4371 
4161 1614 1613 1615 
4162 2680 2681 2682 
4163 2664 2665 2666 
4164 737 731 738 
4165 1949 1615 2020 
4166 2655 2657 2658 
4167 585 3843 4753 
4168 1679 1678 1680 
4169 194 195 640 
4170 752 746 759 
4171 101 483 4017 
4172 3507 4796 4822 
4173 2923 2922 2924 
4174 2923 2925 3536 
4175 4378 607 5642 
4176 3314 3263 3315 
4177 3157 3155 3783 
4178 2662 2663 2664 
4179 1962 1880 2064 
4180 2336 2337 3271 
4181 2904 2285 2905 
4182 2925 2924 2926 
4183 83 84 479 
4184 4133 4134 4135 
4185 82 83 4124 
4186 80 81 605 
4187 3318 3319 3320 
4188 78 79 465 
4189 4002 2412 4003 
4190 2658 2659 2660 
4191 1948 1615 1949 
4192 2077 2052 2078 
4193 4317 4318 4319 
4194 3578 3577 5029 
4195 1400 1399 1401 
4196 4358 3225 4693 
4197 780 759 781 
4198 1941 1508 3475 
4199 3001 3002 3003 
4200 2845 4393 4394 
4201 2055 2402 2678 
4202 1768 1847 4807 
4203 5758 3518 5788 
4204 1539 1269 1601 
4205 965 967 1172 
4206 788 781 789 
4207 2684 3021 4190 
4208 3864 3863 5209 
4209 2921 2920 2922 
4210 3806 2846 4765 
4211 1576 659 4240 
4212 1880 1879 4218 
4213 2750 3950 5419 
4214 2125 2123 2126 
4215 4394 4393 4395 
4216 2682 2683 2684 
4217 2074 2591 4298 
4218 1631 1460 4785 
4219 4637 2693 4750 
4220 2407 2962 2963 
4221 859 715 1959 
4222 798 789 799 
4223 2352 2067 2353 
4224 125 126 3942 
4225 1268 850 1269 
4226 2029 2336 4022 
4227 1567 1566 1568 
4228 949 951 1138 
4229 1211 4535 4536 
4230 1822 2412 4002 
4231 2660 2661 2662 
4232 1232 1231 1233 
4233 682 683 684 
4234 660 1633 4386 
4235 4375 1774 4376 
4236 1220 1705 3988 
4237 4319 4318 4320 
4238 4462 4637 4750 
4239 3027 3140 3141 
4240 2825 2824 3476 
4241 4606 1724 4872 
4242 4283 2839 4284 
4243 3325 2662 4237 
4244 2085 2084 2087 
4245 813 799 814 
4246 1919 1918 2018 
4247 1202 1161 1214 
4248 845 814 846 
4249 982 983 4608 
4250 2421 2063 2422 
4251 657 659 1576 
4252 963 965 4222 
4253 1920 837 1921 
4254 688 689 690 
4255 684 687 688 
4256 2322 3024 3840 
4257 2927 2929 3462 
4258 2283 1936 2285 
4259 2274 2273 2275 
4260 4314 1922 4445 
4261 980 982 2093 
4262 3500 2967 4033 
4263 3734 4814 4815 
4264 2280 2171 4259 
4265 4391 3449 4392 
4266 2654 2302 2655 
4267 1872 1871 1873 
4268 1247 1248 1249 
4269 2643 2642 3496 
4270 92 93 4330 
4271 3532 2687 3534 
4272 1848 2286 2287 
4273 690 691 692 
4274 2814 4396 4417 
4275 1402 1401 1403 
4276 2081 1921 2082 
4277 2724 2725 2726 
4278 959 961 1168 
4279 4269 918 4482 
4280 989 991 992 
4281 3575 3576 3577 
4282 1344 1245 4181 
4283 708 709 710 
4284 4325 4326 4327 
4285 1375 1558 1559 
4286 2088 2087 2089 
4287 3349 2420 4256 
4288 2163 2166 4282 
4289 2011 2012 2299 
4290 1538 1269 1539 
4291 3979 3915 3980 
4292 2799 2798 4465 
4293 3282 3281 3477 
4294 4230 742 4634 
4295 661 663 712 
4296 4323 4324 4325 
4297 239 240 3929 
4298 616 287 4316 
4299 1753 1748 2063 
4300 1879 1680 2115 
4301 4132 4133 4136 
4302 2358 2357 2359 
4303 2091 2089 2246 
4304 1937 2284 2307 
4305 4417 4396 4418 
4306 1033 1972 4557 
4307 2247 2246 2475 
4308 2697 2695 2914 
4309 2597 2421 4165 
4310 4088 4089 4090 
4311 2919 2918 2920 
4312 4126 4125 4127 
4313 1653 4543 4544 
4314 710 711 716 
4315 2177 2063 2421 
4316 977 978 979 
4317 728 729 733 
4318 716 717 728 
4319 2712 2523 2713 
4320 2595 2421 2597 
4321 3022 2914 3420 
4322 1195 1198 1271 
4323 2777 3239 3240 
4324 4327 4326 4328 
4325 2712 3456 4220 
4326 4119 4122 4287 
4327 3152 1609 3153 
4328 4126 4128 4132 
4329 2476 2475 2830 
4330 1615 1613 4185 
4331 975 976 977 
4332 484 4428 4429 
4333 1167 1219 1220 
4334 733 734 747 
4335 1554 1552 2013 
4336 2917 2676 2918 
4337 3728 3729 3730 
4338 1211 873 4535 
4339 3686 3342 5158 
4340 986 987 988 
4341 3148 3147 3186 
4342 747 748 760 
4343 2077 2078 4734 
4344 484 4427 4428 
4345 925 1618 4315 
4346 1674 2026 2027 
4347 2027 2509 2511 
4348 1290 1292 1326 
4349 4045 4044 4414 
4350 1577 1307 4266 
4351 1138 2910 3189 
4352 4325 4324 4326 
4353 712 2106 2107 
4354 1331 1673 1674 
4355 1586 1587 1588 
4356 2534 2531 3414 
4357 3478 3477 3479 
4358 585 3842 3843 
4359 2827 4397 4398 
4360 760 761 775 
4361 3528 3527 3770 
4362 1071 1073 1074 
4363 2041 2750 4795 
4364 1571 1569 1897 
4365 7 392 454 
4366 775 778 785 
4367 1230 1229 1231 
4368 3184 4371 4372 
4369 3301 3302 3509 
4370 2844 2886 4391 
4371 2719 2720 2839 
4372 1653 877 4543 
4373 1228 1227 1229 
4374 1363 1212 4515 
4375 1479 1471 4278 
4376 954 938 4456 
4377 2029 2134 2336 
4378 1836 1363 2452 
4379 2296 3257 4809 
4380 286 287 616 
4381 2299 2300 3011 
4382 4320 4322 4323 
4383 1609 1606 4148 
4384 4109 4110 4111 
4385 2724 4000 4640 
4386 2055 2401 2402 
4387 2270 2019 2271 
4388 1874 1873 1875 
4389 1179 1178 1180 
4390 2655 2302 2657 
4391 1978 1980 4357 
4392 1870 2363 3888 
4393 1274 1273 1275 
4394 2831 2366 4900 
4395 2193 2561 2562 
4396 1865 4387 4406 
4397 1453 1449 4518 
4398 656 790 4421 
4399 4494 4117 4661 
4400 1074 1075 1076 
4401 1846 1767 2491 
4402 1008 4039 4529 
4403 1588 1589 1591 
4404 1749 1750 4520 
4405 3301 3039 3302 
4406 1188 1191 1727 
4407 4273 327 4413 
4408 467 289 4329 
4409 1183 1185 4715 
4410 1591 1592 1593 
4411 2696 3958 3959 
4412 4268 1616 4541 
4413 1238 1200 1239 
4414 1317 1318 1370 
4415 2633 2634 2901 
4416 2166 4281 4282 
4417 2664 2666 3265 
4418 1370 1371 1529 
4419 1243 1245 1344 
4420 1471 1466 4280 
4421 963 4222 4227 
4422 852 853 1317 
4423 3194 4193 4699 
4424 4550 2127 4627 
4425 3136 3904 5411 
4426 843 844 852 
4427 169 170 567 
4428 2301 2116 2302 
4429 836 838 839 
4430 532 27 4369 
4431 841 842 843 
4432 3277 2514 3278 
4433 2674 2673 2675 
4434 4400 632 4401 
4435 652 1696 4407 
4436 2107 2108 2257 
4437 1777 3232 4486 
4438 2086 2372 2373 
4439 2200 2234 2981 
4440 1701 1726 1860 
4441 3195 2819 3391 
4442 2276 2275 2277 
4443 4119 2350 4120 
4444 2121 796 2818 
4445 883 4423 4580 
4446 1860 1907 1909 
4447 2901 2902 3520 
4448 839 840 841 
4449 3339 3340 3342 
4450 2503 3093 4775 
4451 2237 2184 2238 
4452 2236 2235 2514 
4453 4560 4559 4750 
4454 2105 1940 2235 
4455 1245 1246 1247 
4456 3581 3803 4046 
4457 750 811 812 
4458 1296 1298 1312 
4459 946 949 4206 
4460 2262 2512 2548 
4461 2068 2350 4119 
4462 1909 1970 2262 
4463 2166 2251 4281 
4464 3262 3020 3263 
4465 1696 4258 5025 
4466 2136 916 4657 
4467 1474 1498 4379 
4468 2373 2630 2631 
4469 3021 3377 3408 
4470 2448 2590 4476 
4471 34 459 4408 
4472 2827 2387 4397 
4473 2719 2839 4283 
4474 1980 2437 4357 
4475 3989 2714 4791 
4476 27 28 4369 
4477 4382 4381 4704 
4478 2299 2012 2300 
4479 2258 2605 2606 
4480 936 4736 4847 
4481 2326 2218 4354 
4482 826 833 834 
4483 1320 1215 1321 
4484 2966 2289 2967 
4485 812 825 826 
4486 2672 2671 2673 
4487 2260 1947 4603 
4488 3316 3317 3318 
4489 4476 4419 4477 
4490 695 720 2120 
4491 196 197 561 
4492 2016 2554 2628 
4493 168 169 4187 
4494 2171 1960 2747 
4495 1870 1869 1871 
4496 4735 3137 5473 
4497 4351 472 4604 
4498 4323 4322 4324 
4499 3966 2210 4590 
4500 1706 1997 2724 
4501 2466 2469 2471 
4502 4003 2412 4004 
4503 4133 4128 4134 
4504 722 724 824 
4505 1356 1774 4375 
4506 3933 596 3936 
4507 1054 1053 1055 
4508 1839 1758 4583 
4509 1243 1244 1245 
4510 486 183 4400 
4511 4123 2013 4990 
4512 4326 4324 4366 
4513 2851 2854 4599 
4514 1009 1008 1010 
4515 1376 1239 4242 
4516 726 735 4276 
4517 735 754 756 
4518 2778 2780 4886 
4519 915 917 4482 
4520 2658 2657 2659 
4521 1237 881 4580 
4522 394 393 478 
4523 1006 1005 1008 
4524 1138 2119 2910 
4525 927 929 4270 
4526 30 489 4411 
4527 2141 2140 2142 
4528 472 204 4380 
4529 3486 3052 3487 
4530 519 200 4302 
4531 2139 1735 2140 
4532 3913 1035 4574 
4533 4499 545 4500 
4534 616 4316 4321 
4535 2257 2258 4250 
4536 2607 2609 3419 
4537 2590 4419 4476 
4538 244 245 3955 
4539 988 987 989 
4540 993 996 4618 
4541 2369 1953 4044 
4542 2110 1023 4529 
4543 1011 1010 1022 
4544 1254 1253 1273 
4545 166 529 4305 
4546 1170 1262 4968 
4547 1025 1024 1029 
4548 2646 2648 3292 
4549 3410 2658 4286 
4550 1581 4349 4819 
4551 1789 1787 4355 
4552 535 8 3035 
4553 1302 1304 1306 
4554 2123 1577 4458 
4555 794 2121 3975 
4556 1085 3915 3979 
4557 2670 2669 2671 
4558 999 1018 4696 
4559 2959 3248 3525 
4560 531 339 4261 
4561 939 942 1602 
4562 3264 4276 5321 
4563 4154 4155 4156 
4564 2655 3410 4309 
4565 4416 2335 4444 
4566 692 695 4307 
4567 2471 2472 2959 
4568 2614 2617 2699 
4569 4569 4560 4827 
4570 162 475 4247 
4571 3620 2774 3621 
4572 4157 4156 4158 
4573 848 1329 1331 
4574 1020 1019 1024 
4575 1251 1250 1253 
4576 4232 4233 4234 
4577 2688 2687 3532 
4578 2070 4119 4287 
4579 786 801 2719 
4580 1241 1242 1243 
4581 161 162 4247 
4582 1530 1701 4399 
4583 1539 1753 4331 
4584 2068 1954 2350 
4585 1972 2200 4238 
4586 2251 2585 2705 
4587 3123 3126 3267 
4588 1309 1311 1342 
4589 1986 1988 2314 
4590 1581 1317 4349 
4591 2611 2613 2616 
4592 2685 2684 2687 
4593 1177 1178 1179 
4594 2802 2799 4465 
4595 695 2120 4307 
4596 2000 2702 2703 
4597 2660 2662 3325 
4598 4154 641 4155 
4599 669 671 1580 
4600 2141 2142 2143 
4601 1683 2054 2055 
4602 2597 4167 4335 
4603 785 4285 4650 
4604 1681 1879 1880 
4605 2452 4515 4516 
4606 450 326 4273 
4607 929 935 4270 
4608 2419 2420 3349 
4609 957 959 4524 
4610 3499 3497 3798 
4611 1173 1164 1174 
4612 2699 3637 3638 
4613 1052 1051 1053 
4614 2296 2741 3257 
4615 2139 2140 2141 
4616 673 675 700 
4617 1328 1527 1605 
4618 2070 2068 4119 
4619 1239 1240 1241 
4620 1510 1479 1511 
4621 2298 2297 2434 
4622 632 185 4410 
4623 2668 2667 2669 
4624 2615 4064 4065 
4625 4154 4156 4157 
4626 2754 3583 3584 
4627 3329 3330 3546 
4628 1306 1307 1577 
4629 929 933 935 
4630 4484 4483 4485 
4631 1174 1175 1176 
4632 2020 1615 4185 
4633 983 984 985 
4634 2660 2659 2661 
4635 1098 1091 4053 
4636 391 390 501 
4637 2835 4438 4439 
4638 1010 1008 4529 
4639 3190 4245 4246 
4640 2664 2663 2665 
4641 938 932 2706 
4642 4003 4004 4362 
4643 2031 2380 2428 
4644 1004 1003 1005 
4645 3208 4447 4594 
4646 166 167 529 
4647 1594 1596 1597 
4648 2622 3446 4334 
4649 199 200 519 
4650 2914 2695 4213 
4651 4028 4029 4030 
4652 664 662 665 
4653 1530 1532 1701 
4654 4071 4073 4077 
4655 3037 3036 3039 
4656 4516 4515 4805 
4657 1238 1239 1376 
4658 2908 2907 2909 
4659 483 4014 4017 
4660 3794 3795 4051 
4661 88 89 4409 
4662 2125 2126 2419 
4663 4320 4318 4322 
4664 1156 1154 1616 
4665 2278 2277 2439 
4666 2509 3176 4332 
4667 2303 2238 2304 
4668 3157 3784 3785 
4669 1825 1824 1832 
4670 2322 3840 4112 
4671 1117 954 1119 
4672 4274 4273 4275 
4673 1606 1608 4148 
4674 932 921 4269 
4675 1176 1200 1238 
4676 4065 4066 4067 
4677 837 836 4838 
4678 2543 2271 3995 
4679 3845 3844 4096 
4680 4473 862 4474 
4681 2662 2661 2663 
4682 1593 1594 4365 
4683 1452 1456 4582 
4684 2666 2665 2667 
4685 1563 1561 2112 
4686 883 885 4423 
4687 1679 1680 1681 
4688 1651 2265 3225 
4689 2374 2721 4527 
4690 940 934 4672 
4691 1611 1613 1614 
4692 677 679 1620 
4693 1605 1606 1609 
4694 4613 2560 4729 
4695 681 686 698 
4696 2074 2072 2591 
4697 41 608 4405 
4698 1036 1035 1037 
4699 4370 1650 4373 
4700 3154 3155 3156 
4701 4067 4068 4070 
4702 606 202 4350 
4703 2737 2738 2969 
4704 4524 1168 4525 
4705 1139 1133 1140 
4706 4199 4197 4202 
4707 1547 1548 1549 
4708 3018 2710 3085 
4709 1140 1163 1164 
4710 698 699 703 
4711 4624 3008 4625 
4712 1185 1188 4715 
4713 2760 2758 2761 
4714 1176 1199 1200 
4715 703 704 705 
4716 2729 2489 3260 
4717 3296 2893 4592 
4718 3927 3922 3928 
4719 988 989 4463 
4720 2159 1865 4406 
4721 1038 1037 1039 
4722 730 731 737 
4723 713 714 730 
4724 918 915 4482 
4725 705 706 713 
4726 1478 1471 1479 
4727 3434 5862 5886 
4728 2804 2802 2869 
4729 2287 2286 2489 
4730 2293 1839 4583 
4731 2692 3191 3906 
4732 201 202 606 
4733 3019 3018 3020 
4734 738 740 764 
4735 3145 2413 3146 
4736 4447 2582 4594 
4737 545 179 4424 
4738 786 2719 4285 
4739 1750 1976 4520 
4740 3788 3790 3791 
4741 1848 2287 4038 
4742 3860 3198 3861 
4743 1249 1248 1250 
4744 2379 2280 3254 
4745 1594 1597 4365 
4746 1614 1615 1948 
4747 1117 1119 1120 
4748 3152 3153 3154 
4749 3314 3315 3316 
4750 925 927 1618 
4751 4022 4023 4024 
4752 2245 2244 2527 
4753 1823 1822 1824 
4754 989 992 4463 
4755 2336 3272 4022 
4756 1735 1650 4370 
4757 1948 1949 2252 
4758 666 751 4141 
4759 3321 4171 4172 
4760 1629 2714 4381 
4761 2655 2658 3410 
4762 396 395 528 
4763 3263 3020 4171 
4764 885 1216 4423 
4765 1090 1086 1091 
4766 2360 2359 2361 
4767 743 4291 4451 
4768 1954 1366 4306 
4769 1966 1661 2116 
4770 2546 2034 2730 
4771 4468 4470 4471 
4772 3507 3506 3508 
4773 1413 1411 1414 
4774 2143 2142 4630 
4775 164 165 607 
4776 744 746 752 
4777 846 850 1268 
4778 2013 1552 4267 
4779 3853 587 4683 
4780 1141 5577 5659 
4781 1199 2400 4390 
4782 1785 1783 1786 
4783 1551 1549 1552 
4784 1498 1941 4379 
4785 1862 1516 2970 
4786 752 759 780 
4787 4375 4376 4377 
4788 3818 586 3819 
4789 797 807 4384 
4790 2993 1377 3679 
4791 75 76 617 
4792 1108 1110 1969 
4793 2520 2521 2522 
4794 1980 1982 2437 
4795 788 789 798 
4796 1602 2249 2497 
4797 780 781 788 
4798 4436 4356 4437 
4799 2576 2159 4406 
4800 1539 1748 1753 
4801 2913 2182 3226 
4802 2622 2623 2624 
4803 1267 1315 4861 
4804 164 607 4378 
4805 1791 1789 1792 
4806 1630 1756 2857 
4807 2177 2421 2595 
4808 1602 2497 2980 
4809 4427 617 4431 
4810 820 848 4537 
4811 1268 1269 1538 
4812 3339 3338 3340 
4813 2980 2497 2983 
4814 813 814 845 
4815 798 799 813 
4816 4143 2735 4144 
4817 2689 1918 4123 
4818 1953 1955 4044 
4819 2231 2230 2232 
4820 2300 2348 2349 
4821 1176 1238 4554 
4822 1040 1039 1041 
4823 203 204 472 
4824 1753 2063 2177 
4825 1814 1810 4433 
4826 2229 2228 2230 
4827 656 654 790 
4828 668 666 4141 
4829 1808 4460 4461 
4830 2597 4166 4167 
4831 2835 2391 4438 
4832 4336 322 4452 
4833 1226 1225 1227 
4834 2869 2802 4465 
4835 2886 3449 4391 
4836 973 974 975 
4837 1808 1799 4460 
4838 1116 954 1117 
4839 1126 1132 1133 
4840 2082 2084 2085 
4841 2301 2302 2654 
4842 1356 1772 1774 
4843 2595 2597 4335 
4844 835 837 1920 
4845 2233 2232 2244 
4846 2023 2024 4891 
4847 1792 4356 4436 
4848 1304 1303 4232 
4849 2654 2655 4309 
4850 2015 2014 2384 
4851 857 843 4774 
4852 1042 1041 1043 
4853 4767 4374 4886 
4854 2966 2967 3500 
4855 1552 1549 4267 
4856 389 6 527 
4857 2822 1069 4790 
4858 2299 3011 3012 
4859 1976 1978 2488 
4860 1795 1793 1796 
4861 707 715 859 
4862 1459 1453 4518 
4863 660 658 1633 
4864 4222 4224 4227 
4865 923 925 4315 
4866 3343 3345 3346 
4867 676 1632 4263 
4868 2601 3368 3369 
4869 2782 2781 2989 
4870 535 3036 3037 
4871 652 650 1696 
4872 2008 2007 2196 
4873 953 938 954 
4874 1124 1125 1126 
4875 1538 1539 4331 
4876 1815 2014 2015 
4877 852 1581 4774 
4878 2294 2824 2825 
4879 1174 1164 1175 
4880 4429 4428 4430 
4881 2632 3281 3282 
4882 2777 2511 3239 
4883 5258 3445 5769 
4884 3889 3240 3890 
4885 2681 2679 2686 
4886 3017 2710 3018 
4887 2385 2384 3769 
4888 2063 1748 4249 
4889 1604 1174 4554 
4890 1787 1786 1815 
4891 697 694 2728 
4892 3021 2683 3377 
4893 2117 2115 2118 
4894 1138 951 2119 
4895 4246 5485 5559 
4896 162 163 475 
4897 2300 2012 2348 
4898 3103 5840 5950 
4899 2387 2385 4397 
4900 1120 1121 1122 
4901 2069 2071 2335 
4902 2085 2087 2088 
4903 73 484 4457 
4904 708 702 709 
4905 682 680 683 
4906 549 95 4248 
4907 1891 1953 2369 
4908 1343 1366 1891 
4909 2045 2046 2047 
4910 696 701 1600 
4911 690 689 691 
4912 178 545 4499 
4913 2717 988 2718 
4914 1884 2593 5066 
4915 688 687 689 
4916 832 862 4473 
4917 1815 1786 2014 
4918 1939 2695 2697 
4919 2474 2736 2737 
4920 2622 2621 2623 
4921 3805 2846 3806 
4922 666 665 751 
4923 684 683 687 
4924 1920 1921 2081 
4925 2681 2686 4388 
4926 2088 2089 2091 
4927 1904 1771 1918 
4928 39 40 451 
4929 1180 1178 1901 
4930 2091 2246 2247 
4931 2015 2384 2385 
4932 3945 3944 3946 
4933 2247 2475 2476 
4934 2605 2604 4475 
4935 1786 1783 4481 
4936 2115 1680 4662 
4937 692 691 695 
4938 3697 3696 3698 
4939 4467 1964 4468 
4940 2622 2624 3446 
4941 2142 2140 3184 
4942 3040 3039 3301 
4943 2624 2625 3004 
4944 672 670 685 
4945 1044 1043 1045 
4946 2549 3527 3528 
4947 859 1959 3538 
4948 1122 1123 1124 
4949 1126 1139 4403 
4950 1586 1584 1587 
4951 4488 1699 4678 
4952 36 37 609 
4953 676 674 1632 
4954 3262 3263 3314 
4955 3706 3705 3707 
4956 3408 3377 3772 
4957 2544 2257 4250 
4958 933 939 4186 
4959 2724 1997 2725 
4960 937 932 938 
4961 678 676 4263 
4962 1140 1164 1173 
4963 34 35 459 
4964 2349 2621 2622 
4965 2385 3769 4397 
4966 1173 1174 1604 
4967 2027 2026 2509 
4968 2073 2075 2553 
4969 1813 1830 4433 
4970 2825 3476 3733 
4971 1674 1673 2026 
4972 733 729 734 
4973 330 331 460 
4974 728 717 729 
4975 710 709 711 
4976 2535 2100 3169 
4977 1462 1459 2644 
4978 716 711 717 
4979 1957 4904 4949 
4980 75 617 4427 
4981 2138 1735 2139 
4982 1585 1590 2416 
4983 1140 1133 1163 
4984 32 33 611 
4985 2718 988 4463 
4986 1973 1685 4766 
4987 2227 2226 2228 
4988 332 333 612 
4989 204 205 4380 
4990 731 714 4432 
4991 2709 2708 2710 
4992 747 734 748 
4993 30 31 489 
4994 760 748 761 
4995 1120 1119 1121 
4996 334 335 490 
4997 2402 2401 3210 
4998 28 29 613 
4999 336 337 614 
5000 2706 932 4269 
5001 4448 2700 4449 
5002 26 27 532 
5003 338 339 531 
5004 1085 1084 1086 
5005 854 855 1343 
5006 2780 2779 2781 
5007 2145 1742 2691 
5008 1781 1779 4050 
5009 1734 1650 1735 
5010 3282 3477 3478 
5011 3478 3479 3556 
5012 2521 3005 5540 
5013 464 321 4336 
5014 4278 1471 4280 
5015 775 761 778 
5016 2839 2720 2840 
5017 1588 1587 1589 
5018 1785 1786 1787 
5019 2452 1363 4515 
5020 328 329 610 
5021 4729 2539 4841 
5022 2255 2254 2642 
5023 2910 2119 3214 
5024 3022 3420 3651 
5025 3271 2337 3273 
5026 2697 2914 3022 
5027 1593 1592 1594 
5028 2628 2629 2991 
5029 550 301 4303 
5030 1126 1133 1139 
5031 1050 1049 1051 
5032 1239 1200 1240 
5033 1269 850 4443 
5034 1224 1223 1225 
5035 184 632 4400 
5036 2377 2707 2708 
5037 1591 1589 1592 
5038 1808 4461 4462 
5039 1214 4192 5385 
5040 1331 1329 1673 
5041 1629 1723 2714 
5042 1761 2762 4651 
5043 2696 2694 3958 
5044 397 8 535 
5045 3688 3689 4489 
5046 4050 1779 4486 
5047 1247 1246 1248 
5048 2400 3255 3256 
5049 2349 2348 2594 
5050 2193 2194 2561 
5051 1792 4355 4356 
5052 4127 4129 4130 
5053 1342 1311 4620 
5054 1599 1940 2105 
5055 1629 1722 1723 
5056 1644 1964 4467 
5057 938 2706 4456 
5058 1779 1777 4486 
5059 1792 1789 4355 
5060 95 96 4248 
5061 2393 2835 4491 
5062 2414 3147 3148 
5063 2708 2707 3824 
5064 1302 1306 4626 
5065 1799 1796 4460 
5066 2719 801 2720 
5067 3085 4295 4296 
5068 993 991 996 
5069 2055 2054 2401 
5070 4068 4066 4459 
5071 2762 2764 4821 
5072 1719 4038 4676 
5073 23 24 569 
5074 341 342 568 
5075 2037 2039 2193 
5076 2633 2631 2634 
5077 325 326 450 
5078 3961 3959 3962 
5079 3141 3142 3422 
5080 2752 2754 4607 
5081 992 991 993 
5082 3614 2914 4213 
5083 2710 2708 4295 
5084 2713 4293 4294 
5085 4337 317 4502 
5086 1529 1530 4399 
5087 2129 2485 2486 
5088 1966 2116 2301 
5089 2086 2083 2372 
5090 186 540 4410 
5091 1470 1466 1471 
5092 1619 1003 4448 
5093 288 289 467 
5094 2389 2387 2827 
5095 1132 1621 4382 
5096 2336 2134 2337 
5097 836 834 838 
5098 1328 1605 4620 
5099 750 745 811 
5100 846 1268 4609 
5101 4467 4468 4523 
5102 2126 2123 4458 
5103 2616 2613 4631 
5104 2145 2691 4422 
5105 3654 451 5549 
5106 540 187 4493 
5107 1597 1596 4346 
5108 1793 1792 4436 
5109 1976 2488 4520 
5110 1831 2036 4531 
5111 3843 3869 4753 
5112 1646 1648 4472 
5113 2236 2514 3277 
5114 4303 302 4479 
5115 1124 1126 4403 
5116 182 183 486 
5117 2717 2718 3412 
5118 2435 2080 4277 
5119 672 685 4425 
5120 1238 3193 4554 
5121 2644 1459 4518 
5122 22 23 4271 
5123 2575 2159 2576 
5124 1791 1792 1793 
5125 180 633 4424 
5126 1798 1799 1800 
5127 1798 1796 1799 
5128 833 1651 4358 
5129 2778 2538 2779 
5130 1810 1813 4433 
5131 2225 2224 2226 
5132 2618 4475 4878 
5133 2105 2235 2236 
5134 3305 2405 4455 
5135 935 933 4186 
5136 2293 4583 4584 
5137 1417 1415 1418 
5138 1602 942 2249 
5139 1216 1356 4375 
5140 1140 1173 4579 
5141 4148 1608 4622 
5142 743 741 4291 
5143 1741 2192 4526 
5144 1836 2452 3224 
5145 4539 2903 4655 
5146 1860 1726 1907 
5147 3584 3583 3585 
5148 1821 1820 1822 
5149 2349 2622 4334 
5150 134 135 4814 
5151 2716 2482 2899 
5152 1370 1318 1371 
5153 2270 2271 2272 
5154 2386 2385 2387 
5155 1152 1153 1724 
5156 2797 2405 3305 
5157 1317 853 1318 
5158 2615 4065 4631 
5159 3572 3223 3736 
5160 1078 1080 2795 
5161 2262 1970 2512 
5162 1529 1371 1530 
5163 2837 4491 4492 
5164 1341 1706 4640 
5165 2349 2594 2621 
5166 1909 1907 1970 
5167 2377 2375 2707 
5168 2794 2127 4550 
5169 2913 3226 3227 
5170 41 42 608 
5171 852 844 853 
5172 2272 2273 2274 
5173 1723 2101 2102 
5174 2854 2794 4550 
5175 1640 1638 1650 
5176 184 185 632 
5177 1623 1625 1629 
5178 481 316 4337 
5179 1935 2374 2375 
5180 4088 506 4089 
5181 2643 3496 3497 
5182 290 291 618 
5183 4460 4437 4461 
5184 1245 1244 1246 
5185 1703 3208 4507 
5186 3597 2915 3599 
5187 1122 1121 1123 
5188 3778 2653 3855 
5189 812 826 4641 
5190 843 842 844 
5191 1795 1796 1798 
5192 1611 1614 4622 
5193 3360 2595 4335 
5194 1126 1125 1132 
5195 1623 1629 4381 
5196 2678 2680 3938 
5197 810 818 4571 
5198 1972 4238 4557 
5199 986 988 2717 
5200 1181 1180 1182 
5201 741 739 2103 
5202 1243 1242 1244 
5203 1132 1142 1621 
5204 1830 1831 4531 
5205 2397 2837 4575 
5206 2901 2634 2902 
5207 841 840 842 
5208 180 181 633 
5209 1176 1175 1199 
5210 668 4141 4435 
5211 2837 2395 4491 
5212 3148 3186 3187 
5213 1002 1000 1003 
5214 2624 2623 2625 
5215 398 397 3675 
5216 931 921 932 
5217 2983 2497 3303 
5218 1617 1124 4403 
5219 1796 1793 4436 
5220 2121 3194 3975 
5221 2307 2308 2574 
5222 4468 4469 4470 
5223 1570 1572 1854 
5224 4318 467 4329 
5225 1419 1418 1420 
5226 2102 2580 2581 
5227 1498 1507 1508 
5228 1701 1532 1726 
5229 839 838 840 
5230 1926 1924 4514 
5231 1241 1240 1242 
5232 2682 2684 2685 
5233 1919 2018 2019 
5234 1046 1045 1047 
5235 1564 1566 1567 
5236 186 187 540 
5237 2886 2887 2898 
5238 2086 2373 4644 
5239 1456 1464 4582 
5240 2389 2827 4438 
5241 1277 2005 2129 
5242 1807 1810 1814 
5243 73 74 484 
5244 2000 1601 2702 
5245 1124 1123 1125 
5246 2373 2372 2630 
5247 3040 3301 4561 
5248 28 613 4369 
5249 952 957 4692 
5250 1629 1625 1722 
5251 858 847 2109 
5252 4376 5356 5455 
5253 1490 1491 1492 
5254 2199 2197 2297 
5255 1308 4232 4513 
5256 1030 1029 2179 
5257 2688 3532 3533 
5258 867 869 1634 
5259 2097 2330 2523 
5260 2685 2687 2688 
5261 2310 1885 2774 
5262 4514 3688 4530 
5263 989 990 991 
5264 812 811 825 
5265 1951 1538 4331 
5266 4580 4377 4581 
5267 296 297 514 
5268 292 293 493 
5269 294 295 619 
5270 2097 2712 4446 
5271 826 825 833 
5272 2610 2608 2618 
5273 323 324 615 
5274 1357 1217 4577 
5275 328 610 4413 
5276 4245 3006 4345 
5277 1222 1221 1223 
5278 3164 2785 4749 
5279 3688 4489 4530 
5280 1813 1828 1830 
5281 2388 2387 2389 
5282 959 1168 4524 
5283 1648 1736 1958 
5284 71 72 620 
5285 2082 2085 4628 
5286 2313 3000 3001 
5287 2335 2071 4444 
5288 1122 1124 1617 
5289 1621 4381 4382 
5290 178 179 545 
5291 327 328 4413 
5292 23 569 4271 
5293 1931 1934 1935 
5294 2287 3197 4038 
5295 1596 1683 4346 
5296 2065 2322 4112 
5297 2391 2389 4438 
5298 4356 4355 4490 
5299 177 178 4499 
5300 2412 1820 4308 
5301 1626 1703 4507 
5302 1644 1646 1964 
5303 873 875 4535 
5304 1935 1934 2374 
5305 2422 2063 4249 
5306 2745 4484 4759 
5307 1642 4467 4752 
5308 3886 3884 3887 
5309 3482 2654 4309 
5310 741 2103 4291 
5311 1464 1468 2711 
5312 2614 2612 2617 
5313 3019 3020 3262 
5314 2395 2393 4491 
5315 1800 1802 1804 
5316 1924 2104 4514 
5317 3037 3039 3040 
5318 2428 3006 4245 
5319 2379 3254 3308 
5320 1675 1333 4675 
5321 2182 944 4672 
5322 1926 4514 4530 
5323 2621 2594 3149 
5324 2393 2391 2835 
5325 3125 3595 5084 
5326 2073 2553 4444 
5327 1621 1142 1622 
5328 3342 3340 3343 
5329 69 70 509 
5330 1992 2043 2044 
5331 2991 2992 3615 
5332 183 184 4400 
5333 298 299 622 
5334 1301 1299 1305 
5335 3257 2741 3258 
5336 4232 1303 4233 
5337 1621 1622 1623 
5338 67 68 621 
5339 4619 1163 4704 
5340 3190 2428 4245 
5341 2804 2869 2870 
5342 871 873 1211 
5343 4074 4072 4075 
5344 2274 2275 2276 
5345 2031 1612 2380 
5346 65 66 526 
5347 1610 1607 1968 
5348 2764 3333 3334 
5349 1306 2122 4626 
5350 2384 2014 2765 
5351 1327 1310 1345 
5352 995 993 4618 
5353 4507 3208 4594 
5354 2390 2392 4556 
5355 2375 2374 4527 
5356 877 879 4543 
5357 65 526 4487 
5358 148 149 4947 
5359 2467 2465 2468 
5360 1236 1256 1512 
5361 3947 3946 3951 
5362 744 752 4634 
5363 919 923 4657 
5364 1996 1829 2749 
5365 863 865 1252 
5366 185 186 4410 
5367 1853 1833 2007 
5368 2826 2366 2831 
5369 1117 1145 4442 
5370 1605 3151 4620 
5371 4436 4437 4460 
5372 1123 4528 4552 
5373 4128 4127 4297 
5374 2300 2349 4334 
5375 1831 2002 2036 
5376 1268 1663 4609 
5377 1775 1357 4577 
5378 2735 2235 4145 
5379 1962 2064 2065 
5380 2376 2375 2377 
5381 2041 2381 2750 
5382 2328 2118 2329 
5383 3740 2144 4538 
5384 1842 1697 4615 
5385 531 4261 4262 
5386 2561 3363 3364 
5387 2813 2842 2845 
5388 2675 3631 3656 
5389 1216 4375 4423 
5390 187 188 4493 
5391 1308 1304 4232 
5392 1354 1266 4835 
5393 1621 1623 4381 
5394 2223 2222 2224 
5395 303 304 525 
5396 300 301 550 
5397 1297 1295 1603 
5398 1281 4060 4565 
5399 1588 1591 4656 
5400 1173 1660 4579 
5401 4356 4490 4726 
5402 1777 1775 3232 
5403 4560 2693 4827 
5404 1293 1291 4311 
5405 1120 1122 4466 
5406 1666 1866 4638 
5407 1274 1276 4534 
5408 1931 1930 1934 
5409 816 829 4710 
5410 2362 2361 3196 
5411 3866 1878 3868 
5412 2502 1842 4615 
5413 179 180 4424 
5414 1921 837 4685 
5415 875 1653 4535 
5416 1906 1925 4545 
5417 3004 3207 3304 
5418 2844 2885 2886 
5419 2709 2710 3017 
5420 1122 1617 4466 
5421 2677 2390 4556 
5422 1291 1289 1346 
5423 2015 2385 2386 
5424 1117 1120 1145 
5425 1474 1497 1498 
5426 2386 2387 2388 
5427 1904 1918 1919 
5428 2243 3008 4624 
5429 832 861 862 
5430 3321 3263 4171 
5431 971 972 973 
5432 2493 2811 2814 
5433 1121 1119 1933 
5434 648 749 2172 
5435 63 64 625 
5436 1017 1015 1019 
5437 3193 1376 3898 
5438 2647 2645 3814 
5439 848 1331 4537 
5440 2276 2277 2278 
5441 1723 1722 2101 
5442 2463 2461 2464 
5443 2719 4283 4285 
5444 1567 1568 1922 
5445 1796 4436 4460 
5446 2374 2592 2721 
5447 875 877 1653 
5448 1928 1926 4530 
5449 818 832 4473 
5450 3085 2710 4295 
5451 84 85 4272 
5452 1048 1047 1049 
5453 3688 3687 3689 
5454 1614 2128 4622 
5455 2305 2304 2325 
5456 1642 1644 4467 
5457 1303 1301 4235 
5458 2397 2395 2837 
5459 450 4273 4274 
5460 4065 4069 4631 
5461 3017 3018 3019 
5462 1626 1628 1703 
5463 835 1920 4641 
5464 3538 1959 4669 
5465 2734 3687 3688 
5466 4388 2686 4389 
5467 1800 1801 1802 
5468 1121 1933 4528 
5469 1511 1562 1760 
5470 4468 4471 4523 
5471 1553 1552 1554 
5472 189 190 574 
5473 1935 2375 2376 
5474 2734 3138 3687 
5475 3708 3707 3709 
5476 2221 2220 2222 
5477 1511 1760 4387 
5478 2299 3012 4420 
5479 2491 4210 4216 
5480 2699 2617 3637 
5481 1174 1176 4554 
5482 2104 2734 4514 
5483 1790 1789 1791 
5484 3350 3349 3510 
5485 2390 2389 2391 
5486 1811 4559 4560 
5487 1623 1622 1624 
5488 1929 1928 1930 
5489 1929 1930 1931 
5490 1784 1783 1785 
5491 2211 2210 2212 
5492 305 306 627 
5493 1925 2288 4545 
5494 322 323 4452 
5495 2428 2380 3006 
5496 1935 2376 4508 
5497 4489 2343 4530 
5498 3740 4538 4542 
5499 3208 3266 4447 
5500 2143 4630 5103 
5501 293 294 4450 
5502 1802 1803 1805 
5503 2377 2708 2709 
5504 1623 1624 1625 
5505 2448 2450 2590 
5506 3739 2144 3740 
5507 44 45 463 
5508 2161 4282 4638 
5509 1805 1806 1807 
5510 1931 1935 4508 
5511 2785 1967 4617 
5512 1905 1704 1906 
5513 1927 1926 1928 
5514 1703 1628 1704 
5515 802 820 4646 
5516 4115 499 4118 
5517 2853 2851 4599 
5518 3208 1905 3266 
5519 2139 2141 2495 
5520 2491 4209 4210 
5521 4569 4827 4899 
5522 1800 1799 1801 
5523 2102 2101 2580 
5524 1837 1863 4629 
5525 1906 1924 1925 
5526 1925 1924 1926 
5527 2047 2048 2049 
5528 1703 1905 3208 
5529 1801 1799 1808 
5530 894 892 895 
5531 2632 3282 4644 
5532 1947 2132 4603 
5533 1703 1704 1905 
5534 320 321 464 
5535 1807 1809 1810 
5536 1262 1171 1263 
5537 1965 1076 2364 
5538 1930 1928 2343 
5539 388 387 524 
5540 3184 4372 4555 
5541 297 298 4464 
5542 888 886 889 
5543 1803 4519 4559 
5544 2213 2212 2214 
5545 1625 1624 1626 
5546 318 319 624 
5547 2104 2732 2734 
5548 61 62 530 
5549 1132 1125 1142 
5550 1116 1117 4442 
5551 3336 3337 3338 
5552 5046 2457 5064 
5553 794 795 796 
5554 315 316 481 
5555 1927 1928 1929 
5556 2166 2250 2251 
5557 1034 1032 1035 
5558 1220 1219 1221 
5559 1123 1121 4528 
5560 1906 1923 1924 
5561 2142 3184 4555 
5562 1801 1808 4519 
5563 879 881 1237 
5564 998 995 2700 
5565 2071 2073 4444 
5566 2593 3439 3518 
5567 46 47 623 
5568 2139 2495 4455 
5569 1905 1906 4545 
5570 2259 2257 2544 
5571 2648 4623 5065 
5572 1803 1801 4519 
5573 2215 2214 2216 
5574 1145 1120 4466 
5575 953 954 1116 
5576 886 884 4538 
5577 1922 1568 4445 
5578 1018 1690 2190 
5579 313 314 626 
5580 1925 1926 1927 
5581 2374 1934 2592 
5582 1810 1812 1813 
5583 3728 3730 4788 
5584 2219 2218 2220 
5585 2581 2580 3519 
5586 58 59 629 
5587 2144 889 4538 
5588 937 938 953 
5589 789 791 4839 
5590 2255 2642 2643 
5591 2343 1928 4530 
5592 3138 4553 4864 
5593 2217 2216 2218 
5594 63 625 4503 
5595 2278 2439 2440 
5596 2734 2732 3138 
5597 2734 3688 4514 
5598 2388 2389 2390 
5599 4440 3412 4441 
5600 2545 2544 2876 
5601 311 312 511 
5602 399 398 517 
5603 307 308 521 
5604 309 310 628 
5605 1170 1135 1171 
5606 1113 1143 1259 
5607 56 57 523 
5608 2122 1577 2123 
5609 1199 2399 2400 
5610 48 49 487 
5611 2762 2763 2764 
5612 2985 2943 3297 
5613 4336 4452 4453 
5614 2865 2863 2990 
5615 479 84 4272 
5616 299 300 4480 
5617 1687 2094 2097 
5618 317 318 4502 
5619 3158 3156 3331 
5620 933 934 939 
5621 524 387 3056 
5622 707 859 4664 
5623 54 55 631 
5624 2893 2895 4592 
5625 50 51 630 
5626 1026 1113 4605 
5627 1625 1626 4507 
5628 1510 1511 4387 
5629 2634 2631 4655 
5630 4322 4318 4329 
5631 3151 1609 3152 
5632 3962 4353 5649 
5633 2911 4670 4680 
5634 4004 2412 4308 
5635 52 53 508 
5636 1788 1787 1789 
5637 2309 2332 3395 
5638 1626 1627 1628 
5639 1026 1027 1113 
5640 1478 1479 1510 
5641 175 176 576 
5642 2444 2446 2637 
5643 697 2728 4667 
5644 2085 2368 4628 
5645 3829 2424 3831 
5646 2856 2853 2931 
5647 2891 2893 3296 
5648 2392 2391 2393 
5649 1287 1285 4359 
5650 752 2133 4634 
5651 1811 4560 4569 
5652 2163 2165 2166 
5653 1600 701 4664 
5654 2294 2825 4669 
5655 808 810 827 
5656 879 1237 4543 
5657 302 303 4479 
5658 2124 2123 2125 
5659 1906 1704 1923 
5660 1924 1923 2104 
5661 1734 1735 2138 
5662 4456 2706 4868 
5663 884 882 4542 
5664 3004 2625 3207 
5665 2596 2595 3360 
5666 418 417 461 
5667 424 423 456 
5668 19 440 455 
5669 410 409 457 
5670 9 416 458 
5671 1925 1927 2288 
5672 3430 4402 5189 
5673 1587 1584 4650 
5674 2588 1931 4508 
5675 709 702 4667 
5676 2132 2442 2443 
5677 1628 1916 4568 
5678 2808 1855 2911 
5679 3817 3818 4739 
5680 3989 4619 4704 
5681 1741 1752 2192 
5682 939 940 942 
5683 1830 1828 1831 
5684 889 886 4538 
5685 1660 1604 1661 
5686 2588 4508 4509 
5687 1929 1931 2588 
5688 3266 1905 4545 
5689 3201 4575 4576 
5690 1279 1377 2993 
5691 683 680 4671 
5692 797 806 807 
5693 2138 2139 4455 
5694 943 946 4504 
5695 2248 1892 2482 
5696 929 930 933 
5697 2045 2044 2046 
5698 2427 2364 3166 
5699 479 4272 4494 
5700 2570 3237 3238 
5701 1808 4462 4519 
5702 1809 1811 4587 
5703 923 924 925 
5704 1836 3224 4501 
5705 1848 1849 2286 
5706 304 305 4495 
5707 900 902 909 
5708 925 926 927 
5709 2288 1927 4547 
5710 1322 1352 1353 
5711 1884 2583 2593 
5712 2036 2002 2037 
5713 678 4263 4671 
5714 1811 1806 4559 
5715 4670 2174 4680 
5716 1722 1625 4507 
5717 1285 1283 1578 
5718 2625 2623 3683 
5719 1663 1538 1951 
5720 2477 2398 3329 
5721 2749 1829 4587 
5722 1927 1929 4547 
5723 4375 4377 4423 
5724 2394 2393 2395 
5725 887 886 888 
5726 4538 884 4542 
5727 4425 685 4426 
5728 3625 4714 5126 
5729 3232 1775 4577 
5730 4468 1964 4469 
5731 891 889 2144 
5732 1640 1650 1734 
5733 2760 2761 3167 
5734 885 884 886 
5735 2656 2654 3482 
5736 1464 2711 4582 
5737 4566 4606 4662 
5738 2739 2144 3739 
5739 3824 2707 3825 
5740 1812 1809 4587 
5741 1782 1781 1783 
5742 1550 1549 1551 
5743 3044 3045 3046 
5744 2251 2584 2585 
5745 3361 3360 3559 
5746 323 615 4452 
5747 2409 2397 4575 
5748 399 517 3060 
5749 915 912 917 
5750 1929 2588 4547 
5751 493 293 4450 
5752 4606 3192 4662 
5753 1179 1917 4706 
5754 2819 2818 4254 
5755 1628 1627 1916 
5756 927 928 929 
5757 1670 845 3234 
5758 294 619 4450 
5759 1078 2795 4610 
5760 1291 1346 4311 
5761 1404 1403 1405 
5762 1204 1149 1205 
5763 931 932 937 
5764 1599 2105 4656 
5765 882 1162 4542 
5766 749 4001 5305 
5767 1551 1552 1553 
5768 2851 2794 2854 
5769 105 469 5027 
5770 1200 1199 4390 
5771 1794 1793 1795 
5772 1202 1214 1215 
5773 1960 1501 4762 
5774 818 4473 4571 
5775 3374 2911 3766 
5776 1378 1741 4526 
5777 3788 2109 3789 
5778 897 895 1669 
5779 46 623 4497 
5780 2438 2182 2913 
5781 1923 1704 4568 
5782 883 882 884 
5783 1113 1114 1143 
5784 2857 2858 2859 
5785 2800 2801 4689 
5786 1952 1951 2289 
5787 2400 3175 3255 
5788 2390 2391 2392 
5789 1800 1804 4522 
5790 2290 2289 2966 
5791 1704 1628 4568 
5792 514 297 4464 
5793 1470 1471 1478 
5794 1809 1806 1811 
5795 1139 1140 4579 
5796 1851 1947 2260 
5797 2459 2458 2460 
5798 2104 2731 2732 
5799 2707 2375 4527 
5800 894 895 896 
5801 2797 3305 3461 
5802 1916 2743 4591 
5803 888 889 890 
5804 3200 2409 3201 
5805 3042 3040 4561 
5806 890 891 892 
5807 901 899 1028 
5808 891 2144 2739 
5809 854 1343 4546 
5810 306 307 4510 
5811 949 950 951 
5812 1626 1624 1627 
5813 898 899 900 
5814 2930 2928 2961 
5815 1802 1801 1803 
5816 882 880 1162 
5817 3275 3166 4061 
5818 904 906 1656 
5819 896 897 898 
5820 2011 2299 4420 
5821 2601 3369 4549 
5822 1941 4633 4786 
5823 4371 4370 4373 
5824 2895 2897 3283 
5825 946 947 949 
5826 3775 4539 4655 
5827 2743 2745 4759 
5828 1188 1727 4715 
5829 3138 2732 4553 
5830 1320 1321 1322 
5831 890 889 891 
5832 4134 4128 4297 
5833 2104 1923 2731 
5834 2981 2234 2982 
5835 2713 2523 4293 
5836 2193 2039 2194 
5837 1230 1234 5000 
5838 900 901 902 
5839 1350 1536 1883 
5840 1662 1661 1966 
5841 298 622 4464 
5842 2712 4220 4446 
5843 1088 1087 1089 
5844 4127 4125 4129 
5845 1072 1070 1695 
5846 2575 2576 3348 
5847 2455 2456 2457 
5848 3255 3972 3973 
5849 308 309 4511 
5850 777 793 794 
5851 1920 4084 4641 
5852 4523 4471 4910 
5853 2731 1923 4568 
5854 2392 2393 2394 
5855 1847 2309 4807 
5856 898 897 899 
5857 900 899 901 
5858 1805 1803 1806 
5859 3388 3059 3389 
5860 2352 2353 2354 
5861 896 895 897 
5862 48 487 4505 
5863 2503 2502 3093 
5864 2190 2191 2531 
5865 2732 2731 2733 
5866 907 905 941 
5867 1807 1806 1809 
5868 1164 1163 4619 
5869 2585 3252 3324 
5870 1866 2161 4638 
5871 2511 2509 4332 
5872 1810 1809 1812 
5873 908 911 914 
5874 1721 1729 1848 
5875 2480 1996 2481 
5876 1330 1675 4517 
5877 2372 2083 4685 
5878 3250 3065 3673 
5879 3234 845 4609 
5880 948 944 2182 
5881 2725 2727 3014 
5882 1998 1914 2398 
5883 622 299 4480 
5884 3239 4332 4333 
5885 3028 2476 3613 
5886 4130 4129 4131 
5887 2101 1722 4594 
5888 191 192 3079 
5889 3447 3448 3545 
5890 3282 3813 4644 
5891 4569 2749 4587 
5892 2553 2075 4703 
5893 902 901 903 
5894 2509 2510 3176 
5895 589 3944 3945 
5896 50 630 4512 
5897 1325 1324 1339 
5898 2947 2945 2948 
5899 969 970 971 
5900 3938 2680 4673 
5901 2582 2101 4594 
5902 1425 1444 4885 
5903 1829 1812 4587 
5904 2732 2733 4553 
5905 2564 2292 3064 
5906 2579 3432 3503 
5907 902 903 904 
5908 3041 3040 3042 
5909 3210 3211 3629 
5910 3201 2409 4575 
5911 1026 1023 1027 
5912 1798 1800 4522 
5913 904 905 906 
5914 1094 1089 1095 
5915 2497 2249 4564 
5916 472 4380 4604 
5917 1238 1376 3193 
5918 1995 1829 1996 
5919 2394 2395 2396 
5920 2663 2661 3160 
5921 2396 2395 2397 
5922 1680 1678 4662 
5923 4180 4179 4611 
5924 2594 2348 2698 
5925 4342 4341 4343 
5926 1148 1128 1149 
5927 4084 2081 4085 
5928 386 385 480 
5929 1622 1142 1657 
5930 2580 2101 2582 
5931 2014 1786 4481 
5932 2900 2785 3164 
5933 1747 2752 4677 
5934 385 5 3061 
5935 1624 1622 4593 
5936 1916 2742 2743 
5937 2388 2390 2677 
5938 1594 1595 1596 
5939 4311 1346 4312 
5940 5 400 462 
5941 4428 4427 4431 
5942 33 34 4408 
5943 3176 3177 3623 
5944 3014 3015 3541 
5945 1861 2313 4830 
5946 1099 1095 1100 
5947 895 892 4570 
5948 904 903 905 
5949 1832 2011 4255 
5950 695 719 720 
5951 829 1378 4710 
5952 892 891 4570 
5953 300 550 4480 
5954 1127 1100 1128 
5955 893 892 894 
5956 1910 1894 2560 
5957 1811 4569 4587 
5958 29 30 4411 
5959 1144 1152 4566 
5960 848 849 1329 
5961 1706 1707 1997 
5962 724 725 726 
5963 778 779 786 
5964 1806 1803 4559 
5965 726 727 735 
5966 735 736 754 
5967 2995 2155 2996 
5968 72 73 4457 
5969 722 723 724 
5970 1669 895 4570 
5971 820 821 848 
5972 3284 3286 4163 
5973 1859 1501 1960 
5974 1125 1123 4552 
5975 1658 3753 5246 
5976 2682 2685 4673 
5977 3374 3766 3767 
5978 1683 1684 2054 
5979 720 721 722 
5980 1596 1598 1683 
5981 2525 3071 4733 
5982 2394 2396 2693 
5983 1994 1960 2171 
5984 2154 1587 4650 
5985 1964 1646 4472 
5986 754 755 4636 
5987 3540 3538 3773 
5988 2414 3148 4703 
5989 4568 1916 4591 
5990 2924 2922 2988 
5991 303 525 4479 
5992 2754 3584 4607 
5993 2740 920 4588 
5994 859 3540 4664 
5995 1916 1627 2742 
5996 786 787 801 
5997 1177 1179 4706 
5998 891 2739 4570 
5999 2523 3077 4293 
6000 4615 1697 4860 
6001 2783 1967 2785 
6002 2400 2399 3175 
6003 957 958 959 
6004 906 905 907 
6005 881 880 882 
6006 383 384 642 
6007 345 346 643 
6008 1514 4823 4968 
6009 3203 4871 4941 
6010 3304 3207 3802 
6011 3822 500 4702 
6012 2012 1834 4573 
6013 1142 1125 4552 
6014 2173 2254 2255 
6015 896 898 1654 
6016 4423 4377 4580 
6017 2931 2853 4599 
6018 1664 709 4667 
6019 2825 3746 4669 
6020 906 907 908 
6021 3519 2580 4589 
6022 525 304 4495 
6023 1878 1373 4049 
6024 1722 4507 4594 
6025 40 41 4405 
6026 2717 3412 4440 
6027 2279 2171 2280 
6028 2743 2744 2745 
6029 2746 2744 2755 
6030 2364 1076 4610 
6031 2170 2168 4654 
6032 2769 2770 2772 
6033 2137 683 4671 
6034 881 882 883 
6035 481 4337 4338 
6036 1851 2260 4665 
6037 883 884 885 
6038 1941 3475 4633 
6039 3200 3201 3202 
6040 1813 1812 1827 
6041 2903 2634 4655 
6042 1627 1624 4593 
6043 2968 4229 5248 
6044 1199 1175 2399 
6045 1715 1717 1963 
6046 1216 1217 1356 
6047 2151 2784 2787 
6048 3959 3958 4367 
6049 3788 3789 3790 
6050 2204 2202 2833 
6051 1173 1604 1660 
6052 885 887 1216 
6053 1352 1582 5040 
6054 2603 920 2740 
6055 550 4303 4304 
6056 2132 2443 4603 
6057 2523 2330 3077 
6058 943 945 946 
6059 3843 3844 3845 
6060 3179 3181 3562 
6061 845 846 4609 
6062 1711 1713 1881 
6063 959 960 961 
6064 1498 1497 1507 
6065 2032 1773 4688 
6066 1819 1817 1820 
6067 1213 1364 1884 
6068 908 907 910 
6069 318 624 4502 
6070 2010 2454 2455 
6071 1134 1104 1135 
6072 2743 2742 2744 
6073 1995 1996 2480 
6074 1232 1233 4601 
6075 2209 2206 2210 
6076 2480 2481 3310 
6077 1421 1420 1422 
6078 2354 2355 2356 
6079 1356 1357 1772 
6080 1341 1545 1706 
6081 2512 2701 3512 
6082 1118 1116 1636 
6083 3192 2115 4662 
6084 2895 3283 4592 
6085 1827 1812 1829 
6086 2749 4569 4899 
6087 1335 1337 1542 
6088 755 758 782 
6089 802 804 820 
6090 3711 3709 3712 
6091 2805 2877 3274 
6092 950 947 4720 
6093 1330 1333 1675 
6094 885 886 887 
6095 1813 1827 1828 
6096 2731 4568 4591 
6097 382 383 4596 
6098 346 347 4598 
6099 3387 3059 3388 
6100 1827 1829 1995 
6101 305 627 4495 
6102 2105 3185 4656 
6103 1619 4449 5166 
6104 3303 2497 4564 
6105 2396 2397 2408 
6106 3825 2707 4527 
6107 1076 1075 4610 
6108 2863 2792 4764 
6109 2746 3213 3760 
6110 1311 1328 4620 
6111 834 833 4358 
6112 770 772 783 
6113 2580 2582 4589 
6114 1887 1876 2539 
6115 1285 1578 4359 
6116 3037 3040 3041 
6117 3255 3175 3972 
6118 2408 2397 2409 
6119 1334 1332 4632 
6120 1608 1611 4622 
6121 1530 1531 1532 
6122 1300 1302 4626 
6123 2733 2731 4591 
6124 1277 1275 2005 
6125 1795 1798 4548 
6126 2100 715 4404 
6127 2754 3309 3583 
6128 4556 2392 4637 
6129 2532 2939 3447 
6130 1259 1143 1678 
6131 1163 4382 4704 
6132 1129 955 2155 
6133 2410 2267 2821 
6134 1772 1773 2032 
6135 1622 1657 4593 
6136 2378 2280 2379 
6137 412 411 488 
6138 2752 2753 2754 
6139 952 956 957 
6140 2942 2941 2943 
6141 3320 3323 3394 
6142 2561 2194 3363 
6143 1333 1335 4675 
6144 2675 2673 3631 
6145 64 65 4487 
6146 888 890 4602 
6147 4085 2081 4628 
6148 961 962 963 
6149 1523 1524 1525 
6150 1758 1631 4785 
6151 2765 2014 4481 
6152 2613 2615 4631 
6153 4970 1513 5078 
6154 894 896 4588 
6155 411 410 3150 
6156 2669 2667 3112 
6157 1636 1116 4442 
6158 3088 426 5936 
6159 2709 3017 3591 
6160 2097 2094 2330 
6161 2949 2948 2950 
6162 1383 1384 1385 
6163 2886 2885 2887 
6164 1780 1779 1781 
6165 3660 2964 3681 
6166 2202 1973 4766 
6167 983 986 4608 
6168 1547 1549 1550 
6169 1240 1200 4390 
6170 4620 3151 4783 
6171 1831 2001 2002 
6172 3790 3789 5017 
6173 755 782 4636 
6174 2745 2744 2746 
6175 3673 489 5466 
6176 2808 2911 3374 
6177 913 916 2136 
6178 1009 1010 1011 
6179 2915 2703 4578 
6180 920 894 4588 
6181 2700 995 4618 
6182 1259 1678 1679 
6183 1550 1551 1855 
6184 2630 3188 3775 
6185 1006 1008 1009 
6186 627 306 4510 
6187 745 743 4451 
6188 381 382 577 
6189 347 348 578 
6190 1785 1787 1788 
6191 893 894 920 
6192 3467 2978 3684 
6193 4331 4728 4816 
6194 2177 2595 2596 
6195 62 63 4503 
6196 2871 2870 2912 
6197 1782 1783 1784 
6198 1770 1554 1771 
6199 3343 3344 3345 
6200 1823 1824 1825 
6201 2742 1627 4593 
6202 1610 1968 4709 
6203 2801 2805 4689 
6204 1617 4919 4938 
6205 1761 2483 2762 
6206 3199 2409 3200 
6207 3154 3156 3158 
6208 919 922 923 
6209 1423 1422 1424 
6210 1856 1839 2293 
6211 983 981 984 
6212 2408 2409 3199 
6213 2610 2618 4718 
6214 1831 1828 2001 
6215 11 502 3251 
6216 2392 2394 4637 
6217 613 4411 4412 
6218 1657 1142 4552 
6219 975 974 976 
6220 977 976 978 
6221 4240 712 4789 
6222 2746 2755 3213 
6223 833 1258 1651 
6224 2176 2157 3236 
6225 1826 2768 2769 
6226 1797 1795 4548 
6227 2380 1612 4709 
6228 763 766 1667 
6229 5487 3431 5817 
6230 862 861 863 
6231 3832 3831 3833 
6232 2166 2165 2250 
6233 2301 2654 2656 
6234 2081 2082 4628 
6235 1250 1248 1769 
6236 2251 2250 2584 
6237 3159 2542 3537 
6238 3200 3202 3203 
6239 1553 1554 1770 
6240 1605 1609 3151 
6241 11 408 502 
6242 1580 671 4834 
6243 45 46 4497 
6244 2419 3349 3350 
6245 1706 2724 4640 
6246 742 744 4634 
6247 2037 2038 2039 
6248 3041 3042 3636 
6249 1614 1948 2128 
6250 2968 2912 3306 
6251 380 381 4597 
6252 2803 2802 2804 
6253 2241 1842 2502 
6254 2265 2266 2874 
6255 1651 1652 2265 
6256 2883 2882 3269 
6257 925 924 926 
6258 1268 1538 1663 
6259 3280 4976 5121 
6260 2617 2612 4718 
6261 890 892 893 
6262 963 964 965 
6263 2481 1996 4708 
6264 1747 2175 2752 
6265 2289 1951 4816 
6266 47 48 4505 
6267 1387 1388 1389 
6268 3038 3035 5674 
6269 3188 2372 4685 
6270 307 521 4510 
6271 673 700 4834 
6272 2173 1695 2254 
6273 49 50 4512 
6274 4048 1354 4835 
6275 3442 2508 3443 
6276 1660 1661 1662 
6277 2405 2138 4455 
6278 1306 1577 2122 
6279 3175 2399 3989 
6280 378 379 546 
6281 350 351 547 
6282 2547 2546 3460 
6283 1004 1005 1006 
6284 1144 1151 1152 
6285 2035 2034 2546 
6286 1776 1778 2017 
6287 2149 2138 2405 
6288 813 845 1670 
6289 965 966 967 
6290 911 910 912 
6291 2498 3376 3396 
6292 999 1001 1018 
6293 2881 2771 2882 
6294 788 798 800 
6295 2984 2170 4654 
6296 713 730 732 
6297 1821 1822 1823 
6298 4359 1578 4360 
6299 879 880 881 
6300 2370 2369 2601 
6301 521 308 4511 
6302 376 377 634 
6303 352 353 635 
6304 2685 3757 4673 
6305 826 835 4641 
6306 309 628 4511 
6307 1776 1775 1777 
6308 4065 4067 4069 
6309 1216 887 1217 
6310 967 968 969 
6311 4559 4519 4750 
6312 927 926 928 
6313 923 922 924 
6314 3283 2897 3284 
6315 752 780 2133 
6316 2489 2286 2756 
6317 2821 2267 4781 
6318 926 924 2152 
6319 1338 1334 4632 
6320 1637 1636 1638 
6321 2801 2799 2802 
6322 830 803 2798 
6323 1446 1443 1451 
6324 4282 4281 4924 
6325 1408 1407 1409 
6326 703 705 1658 
6327 2911 1855 4670 
6328 2494 2405 2797 
6329 2418 920 2603 
6330 4255 2011 4420 
6331 913 912 915 
6332 3308 3254 4621 
6333 374 375 476 
6334 354 355 477 
6335 2373 2632 4644 
6336 2818 796 4384 
6337 2787 2784 2829 
6338 2946 2971 3542 
6339 372 373 636 
6340 356 357 637 
6341 2783 2785 2900 
6342 2135 3268 4540 
6343 3019 3262 3440 
6344 2969 2738 5193 
6345 933 930 934 
6346 2585 2584 3252 
6347 1639 1638 1640 
6348 364 365 449 
6349 366 367 638 
6350 369 370 452 
6351 922 921 931 
6352 2556 3029 3581 
6353 362 363 639 
6354 2878 2806 2965 
6355 359 360 453 
6356 916 915 918 
6357 1385 1386 1387 
6358 908 910 911 
6359 3209 2530 3287 
6360 893 920 2418 
6361 1678 1143 4566 
6362 2856 2931 2932 
6363 1584 785 4650 
6364 1336 1334 1338 
6365 1544 1340 2034 
6366 3214 2119 3215 
6367 2268 2411 2555 
6368 2029 2030 2134 
6369 1788 1789 1790 
6370 1505 1504 1506 
6371 919 918 921 
6372 4331 1753 4728 
6373 3148 3332 4703 
6374 3158 3331 3654 
6375 1564 1567 4740 
6376 2107 2257 2259 
6377 2438 2913 3289 
6378 1780 1782 2006 
6379 953 1116 1118 
6380 3391 2819 4254 
6381 1646 1647 1648 
6382 3239 2511 4332 
6383 1553 1770 2174 
6384 2249 942 4504 
6385 2443 2442 2444 
6386 2348 2012 4573 
6387 931 937 2766 
6388 2269 2019 2270 
6389 1798 4522 4548 
6390 1778 1777 1779 
6391 1458 1453 1459 
6392 701 707 4664 
6393 929 928 930 
6394 2963 2962 2964 
6395 2596 3360 3361 
6396 2509 2026 2510 
6397 2486 2485 3298 
6398 1310 1308 4513 
6399 383 642 4596 
6400 643 346 4598 
6401 1825 1832 1833 
6402 1791 1793 1794 
6403 2247 2476 3028 
6404 3151 3871 4783 
6405 3226 2182 4672 
6406 2356 2357 2358 
6407 3210 2401 3211 
6408 1662 1966 1967 
6409 939 934 940 
6410 1794 1795 1797 
6411 648 2172 4562 
6412 923 4315 4657 
6413 1833 1832 4255 
6414 506 92 4330 
6415 1273 1253 1745 
6416 1738 1739 1749 
6417 646 648 4562 
6418 2656 3482 3977 
6419 948 2182 2438 
6420 1591 1599 4656 
6421 1714 1712 2130 
6422 1594 1592 1595 
6423 1244 1242 1537 
6424 1959 2294 4669 
6425 662 660 4386 
6426 1648 1649 1736 
6427 1022 1026 2775 
6428 878 876 1659 
6429 1155 1157 1159 
6430 702 697 4667 
6431 2085 2088 2368 
6432 1644 1645 1646 
6433 1589 1587 2154 
6434 2508 2503 4775 
6435 1018 4151 4696 
6436 2840 2720 3881 
6437 4144 2735 4145 
6438 2173 2255 2816 
6439 1673 1329 4517 
6440 1642 1643 1644 
6441 3159 3537 3624 
6442 1976 1977 1978 
6443 2394 2693 4637 
6444 2124 2125 2127 
6445 2635 1560 3516 
6446 4233 4235 4236 
6447 1551 1553 4670 
6448 2725 1997 2727 
6449 1780 1781 1782 
6450 3151 3152 3871 
6451 1663 1951 1952 
6452 4490 2386 4726 
6453 955 950 4720 
6454 2631 2630 4655 
6455 1736 1737 1738 
6456 3324 3252 3495 
6457 589 3945 4769 
6458 1058 1059 1060 
6459 748 734 2156 
6460 796 795 797 
6461 1956 5014 5059 
6462 3827 3828 4825 
6463 778 761 779 
6464 896 1654 4588 
6465 1952 2289 2290 
6466 576 4156 5570 
6467 1175 1164 4619 
6468 1553 2174 4670 
6469 1990 2028 2029 
6470 1920 2081 4084 
6471 2680 2682 4673 
6472 942 940 943 
6473 729 717 1257 
6474 4607 3584 4971 
6475 1732 2114 2579 
6476 4469 1964 4472 
6477 2142 4555 4630 
6478 2135 2979 3268 
6479 499 88 4409 
6480 3282 3478 3813 
6481 1978 1979 1980 
6482 2755 2744 4687 
6483 1982 1983 1984 
6484 2049 2051 2052 
6485 3713 3712 3714 
6486 1980 1981 1982 
6487 1984 1985 1986 
6488 1060 1061 1062 
6489 2122 2123 2124 
6490 1846 2491 4216 
6491 1773 1357 1775 
6492 4951 494 5087 
6493 1670 3234 3235 
6494 1666 1510 1865 
6495 1760 1562 4740 
6496 680 678 4671 
6497 2564 3064 3065 
6498 4566 1152 4606 
6499 1215 1214 4876 
6500 695 691 719 
6501 2129 2005 2485 
6502 1465 1462 1466 
6503 711 709 1664 
6504 3684 2978 4803 
6505 2350 1954 4306 
6506 3518 3439 5788 
6507 1773 1776 4688 
6508 689 687 4616 
6509 1233 1347 1348 
6510 2078 2435 4734 
6511 1986 1987 1988 
6512 1056 1057 1058 
6513 1730 3911 4942 
6514 1988 1989 1990 
6515 687 683 2137 
6516 1469 1466 1470 
6517 1356 1217 1357 
6518 4884 1686 5488 
6519 3109 3107 3665 
6520 650 647 4257 
6521 658 656 4421 
6522 859 3538 3540 
6523 2630 3775 4655 
6524 3022 3651 3652 
6525 1461 1459 1462 
6526 1002 1003 1004 
6527 2399 1175 4619 
6528 2685 2688 3757 
6529 2105 2236 3185 
6530 1750 1975 1976 
6531 611 33 4408 
6532 796 797 4384 
6533 994 997 2167 
6534 887 888 4700 
6535 1062 1063 1064 
6536 2825 3733 3746 
6537 1389 1390 1391 
6538 2477 3329 3472 
6539 1075 1078 4610 
6540 1381 1382 1383 
6541 3008 2264 4567 
6542 2083 1921 4685 
6543 1903 2426 3423 
6544 4710 4526 4711 
6545 807 806 808 
6546 4728 4031 4816 
6547 888 4602 4700 
6548 2037 2002 2038 
6549 1743 2150 3228 
6550 613 29 4411 
6551 2512 1970 2701 
6552 3962 3959 4367 
6553 2900 3164 3165 
6554 765 762 1693 
6555 2774 1885 4383 
6556 922 931 4639 
6557 829 828 854 
6558 1645 1643 1896 
6559 1848 1729 1849 
6560 2259 2544 2545 
6561 1065 1067 1068 
6562 871 872 873 
6563 1734 2138 2149 
6564 3766 2911 4680 
6565 2894 2892 3013 
6566 2095 1688 2096 
6567 2080 2559 4277 
6568 2742 4593 4687 
6569 879 878 880 
6570 930 928 936 
6571 2386 2388 4726 
6572 1907 1726 1908 
6573 1994 2171 2279 
6574 3945 3946 3947 
6575 2895 2896 2897 
6576 1865 1510 4387 
6577 2008 2196 2197 
6578 986 2717 4608 
6579 601 104 5027 
6580 3421 3389 3459 
6581 1011 1022 4533 
6582 1859 1960 1994 
6583 1773 1775 1776 
6584 451 40 4405 
6585 942 943 4504 
6586 1866 1865 2159 
6587 1639 1641 1642 
6588 2160 2159 2575 
6589 3599 2915 4578 
6590 407 406 557 
6591 3176 2510 3177 
6592 502 408 3373 
6593 577 382 4596 
6594 347 578 4598 
6595 1720 1718 2146 
6596 769 767 823 
6597 12 412 3261 
6598 1998 2398 2477 
6599 3777 2238 5507 
6600 1559 1558 1560 
6601 873 874 875 
6602 4096 2092 5640 
6603 1118 1636 1637 
6604 1406 1405 1407 
6605 2164 2162 2504 
6606 2938 2602 3385 
6607 3436 4815 5702 
6608 205 206 4769 
6609 209 210 4753 
6610 654 652 4407 
6611 3354 3356 3492 
6612 4552 4528 4771 
6613 1530 1371 1531 
6614 4593 1657 4687 
6615 2306 2096 2315 
6616 1596 1595 1598 
6617 1649 1647 1882 
6618 911 912 913 
6619 2279 2280 2378 
6620 1329 849 1330 
6621 1456 1463 1464 
6622 2769 2768 2770 
6623 2054 1684 2153 
6624 1683 1598 1684 
6625 848 821 849 
6626 3169 2100 4404 
6627 413 12 497 
6628 2075 2414 4703 
6629 1772 1357 1773 
6630 2151 2783 2784 
6631 1372 1272 1373 
6632 2539 1876 4586 
6633 1020 1024 1025 
6634 2902 2634 2903 
6635 1429 1427 2867 
6636 2757 1922 2758 
6637 3343 3340 3344 
6638 985 984 1761 
6639 1662 1967 2151 
6640 949 947 950 
6641 853 844 1369 
6642 842 840 1672 
6643 946 945 947 
6644 838 834 4358 
6645 754 736 755 
6646 801 787 802 
6647 811 745 4451 
6648 794 793 795 
6649 3014 2727 3015 
6650 735 727 736 
6651 3007 2380 4709 
6652 2630 2372 3188 
6653 992 993 994 
6654 726 725 727 
6655 1883 1536 4727 
6656 2952 2955 3173 
6657 1855 1551 4670 
6658 1507 1509 1687 
6659 2940 2533 2941 
6660 1776 1777 1778 
6661 1365 4374 4767 
6662 2807 1855 2808 
6663 2095 2306 2541 
6664 1966 2301 4617 
6665 1903 1771 1904 
6666 786 779 787 
6667 1113 1259 4605 
6668 2528 2057 2530 
6669 3989 2399 4619 
6670 2001 1828 4649 
6671 820 804 821 
6672 724 723 725 
6673 1271 1198 1272 
6674 2832 5028 5196 
6675 2569 2329 2570 
6676 2698 2348 4573 
6677 2804 2870 2871 
6678 951 950 952 
6679 875 876 877 
6680 2890 2888 2999 
6681 2584 2250 2586 
6682 1129 2155 2995 
6683 1361 1226 5043 
6684 2378 2379 2820 
6685 1835 1363 1836 
6686 816 815 828 
6687 1335 1542 4675 
6688 2151 1967 2783 
6689 931 2766 4639 
6690 722 721 723 
6691 1183 1182 1184 
6692 890 893 4602 
6693 1963 1717 4676 
6694 1706 1545 1707 
6695 3468 2478 3469 
6696 3420 3614 5830 
6697 1853 2007 2008 
6698 1025 1029 1030 
6699 2431 2170 2984 
6700 3284 2897 3285 
6701 1827 1995 4649 
6702 1992 1864 2043 
6703 720 719 721 
6704 994 993 995 
6705 2496 3086 3506 
6706 2149 2494 3220 
6707 620 72 4457 
6708 1468 1473 1474 
6709 4094 3839 5214 
6710 1778 1779 1780 
6711 833 825 1258 
6712 1348 1868 1869 
6713 1474 1496 1497 
6714 1445 1448 1454 
6715 1378 4526 4710 
6716 3663 2617 4718 
6717 1612 1610 4709 
6718 210 585 4753 
6719 2039 2038 2487 
6720 463 4497 4498 
6721 2149 2405 2494 
6722 2004 2183 2184 
6723 1018 1001 1690 
6724 3148 3187 3332 
6725 1118 1637 1676 
6726 5743 5222 5759 
6727 1072 1695 2173 
6728 1828 1827 4649 
6729 1785 1788 4697 
6730 3716 3714 3717 
6731 1439 1437 1450 
6732 989 987 990 
6733 3077 3279 3515 
6734 877 878 879 
6735 3336 3334 3337 
6736 913 915 916 
6737 1967 1966 4617 
6738 3512 2701 3589 
6739 1464 1467 1468 
6740 3357 3355 3610 
6741 381 577 4597 
6742 924 922 4639 
6743 4120 2350 4121 
6744 1946 1850 2327 
6745 2560 1894 4729 
6746 3488 3489 3490 
6747 2410 2821 2879 
6748 1819 1820 1821 
6749 2650 2574 3551 
6750 1784 1785 4697 
6751 2717 4440 4608 
6752 1996 2749 4708 
6753 1687 1688 2094 
6754 1017 1019 1020 
6755 2887 2888 2889 
6756 2798 803 4770 
6757 1379 856 1668 
6758 2199 2297 2298 
6759 1329 1330 4517 
6760 2152 924 4639 
6761 1507 1497 1509 
6762 973 972 974 
6763 2805 3274 4689 
6764 3006 2380 3007 
6765 2744 2742 4687 
6766 2893 2894 2895 
6767 1961 1880 1962 
6768 3372 2846 3805 
6769 867 868 869 
6770 1073 1072 4679 
6771 1642 1641 1643 
6772 2574 2308 4794 
6773 2612 2610 4718 
6774 2296 2505 2741 
6775 2754 2753 3309 
6776 1637 1638 1639 
6777 971 970 972 
6778 3284 3285 3286 
6779 869 870 871 
6780 1075 1077 1078 
6781 623 4505 4506 
6782 2889 2890 2891 
6783 2852 2855 3280 
6784 1532 1531 1747 
6785 1678 4566 4662 
6786 2127 2125 4627 
6787 1496 1473 1501 
6788 873 872 874 
6789 2891 2892 2893 
6790 2255 2643 4659 
6791 4632 1332 4755 
6792 916 918 919 
6793 2895 2894 2896 
6794 1179 1180 1181 
6795 1646 1645 1647 
6796 2163 2164 2165 
6797 872 870 1540 
6798 1770 1771 1903 
6799 3871 3152 4623 
6800 1639 1640 1641 
6801 3353 3162 3567 
6802 2827 4398 4908 
6803 3152 3154 4623 
6804 1283 1281 4565 
6805 943 940 944 
6806 2176 3236 3311 
6807 865 866 867 
6808 1345 1310 4513 
6809 2770 2768 2771 
6810 2576 4406 5081 
6811 1242 1240 4645 
6812 2661 2659 4760 
6813 2095 2096 2306 
6814 2286 1849 4665 
6815 1644 1643 1645 
6816 2752 2175 2753 
6817 1525 1528 2040 
6818 957 956 958 
6819 1776 2017 4688 
6820 2441 2131 2846 
6821 919 921 922 
6822 2161 2162 2163 
6823 1391 1393 1394 
6824 2884 2843 3566 
6825 1478 1510 1666 
6826 4233 1303 4235 
6827 2813 2841 2842 
6828 2759 2758 2760 
6829 3637 2617 3663 
6830 792 776 815 
6831 1648 1647 1649 
6832 1826 1790 2767 
6833 3775 3188 4214 
6834 1866 2160 2161 
6835 2242 2537 2538 
6836 2844 2884 2885 
6837 2871 2912 2968 
6838 773 771 3139 
6839 2842 2843 2844 
6840 2334 2945 2946 
6841 3345 3344 3956 
6842 1506 2345 4652 
6843 1167 1218 1219 
6844 875 874 876 
6845 3970 3966 4590 
6846 2575 3348 3547 
6847 2882 2771 4674 
6848 830 2798 2799 
6849 1887 2539 4729 
6850 2169 2323 2496 
6851 3071 3161 3425 
6852 948 2438 2796 
6853 4919 2829 4938 
6854 2125 2419 4627 
6855 2165 2164 2181 
6856 1743 1501 1859 
6857 2801 2802 2803 
6858 3286 3285 3399 
6859 415 414 474 
6860 1550 1855 2807 
6861 1788 1790 1826 
6862 3229 2150 3230 
6863 2378 2820 3430 
6864 1036 1037 1038 
6865 4591 2743 4759 
6866 3130 2542 3159 
6867 2035 2546 2547 
6868 2811 2812 2813 
6869 4577 1217 4700 
6870 2541 2542 3130 
6871 2473 2061 2474 
6872 2878 2965 3264 
6873 2816 2255 4659 
6874 2541 2306 2542 
6875 2808 3374 3375 
6876 1687 1509 1688 
6877 991 990 4095 
6878 1651 1258 1652 
6879 2265 1652 2266 
6880 893 2418 4602 
6881 863 864 865 
6882 3975 3194 4699 
6883 3359 3230 3413 
6884 4579 1660 4773 
6885 2449 2447 2484 
6886 2278 2440 2977 
6887 3030 2689 4990 
6888 2151 2787 4773 
6889 2301 2656 4617 
6890 665 662 4386 
6891 1544 2034 2035 
6892 2770 2771 2880 
6893 959 958 960 
6894 1826 2767 2768 
6895 1465 1466 1469 
6896 2764 2763 3333 
6897 1469 1470 1472 
6898 2841 2812 3544 
6899 2094 1688 2095 
6900 2017 1778 4694 
6901 1736 1649 1737 
6902 1131 1166 1167 
6903 1567 2757 4740 
6904 1465 1469 1477 
6905 2006 1782 4658 
6906 2337 2134 4540 
6907 877 876 878 
6908 3228 2150 3229 
6909 871 870 872 
6910 3423 2426 3424 
6911 926 2152 4684 
6912 1461 1462 1465 
6913 705 713 4635 
6914 997 995 998 
6915 3718 3717 3719 
6916 3286 3399 3400 
6917 4572 4571 4939 
6918 1994 2279 2557 
6919 625 64 4487 
6920 2881 2882 2883 
6921 2057 1836 4501 
6922 3581 3029 3803 
6923 1750 1739 1974 
6924 1919 2019 2269 
6925 2493 2810 2811 
6926 4345 3006 4887 
6927 2078 2079 2080 
6928 2358 2359 2360 
6929 3430 2820 3647 
6930 3227 3226 4736 
6931 2768 2767 4674 
6932 3220 2494 3221 
6933 3297 2943 4751 
6934 2883 3269 3270 
6935 1749 1739 1750 
6936 4439 4438 4908 
6937 1562 1564 4740 
6938 4518 1449 4705 
6939 1240 4390 4645 
6940 1738 1737 1739 
6941 2810 2492 3293 
6942 4910 4471 4963 
6943 1790 1791 4717 
6944 2555 2411 2556 
6945 1253 1250 4643 
6946 1034 1035 1036 
6947 1794 1797 1816 
6948 945 944 948 
6949 3077 2330 3279 
6950 1977 1975 2451 
6951 3288 5672 5697 
6952 937 953 4647 
6953 2298 2434 3428 
6954 866 864 1671 
6955 2803 2804 4722 
6956 1780 2006 4694 
6957 1458 1459 1461 
6958 3498 3497 3499 
6959 961 960 962 
6960 3249 3065 3250 
6961 4583 1758 4785 
6962 1640 1734 4668 
6963 2401 2054 4642 
6964 2291 2290 2292 
6965 2643 3497 3498 
6966 3486 3487 3488 
6967 414 413 3066 
6968 2596 3361 4031 
6969 1259 1679 2022 
6970 2887 2885 2888 
6971 943 944 945 
6972 2946 3542 4794 
6973 2893 2892 2894 
6974 2450 2492 2493 
6975 1592 1589 4648 
6976 1038 1039 1040 
6977 3426 3250 3427 
6978 2593 2583 3439 
6979 2727 1997 4723 
6980 1753 2177 4728 
6981 2388 2677 4726 
6982 2958 2651 3493 
6983 1903 1904 2426 
6984 1791 1794 4717 
6985 1179 1181 1917 
6986 1217 887 4700 
6987 3154 3158 4623 
6988 1975 1974 4713 
6989 15 424 3172 
6990 2155 955 4720 
6991 2009 1635 4754 
6992 1666 1865 1866 
6993 4170 2751 4925 
6994 1816 1797 1817 
6995 1467 1463 4614 
6996 1075 1073 1077 
6997 1474 1473 1496 
6998 2720 801 4646 
6999 2054 2153 4642 
7000 4296 874 5144 
7001 1684 1598 1956 
7002 2563 2292 2564 
7003 1866 2159 2160 
7004 1952 2290 2291 
7005 2942 2943 2985 
7006 2448 2449 2450 
7007 3177 2510 3178 
7008 2381 2382 3016 
7009 2190 1690 2191 
7010 3229 3230 3359 
7011 1110 1130 1131 
7012 1915 1999 2041 
7013 1976 1975 1977 
7014 2891 2890 2892 
7015 3363 2194 3365 
7016 2793 2127 2794 
7017 530 62 4503 
7018 3589 2701 3590 
7019 1743 1859 2150 
7020 2047 2046 2048 
7021 801 802 4646 
7022 830 2799 2800 
7023 2564 3065 3249 
7024 2274 2276 2506 
7025 1670 3235 3457 
7026 1841 2240 2242 
7027 3177 3178 3179 
7028 2641 3875 5167 
7029 2801 2803 2805 
7030 1496 1501 1743 
7031 2889 2888 2890 
7032 1891 2369 2370 
7033 1054 1055 1056 
7034 1468 1467 1473 
7035 2738 3941 5147 
7036 1445 1443 1446 
7037 1330 849 1332 
7038 761 748 4660 
7039 1040 1041 1042 
7040 4342 4343 4344 
7041 2444 2445 2446 
7042 1052 1053 1054 
7043 2419 3350 4627 
7044 2766 937 4647 
7045 2567 3313 3379 
7046 802 787 803 
7047 1782 1784 4658 
7048 1997 1707 4723 
7049 1448 1446 1449 
7050 2859 2860 2861 
7051 1681 1880 1961 
7052 463 45 4497 
7053 1022 2775 4533 
7054 2855 2853 2856 
7055 1884 1364 2583 
7056 2177 2596 4728 
7057 1027 1023 2110 
7058 1250 1769 4643 
7059 1330 1332 1333 
7060 1144 1114 1150 
7061 1537 1242 4645 
7062 1978 1977 1979 
7063 734 729 4663 
7064 4721 2541 4810 
7065 963 962 964 
7066 2035 2547 2789 
7067 2163 2162 2164 
7068 2446 2447 2448 
7069 802 803 804 
7070 3179 3180 3181 
7071 2531 2191 2532 
7072 2850 2794 2851 
7073 401 9 3057 
7074 798 813 4745 
7075 3473 3472 3474 
7076 2769 2772 4826 
7077 1747 1531 2157 
7078 1434 1436 1682 
7079 3236 2157 4686 
7080 717 711 4666 
7081 952 950 955 
7082 3181 3182 3183 
7083 953 1118 4647 
7084 4089 506 4330 
7085 1452 1449 1453 
7086 1069 1071 4790 
7087 1433 1431 1447 
7088 2026 1673 4742 
7089 2880 2771 2881 
7090 3537 2542 4714 
7091 1129 2995 3068 
7092 1362 1212 1363 
7093 4464 622 5663 
7094 2316 2589 2823 
7095 1826 2769 4697 
7096 2266 1652 2267 
7097 1456 1453 1458 
7098 2852 2851 2853 
7099 832 860 861 
7100 1333 1334 1335 
7101 1762 4731 4992 
7102 206 589 4769 
7103 3385 2602 4549 
7104 2161 2160 2162 
7105 1438 1440 1455 
7106 2602 2601 4549 
7107 623 47 4505 
7108 2250 2165 4695 
7109 936 928 4684 
7110 1064 1065 4383 
7111 869 868 870 
7112 3763 575 5177 
7113 1078 1079 1080 
7114 721 719 1691 
7115 4484 4485 4763 
7116 2805 2806 2877 
7117 1335 1336 1337 
7118 1068 1069 2822 
7119 1464 1463 1467 
7120 1981 1979 2526 
7121 3309 2753 3326 
7122 4118 499 4409 
7123 2877 2878 2997 
7124 996 991 4095 
7125 2049 2048 2051 
7126 1337 1340 1341 
7127 999 998 1000 
7128 1042 1043 1044 
7129 2034 1340 4716 
7130 1707 1545 1708 
7131 1980 1979 1981 
7132 3015 2727 3218 
7133 818 831 832 
7134 422 421 491 
7135 2060 1751 2061 
7136 4403 1139 4866 
7137 2340 1943 2341 
7138 725 723 819 
7139 867 866 868 
7140 1707 1708 1709 
7141 1788 1826 4697 
7142 4904 3257 4949 
7143 1341 1544 1545 
7144 687 2137 4616 
7145 3015 3218 3219 
7146 4248 96 5053 
7147 487 49 4512 
7148 1762 1890 4731 
7149 1050 1051 1052 
7150 2176 3311 3312 
7151 3046 3047 3048 
7152 2132 2441 2442 
7153 755 736 757 
7154 1336 1338 4716 
7155 3179 3178 3180 
7156 1567 1922 2757 
7157 987 985 4651 
7158 1970 1907 4681 
7159 2291 2292 2563 
7160 3249 3250 3426 
7161 965 964 966 
7162 1726 1532 4677 
7163 1342 4620 4783 
7164 3338 3337 3341 
7165 2756 2286 4665 
7166 1849 1850 1851 
7167 2124 2127 2793 
7168 2800 2799 2801 
7169 415 474 3135 
7170 3181 3180 3182 
7171 1852 2295 2296 
7172 4519 4462 4750 
7173 2556 2411 2933 
7174 755 757 758 
7175 1982 1981 1983 
7176 1456 1458 1463 
7177 1851 1946 1947 
7178 2805 2803 2806 
7179 1641 1640 4668 
7180 2165 2181 4695 
7181 2042 1999 2619 
7182 713 732 4635 
7183 2525 2639 3071 
7184 1452 1453 1456 
7185 1947 2131 2132 
7186 1713 1714 1715 
7187 1333 1332 1334 
7188 804 803 830 
7189 1660 1662 4773 
7190 1446 1451 4705 
7191 2530 2057 4501 
7192 2789 3174 3233 
7193 1711 1712 1713 
7194 3048 3049 3050 
7195 1717 1718 1719 
7196 1715 1716 1717 
7197 1448 1449 1452 
7198 967 966 968 
7199 1709 1710 1711 
7200 1984 1983 1985 
7201 1942 1900 1943 
7202 4349 2697 4819 
7203 928 926 4684 
7204 1335 1334 1336 
7205 791 4111 4894 
7206 3309 3326 3646 
7207 1083 1081 1087 
7208 2842 2841 2843 
7209 1747 2157 2175 
7210 2877 2806 2878 
7211 1518 1353 1900 
7212 3725 3723 3726 
7213 2269 2270 2478 
7214 810 817 818 
7215 2844 2843 2884 
7216 863 861 864 
7217 1445 1446 1448 
7218 1658 705 4635 
7219 856 854 4546 
7220 843 852 4774 
7221 1337 1336 1340 
7222 951 952 4692 
7223 2041 2042 2381 
7224 691 689 4757 
7225 956 955 1129 
7226 1633 658 4421 
7227 3447 2939 3448 
7228 1750 1974 1975 
7229 1341 1340 1544 
7230 3279 4721 4810 
7231 2268 2267 2410 
7232 2432 3401 3402 
7233 5018 629 5175 
7234 2789 2547 3174 
7235 3439 4836 5813 
7236 2965 2806 4722 
7237 814 799 4917 
7238 4465 2798 4928 
7239 800 798 4745 
7240 3388 3389 3421 
7241 813 1670 4745 
7242 758 762 763 
7243 2175 2157 2176 
7244 1359 1339 1360 
7245 3789 4839 5017 
7246 3211 2401 4642 
7247 4843 1933 4868 
7248 1371 1318 4686 
7249 2990 2863 4764 
7250 3927 3928 5568 
7251 969 968 970 
7252 1668 856 4546 
7253 1044 1045 1046 
7254 2266 2267 2268 
7255 1319 1215 1320 
7256 2813 2812 2841 
7257 2693 2396 4827 
7258 4253 3419 5881 
7259 1986 1985 1987 
7260 3722 3721 3723 
7261 5125 3598 5186 
7262 865 864 866 
7263 1201 1161 1202 
7264 1849 1851 4665 
7265 952 955 956 
7266 985 1761 4651 
7267 3720 3719 3721 
7268 3233 3174 3390 
7269 1721 1728 1729 
7270 1890 2524 4731 
7271 1816 1817 1818 
7272 763 765 766 
7273 1315 1314 1316 
7274 2883 3270 3759 
7275 3945 3948 4769 
7276 1532 1747 4677 
7277 844 842 4691 
7278 1985 1983 2568 
7279 2477 3472 3473 
7280 135 520 4814 
7281 1152 1151 1153 
7282 1719 1720 1721 
7283 1118 1676 4647 
7284 1595 1592 4648 
7285 3881 2720 4646 
7286 1709 1708 1710 
7287 2269 2478 2786 
7288 1108 1109 1110 
7289 2444 2442 2445 
7290 1589 2154 4648 
7291 840 838 4693 
7292 1990 1989 2028 
7293 5689 5229 5712 
7294 2134 2030 2135 
7295 2943 2941 5016 
7296 2095 2541 4721 
7297 3029 2933 3838 
7298 1819 1821 1957 
7299 1734 2149 4668 
7300 3175 3989 4791 
7301 2556 2933 3029 
7302 2804 2871 4722 
7303 3160 2661 4760 
7304 1890 2282 2524 
7305 1911 1913 1932 
7306 1542 4000 5026 
7307 766 767 768 
7308 1988 1987 1989 
7309 2755 4687 4771 
7310 1185 1184 1186 
7311 1849 1729 1850 
7312 1711 1710 1712 
7313 2811 2810 2812 
7314 2118 2115 3192 
7315 831 817 851 
7316 2510 2026 4742 
7317 2733 4591 4759 
7318 1536 1547 4727 
7319 4731 2524 4732 
7320 2306 2315 4714 
7321 2586 2250 4695 
7322 1915 1914 1998 
7323 1143 1144 4566 
7324 1673 4517 4742 
7325 2771 2768 4674 
7326 2067 2065 4112 
7327 1713 1712 1714 
7328 2833 2202 4766 
7329 2330 2094 4721 
7330 1113 1027 1114 
7331 825 811 4698 
7332 4710 4711 4875 
7333 2775 1026 4605 
7334 2268 2410 2411 
7335 2908 2909 5116 
7336 1091 1093 4053 
7337 2759 3074 3075 
7338 2029 2028 2030 
7339 1778 1780 4694 
7340 1427 1425 4885 
7341 1715 1714 1716 
7342 2119 951 4692 
7343 1578 1283 4565 
7344 960 958 1686 
7345 1160 1158 1161 
7346 1367 1316 1368 
7347 758 757 762 
7348 1745 1253 4643 
7349 2786 3468 3749 
7350 748 2156 4660 
7351 2793 2794 2850 
7352 1717 1716 1718 
7353 779 761 4660 
7354 2451 1975 4713 
7355 3016 2382 3445 
7356 2156 734 4663 
7357 3730 3729 3731 
7358 1153 1151 1154 
7359 2370 2601 2602 
7360 2453 2009 2849 
7361 790 654 4407 
7362 3348 2576 4746 
7363 2441 2846 3372 
7364 2643 3498 4659 
7365 1442 1443 1445 
7366 2493 2492 2810 
7367 729 1257 4663 
7368 3342 3343 4914 
7369 2460 3204 4083 
7370 1493 1495 1499 
7371 768 769 770 
7372 1717 1719 4676 
7373 2835 4439 4943 
7374 808 809 810 
7375 4528 1933 4843 
7376 1065 1068 4383 
7377 2039 2487 4725 
7378 2208 2572 2573 
7379 2855 2856 3470 
7380 4771 4528 4843 
7381 3238 3237 3751 
7382 1257 717 4666 
7383 2455 2454 2456 
7384 763 762 765 
7385 406 405 3069 
7386 2211 2212 2213 
7387 2229 2230 2231 
7388 3312 4212 5626 
7389 1155 1154 1156 
7390 2850 2851 2852 
7391 2241 2502 2503 
7392 2450 2449 2492 
7393 1711 1881 4845 
7394 1147 4972 4993 
7395 2028 1989 2365 
7396 711 1664 4666 
7397 1223 1221 1677 
7398 4610 2795 4906 
7399 2194 2039 4725 
7400 2005 1275 4780 
7401 2940 2941 2942 
7402 2972 2865 2973 
7403 2310 2774 3620 
7404 2852 2853 2855 
7405 2225 2226 2227 
7406 2209 2210 2211 
7407 2080 2558 2559 
7408 1227 1225 1358 
7409 2474 2737 3259 
7410 797 805 806 
7411 2227 2228 2229 
7412 966 964 1136 
7413 2785 4617 4749 
7414 2540 2053 4758 
7415 2098 1846 4216 
7416 1818 1817 1819 
7417 4687 1657 4771 
7418 2360 2361 2362 
7419 2589 2540 2651 
7420 2448 2447 2449 
7421 2757 2758 2759 
7422 2066 2065 2067 
7423 1326 1292 4976 
7424 1835 1836 2057 
7425 4152 4626 4850 
7426 1719 1718 1720 
7427 2149 3220 4668 
7428 3468 3469 3768 
7429 766 765 767 
7430 2233 2244 2245 
7431 1743 3228 4737 
7432 1157 1156 1158 
7433 1729 1728 4707 
7434 1692 3222 3223 
7435 2198 2404 2815 
7436 3409 3644 3645 
7437 2791 2545 2792 
7438 2134 2135 4540 
7439 1046 1047 1048 
7440 2213 2214 2215 
7441 2701 1970 4681 
7442 861 860 4682 
7443 2446 2445 2447 
7444 1509 1497 4737 
7445 1888 1895 2059 
7446 1275 1273 4780 
7447 1851 1850 1946 
7448 4823 3779 4968 
7449 689 4616 4757 
7450 1794 1816 4717 
7451 1908 1726 4677 
7452 1012 1011 1013 
7453 719 691 4757 
7454 2248 2482 2716 
7455 1907 1908 4681 
7456 1482 1481 1483 
7457 638 3554 5445 
7458 4754 1635 4801 
7459 2094 2095 4721 
7460 2231 2232 2233 
7461 2938 3385 3633 
7462 2200 2201 2234 
7463 2762 2483 2763 
7464 2542 2306 4714 
7465 3075 3074 3076 
7466 5663 622 5692 
7467 1452 4582 4730 
7468 1033 1685 1972 
7469 972 970 1141 
7470 1947 1946 2131 
7471 2316 2053 2540 
7472 405 10 564 
7473 1639 1642 4752 
7474 2599 2986 2987 
7475 1187 1186 4832 
7476 2037 2193 4946 
7477 2381 2042 2382 
7478 1394 1395 1396 
7479 1915 1998 1999 
7480 3968 3969 5287 
7481 2862 2792 2863 
7482 2132 2131 2441 
7483 1470 1478 4776 
7484 4372 4466 4938 
7485 2864 2863 2865 
7486 2729 3260 4969 
7487 2781 2779 3393 
7488 2528 2530 3209 
7489 1696 650 4257 
7490 2051 2048 2053 
7491 2215 2216 2217 
7492 2849 2009 4754 
7493 1721 1720 1728 
7494 994 995 997 
7495 1641 4668 4820 
7496 3218 2727 4723 
7497 2203 2205 2207 
7498 2716 2899 3451 
7499 4759 4484 4936 
7500 2309 3395 4807 
7501 1519 1368 1520 
7502 2759 2760 3074 
7503 1972 1973 2200 
7504 4379 1941 4786 
7505 1144 1150 1151 
7506 3442 3443 3444 
7507 2741 2505 3136 
7508 1472 1470 4776 
7509 3948 3947 3950 
7510 2485 2005 2788 
7511 2223 2224 2225 
7512 4473 4474 4939 
7513 2313 3001 4830 
7514 1143 1114 1144 
7515 3728 3726 3729 
7516 1080 1081 1082 
7517 768 767 769 
7518 2596 4031 4728 
7519 2958 3493 3639 
7520 3443 2508 4775 
7521 2504 2162 4747 
7522 1016 1021 1108 
7523 1048 1049 1050 
7524 422 491 3431 
7525 1859 1994 4712 
7526 4609 1663 4828 
7527 2051 2053 2316 
7528 2457 2456 2458 
7529 3226 4672 4847 
7530 2221 2222 2223 
7531 1531 1371 4686 
7532 3269 2882 4960 
7533 1547 1550 4727 
7534 2217 2218 2219 
7535 595 3640 5907 
7536 1425 1424 1444 
7537 2219 2220 2221 
7538 1442 1441 1443 
7539 1657 4552 4771 
7540 1449 1446 4705 
7541 2786 2478 3468 
7542 2259 2545 2791 
7543 797 795 805 
7544 2575 3547 4747 
7545 2697 3022 4819 
7546 2500 3453 3454 
7547 832 831 860 
7548 2463 2466 4818 
7549 425 15 512 
7550 1233 1231 1347 
7551 4492 4491 4943 
7552 1497 1496 4737 
7553 2321 2627 3380 
7554 842 1672 4691 
7555 2041 1999 2042 
7556 1863 2498 4629 
7557 3215 2119 4692 
7558 1273 1745 4780 
7559 2427 3166 3275 
7560 2113 1731 2195 
7561 2325 2499 2500 
7562 4121 2350 4306 
7563 2806 2803 4722 
7564 3781 3565 3782 
7565 2160 2575 4747 
7566 3379 4653 5433 
7567 1904 1919 4719 
7568 818 817 831 
7569 1001 1000 1002 
7570 1369 844 4691 
7571 1672 840 4693 
7572 900 909 4903 
7573 2135 2030 2978 
7574 1889 1488 3290 
7575 777 792 793 
7576 2327 1850 4707 
7577 3217 2415 3253 
7578 774 776 777 
7579 792 815 816 
7580 4405 608 5709 
7581 1430 1432 1457 
7582 808 806 809 
7583 1856 2293 4586 
7584 1896 1643 4820 
7585 461 417 3092 
7586 829 854 856 
7587 712 2107 4789 
7588 1426 1428 2838 
7589 838 4358 4693 
7590 772 773 774 
7591 978 1146 1147 
7592 2767 1790 4717 
7593 770 771 772 
7594 2334 2946 4794 
7595 441 19 3417 
7596 2109 847 4917 
7597 2979 2978 3467 
7598 1082 1083 1084 
7599 3234 4609 4828 
7600 3507 3508 4784 
7601 2536 2023 4891 
7602 2996 2155 4921 
7603 2150 1859 4712 
7604 1258 825 4698 
7605 1913 1912 1914 
7606 1454 1448 4730 
7607 4739 3818 5849 
7608 3608 591 5622 
7609 1662 2151 4773 
7610 811 4451 4698 
7611 3230 2150 4712 
7612 1666 4638 4776 
7613 3230 4712 4853 
7614 2484 2447 4779 
7615 1378 1379 1741 
7616 3972 3175 4791 
7617 4712 2557 4853 
7618 1670 3457 4745 
7619 997 998 999 
7620 3861 3198 4969 
7621 1766 2253 3031 
7622 1159 1157 4797 
7623 816 828 829 
7624 829 856 1378 
7625 2935 2552 3144 
7626 2293 4584 4585 
7627 1091 1092 1093 
7628 1676 1637 4752 
7629 404 403 563 
7630 3570 2536 3571 
7631 1741 1751 1752 
7632 634 3600 5474 
7633 2941 2533 4804 
7634 2589 2651 2958 
7635 3279 2330 4721 
7636 1012 1014 2790 
7637 2351 2067 2352 
7638 810 809 817 
7639 2308 2334 4794 
7640 948 2796 4800 
7641 2656 3977 4749 
7642 1340 1336 4716 
7643 2135 2978 2979 
7644 864 861 4682 
7645 1913 1914 1915 
7646 1071 1074 4790 
7647 402 401 533 
7648 1752 2060 2062 
7649 821 804 4724 
7650 1707 1709 4723 
7651 3409 3357 3644 
7652 97 498 5053 
7653 4432 4081 5082 
7654 1998 2477 4756 
7655 1852 1833 1853 
7656 1478 1666 4776 
7657 3869 3845 3870 
7658 3178 2510 4742 
7659 978 976 1146 
7660 420 419 492 
7661 1873 1871 2033 
7662 1663 1952 4828 
7663 2445 4778 4779 
7664 3136 2505 3514 
7665 2426 1904 4719 
7666 3188 4685 4838 
7667 2023 1843 2024 
7668 2316 2540 2589 
7669 1898 1360 1899 
7670 1259 2022 4605 
7671 1224 1361 5090 
7672 1994 2557 4712 
7673 2293 4585 4586 
7674 999 1000 1001 
7675 2481 4708 4941 
7676 1705 1222 5090 
7677 2650 3551 3552 
7678 1160 1201 1692 
7679 770 769 771 
7680 2004 1875 2183 
7681 2447 2445 4779 
7682 3356 3357 3409 
7683 1521 1520 1522 
7684 4095 990 4821 
7685 4626 2122 4850 
7686 455 440 3080 
7687 1946 2327 4765 
7688 3945 3947 3948 
7689 2296 2295 2505 
7690 981 979 4833 
7691 1637 1639 4752 
7692 3050 3051 3052 
7693 2979 3467 3531 
7694 3365 2194 4725 
7695 4868 2706 4898 
7696 1496 1743 4737 
7697 269 270 4995 
7698 1911 1910 1912 
7699 1850 1729 4707 
7700 1153 1154 1155 
7701 1501 1473 4762 
7702 2370 2602 2817 
7703 4668 3220 4820 
7704 1617 4403 4919 
7705 1965 2364 2427 
7706 2940 2942 3561 
7707 1857 1877 2092 
7708 1671 864 4682 
7709 909 902 4918 
7710 830 2800 4724 
7711 1654 898 4903 
7712 2066 2351 2872 
7713 1322 1353 1518 
7714 4617 2656 4749 
7715 1362 1363 1835 
7716 2846 2131 4765 
7717 2791 2792 2862 
7718 2972 2973 2974 
7719 3789 2109 4917 
7720 3590 2701 4681 
7721 1396 1397 1398 
7722 804 830 4724 
7723 1766 3031 4953 
7724 2471 2959 2960 
7725 1002 1004 1007 
7726 2060 2061 2473 
7727 2864 2865 2972 
7728 4832 1186 5044 
7729 1014 1013 1015 
7730 2173 2816 4679 
7731 3405 3406 3407 
7732 2862 2863 2864 
7733 4546 1343 4748 
7734 1213 1362 1364 
7735 1189 1187 1190 
7736 2755 4771 4843 
7737 2991 3615 3616 
7738 1009 1011 1012 
7739 1514 1937 4823 
7740 1691 719 4757 
7741 815 776 4793 
7742 4214 3188 4838 
7743 3232 4577 4883 
7744 2538 2537 3398 
7745 3354 3355 3356 
7746 1825 1833 1852 
7747 1109 1021 2429 
7748 4773 2787 4866 
7749 1219 1218 1365 
7750 2952 3173 5001 
7751 3564 2558 3565 
7752 904 1656 4918 
7753 4516 4805 4944 
7754 2496 2323 3086 
7755 2198 2197 2199 
7756 2261 3867 5214 
7757 2461 2460 4083 
7758 1448 1452 4730 
7759 4574 2179 5270 
7760 1348 1347 1868 
7761 283 284 4951 
7762 14 420 3558 
7763 1919 2269 4719 
7764 3356 3355 3357 
7765 2946 2945 2947 
7766 1167 1166 1218 
7767 2532 2533 2939 
7768 4614 1463 4741 
7769 849 821 4755 
7770 2532 2191 2533 
7771 984 981 4833 
7772 2426 4719 4862 
7773 1166 1130 1209 
7774 2046 2044 2050 
7775 2008 2197 2198 
7776 2935 3404 3405 
7777 1378 856 1379 
7778 1131 1130 1166 
7779 773 3139 4793 
7780 1202 1215 1319 
7781 2157 1531 4686 
7782 1962 2065 2066 
7783 671 673 4834 
7784 774 773 776 
7785 2753 2175 4744 
7786 4809 3257 4904 
7787 2162 2160 4747 
7788 4172 868 5230 
7789 1708 1545 4743 
7790 1458 1461 4741 
7791 4685 837 4838 
7792 3941 1668 4994 
7793 1545 1544 4743 
7794 2857 1756 2858 
7795 1835 2057 2058 
7796 777 776 792 
7797 2619 1999 4756 
7798 3132 3083 3134 
7799 1463 1458 4741 
7800 2788 2005 4780 
7801 2242 2240 2537 
7802 3395 2332 3435 
7803 4672 934 4847 
7804 772 771 773 
7805 947 945 4800 
7806 934 930 4847 
7807 1544 2035 4743 
7808 1013 1011 4533 
7809 1343 1891 4748 
7810 1951 4331 4816 
7811 2176 3312 4744 
7812 2096 1688 4863 
7813 945 948 4800 
7814 1147 1212 1213 
7815 1667 766 4831 
7816 1110 1109 1130 
7817 2122 2124 4850 
7818 2817 2602 2938 
7819 1129 3068 4761 
7820 3218 4723 4845 
7821 4486 3232 4932 
7822 442 441 495 
7823 1429 2867 4808 
7824 2583 1364 2809 
7825 1509 4737 4863 
7826 3136 3514 3904 
7827 799 789 4839 
7828 1550 2807 4727 
7829 1784 4697 4826 
7830 3407 3406 3608 
7831 1999 1998 4756 
7832 2175 2176 4744 
7833 1467 4614 4762 
7834 1911 1912 1913 
7835 4475 4021 4878 
7836 2364 4610 4906 
7837 2740 4588 4880 
7838 2152 4963 5020 
7839 1093 1096 1097 
7840 4451 4291 4930 
7841 3843 3845 3869 
7842 4403 4866 4919 
7843 2436 3905 5207 
7844 2035 2789 4743 
7845 1440 1441 1442 
7846 1942 1943 2340 
7847 4720 947 4800 
7848 1895 1894 1910 
7849 2367 2366 2826 
7850 1741 1379 1751 
7851 3354 3353 3355 
7852 1977 2451 4768 
7853 1942 2340 2342 
7854 766 768 4831 
7855 2058 2057 2528 
7856 1332 849 4755 
7857 1518 1900 1942 
7858 1761 2415 2483 
7859 4488 5145 5170 
7860 2107 2259 4789 
7861 2905 2906 2907 
7862 1440 1439 1441 
7863 2939 2533 2940 
7864 1473 1467 4762 
7865 2092 4096 5690 
7866 1190 1187 4832 
7867 4579 4773 4866 
7868 3326 2753 4744 
7869 3503 3432 5770 
7870 1147 1146 1212 
7871 1752 1751 2060 
7872 3212 2404 3397 
7873 1207 1324 1325 
7874 2543 3995 4966 
7875 4515 1146 4805 
7876 2078 2052 2079 
7877 1379 1668 4802 
7878 2352 2354 3009 
7879 3001 3000 3002 
7880 1072 2173 4679 
7881 4723 1709 4845 
7882 2307 2574 2650 
7883 3213 4843 4868 
7884 2396 2408 4827 
7885 4651 2762 4821 
7886 2264 2848 4567 
7887 1852 1853 2295 
7888 1365 1218 1697 
7889 1083 1087 1088 
7890 3542 2971 3653 
7891 787 779 4770 
7892 3071 2639 3161 
7893 3003 3002 3026 
7894 5259 4321 5299 
7895 956 1129 4761 
7896 2024 4652 4653 
7897 77 78 5063 
7898 1012 1013 1014 
7899 2363 4923 5080 
7900 1500 1504 1505 
7901 1213 1212 1362 
7902 3352 3353 3354 
7903 492 419 3073 
7904 2815 2404 3212 
7905 803 787 4770 
7906 3554 3420 5830 
7907 2058 2528 2529 
7908 1027 2110 4874 
7909 2526 1979 4768 
7910 1869 1868 4822 
7911 2172 749 5353 
7912 2342 2936 2937 
7913 1405 1403 5089 
7914 2477 3473 4756 
7915 1016 1015 1017 
7916 3099 3096 3103 
7917 3022 3652 4819 
7918 1915 2041 4795 
7919 1319 1320 1635 
7920 2445 2442 4778 
7921 3405 3404 3406 
7922 1181 1182 1183 
7923 2453 2849 3078 
7924 958 956 4761 
7925 1160 1161 1201 
7926 1074 1076 1764 
7927 1438 1439 1440 
7928 2935 3144 3404 
7929 5135 4430 5506 
7930 1031 1030 1032 
7931 1319 1635 1689 
7932 2189 2187 2366 
7933 4654 2168 4877 
7934 2269 2786 4719 
7935 4586 4585 4840 
7936 2143 5103 5135 
7937 4814 520 4815 
7938 3434 5019 5862 
7939 1933 4456 4868 
7940 2872 2351 3131 
7941 2201 1973 2202 
7942 2442 2441 4778 
7943 3027 3026 3140 
7944 3398 2537 3434 
7945 1108 1021 1109 
7946 3911 3504 4905 
7947 182 486 5022 
7948 2267 1652 4781 
7949 990 987 4651 
7950 2933 5142 5203 
7951 3199 3200 4941 
7952 1438 1437 1439 
7953 1708 4743 4893 
7954 3146 4300 5079 
7955 2524 2282 2525 
7956 1895 1910 1911 
7957 2524 2525 4733 
7958 2541 3130 4810 
7959 1894 1887 4729 
7960 547 351 4912 
7961 1888 1887 1894 
7962 1157 1158 1160 
7963 594 233 5164 
7964 2061 1751 4802 
7965 4406 4387 4996 
7966 3001 3003 5181 
7967 3106 3108 3327 
7968 908 914 4977 
7969 3616 3622 5080 
7970 4737 3228 4863 
7971 2460 2640 3204 
7972 2010 2455 4962 
7973 1155 1156 1157 
7974 633 181 5022 
7975 352 635 4912 
7976 791 4894 5017 
7977 2184 2183 2432 
7978 1398 1399 1400 
7979 3341 3337 3549 
7980 1689 2009 2010 
7981 1981 2526 4782 
7982 2189 2367 2551 
7983 1221 1219 4767 
7984 4890 3075 4996 
7985 1979 1977 4768 
7986 439 438 516 
7987 2507 2503 2508 
7988 1686 958 4761 
7989 1841 1697 1842 
7990 1643 1641 4820 
7991 2465 2464 4035 
7992 3564 3565 3781 
7993 853 1369 4892 
7994 4742 4517 4889 
7995 2953 2951 2954 
7996 2169 2496 4822 
7997 1692 1201 3222 
7998 2010 2453 2454 
7999 1961 1962 4772 
8000 3129 3465 3466 
8001 1738 1749 4984 
8002 2131 1946 4765 
8003 2573 2572 3247 
8004 4697 2769 4826 
8005 1652 1258 4781 
8006 1486 1485 1487 
8007 2325 2304 2499 
8008 1936 1513 4970 
8009 821 4724 4755 
8010 2551 2552 2934 
8011 779 4660 4770 
8012 4658 1784 4826 
8013 2240 1842 2241 
8014 1972 1685 1973 
8015 491 421 3347 
8016 2603 2740 4854 
8017 1201 1202 4848 
8018 2200 1973 2201 
8019 2241 2503 2507 
8020 3298 2485 4787 
8021 1447 1431 4808 
8022 1891 2370 4748 
8023 2568 1983 4782 
8024 2498 3396 4629 
8025 1365 1697 1841 
8026 2066 2067 2351 
8027 930 936 4847 
8028 1656 906 4977 
8029 3441 2508 3442 
8030 4743 2789 4893 
8031 3213 2755 4843 
8032 2342 2340 2936 
8033 1321 1215 4876 
8034 3649 597 5801 
8035 1312 4152 5033 
8036 1682 1436 4806 
8037 2579 2114 3432 
8038 1014 1015 1016 
8039 1400 1401 1402 
8040 3352 3162 3353 
8041 1761 984 2415 
8042 465 4138 5140 
8043 3593 3145 5079 
8044 3744 3556 5767 
8045 4758 2053 4897 
8046 1534 1533 1767 
8047 3161 2639 3162 
8048 4732 2524 4733 
8049 1436 1437 1438 
8050 1665 5015 5076 
8051 4077 1968 5585 
8052 4700 4602 4883 
8053 2346 3010 3025 
8054 2870 2869 5111 
8055 2323 2170 2431 
8056 1438 1455 4806 
8057 3421 4267 5938 
8058 1932 1913 4795 
8059 1844 2185 2875 
8060 1877 1876 1887 
8061 2456 2454 3163 
8062 1760 4890 4996 
8063 1402 1403 1404 
8064 2203 2202 2204 
8065 1025 1030 1031 
8066 427 426 559 
8067 1868 1347 2168 
8068 1077 1073 4679 
8069 1033 1032 1034 
8070 2937 2936 3411 
8071 3247 2572 3358 
8072 2198 2199 2404 
8073 1888 1894 1895 
8074 1088 1089 1094 
8075 3442 3444 3649 
8076 1847 1846 2098 
8077 2667 2665 4956 
8078 1436 1435 1437 
8079 1078 1077 1079 
8080 1952 2291 4828 
8081 556 144 5755 
8082 3402 3401 3501 
8083 3161 3162 3352 
8084 2779 2538 4777 
8085 4708 3199 4941 
8086 3508 5825 5854 
8087 2577 2371 2578 
8088 4205 2628 4923 
8089 1213 1884 4972 
8090 3529 2578 3530 
8091 2460 2458 2640 
8092 2515 2320 2516 
8093 2422 4249 5125 
8094 1841 1842 2240 
8095 1016 1017 1021 
8096 1768 1767 1846 
8097 2169 2170 2323 
8098 3918 2908 5771 
8099 3690 2956 3692 
8100 2317 1899 2318 
8101 2869 4465 5052 
8102 2441 3372 4778 
8103 1823 1825 4809 
8104 1983 1981 4782 
8105 1698 1492 1699 
8106 2169 2168 2170 
8107 4930 4291 5058 
8108 3232 4883 4932 
8109 2559 2558 3564 
8110 564 10 3070 
8111 1219 1365 4767 
8112 4575 2837 5012 
8113 3760 3213 4898 
8114 2483 2415 3217 
8115 2205 2204 2206 
8116 1868 2168 2169 
8117 3166 2364 4906 
8118 2316 2823 4813 
8119 2080 2079 2558 
8120 1689 1635 2009 
8121 2052 2051 4813 
8122 4972 3253 4993 
8123 1091 1086 1092 
8124 1690 1001 4792 
8125 4686 1318 4892 
8126 3212 3397 3664 
8127 2010 2009 2453 
8128 1258 4698 4781 
8129 1852 2296 4809 
8130 1150 1114 4874 
8131 1036 1038 1115 
8132 2507 2508 3441 
8133 1263 1264 1265 
8134 2298 3428 3429 
8135 2800 4689 4931 
8136 4050 4486 5010 
8137 1149 1128 5070 
8138 2500 2499 3453 
8139 2525 2282 2638 
8140 976 974 4805 
8141 2208 2206 2209 
8142 2570 2587 3237 
8143 2934 2552 2935 
8144 1484 1483 1485 
8145 4717 1816 4879 
8146 1857 1856 1876 
8147 3415 3101 3416 
8148 1434 1435 1436 
8149 1434 1682 4842 
8150 3147 3593 5095 
8151 1700 1893 2186 
8152 13 432 515 
8153 1434 1433 1435 
8154 4719 2786 4862 
8155 3178 4742 4889 
8156 1094 1095 1099 
8157 2538 3398 4777 
8158 1877 1887 1888 
8159 3483 3171 3484 
8160 2331 2099 2371 
8161 3310 2481 4871 
8162 2540 4758 4907 
8163 2321 3380 5067 
8164 4674 2767 4879 
8165 2130 1712 4958 
8166 2570 2329 2587 
8167 2201 2202 2203 
8168 990 4651 4821 
8169 1139 4579 4866 
8170 1148 1149 1204 
8171 1099 1100 1127 
8172 2356 2358 3067 
8173 3453 2499 3455 
8174 1033 1034 1685 
8175 2733 4759 4936 
8176 4827 2408 4899 
8177 563 403 3072 
8178 1127 1128 1148 
8179 2947 2948 2949 
8180 461 3242 3243 
8181 2551 2367 2552 
8182 1373 1374 1375 
8183 2767 4717 4879 
8184 2028 2365 4803 
8185 1709 1711 4845 
8186 2198 2815 4824 
8187 2650 3552 3779 
8188 962 960 4884 
8189 3413 3230 4853 
8190 3141 3140 3142 
8191 2259 2791 4789 
8192 1913 1915 4795 
8193 2315 2096 4927 
8194 2485 2788 4787 
8195 1231 1229 4877 
8196 2211 2213 2550 
8197 3236 4686 4892 
8198 1893 1892 2248 
8199 3235 3234 4965 
8200 1375 1557 1558 
8201 1688 1509 4863 
8202 4517 1675 4889 
8203 5145 2875 5170 
8204 1320 1322 4801 
8205 1031 1032 1033 
8206 2186 2187 2188 
8207 1114 1027 4874 
8208 1417 1418 1419 
8209 4800 2796 4921 
8210 3058 3387 5171 
8211 1472 4776 4924 
8212 2839 2840 5059 
8213 2525 2638 2639 
8214 1871 1869 4796 
8215 2189 2366 2367 
8216 1006 1009 4811 
8217 3818 3819 5961 
8218 2124 2793 4850 
8219 1002 1007 4792 
8220 1001 1002 4792 
8221 1137 1103 1533 
8222 1160 1692 4797 
8223 2264 2847 2848 
8224 2203 2204 2205 
8225 5014 4284 5059 
8226 1432 1433 1434 
8227 3640 566 5907 
8228 4713 4661 5325 
8229 1318 853 4892 
8230 1492 1493 4678 
8231 1677 1221 4767 
8232 1853 2008 4824 
8233 1105 1064 1885 
8234 1084 1083 4856 
8235 461 3092 3242 
8236 1876 1856 4586 
8237 1764 1076 1965 
8238 1426 2838 5035 
8239 776 773 4793 
8240 3170 2362 3171 
8241 2205 2206 2208 
8242 3207 2625 5008 
8243 1432 1431 1433 
8244 2208 2209 2572 
8245 3254 4259 5098 
8246 4588 1654 4880 
8247 3424 2426 4862 
8248 1017 1020 4799 
8249 443 442 3505 
8250 2978 2030 4803 
8251 1042 1044 1112 
8252 1757 1631 1758 
8253 1700 1699 1892 
8254 2867 1427 4885 
8255 2215 2217 2513 
8256 2432 2183 2836 
8257 2243 2263 2264 
8258 58 629 5018 
8259 5241 3310 5266 
8260 2270 2272 5024 
8261 1105 1886 2994 
8262 2539 4586 4840 
8263 1857 1876 1877 
8264 4474 862 5100 
8265 1097 1103 1104 
8266 5330 3303 5344 
8267 2030 2028 4803 
8268 2024 1843 4652 
8269 960 1686 4884 
8270 1576 4240 5034 
8271 5237 3308 5252 
8272 1080 1079 1081 
8273 2859 2858 2860 
8274 2407 2873 2962 
8275 4374 2778 4886 
8276 2219 2221 2311 
8277 5770 3432 5818 
8278 3681 3682 5285 
8279 1957 1821 4904 
8280 3334 3333 4985 
8281 1146 976 4805 
8282 2415 984 4833 
8283 1944 2406 2407 
8284 1486 1487 1488 
8285 2208 2573 4852 
8286 1380 1950 2243 
8287 1840 1839 1856 
8288 2191 1690 4804 
8289 523 57 5018 
8290 3307 3073 3607 
8291 1195 1196 1198 
8292 4648 4284 5014 
8293 793 792 4875 
8294 1760 4740 4890 
8295 1197 5117 5169 
8296 492 3307 3481 
8297 3006 3007 4887 
8298 1487 1490 4934 
8299 898 900 4903 
8300 3393 2779 4777 
8301 3401 2836 3403 
8302 3416 3101 4980 
8303 1193 1194 1195 
8304 3192 4606 4872 
8305 2432 2836 3401 
8306 2048 2046 4897 
8307 2786 3749 4862 
8308 1048 1050 1106 
8309 1757 1759 2111 
8310 1493 1499 4678 
8311 1188 1189 1191 
8312 1225 1223 4911 
8313 2370 2817 4748 
8314 1096 1092 2430 
8315 816 4710 4875 
8316 2565 2239 2566 
8317 2096 4863 4927 
8318 1137 1534 2479 
8319 2295 1853 4824 
8320 4577 4700 4883 
8321 1202 1319 4848 
8322 3422 3142 3522 
8323 1204 1205 1665 
8324 1486 1488 1762 
8325 1457 1432 4842 
8326 1635 1320 4801 
8327 1430 1431 1432 
8328 1962 2066 4772 
8329 351 352 4912 
8330 2946 2947 2971 
8331 2408 3199 4899 
8332 2488 4357 5343 
8333 1430 1429 1431 
8334 4438 2827 4908 
8335 234 473 5164 
8336 5087 494 5150 
8337 1816 1818 4879 
8338 518 3665 5793 
8339 1825 1852 4809 
8340 2207 2205 4852 
8341 3303 4564 5344 
8342 2992 3471 5171 
8343 1031 4557 4859 
8344 2429 1021 4799 
8345 1191 1192 1193 
8346 2759 3075 4890 
8347 1751 1379 4802 
8348 1364 1362 4817 
8349 2051 2316 4813 
8350 1223 1677 4911 
8351 4602 2418 4883 
8352 2466 2471 4818 
8353 1082 1081 1083 
8354 2188 2187 2189 
8355 1840 1856 1857 
8356 3762 2782 4920 
8357 1054 1056 1111 
8358 2360 2362 3170 
8359 3362 3141 5324 
8360 1185 1187 1188 
8361 1890 2281 2282 
8362 1058 1060 1725 
8363 1886 1885 2310 
8364 3222 4848 4962 
8365 2066 2872 4772 
8366 1012 2790 4811 
8367 3180 3178 4889 
8368 5119 3373 5742 
8369 1413 1414 1415 
8370 3453 3455 3640 
8371 2716 3451 3452 
8372 1094 1099 2076 
8373 2203 2207 4873 
8374 1937 2307 4823 
8375 1358 1225 4911 
8376 2809 1364 4817 
8377 1875 1873 4812 
8378 1676 4523 4910 
8379 1408 1409 1410 
8380 3543 3526 5469 
8381 792 816 4875 
8382 1889 3290 4851 
8383 3912 1694 5156 
8384 2741 3136 4974 
8385 4334 3446 5119 
8386 3868 1878 4049 
8387 2789 3233 4893 
8388 448 447 507 
8389 2225 2227 2383 
8390 1890 1889 2281 
8391 5215 4006 5217 
8392 1127 1148 1169 
8393 2346 2245 2347 
8394 2329 2118 4867 
8395 2263 1950 2834 
8396 2152 4639 4963 
8397 1016 1108 4857 
8398 160 161 5060 
8399 2486 4916 5109 
8400 1759 1758 1839 
8401 1183 1184 1185 
8402 1868 2169 4822 
8403 3343 3346 4914 
8404 433 17 466 
8405 2046 2050 4897 
8406 1917 4061 5047 
8407 4796 1869 4822 
8408 3253 2415 4833 
8409 2053 2048 4897 
8410 1436 1438 4806 
8411 555 3574 5826 
8412 4866 2787 4919 
8413 2728 4307 5176 
8414 1821 1823 4904 
8415 4357 2437 5370 
8416 2501 2312 2868 
8417 1490 1698 4934 
8418 1702 3786 5262 
8419 1428 1427 1429 
8420 1476 1481 1482 
8421 455 3080 3641 
8422 494 4098 5150 
8423 2008 2198 4824 
8424 4484 4763 4936 
8425 2651 2540 4907 
8426 1700 1892 1893 
8427 2186 1893 2187 
8428 3681 2964 3682 
8429 1428 1429 1430 
8430 1128 1100 4989 
8431 559 426 3088 
8432 2229 2231 2338 
8433 3170 3171 3483 
8434 2079 2052 4813 
8435 1430 1457 4858 
8436 1347 1231 4877 
8437 3439 2583 4836 
8438 2838 1428 4858 
8439 1423 1424 1425 
8440 2949 2950 2951 
8441 1362 1835 4817 
8442 2533 2191 4804 
8443 2118 3192 4867 
8444 3222 1201 4848 
8445 1710 1708 4893 
8446 1009 1012 4811 
8447 1690 4792 4804 
8448 5048 1477 5098 
8449 2912 2870 5139 
8450 4720 4800 4921 
8451 1762 1889 1890 
8452 3234 4828 4965 
8453 2033 1871 4796 
8454 1630 1631 1756 
8455 3290 1488 4934 
8456 491 3347 3494 
8457 492 3073 3307 
8458 2234 2201 4873 
8459 2704 3569 5125 
8460 3397 2404 4870 
8461 437 18 538 
8462 5138 2997 5162 
8463 444 443 534 
8464 1322 1518 4801 
8465 3121 3116 5084 
8466 3494 3347 3754 
8467 4766 1685 4865 
8468 1762 1488 1889 
8469 1062 1064 1105 
8470 1021 1017 4799 
8471 847 814 4917 
8472 4931 4689 5054 
8473 1196 1194 1197 
8474 3125 3351 3594 
8475 1406 1407 1408 
8476 3379 3313 3574 
8477 1944 1557 1945 
8478 2427 3275 3276 
8479 1020 1025 4859 
8480 1835 2058 4817 
8481 5167 3242 5173 
8482 972 1141 4944 
8483 3370 5128 5670 
8484 3038 3578 5360 
8485 3217 3253 5066 
8486 4883 2418 4932 
8487 1109 2429 4844 
8488 4215 1576 5101 
8489 2233 2245 2346 
8490 2873 2406 3137 
8491 2628 2991 4923 
8492 2790 1014 4857 
8493 1484 1485 1486 
8494 2199 2298 4870 
8495 1861 1516 1862 
8496 4776 4638 4924 
8497 1157 1160 4797 
8498 2751 4103 4925 
8499 1404 1405 1406 
8500 3571 2536 4891 
8501 1209 1130 4844 
8502 3702 2861 3703 
8503 1560 1558 4798 
8504 902 904 4918 
8505 1034 1036 4865 
8506 4836 2809 4837 
8507 1426 1427 1428 
8508 1419 1420 1421 
8509 3201 4576 5092 
8510 2113 2195 2425 
8511 1759 1839 1840 
8512 1093 1092 1096 
8513 914 911 5061 
8514 1135 1104 4849 
8515 1373 1272 1374 
8516 3089 3088 3090 
8517 1847 2099 2309 
8518 4486 4932 5010 
8519 913 2136 5061 
8520 3469 2478 5024 
8521 3306 2912 5185 
8522 3626 3530 5722 
8523 5709 608 5792 
8524 4833 979 4993 
8525 1421 1422 1423 
8526 1319 1689 4848 
8527 3887 3968 5287 
8528 2209 2211 4829 
8529 1505 1506 1843 
8530 1185 1186 1187 
8531 4546 4748 4994 
8532 1756 1631 1757 
8533 2766 4647 4910 
8534 3119 3117 3120 
8535 36 609 5106 
8536 4466 1617 4938 
8537 3122 3120 3123 
8538 1260 1197 1261 
8539 3025 3010 3582 
8540 3108 3107 3109 
8541 4863 3228 4927 
8542 4848 1689 4962 
8543 1097 1096 1103 
8544 4982 2822 5039 
8545 1490 1492 1698 
8546 4465 4928 5052 
8547 364 449 5042 
8548 639 363 5042 
8549 5150 4098 5198 
8550 3213 4868 4898 
8551 435 434 518 
8552 1426 1425 1427 
8553 4997 4675 5026 
8554 2831 4900 5009 
8555 2583 2809 4836 
8556 3533 3532 5695 
8557 1410 1409 1411 
8558 1431 1429 4808 
8559 4674 4879 4960 
8560 4740 2757 4890 
8561 1873 2033 4812 
8562 1380 1261 1381 
8563 3288 2866 3300 
8564 3219 3218 4895 
8565 2730 4716 5093 
8566 2539 4840 4841 
8567 4875 4711 4998 
8568 3118 3124 3125 
8569 4815 520 5267 
8570 459 35 5106 
8571 1086 1084 4855 
8572 1823 4809 4904 
8573 4647 1676 4910 
8574 1166 1209 4860 
8575 1137 1533 1534 
8576 2315 4927 5002 
8577 1698 1699 1700 
8578 2309 2331 2332 
8579 2787 2829 4919 
8580 1416 1460 1630 
8581 2798 4770 4928 
8582 3204 2640 3386 
8583 3380 2627 3381 
8584 1263 1171 1264 
8585 4506 4505 5023 
8586 2183 1875 4812 
8587 749 5305 5353 
8588 1757 1758 1759 
8589 4828 2291 4965 
8590 1956 1598 5014 
8591 2905 2285 2906 
8592 516 3082 3458 
8593 1130 1109 4844 
8594 1843 1506 4652 
8595 4963 4471 5020 
8596 1515 1354 1516 
8597 3800 3801 4989 
8598 4491 2835 4943 
8599 446 445 536 
8600 4408 5340 5776 
8601 2471 2960 4818 
8602 1265 1266 1267 
8603 1885 1064 4383 
8604 4062 602 5276 
8605 1188 1187 1189 
8606 2307 2650 4823 
8607 3535 2722 3661 
8608 863 1252 5100 
8609 2240 2241 4846 
8610 4149 1079 4937 
8611 1482 1483 1484 
8612 3735 5018 5175 
8613 2899 2482 5170 
8614 1325 1339 1359 
8615 2821 4781 4930 
8616 1432 1434 4842 
8617 1523 1522 1524 
8618 1697 1218 4860 
8619 2404 2199 4870 
8620 2241 2507 4846 
8621 2537 2240 4846 
8622 432 431 3127 
8623 2651 4907 4957 
8624 2757 2759 4890 
8625 1074 1764 4790 
8626 2193 2562 4946 
8627 2809 4817 4983 
8628 1685 1034 4865 
8629 1405 5089 5735 
8630 1534 1767 1768 
8631 2640 4881 4882 
8632 5210 3091 5687 
8633 3710 5741 5842 
8634 2486 3298 4916 
8635 2458 2456 4881 
8636 4553 2733 4936 
8637 2577 3529 3648 
8638 1649 1882 5057 
8639 624 319 5099 
8640 5117 3694 5169 
8641 3358 2572 4829 
8642 1105 1885 1886 
8643 16 428 572 
8644 3583 784 5851 
8645 3434 2537 4846 
8646 1228 5000 5043 
8647 2464 2461 4083 
8648 1595 4648 5014 
8649 3903 148 4947 
8650 2834 1950 4948 
8651 1768 1846 1847 
8652 1382 1261 5169 
8653 431 430 560 
8654 1675 4675 4997 
8655 270 566 4995 
8656 2860 2866 3288 
8657 2418 2603 4932 
8658 2766 4910 4963 
8659 1847 2098 2099 
8660 2848 2847 4869 
8661 1375 1374 1557 
8662 4845 1881 4895 
8663 428 427 3087 
8664 3043 2522 3044 
8665 1014 1016 4857 
8666 2331 2371 2577 
8667 1558 1557 1944 
8668 1819 1957 5021 
8669 4449 4914 5166 
8670 1886 2310 3295 
8671 3485 3052 3486 
8672 284 494 4951 
8673 1083 1088 4856 
8674 1218 1166 4860 
8675 4961 4625 5114 
8676 2572 2209 4829 
8677 2264 2263 2847 
8678 1732 2113 2114 
8679 320 464 5099 
8680 4893 3233 4958 
8681 2821 4930 5058 
8682 2870 5111 5139 
8683 2346 2347 3010 
8684 2952 2953 2955 
8685 2577 2578 3529 
8686 622 4480 5692 
8687 805 795 4998 
8688 3424 5526 5838 
8689 2205 2208 4852 
8690 5328 3303 5330 
8691 4748 2817 4994 
8692 3257 3258 4949 
8693 3293 2492 5055 
8694 2168 1347 4877 
8695 3228 3229 4927 
8696 3756 3133 5718 
8697 4264 2473 5102 
8698 1710 4893 4958 
8699 1262 1514 4968 
8700 2449 2484 5055 
8701 1025 1031 4859 
8702 1195 1194 1196 
8703 114 115 5180 
8704 2407 2406 2873 
8705 1111 3837 5878 
8706 3200 3203 4941 
8707 1465 1477 5048 
8708 2962 2873 3632 
8709 4879 1818 4960 
8710 3432 2114 3433 
8711 1699 1492 4678 
8712 4805 974 4944 
8713 1265 1267 4861 
8714 2860 2858 2866 
8715 1294 1296 5121 
8716 3198 2729 4969 
8717 4855 1084 4856 
8718 1861 2312 2313 
8719 2298 3429 4870 
8720 4799 1020 4859 
8721 4632 4755 4931 
8722 2456 3163 4881 
8723 2318 2320 2515 
8724 2640 2458 4881 
8725 2243 1950 2263 
8726 4889 1675 4997 
8727 1500 1505 4981 
8728 1193 1192 1194 
8729 1101 3912 5232 
8730 4817 2058 4983 
8731 3838 1575 5224 
8732 4660 2156 4928 
8733 2164 2504 5069 
8734 2281 1889 4851 
8735 4770 4660 4928 
8736 3371 3267 3392 
8737 1036 1115 4865 
8738 3435 2332 3436 
8739 1191 1189 1192 
8740 2599 2148 2986 
8741 3379 3574 5668 
8742 3606 4970 5078 
8743 2879 4082 5142 
8744 614 3629 5519 
8745 2861 2860 4929 
8746 974 972 4944 
8747 3098 3097 5120 
8748 3218 4845 4895 
8749 3514 2505 4999 
8750 3937 137 5345 
8751 1228 1230 5000 
8752 2955 2956 2976 
8753 4584 4583 5157 
8754 3489 4035 5153 
8755 1312 5033 5083 
8756 3180 4889 4997 
8757 4638 4282 4924 
8758 2201 2203 4873 
8759 2949 2951 2952 
8760 17 448 3094 
8761 1944 1945 2406 
8762 2587 2329 4867 
8763 3493 2651 4957 
8764 3877 3876 5307 
8765 1730 1731 1732 
8766 5742 3373 5761 
8767 4571 4473 4939 
8768 3386 2640 4882 
8769 1104 1103 1137 
8770 5151 1961 5220 
8771 1196 1197 1260 
8772 3112 2667 4956 
8773 1917 1181 4986 
8774 2976 3690 3691 
8775 1267 1313 1314 
8776 5002 3359 5003 
8777 4798 2963 4987 
8778 3980 4706 5047 
8779 2468 2465 4035 
8780 1749 4521 4984 
8781 978 1147 4993 
8782 2991 3616 4923 
8783 516 438 3081 
8784 4902 2311 5568 
8785 3488 3490 3491 
8786 4846 2507 5019 
8787 1292 1294 4976 
8788 1482 1484 2178 
8789 1908 4607 4971 
8790 2211 2550 4829 
8791 2952 2951 2953 
8792 1764 1965 2433 
8793 1423 1425 1426 
8794 1383 1385 1902 
8795 4698 4451 4930 
8796 2155 4720 4921 
8797 2738 5147 5193 
8798 3129 3244 3465 
8799 4867 3192 4872 
8800 2309 2099 2331 
8801 2346 3025 4915 
8802 4731 4732 4935 
8803 3258 2741 4974 
8804 4865 1115 5056 
8805 2366 2187 4900 
8806 793 4875 4998 
8807 3168 2536 3570 
8808 1260 1261 1380 
8809 2673 2671 5104 
8810 2295 4824 4999 
8811 5063 465 5140 
8812 2313 2501 3000 
8813 3403 5148 5234 
8814 1204 1665 1730 
8815 4755 4724 4931 
8816 4933 3694 5117 
8817 1380 1381 1950 
8818 1313 1266 1354 
8819 1944 2407 4798 
8820 5751 1455 5795 
8821 4639 2766 4963 
8822 3565 2558 5006 
8823 3182 4997 5026 
8824 1428 1430 4858 
8825 1630 1460 1631 
8826 5216 3202 5219 
8827 4724 2800 4931 
8828 1359 1360 1898 
8829 2213 2215 4896 
8830 4472 1958 5160 
8831 2965 5248 5390 
8832 4781 4698 4930 
8833 1165 3914 5307 
8834 3605 2906 3606 
8835 2852 3280 5083 
8836 906 908 4977 
8837 2185 2023 2536 
8838 20 444 3110 
8839 2689 4123 4990 
8840 1732 1731 2113 
8841 2185 2536 3168 
8842 1730 1665 1731 
8843 445 20 3206 
8844 1387 1389 1755 
8845 2341 4016 5517 
8846 4623 3158 5065 
8847 429 16 3216 
8848 1248 1246 5107 
8849 3269 4960 5021 
8850 5015 3231 5076 
8851 4407 1696 5025 
8852 3089 3090 3091 
8853 4152 4850 5033 
8854 1942 2342 5005 
8855 3434 4846 5019 
8856 4839 791 5017 
8857 5825 4008 5854 
8858 3275 4061 4967 
8859 2836 2183 4812 
8860 1183 4715 4986 
8861 1227 1358 5041 
8862 4387 1760 4996 
8863 2217 2219 4902 
8864 4630 2784 5103 
8865 782 4385 5548 
8866 1092 1086 4855 
8867 1137 2479 4849 
8868 5370 2437 5389 
8869 2907 2906 3605 
8870 1893 2248 4900 
8871 4228 4229 5206 
8872 1712 1710 4958 
8873 2882 4674 4960 
8874 4741 1461 5048 
8875 4706 1917 5047 
8876 2291 2563 4965 
8877 430 429 3780 
8878 1898 1899 2317 
8879 2955 2953 2956 
8880 2784 2783 5103 
8881 3253 4833 4993 
8882 4850 2793 5033 
8883 1189 1190 4933 
8884 3549 3337 4985 
8885 4240 4789 5034 
8886 3516 1560 4987 
8887 979 978 4993 
8888 2650 3779 4823 
8889 4260 4741 5048 
8890 4389 4261 5582 
8891 3577 3579 5029 
8892 3337 3334 4985 
8893 590 3857 5347 
8894 4632 4931 5054 
8895 2091 2247 5112 
8896 3238 3751 5275 
8897 4681 1908 4971 
8898 2059 3953 5611 
8899 1515 1516 1861 
8900 4224 4225 5369 
8901 2195 1731 5076 
8902 3132 3134 3437 
8903 1861 1862 2312 
8904 3253 4972 5066 
8905 3598 546 5444 
8906 4267 1548 5938 
8907 3289 5190 5205 
8908 4932 2603 5010 
8909 1265 1264 1266 
8910 3880 3879 5332 
8911 1558 1944 4798 
8912 193 194 5155 
8913 4471 4470 5020 
8914 4927 3229 5002 
8915 4052 2022 5151 
8916 4824 2815 4999 
8917 2440 5620 5623 
8918 4103 2916 5175 
8919 2976 2956 3690 
8920 3010 3681 5285 
8921 1665 1205 5015 
8922 2473 2474 5102 
8923 3726 3723 3727 
8924 2550 2213 4896 
8925 5496 2550 5595 
8926 4789 2791 5034 
8927 3116 3118 5084 
8928 1326 4976 5132 
8929 3709 3707 3710 
8930 138 544 5345 
8931 4715 4967 4986 
8932 795 793 4998 
8933 5166 3346 5184 
8934 3860 3861 5165 
8935 1316 1314 1702 
8936 2625 3683 5008 
8937 867 1634 5159 
8938 819 723 5094 
8939 1060 1062 4913 
8940 57 58 5018 
8941 2215 2513 4896 
8942 721 1691 5094 
8943 2567 3055 3313 
8944 2883 3759 5087 
8945 1315 1367 5051 
8946 3596 1733 5735 
8947 1416 1415 1417 
8948 4043 2775 5110 
8949 2430 1092 4855 
8950 4679 2816 4937 
8951 5396 544 5409 
8952 2822 4790 5038 
8953 2187 1893 4900 
8954 4766 4865 5056 
8955 4275 4413 5245 
8956 3050 3052 3485 
8957 725 819 5096 
8958 3607 3073 5715 
8959 43 44 5188 
8960 1488 1487 4934 
8961 1525 1524 1528 
8962 1576 5034 5101 
8963 4098 616 5198 
8964 3917 5745 5953 
8965 2837 4492 5012 
8966 2513 2217 4902 
8967 1702 5030 5181 
8968 2219 2311 4902 
8969 1505 1843 1844 
8970 1844 2023 2185 
8971 2058 2529 4983 
8972 1419 1421 1740 
8973 1499 1500 4981 
8974 1205 1207 5015 
8975 1689 2010 4962 
8976 3714 3712 3715 
8977 4505 487 5023 
8978 4754 4801 5005 
8979 2313 2312 2501 
8980 3182 3180 4997 
8981 1416 1417 1460 
8982 1252 865 5159 
8983 3590 4681 4971 
8984 4180 5751 5795 
8985 3229 3359 5002 
8986 2231 2233 4915 
8987 1105 2994 4913 
8988 1757 2111 4979 
8989 3894 3893 5347 
8990 2966 3500 5544 
8991 1555 3877 5332 
8992 4453 4452 5130 
8993 3719 3717 3724 
8994 4877 1229 5041 
8995 2110 4529 5184 
8996 538 18 3106 
8997 1104 1137 4849 
8998 1260 4624 4961 
8999 1147 1213 4972 
9000 3432 3433 5818 
9001 3149 4364 5074 
9002 3867 3865 5317 
9003 1391 1394 1867 
9004 3448 2939 5088 
9005 447 446 3464 
9006 718 4215 5172 
9007 5083 3280 5121 
9008 2869 5052 5111 
9009 3100 3102 3104 
9010 1077 4679 4937 
9011 2079 4813 5006 
9012 5849 3818 5961 
9013 3809 542 5633 
9014 1007 1004 5072 
9015 2321 2626 2627 
9016 4618 3686 5158 
9017 4006 718 5217 
9018 3109 3665 3674 
9019 2940 3561 5088 
9020 4928 2156 5052 
9021 3000 2501 3241 
9022 3665 518 5748 
9023 2858 1756 4979 
9024 2133 4246 5518 
9025 2515 2722 3524 
9026 5343 4357 5370 
9027 1533 1103 4959 
9028 3327 3328 3517 
9029 2253 2565 2567 
9030 21 22 5202 
9031 1226 1228 5043 
9032 2505 2295 4999 
9033 4751 1007 5072 
9034 1598 1595 5014 
9035 1094 2076 4954 
9036 4654 4877 5041 
9037 4801 1518 5005 
9038 1267 1266 1313 
9039 1325 1359 3231 
9040 3703 2861 4929 
9041 1127 1169 4945 
9042 1181 1183 4986 
9043 4195 2146 5901 
9044 1993 1352 5040 
9045 1844 1843 2023 
9046 181 182 5022 
9047 2515 2516 2722 
9048 757 736 5118 
9049 4315 5216 5219 
9050 1898 2317 2321 
9051 2076 1099 4945 
9052 1480 1517 5610 
9053 4761 3068 4975 
9054 4813 2823 5006 
9055 3095 3097 3098 
9056 4291 2103 5058 
9057 4434 3149 5074 
9058 4480 550 5131 
9059 5438 4378 5642 
9060 1313 1354 1515 
9061 3306 5185 5223 
9062 1756 1757 4979 
9063 3460 2546 5162 
9064 1207 1325 5015 
9065 1406 1408 1541 
9066 1409 1733 5281 
9067 4621 1477 5133 
9068 1694 4149 5122 
9069 3544 2812 5134 
9070 5058 2103 5082 
9071 3514 4999 5071 
9072 3640 595 5925 
9073 1725 1060 4913 
9074 104 105 5027 
9075 3091 3910 5687 
9076 5050 2186 5149 
9077 3280 2855 5132 
9078 2317 2318 5007 
9079 4246 2133 5485 
9080 1548 1546 5236 
9081 4837 2809 4983 
9082 704 699 5195 
9083 5179 1150 5204 
9084 1668 4546 4994 
9085 2627 2626 3023 
9086 363 364 5042 
9087 5260 3341 5336 
9088 2248 2716 5009 
9089 3561 2942 5097 
9090 1079 1077 4937 
9091 3667 3666 5124 
9092 3288 3300 5672 
9093 1518 1942 5005 
9094 4684 2152 5020 
9095 559 3088 3089 
9096 4922 2857 5073 
9097 1412 1411 1413 
9098 2110 5184 5194 
9099 2810 3293 5134 
9100 1396 1398 1746 
9101 1505 1844 4981 
9102 518 434 3113 
9103 2520 2522 3043 
9104 4557 4238 5127 
9105 4714 2315 5126 
9106 1096 2430 4959 
9107 1522 1520 1556 
9108 3046 3048 3761 
9109 1400 1402 1744 
9110 2941 4804 5016 
9111 4260 5048 5098 
9112 1006 4811 5072 
9113 2321 2317 2626 
9114 2860 3288 4929 
9115 1477 1469 5133 
9116 1818 1819 5021 
9117 1686 4761 4975 
9118 2716 3452 5009 
9119 1062 1105 4913 
9120 1381 1383 4948 
9121 2338 2231 4915 
9122 2567 2565 3055 
9123 4785 1460 5036 
9124 2479 1534 4950 
9125 2285 1936 4970 
9126 2877 2997 5138 
9127 2737 2969 5178 
9128 1198 1196 4961 
9129 3643 3105 3650 
9130 2478 2270 5024 
9131 3123 3267 3371 
9132 3084 3132 3133 
9133 935 4186 5241 
9134 3104 3105 3642 
9135 5526 3424 5716 
9136 3522 3142 3523 
9137 809 806 5124 
9138 2912 5139 5185 
9139 2233 2346 4915 
9140 1229 1227 5041 
9141 1263 1265 5078 
9142 1169 1148 4942 
9143 3313 3055 3557 
9144 3971 1115 5235 
9145 3114 3116 3121 
9146 3084 3083 3132 
9147 4410 3413 5773 
9148 4804 4792 5016 
9149 1560 4798 4987 
9150 1485 1483 5271 
9151 1766 2239 2253 
9152 874 872 5144 
9153 4321 4317 5299 
9154 2136 4657 5219 
9155 3914 3913 5270 
9156 4856 1088 4954 
9157 3125 3124 3351 
9158 2437 4030 5389 
9159 4689 3274 5054 
9160 1413 1415 1416 
9161 4792 1007 5016 
9162 4900 2248 5009 
9163 96 97 5053 
9164 2558 2079 5006 
9165 4715 1727 4967 
9166 4923 3616 5080 
9167 78 465 5063 
9168 2603 4854 5010 
9169 1410 1412 1754 
9170 3082 3081 3083 
9171 4736 936 5068 
9172 3732 3711 5891 
9173 3481 3307 5013 
9174 3376 2641 5173 
9175 1956 4107 5201 
9176 1099 1127 4945 
9177 5249 2440 5623 
9178 2040 1528 4953 
9179 2793 2850 5033 
9180 2022 1679 5151 
9181 2327 4254 5847 
9182 2410 2879 5142 
9183 4675 1542 5026 
9184 2866 2858 4979 
9185 3398 5886 5895 
9186 2933 2411 5142 
9187 473 235 5310 
9188 5054 3274 5093 
9189 2320 2319 5837 
9190 871 1211 5213 
9191 3736 3223 5064 
9192 4885 1444 4964 
9193 1416 1630 4922 
9194 591 160 5060 
9195 3243 3242 5207 
9196 1969 4032 5312 
9197 2507 3441 5019 
9198 4284 2839 5059 
9199 1950 1381 4948 
9200 1206 1149 5070 
9201 2774 4383 4982 
9202 1410 1411 1412 
9203 5653 2431 5812 
9204 1088 1094 4954 
9205 2253 2239 2565 
9206 3627 3626 5722 
9207 2994 1886 5028 
9208 1461 1465 5048 
9209 1768 4807 4950 
9210 615 324 5211 
9211 1634 869 5213 
9212 4653 4652 5091 
9213 1412 1413 4922 
9214 3289 2913 5190 
9215 1068 2822 4982 
9216 3470 2856 5154 
9217 2791 2862 5034 
9218 4383 1068 4982 
9219 4937 2816 5122 
9220 516 3081 3082 
9221 1486 1762 4992 
9222 3611 2987 3612 
9223 1681 1961 5151 
9224 325 450 5211 
9225 2705 2585 5237 
9226 3433 2114 4940 
9227 2879 5058 5082 
9228 5730 3328 5743 
9229 1700 2186 5050 
9230 4874 5194 5204 
9231 3119 3120 3122 
9232 2451 4713 5325 
9233 3524 2722 3535 
9234 1737 1649 5057 
9235 3431 5487 5889 
9236 236 593 5310 
9237 3157 3785 5231 
9238 2492 2449 5055 
9239 2114 2113 4940 
9240 3064 2292 5208 
9241 2981 2982 5273 
9242 490 3890 5545 
9243 3097 3100 5120 
9244 3327 3108 3328 
9245 1528 1765 1766 
9246 2502 4615 5263 
9247 3227 4736 5136 
9248 2822 5038 5039 
9249 1766 1765 2239 
9250 2156 4663 5052 
9251 1148 1204 4942 
9252 4960 1818 5021 
9253 5005 2342 5115 
9254 5257 2884 5516 
9255 3418 2773 5086 
9256 4835 1264 5062 
9257 2318 2515 5007 
9258 3761 3763 5177 
9259 3729 3726 4988 
9260 4962 2455 5046 
9261 3082 3083 3084 
9262 3883 3885 5401 
9263 3436 2332 4973 
9264 1736 1738 5205 
9265 1338 4632 5054 
9266 1403 1845 5089 
9267 2451 5325 5398 
9268 911 913 5061 
9269 2879 2821 5058 
9270 1844 2875 4981 
9271 1814 4434 5074 
9272 4035 2464 5153 
9273 3158 3654 5065 
9274 3953 3870 5640 
9275 3169 4212 5567 
9276 1204 1730 4942 
9277 3331 3156 5231 
9278 1103 1096 4959 
9279 2290 2966 5208 
9280 4238 2981 5182 
9281 2332 2331 4973 
9282 2907 3605 5075 
9283 2775 4605 5110 
9284 1171 1135 5062 
9285 4999 2815 5071 
9286 5142 4082 5203 
9287 2909 2907 5075 
9288 1727 4094 5143 
9289 3836 3835 5401 
9290 1886 3295 5028 
9291 2103 4432 5082 
9292 1476 1482 4964 
9293 3566 2843 5192 
9294 4653 3379 5668 
9295 1974 1739 5187 
9296 2987 2986 4901 
9297 1192 1189 4933 
9298 635 353 5199 
9299 4914 3346 5166 
9300 2577 3648 4973 
9301 354 477 5199 
9302 3270 3269 5152 
9303 3223 3222 5046 
9304 1135 4849 5062 
9305 3227 5136 5160 
9306 2922 2920 5212 
9307 3629 5453 5643 
9308 1534 1768 4950 
9309 3905 2077 5105 
9310 2378 3430 5189 
9311 4149 4937 5122 
9312 3854 4735 5361 
9313 2700 4618 5158 
9314 1417 1419 5036 
9315 3718 1746 5974 
9316 2181 2164 5069 
9317 2113 2425 4940 
9318 2971 2947 5001 
9319 1484 1486 4992 
9320 1338 5054 5093 
9321 5020 4470 5068 
9322 2841 3544 5192 
9323 1528 1766 4953 
9324 1196 1260 4961 
9325 1383 1902 4948 
9326 4562 3366 5667 
9327 4406 4996 5081 
9328 2557 2279 5189 
9329 4972 1884 5066 
9330 3102 3101 3415 
9331 142 143 5320 
9332 3187 3186 5523 
9333 1482 2178 4964 
9334 3778 3294 5654 
9335 3145 3146 5079 
9336 3173 2955 5200 
9337 4652 2345 5091 
9338 1222 1224 5090 
9339 5033 2850 5083 
9340 3890 490 5591 
9341 3100 3099 3101 
9342 4032 3988 5368 
9343 1004 1006 5072 
9344 4667 2728 5223 
9345 3290 5050 5149 
9346 4279 2644 5515 
9347 2880 5198 5259 
9348 3223 5046 5064 
9349 3954 5510 5694 
9350 1528 1524 1765 
9351 4684 5020 5068 
9352 1325 3231 5015 
9353 4874 2110 5194 
9354 529 4189 5386 
9355 2148 2040 4952 
9356 1444 1476 4964 
9357 1154 1151 5179 
9358 1513 1263 5078 
9359 3005 2519 5578 
9360 936 4684 5068 
9361 2974 2973 5109 
9362 593 237 5349 
9363 319 320 5099 
9364 4976 3280 5132 
9365 1414 1411 5281 
9366 4402 3430 5803 
9367 1264 1171 5062 
9368 3186 3147 5095 
9369 2949 2952 5001 
9370 4249 2704 5125 
9371 1197 1194 5117 
9372 4661 4117 5325 
9373 2331 2577 4973 
9374 4133 4135 5294 
9375 4001 4006 5215 
9376 3104 3102 3105 
9377 1684 1956 5201 
9378 5160 1958 5190 
9379 1413 1416 4922 
9380 2342 2937 5115 
9381 1460 1417 5036 
9382 1515 4830 5030 
9383 3202 3201 5092 
9384 4259 4260 5098 
9385 3801 4888 5070 
9386 4215 5101 5172 
9387 1653 4544 5279 
9388 4536 4535 5279 
9389 35 36 5106 
9390 3048 3050 5004 
9391 5308 2726 5309 
9392 3857 3856 5462 
9393 2947 2949 5001 
9394 5127 4238 5182 
9395 718 5172 5217 
9396 2178 1484 4992 
9397 238 496 5349 
9398 3606 2906 4970 
9399 726 4276 5301 
9400 2598 3573 5839 
9401 587 3899 5461 
9402 5030 4830 5181 
9403 3075 3076 5081 
9404 1419 1740 5036 
9405 723 721 5094 
9406 4984 4521 5233 
9407 3100 3101 3102 
9408 3642 3105 3643 
9409 4227 4224 5369 
9410 2626 2317 5007 
9411 3049 3047 5464 
9412 5034 2862 5101 
9413 4754 5005 5115 
9414 1237 4581 5319 
9415 2833 4766 5056 
9416 2939 2940 5088 
9417 3712 3709 5011 
9418 2815 3212 5071 
9419 824 724 5301 
9420 2238 3777 5955 
9421 2850 2852 5083 
9422 2906 2285 4970 
9423 727 725 5096 
9424 1423 1426 5035 
9425 2881 2883 5087 
9426 3403 2836 5148 
9427 5233 4521 5274 
9428 2730 5138 5162 
9429 1632 4425 5354 
9430 2973 4496 5109 
9431 2515 3524 5007 
9432 2942 2985 5097 
9433 1312 5083 5121 
9434 2438 3289 5233 
9435 1374 1272 5114 
9436 3904 279 5411 
9437 3118 3119 3124 
9438 862 863 5100 
9439 3114 3113 3115 
9440 4790 1764 5038 
9441 5021 1957 5152 
9442 633 3647 5865 
9443 1702 1314 5030 
9444 518 3113 3114 
9445 5027 469 5815 
9446 3099 3103 4980 
9447 3495 4424 5865 
9448 4716 1338 5093 
9449 3631 2673 5104 
9450 3612 2987 4901 
9451 1394 1396 5031 
9452 3011 4334 5119 
9453 5036 1740 5157 
9454 2928 2926 5264 
9455 2783 2900 5103 
9456 3451 2899 5660 
9457 4785 5036 5157 
9458 3029 3838 5224 
9459 3458 3082 5049 
9460 5072 4811 5174 
9461 374 476 5247 
9462 3090 3088 5357 
9463 636 373 5247 
9464 3753 3638 5246 
9465 1314 1313 5030 
9466 868 866 5230 
9467 3118 3117 3119 
9468 4979 2111 5123 
9469 5148 4784 5234 
9470 3823 2025 5616 
9471 4857 1969 5227 
9472 1769 1248 5107 
9473 1198 4961 5114 
9474 1503 1495 5238 
9475 3270 5152 5218 
9476 5273 2982 5316 
9477 3097 3096 3099 
9478 3926 3924 5535 
9479 360 361 5282 
9480 2885 2884 5257 
9481 2999 2888 5257 
9482 5133 4292 5252 
9483 3726 3727 4988 
9484 2188 2189 5228 
9485 4018 4014 5358 
9486 1698 1700 5050 
9487 4888 1206 5070 
9488 1694 5122 5156 
9489 4544 4543 5319 
9490 3118 3125 5084 
9491 3552 3553 5240 
9492 3338 3341 5260 
9493 3095 3096 3097 
9494 2582 4447 5296 
9495 3097 3099 3100 
9496 4041 2975 5494 
9497 3116 3117 3118 
9498 3222 4962 5046 
9499 1421 1423 5035 
9500 1740 1421 5035 
9501 3580 3576 5342 
9502 2474 3259 5102 
9503 4934 1698 5050 
9504 1398 1400 5037 
9505 4541 3344 5260 
9506 3875 2436 5167 
9507 1472 4292 5133 
9508 2770 2880 5259 
9509 2862 2864 5101 
9510 2986 2148 4952 
9511 5566 4163 5573 
9512 5052 4663 5111 
9513 3126 3120 5684 
9514 3290 4934 5050 
9515 2379 3308 5295 
9516 4912 635 5899 
9517 3116 3115 3117 
9518 2247 3028 5112 
9519 5023 487 5191 
9520 349 350 5297 
9521 4996 3075 5081 
9522 629 59 5291 
9523 5211 450 5624 
9524 2725 3014 5309 
9525 1764 2433 5038 
9526 4916 2974 5109 
9527 2975 4007 5494 
9528 3316 3318 5128 
9529 1296 1312 5121 
9530 1272 1198 5114 
9531 4192 4268 5336 
9532 4735 594 5265 
9533 4621 5133 5252 
9534 4799 4859 5127 
9535 2871 2968 5248 
9536 736 727 5118 
9537 3183 3182 5113 
9538 3398 3434 5886 
9539 2490 3906 5580 
9540 727 5096 5118 
9541 5026 4000 5113 
9542 4856 4954 5168 
9543 4736 5068 5136 
9544 481 4340 5944 
9545 2866 4979 5123 
9546 2760 3167 5290 
9547 610 329 5326 
9548 3344 3340 5260 
9549 4663 1257 5111 
9550 3300 4005 5672 
9551 2260 4603 5868 
9552 3114 3115 3116 
9553 4488 4678 5145 
9554 4340 626 5944 
9555 4138 4136 5294 
9556 128 129 5346 
9557 3050 3485 5004 
9558 3275 4967 5143 
9559 4493 188 5329 
9560 3723 3721 5085 
9561 4452 615 5130 
9562 541 4036 5416 
9563 2730 5093 5138 
9564 1725 3830 5431 
9565 3591 3592 5655 
9566 3187 5523 5546 
9567 3036 3038 5360 
9568 1192 4933 5117 
9569 477 355 5292 
9570 356 637 5292 
9571 2816 4659 5122 
9572 330 460 5326 
9573 3709 3710 5011 
9574 3912 5156 5232 
9575 1731 1665 5076 
9576 4520 2488 5333 
9577 1313 1515 5030 
9578 3256 3255 5289 
9579 3186 5476 5523 
9580 189 574 5329 
9581 4605 2022 5110 
9582 2984 4654 5243 
9583 4525 1168 5369 
9584 5103 2900 5135 
9585 3101 3099 4980 
9586 3013 2892 5304 
9587 2527 2244 5196 
9588 1995 2480 5315 
9589 4159 576 5635 
9590 3715 3712 5011 
9591 3956 5179 5204 
9592 806 805 5124 
9593 3302 3039 5360 
9594 2275 4040 5393 
9595 5092 2136 5219 
9596 3431 491 5239 
9597 550 4304 5131 
9598 43 5188 5870 
9599 3008 4567 5355 
9600 3592 3056 5286 
9601 3258 4974 5416 
9602 1867 1394 5031 
9603 4424 633 5865 
9604 4328 4450 5492 
9605 3304 3802 5478 
9606 3727 3723 5085 
9607 1494 1491 5789 
9608 2890 2999 5304 
9609 3582 3010 5285 
9610 1495 1494 5238 
9611 3805 807 5598 
9612 609 37 5339 
9613 4990 2013 5711 
9614 1408 1410 5032 
9615 3087 3539 5785 
9616 2826 4683 5280 
9617 3144 2552 5280 
9618 25 26 5380 
9619 2620 2277 5393 
9620 539 3816 5948 
9621 2974 5215 5217 
9622 5111 1257 5139 
9623 2881 5087 5150 
9624 2965 4722 5248 
9625 4470 4469 5136 
9626 1932 3951 5482 
9627 1737 5057 5187 
9628 3297 4751 5174 
9629 822 5195 5203 
9630 4952 2040 4953 
9631 2849 4754 5115 
9632 4859 4557 5127 
9633 3921 3923 5535 
9634 3289 4984 5233 
9635 2880 5150 5198 
9636 2812 2810 5134 
9637 5373 3170 5822 
9638 4315 1618 5216 
9639 3910 3909 5687 
9640 2319 3823 5729 
9641 5068 4470 5136 
9642 3761 3048 5004 
9643 4170 4925 5291 
9644 4052 5151 5220 
9645 1469 1472 5133 
9646 3242 5167 5207 
9647 1115 1038 5235 
9648 1396 1746 5031 
9649 2855 3470 5132 
9650 2002 2001 5330 
9651 2900 3165 5135 
9652 4239 2430 5168 
9653 4711 4526 5341 
9654 1898 2321 5067 
9655 3110 3111 5737 
9656 4147 4912 5899 
9657 4161 4160 5491 
9658 4091 4088 5579 
9659 5002 5003 5126 
9660 3830 3829 5449 
9661 3300 2866 5123 
9662 3137 4735 5265 
9663 4200 4201 5548 
9664 1746 1398 5037 
9665 1400 1744 5037 
9666 3274 2877 5138 
9667 2403 3779 5240 
9668 3269 5021 5152 
9669 3396 3376 5619 
9670 4994 2817 5147 
9671 4925 629 5291 
9672 4895 3864 5209 
9673 1369 3700 5550 
9674 3082 3084 5049 
9675 4236 3419 5835 
9676 3411 5027 5815 
9677 522 110 5495 
9678 3297 5174 5227 
9679 4343 4341 5868 
9680 3386 4882 5495 
9681 2367 2826 5280 
9682 3490 3489 5153 
9683 3756 4909 5382 
9684 3465 3244 5129 
9685 4412 4411 5334 
9686 1194 1192 5117 
9687 3299 3087 5785 
9688 2627 3023 5163 
9689 4967 1727 5143 
9690 2429 4799 5127 
9691 2878 3264 5321 
9692 4039 1619 5166 
9693 3584 3585 5644 
9694 860 831 5306 
9695 3941 4994 5147 
9696 115 571 5180 
9697 3960 639 5688 
9698 3231 1359 5067 
9699 2894 3013 5338 
9700 4190 3021 5406 
9701 2944 3677 5539 
9702 1679 1681 5151 
9703 4920 2782 5337 
9704 2875 2185 5269 
9705 4978 2260 5868 
9706 1257 4666 5139 
9707 3812 3811 5848 
9708 2352 3009 5303 
9709 1541 1408 5032 
9710 3078 2849 5298 
9711 2897 2896 5356 
9712 4643 1769 5511 
9713 1359 1898 5067 
9714 1499 4981 5145 
9715 1404 3732 5683 
9716 3182 5026 5113 
9717 2934 2935 5323 
9718 5136 4469 5160 
9719 3320 3394 5350 
9720 2033 4784 5148 
9721 3413 4410 5720 
9722 5168 4954 5318 
9723 1590 4219 5541 
9724 194 640 5155 
9725 3764 2600 5737 
9726 3179 3562 5383 
9727 5248 4229 5390 
9728 2411 2410 5142 
9729 872 1540 5144 
9730 5101 2864 5172 
9731 4733 3071 5470 
9732 2620 5393 5800 
9733 1412 4922 5073 
9734 4780 1745 5283 
9735 2962 3632 5253 
9736 5122 4659 5156 
9737 3650 3105 5077 
9738 2856 2932 5154 
9739 279 280 5411 
9740 1042 1112 5268 
9741 1410 1754 5032 
9742 4449 2700 5158 
9743 2429 5127 5182 
9744 5190 1958 5205 
9745 3446 2624 5405 
9746 3186 5095 5476 
9747 4039 5166 5184 
9748 5546 4263 5601 
9749 3767 4463 5760 
9750 5312 4032 5368 
9751 3863 3860 5165 
9752 2880 2881 5150 
9753 3131 2351 5303 
9754 4279 3645 5931 
9755 5195 3838 5203 
9756 2996 5274 5333 
9757 4005 513 5672 
9758 3419 4236 5881 
9759 2937 3411 5815 
9760 5000 1234 5967 
9761 1745 4643 5766 
9762 5812 5379 5924 
9763 2996 4921 5274 
9764 3100 3104 5120 
9765 1150 4874 5204 
9766 2817 2938 5147 
9767 3623 3177 5383 
9768 2546 2730 5162 
9769 865 867 5159 
9770 1754 1412 5073 
9771 3682 2964 5253 
9772 5324 3422 5937 
9773 4751 5072 5174 
9774 4162 1136 5537 
9775 4659 3498 5156 
9776 4678 1499 5145 
9777 2186 2188 5149 
9778 4191 3998 5293 
9779 2381 3016 5384 
9780 460 331 5418 
9781 3998 4052 5220 
9782 3426 5646 5656 
9783 756 754 5434 
9784 5236 1971 5798 
9785 568 3772 5638 
9786 3896 5599 5708 
9787 3772 568 5689 
9788 3617 2992 5171 
9789 198 199 5414 
9790 4168 4169 5480 
9791 4469 4472 5160 
9792 1945 1557 5278 
9793 368 4102 5471 
9794 3091 3090 5161 
9795 39 451 5428 
9796 4165 2422 5186 
9797 3459 3389 5887 
9798 4441 2174 5781 
9799 4812 2033 5148 
9800 3591 3017 5394 
9801 2315 5002 5126 
9802 233 234 5164 
9803 2867 4885 5250 
9804 5093 3274 5138 
9805 4341 4978 5868 
9806 4529 4039 5184 
9807 3804 2823 5479 
9808 332 612 5418 
9809 4826 2772 5327 
9810 5741 3897 5842 
9811 61 530 5413 
9812 1993 5040 5108 
9813 1374 5114 5278 
9814 3770 453 5649 
9815 2567 3379 5433 
9816 5731 3429 5968 
9817 3102 3415 5077 
9818 3019 3440 5394 
9819 4023 4162 5537 
9820 2873 3137 5265 
9821 4307 2120 5176 
9822 3176 3623 5458 
9823 4027 4025 5537 
9824 2998 3754 5600 
9825 4082 822 5203 
9826 5176 2120 5206 
9827 2427 3276 5284 
9828 2916 3735 5175 
9829 3249 3426 5656 
9830 1774 1772 5443 
9831 4882 522 5495 
9832 3196 2361 5508 
9833 3276 3275 5143 
9834 3351 3807 5753 
9835 533 3892 5913 
9836 4851 3290 5149 
9837 3122 3123 5261 
9838 5893 3375 5902 
9839 2482 4488 5170 
9840 3009 2354 5335 
9841 77 5063 5807 
9842 4777 5895 5908 
9843 3134 3083 5399 
9844 2433 1965 5284 
9845 3220 3221 5377 
9846 3219 4895 5209 
9847 5510 3247 5694 
9848 5588 5272 5596 
9849 3618 3414 5947 
9850 614 337 5453 
9851 3150 3560 5736 
9852 2772 5259 5299 
9853 3494 3754 5657 
9854 1522 1556 5183 
9855 3729 4988 5197 
9856 3381 2627 5163 
9857 3259 2737 5178 
9858 4581 4377 5455 
9859 269 4995 5896 
9860 3513 3150 5736 
9861 3105 3102 5077 
9862 4101 4102 5529 
9863 1957 4949 5152 
9864 3046 3761 5177 
9865 3732 1404 5906 
9866 2913 3227 5190 
9867 2864 2972 5172 
9868 4981 2875 5145 
9869 44 463 5188 
9870 2120 4228 5206 
9871 4974 541 5416 
9872 2464 4083 5153 
9873 5049 2954 5525 
9874 4795 2750 5419 
9875 4855 4856 5168 
9876 1437 1435 5437 
9877 2195 5288 5447 
9878 5704 3517 5730 
9879 111 112 5533 
9880 1739 1737 5187 
9881 338 531 5453 
9882 5139 4666 5185 
9883 2279 2378 5189 
9884 3346 3345 5194 
9885 5152 4949 5218 
9886 3242 3092 5173 
9887 2355 2748 5657 
9888 2356 3067 5335 
9889 3044 3046 5177 
9890 32 611 5466 
9891 353 354 5199 
9892 2843 2841 5192 
9893 4645 3256 5425 
9894 5147 2938 5193 
9895 2867 5250 5372 
9896 822 704 5195 
9897 3793 579 5423 
9898 2899 5170 5269 
9899 2836 4812 5148 
9900 4294 3445 5922 
9901 2050 3798 5972 
9902 4666 1664 5185 
9903 1151 1150 5179 
9904 4768 5398 5459 
9905 3839 2261 5214 
9906 2982 2234 5421 
9907 616 4321 5198 
9908 5113 2726 5308 
9909 4991 3459 5887 
9910 4615 4860 5316 
9911 4583 4785 5157 
9912 5184 3346 5194 
9913 1733 1407 5735 
9914 4151 5893 5902 
9915 573 122 5904 
9916 487 4512 5191 
9917 2431 2984 5379 
9918 2252 5646 5658 
9919 5577 3383 5659 
9920 5194 3345 5204 
9921 2834 4948 5141 
9922 5062 4849 5251 
9923 22 4271 5202 
9924 1261 1197 5169 
9925 3202 5092 5219 
9926 2180 5704 5730 
9927 4584 5157 5221 
9928 380 4597 5444 
9929 546 379 5444 
9930 1316 1702 5262 
9931 790 3633 5957 
9932 489 31 5466 
9933 1896 4820 5377 
9934 2938 3633 5193 
9935 5451 3025 5971 
9936 1618 4270 5225 
9937 371 372 5460 
9938 3459 4990 5711 
9939 449 365 5445 
9940 366 638 5445 
9941 1483 1481 5436 
9942 3477 3281 5529 
9943 324 325 5211 
9944 1517 3697 5261 
9945 3731 3729 5197 
9946 3662 3661 5757 
9947 2948 2945 5539 
9948 612 333 5493 
9949 4302 5769 5903 
9950 1443 1441 5472 
9951 5174 2790 5227 
9952 378 546 5452 
9953 5177 575 5410 
9954 276 277 5514 
9955 3227 5160 5190 
9956 634 377 5452 
9957 2711 4786 5820 
9958 4333 4332 5458 
9959 2153 1684 5201 
9960 2188 5228 5858 
9961 5355 4567 5412 
9962 145 146 5648 
9963 4209 4239 5318 
9964 2430 4855 5168 
9965 1958 1736 5205 
9966 4811 2790 5174 
9967 370 371 5467 
9968 602 4018 5276 
9969 3951 3946 5543 
9970 2179 4191 5348 
9971 1524 1522 5183 
9972 1765 1524 5183 
9973 2512 3512 5481 
9974 3067 2358 5373 
9975 5182 2981 5273 
9976 3976 599 5892 
9977 3545 5000 5967 
9978 4541 5260 5336 
9979 4995 3501 5896 
9980 5069 4161 5491 
9981 4844 2429 5182 
9982 4768 2451 5398 
9983 2292 2290 5208 
9984 486 4402 5803 
9985 4026 4027 5488 
9986 334 490 5493 
9987 4401 4853 5874 
9988 3770 3527 5500 
9989 2402 3210 5530 
9990 2195 5076 5288 
9991 2360 3170 5373 
9992 3638 3851 5246 
9993 3191 3190 5559 
9994 2988 2922 5212 
9995 3345 3956 5204 
9996 3295 2310 5363 
9997 3838 2933 5203 
9998 5172 2972 5217 
9999 2362 3196 5456 
10000 5156 3498 5232 
10001 2495 2141 5506 
10002 511 312 5502 
10003 3031 2253 5433 
10004 869 871 5213 
10005 3700 2824 5556 
10006 348 349 5489 
10007 172 2 5752 
10008 4246 4245 5518 
10009 3203 3202 5216 
10010 4518 4705 5515 
10011 3395 3435 5564 
10012 4948 1902 5141 
10013 638 367 5471 
10014 3041 3636 5430 
10015 3500 4369 5544 
10016 4170 5291 5413 
10017 5225 4270 5266 
10018 2756 4338 5939 
10019 626 4342 5502 
10020 5185 1664 5223 
10021 1051 1049 5713 
10022 4508 2376 5528 
10023 4261 340 5582 
10024 2452 4516 5575 
10025 3903 3571 5686 
10026 3428 2434 5499 
10027 376 634 5474 
10028 3163 2454 5427 
10029 5633 3703 5707 
10030 2133 780 5485 
10031 2686 2679 5530 
10032 476 375 5474 
10033 5351 2563 5679 
10034 1112 1044 5392 
10035 3973 3042 5289 
10036 514 4163 5566 
10037 2955 2976 5200 
10038 313 626 5502 
10039 4598 578 5406 
10040 3899 468 5637 
10041 2910 3214 5426 
10042 343 344 5229 
10043 4369 613 5544 
10044 2236 3277 5509 
10045 1546 1971 5236 
10046 3033 3034 5652 
10047 3156 3157 5231 
10048 4657 4315 5219 
10049 3416 3957 5740 
10050 5597 4695 5603 
10051 4195 3635 5605 
10052 4168 5480 5576 
10053 4777 3398 5895 
10054 788 800 5485 
10055 1440 1442 5454 
10056 4871 5225 5266 
10057 3890 3240 5545 
10058 2975 3974 5969 
10059 4830 3001 5181 
10060 1664 4667 5223 
10061 5333 2488 5343 
10062 2453 3078 5427 
10063 4536 5257 5516 
10064 5706 4304 5747 
10065 2444 2637 5542 
10066 4292 2705 5252 
10067 4201 4199 5606 
10068 3502 3172 5415 
10069 1911 1932 5482 
10070 5188 3510 5870 
10071 3239 4333 5545 
10072 1048 1106 5402 
10073 4186 2980 5241 
10074 2238 2184 5507 
10075 3685 3684 5490 
10076 3165 3164 5226 
10077 637 357 5500 
10078 2972 2974 5217 
10079 2807 2808 5497 
10080 2 173 5752 
10081 1527 1526 5585 
10082 3779 3552 5240 
10083 574 190 5547 
10084 1107 3749 5962 
10085 3132 3437 5322 
10086 5769 4294 5903 
10087 3803 3029 5224 
10088 3137 2406 5412 
10089 3837 3836 5441 
10090 549 3685 5884 
10091 619 295 5566 
10092 4330 93 5884 
10093 4388 4389 5638 
10094 4086 1583 5701 
10095 4163 514 5615 
10096 866 1671 5230 
10097 4786 3474 5820 
10098 2585 3324 5237 
10099 464 4336 5589 
10100 2432 3402 5507 
10101 5170 2875 5269 
10102 191 3079 5547 
10103 4007 2975 5969 
10104 4191 5293 5348 
10105 485 3965 5952 
10106 3471 3892 5710 
10107 5683 3732 5891 
10108 3876 1165 5307 
10109 2189 2551 5228 
10110 5540 3005 5882 
10111 490 335 5591 
10112 1556 1520 5313 
10113 4671 4263 5546 
10114 2796 2438 5233 
10115 3498 3499 5232 
10116 2823 2589 5479 
10117 3189 2910 5408 
10118 3368 4045 5777 
10119 2772 5299 5327 
10120 4207 3189 5397 
10121 5063 3461 5807 
10122 1961 4772 5220 
10123 5128 3318 5350 
10124 113 114 5705 
10125 3750 1107 5928 
10126 3047 3045 5277 
10127 5478 2562 5736 
10128 566 271 5907 
10129 5198 4321 5259 
10130 296 514 5566 
10131 3352 3354 5557 
10132 4745 3457 5450 
10133 3930 3925 5863 
10134 597 252 5801 
10135 1571 1897 5693 
10136 2974 4916 5215 
10137 394 478 5667 
10138 2252 1949 5646 
10139 2059 1895 5482 
10140 4853 2557 5874 
10141 4413 610 5245 
10142 5035 2838 5221 
10143 5028 3295 5196 
10144 341 568 5582 
10145 5107 1246 5876 
10146 520 3937 5267 
10147 5124 805 5381 
10148 1111 1056 5431 
10149 558 268 5896 
10150 1038 1040 5235 
10151 4901 2986 5137 
10152 3311 3236 5550 
10153 3449 2898 5816 
10154 501 390 5670 
10155 3659 3667 5673 
10156 336 614 5591 
10157 3271 3273 5659 
10158 5154 2932 5856 
10159 1058 1725 5431 
10160 2980 2983 5244 
10161 1489 1485 5271 
10162 3603 3245 5850 
10163 5197 539 5948 
10164 1136 964 5512 
10165 1136 4162 5563 
10166 5241 2980 5244 
10167 4871 3203 5225 
10168 4584 5221 5424 
10169 141 142 5429 
10170 3484 5618 5713 
10171 807 808 5598 
10172 373 374 5247 
10173 3250 3673 5574 
10174 2143 5135 5506 
10175 5228 2551 5254 
10176 1968 1607 5585 
10177 5114 4625 5278 
10178 5188 463 5302 
10179 3927 2311 5645 
10180 4071 4077 5636 
10181 2954 2951 5525 
10182 3308 5237 5295 
10183 3541 5211 5624 
10184 4835 5062 5251 
10185 4027 4884 5488 
10186 4209 5318 5374 
10187 3007 4709 5532 
10188 396 528 5674 
10189 498 4062 5571 
10190 491 3494 5239 
10191 5558 2500 5675 
10192 1049 1047 5853 
10193 4210 4209 5374 
10194 4430 4428 5604 
10195 3555 1573 5693 
10196 3284 4163 5615 
10197 2986 4952 5137 
10198 177 4499 5635 
10199 607 4305 5794 
10200 4445 1854 5824 
10201 2534 3618 5893 
10202 2325 2500 5558 
10203 272 595 5907 
10204 2898 5791 5816 
10205 5222 5513 5759 
10206 2790 4857 5227 
10207 253 485 5801 
10208 276 3664 5973 
10209 2340 2341 5517 
10210 5486 556 5755 
10211 2763 2483 5501 
10212 4270 935 5266 
10213 576 176 5635 
10214 975 4140 5928 
10215 2649 644 5272 
10216 3262 3314 5614 
10217 1211 4536 5516 
10218 3000 3241 5396 
10219 2977 2440 5249 
10220 3772 5689 5712 
10221 3286 3400 5573 
10222 1574 3246 5827 
10223 3093 2502 5263 
10224 3933 5496 5595 
10225 2530 4501 5639 
10226 1566 1565 5750 
10227 4722 2871 5248 
10228 568 342 5689 
10229 962 4884 5512 
10230 1107 973 5928 
10231 4807 3395 5498 
10232 2964 2962 5253 
10233 5227 1969 5312 
10234 3217 3808 5501 
10235 2376 2377 5655 
10236 5783 5913 5935 
10237 4949 3258 5218 
10238 3684 4803 5490 
10239 3798 3497 5972 
10240 435 518 5793 
10241 3340 3338 5260 
10242 4143 4144 5899 
10243 2888 2885 5257 
10244 3772 3377 5638 
10245 2772 2770 5259 
10246 3752 5730 5743 
10247 4784 3508 5234 
10248 3308 4621 5252 
10249 94 549 5884 
10250 3546 3330 5795 
10251 3998 5220 5293 
10252 2600 2598 5839 
10253 3977 3978 5562 
10254 4155 641 5752 
10255 3016 3445 5258 
10256 3845 4096 5640 
10257 4073 4076 5966 
10258 3255 3973 5289 
10259 2551 2934 5254 
10260 5200 2976 5300 
10261 632 4410 5773 
10262 5041 1358 5243 
10263 5397 3189 5408 
10264 4239 5168 5318 
10265 3567 3162 5647 
10266 3425 3161 5561 
10267 3265 4168 5576 
10268 2983 3303 5328 
10269 1691 4757 5476 
10270 753 728 5900 
10271 2178 4935 5250 
10272 4885 4964 5250 
10273 2547 3460 5608 
10274 5130 615 5960 
10275 2929 2930 5856 
10276 5221 2838 5424 
10277 2891 3296 5706 
10278 3389 3059 5442 
10279 577 4166 5524 
10280 2961 2928 5264 
10281 3667 5124 5381 
10282 5274 4521 5333 
10283 3523 3142 5352 
10284 4953 3031 5417 
10285 1141 970 5577 
10286 2709 3591 5655 
10287 966 1136 5563 
10288 2958 3639 5256 
10289 4048 4835 5251 
10290 1888 2059 5611 
10291 1585 2416 5701 
10292 4304 4303 5791 
10293 2192 1752 5681 
10294 361 362 5678 
10295 4965 2563 5351 
10296 3419 2609 5835 
10297 4067 4070 5699 
10298 5067 3380 5288 
10299 3879 1555 5332 
10300 5859 3618 5947 
10301 4444 2553 5682 
10302 3324 3495 5314 
10303 2796 5233 5274 
10304 3528 3770 5649 
10305 4964 2178 5250 
10306 2713 4294 5922 
10307 1945 5278 5355 
10308 1358 4920 5243 
10309 2480 5244 5315 
10310 1897 1569 5750 
10311 3913 4574 5270 
10312 646 4562 5667 
10313 2282 2281 5560 
10314 4749 3977 5562 
10315 4319 4320 5362 
10316 3360 4335 5831 
10317 5295 3324 5314 
10318 5327 4319 5362 
10319 3510 3349 5792 
10320 3930 5451 5971 
10321 2024 4653 5668 
10322 1040 1042 5268 
10323 1353 1993 5758 
10324 4535 1653 5279 
10325 5564 3435 5630 
10326 1368 1316 5262 
10327 4884 4027 5512 
10328 4703 3332 5666 
10329 3492 3356 5662 
10330 4808 2867 5372 
10331 453 360 5282 
10332 59 60 5291 
10333 5235 1040 5268 
10334 4631 4069 5765 
10335 3 193 5775 
10336 3880 5373 5822 
10337 5408 2910 5426 
10338 3042 4561 5289 
10339 2564 3249 5679 
10340 4136 4133 5294 
10341 5841 4495 5866 
10342 384 1 5772 
10343 1 21 5772 
10344 617 76 5807 
10345 3273 2337 5717 
10346 4929 3288 5697 
10347 5131 4304 5706 
10348 355 356 5292 
10349 2611 2616 5835 
10350 3610 3355 5724 
10351 2513 4902 5593 
10352 626 314 5944 
10353 3108 3109 5222 
10354 2229 2338 5521 
10355 1989 1987 5676 
10356 2898 2887 5747 
10357 3865 3866 5317 
10358 418 461 5715 
10359 2383 2227 5521 
10360 2970 4048 5366 
10361 4236 4235 5881 
10362 1965 2427 5284 
10363 3045 2522 5572 
10364 3077 3515 5814 
10365 5375 3070 5879 
10366 3310 4871 5266 
10367 2569 2570 5927 
10368 5288 3380 5447 
10369 4849 2479 5251 
10370 3823 5616 5729 
10371 3754 3347 5600 
10372 3117 3115 5684 
10373 3107 436 5793 
10374 3203 5216 5225 
10375 143 556 5320 
10376 1857 2092 5690 
10377 2092 1877 5611 
10378 3137 5412 5473 
10379 2552 2367 5280 
10380 4532 3266 5877 
10381 4463 992 5760 
10382 3074 2760 5290 
10383 4192 5336 5385 
10384 3266 4545 5877 
10385 4317 4319 5299 
10386 3014 3541 5624 
10387 3632 2873 5265 
10388 4589 2582 5296 
10389 3928 3935 5568 
10390 1718 1716 5763 
10391 2788 4780 5283 
10392 4844 5182 5273 
10393 350 547 5297 
10394 994 2167 5760 
10395 724 726 5301 
10396 5315 2983 5328 
10397 1236 1512 5967 
10398 3233 3390 5592 
10399 608 42 5870 
10400 1903 3423 5781 
10401 3583 3309 5739 
10402 5272 454 5596 
10403 2639 2638 5647 
10404 1209 5273 5316 
10405 2820 2379 5295 
10406 5216 1618 5225 
10407 3934 3932 5594 
10408 3374 3767 5778 
10409 5413 530 5480 
10410 2868 2312 5630 
10411 1209 4844 5273 
10412 315 481 5944 
10413 2489 2756 5939 
10414 1442 1445 5790 
10415 4229 824 5390 
10416 5086 2773 5494 
10417 192 3 5775 
10418 2185 3168 5269 
10419 4564 4207 5397 
10420 3123 3371 5261 
10421 3328 3108 5222 
10422 3848 3587 5375 
10423 463 4498 5302 
10424 2174 1770 5781 
10425 2726 2725 5309 
10426 4730 4582 5820 
10427 4921 2796 5274 
10428 3460 5162 5378 
10429 3196 5013 5951 
10430 1411 1409 5281 
10431 175 576 5570 
10432 5461 3899 5637 
10433 3353 3567 5724 
10434 3004 3304 5311 
10435 3181 3183 5963 
10436 2892 2890 5304 
10437 4808 5372 5422 
10438 3490 5153 5364 
10439 1244 1537 5876 
10440 525 4495 5841 
10441 1740 5035 5221 
10442 2181 5491 5603 
10443 2319 5729 5837 
10444 1557 1374 5278 
10445 3444 5602 5823 
10446 2323 2431 5653 
10447 4787 3580 5569 
10448 3279 4810 5664 
10449 4048 5251 5366 
10450 235 236 5310 
10451 5250 4935 5372 
10452 5003 3359 5720 
10453 5220 4772 5293 
10454 5077 3415 5238 
10455 4 345 5782 
10456 2225 2383 5590 
10457 3015 3219 5960 
10458 344 4 5782 
10459 3268 2979 5784 
10460 3141 3422 5324 
10461 5362 4320 5400 
10462 1985 2568 5723 
10463 2820 5295 5314 
10464 3509 5107 5876 
10465 4424 3495 5634 
10466 3777 3455 5955 
10467 5524 5186 5959 
10468 2351 2352 5303 
10469 831 851 5306 
10470 3267 3126 5420 
10471 2985 3297 5312 
10472 2494 2797 5917 
10473 4627 3350 5943 
10474 5409 3793 5423 
10475 3357 3610 5787 
10476 3983 5812 5924 
10477 1714 2130 5861 
10478 4654 5041 5243 
10479 4744 3312 5626 
10480 3758 5045 5935 
10481 2528 3209 5714 
10482 3835 3883 5401 
10483 5251 2479 5366 
10484 5153 4083 5364 
10485 2099 2098 5725 
10486 5228 3604 5858 
10487 5108 2763 5501 
10488 1720 2146 5918 
10489 2994 4825 5388 
10490 3647 2820 5314 
10491 4649 1995 5315 
10492 5095 1691 5476 
10493 3974 3012 5359 
10494 4226 4223 5440 
10495 4001 5215 5305 
10496 4117 4116 5325 
10497 329 330 5326 
10498 4892 1369 5550 
10499 3992 3991 5340 
10500 4772 2872 5293 
10501 4543 1237 5319 
10502 2311 2221 5645 
10503 2976 3691 5300 
10504 2130 4958 5592 
10505 4213 3960 5688 
10506 4775 3093 5475 
10507 3933 3936 5628 
10508 3121 3674 5748 
10509 5234 5854 5860 
10510 3749 3468 5962 
10511 3984 5653 5812 
10512 5167 2436 5207 
10513 5738 3287 5784 
10514 4765 2327 5847 
10515 3458 5049 5525 
10516 1520 1368 5313 
10517 5794 4305 5915 
10518 3265 5576 5677 
10519 4867 4872 5520 
10520 5554 2586 5597 
10521 4411 489 5334 
10522 4320 4323 5400 
10523 3893 590 5347 
10524 4440 4441 5808 
10525 3661 2722 5757 
10526 5263 2982 5421 
10527 2997 2878 5321 
10528 3144 5280 5461 
10529 4237 3265 5677 
10530 3252 4500 5634 
10531 3707 3705 5599 
10532 2969 5193 5551 
10533 5407 3399 5443 
10534 5293 2872 5348 
10535 4271 569 5749 
10536 439 516 5727 
10537 2181 5069 5491 
10538 2935 3405 5323 
10539 468 3981 5786 
10540 2001 4649 5328 
10541 188 189 5329 
10542 4649 5315 5328 
10543 5076 3231 5288 
10544 3297 5227 5312 
10545 4829 2550 5496 
10546 5157 1740 5221 
10547 1502 5610 5933 
10548 3442 3649 5843 
10549 5498 3395 5564 
10550 2516 2518 5757 
10551 3576 3367 5342 
10552 2782 2989 5337 
10553 2304 2238 5955 
10554 4913 2994 5388 
10555 4521 4520 5333 
10556 545 4424 5634 
10557 543 128 5346 
10558 37 38 5339 
10559 5637 468 5786 
10560 2038 2002 5330 
10561 3455 2499 5955 
10562 5323 3405 5331 
10563 3291 3062 5387 
10564 5165 464 5589 
10565 3450 5351 5679 
10566 4860 1209 5316 
10567 1168 4227 5369 
10568 3702 3703 5708 
10569 3378 3261 5800 
10570 4916 3298 5305 
10571 4526 2192 5341 
10572 5325 4116 5398 
10573 3249 5656 5679 
10574 4998 4711 5381 
10575 3231 5067 5288 
10576 1368 5262 5313 
10577 4658 4826 5327 
10578 4775 5475 5534 
10579 3405 3407 5331 
10580 5318 2076 5374 
10581 3607 4734 5796 
10582 497 3378 5809 
10583 2834 4739 5849 
10584 3550 497 5809 
10585 3044 5177 5410 
10586 3473 4633 5880 
10587 3128 3127 5846 
10588 2896 2894 5338 
10589 2111 1759 5721 
10590 1050 1052 5802 
10591 2038 5330 5344 
10592 3393 4777 5908 
10593 3940 5731 5968 
10594 4014 4015 5358 
10595 3183 5113 5308 
10596 5395 640 5483 
10597 5305 3298 5353 
10598 3133 3132 5322 
10599 3318 3320 5350 
10600 2995 2996 5343 
10601 3453 3640 5925 
10602 2354 2356 5335 
10603 3658 3659 5673 
10604 1169 4905 5446 
10605 1052 1054 5878 
10606 3235 5351 5391 
10607 3296 5131 5706 
10608 2487 2038 5344 
10609 4872 3548 5520 
10610 3807 1414 5753 
10611 3991 2252 5658 
10612 3394 3323 5696 
10613 137 138 5345 
10614 237 238 5349 
10615 5161 3090 5275 
10616 3004 5311 5405 
10617 5291 60 5413 
10618 5226 3164 5562 
10619 4727 2807 5859 
10620 4268 4541 5336 
10621 4915 3025 5451 
10622 4585 4584 5424 
10623 4425 4426 5354 
10624 5393 3378 5800 
10625 4954 2076 5318 
10626 2930 5154 5856 
10627 2868 5630 5702 
10628 5115 2937 5298 
10629 2518 2520 5650 
10630 2180 3745 5704 
10631 3314 3316 5439 
10632 3560 5478 5736 
10633 3096 507 5840 
10634 488 3513 5806 
10635 3127 3129 5846 
10636 3863 5165 5589 
10637 3235 4965 5351 
10638 3039 3036 5360 
10639 4756 3473 5880 
10640 4658 5327 5362 
10641 3285 2897 5356 
10642 4016 2341 5612 
10643 2985 5312 5368 
10644 4625 3008 5355 
10645 5391 2490 5580 
10646 518 3114 5748 
10647 3011 5119 5742 
10648 597 3649 5923 
10649 1433 1447 5522 
10650 3428 5499 5558 
10651 2526 4768 5459 
10652 3984 3986 5754 
10653 3307 3607 5796 
10654 640 4217 5483 
10655 2062 4265 5956 
10656 4116 4115 5398 
10657 1489 5271 5789 
10658 4305 529 5915 
10659 3285 5356 5365 
10660 4495 627 5866 
10661 2872 3131 5348 
10662 2984 5337 5379 
10663 4147 3533 5695 
10664 3896 3895 5741 
10665 4410 540 5720 
10666 579 141 5429 
10667 5338 4581 5455 
10668 3104 3642 5864 
10669 1402 1404 5683 
10670 2995 5343 5370 
10671 5866 627 5898 
10672 3399 3285 5365 
10673 4083 3204 5364 
10674 4254 2327 5964 
10675 5242 3110 5737 
10676 2263 2834 5849 
10677 3246 5254 5827 
10678 3573 3206 5839 
10679 552 3796 5949 
10680 555 3903 5686 
10681 3298 4787 5353 
10682 4155 174 5570 
10683 5365 1774 5443 
10684 3261 3655 5800 
10685 2006 4658 5362 
10686 4909 2954 5382 
10687 2526 5459 5531 
10688 3376 5173 5367 
10689 3219 5130 5960 
10690 3031 5091 5417 
10691 26 532 5380 
10692 5155 640 5395 
10693 3292 5065 5549 
10694 3109 3674 5513 
10695 3074 5290 5438 
10696 1968 4077 5966 
10697 2750 2381 5384 
10698 4263 1632 5601 
10699 3168 3812 5660 
10700 4189 4188 5386 
10701 2797 5140 5917 
10702 583 3809 5707 
10703 4946 2562 5478 
10704 5898 4510 5916 
10705 2310 3620 5363 
10706 3590 4971 5644 
10707 3068 2995 5370 
10708 2501 2868 5946 
10709 3531 5738 5784 
10710 4323 4325 5435 
10711 1447 4808 5422 
10712 2637 4477 5970 
10713 5339 38 5428 
10714 2032 5407 5443 
10715 3292 5549 5709 
10716 3177 3179 5383 
10717 4237 5677 5746 
10718 3062 4532 5387 
10719 2006 5362 5400 
10720 2358 2360 5373 
10721 3142 3140 5352 
10722 2849 5115 5298 
10723 2958 5256 5479 
10724 4840 5484 5536 
10725 5278 4625 5355 
10726 5299 4319 5327 
10727 5843 485 5952 
10728 3488 3491 5872 
10729 4090 4089 5832 
10730 3483 3484 5371 
10731 3063 462 5432 
10732 5065 3654 5549 
10733 4589 3060 5875 
10734 24 25 5909 
10735 3068 5370 5389 
10736 5924 2989 5929 
10737 4840 4585 5484 
10738 3244 560 5836 
10739 2277 2275 5393 
10740 2848 4869 5361 
10741 4159 5554 5597 
10742 2425 2195 5447 
10743 5400 4323 5435 
10744 4820 3220 5377 
10745 3655 488 5806 
10746 4870 3429 5731 
10747 547 4912 5695 
10748 1404 1406 5906 
10749 573 3662 5651 
10750 3341 3549 5385 
10751 3316 5128 5439 
10752 2500 3454 5675 
10753 5237 3324 5295 
10754 805 4998 5381 
10755 3017 3019 5394 
10756 5415 3172 5654 
10757 3264 2965 5390 
10758 5501 3808 5764 
10759 3313 3557 5826 
10760 3159 3624 5395 
10761 3457 3235 5391 
10762 1439 1450 5627 
10763 5398 4115 5459 
10764 4210 5374 5446 
10765 2172 5353 5569 
10766 3059 458 5442 
10767 5275 5357 5780 
10768 5650 3043 5651 
10769 1526 1327 5732 
10770 4782 5531 5587 
10771 3305 4455 5703 
10772 2435 4277 5951 
10773 1854 5331 5824 
10774 747 784 5888 
10775 627 4510 5898 
10776 4940 2425 5685 
10777 5372 4732 5422 
10778 3021 3408 5406 
10779 1044 1046 5392 
10780 280 541 5411 
10781 3868 2636 5912 
10782 2624 3004 5405 
10783 5140 4138 5917 
10784 3294 2569 5415 
10785 3325 4237 5746 
10786 5128 3370 5439 
10787 1049 5371 5713 
10788 1945 5355 5412 
10789 4158 5597 5603 
10790 3183 5245 5963 
10791 5244 2983 5315 
10792 4036 4037 5416 
10793 5828 3868 5912 
10794 4695 2181 5603 
10795 3866 3868 5828 
10796 5296 4447 5810 
10797 5320 556 5762 
10798 60 61 5413 
10799 5435 4325 5463 
10800 2479 4950 5366 
10801 2487 5397 5408 
10802 4694 2006 5400 
10803 3094 3095 5894 
10804 3392 3267 5631 
10805 3444 3443 5602 
10806 4217 561 5584 
10807 2076 4945 5374 
10808 331 332 5418 
10809 2649 5272 5588 
10810 5215 4916 5305 
10811 3628 3627 5685 
10812 4516 4944 5583 
10813 2997 5321 5378 
10814 3093 5421 5475 
10815 3216 3382 5540 
10816 3443 4775 5534 
10817 3400 3399 5407 
10818 199 519 5414 
10819 5371 1049 5853 
10820 3501 3401 5910 
10821 5024 4226 5440 
10822 4597 5524 5959 
10823 343 5229 5689 
10824 5824 3407 5845 
10825 3002 3000 5396 
10826 4725 2487 5408 
10827 4912 4147 5695 
10828 1046 1048 5402 
10829 4344 5505 5852 
10830 3350 5302 5943 
10831 5137 4952 5417 
10832 3469 5440 5468 
10833 3745 3437 5704 
10834 1503 5238 5740 
10835 197 198 5744 
10836 1481 1502 5436 
10837 5456 3196 5951 
10838 2996 5333 5343 
10839 1725 4913 5388 
10840 4935 4732 5372 
10841 38 39 5428 
10842 4325 4327 5463 
10843 5503 3080 5727 
10844 2848 5361 5473 
10845 5483 4217 5584 
10846 3438 3094 5894 
10847 4975 3068 5389 
10848 5392 1046 5402 
10849 3752 2180 5730 
10850 436 435 5793 
10851 5242 2600 5839 
10852 515 3128 5619 
10853 3504 3503 5700 
10854 3026 3002 5409 
10855 4983 2529 5834 
10856 4739 2834 5768 
10857 754 4636 5434 
10858 3667 5341 5673 
10859 5180 571 5872 
10860 1208 3880 5822 
10861 5097 2985 5368 
10862 1537 4645 5425 
10863 3936 505 5628 
10864 1932 4795 5419 
10865 2989 2781 5929 
10866 4499 4500 5554 
10867 3209 5276 5714 
10868 3370 527 5439 
10869 3083 3081 5399 
10870 1450 1437 5437 
10871 4851 5858 5883 
10872 4732 4733 5422 
10873 3829 3832 5449 
10874 4076 5532 5966 
10875 4165 5186 5524 
10876 3856 522 5462 
10877 3491 3490 5555 
10878 4694 5400 5435 
10879 5786 3981 5930 
10880 4905 3504 5613 
10881 3400 5492 5573 
10882 3043 3044 5410 
10883 3332 5354 5666 
10884 5451 3930 5863 
10885 2017 4694 5435 
10886 3053 3049 5464 
10887 2454 2453 5427 
10888 5555 5364 5581 
10889 2406 1945 5412 
10890 4725 5408 5426 
10891 5450 3191 5559 
10892 3677 2957 5953 
10893 5191 4512 5869 
10894 3365 4725 5426 
10895 1056 1058 5431 
10896 3618 5497 5893 
10897 4102 3521 5471 
10898 2253 2567 5433 
10899 3446 5405 5911 
10900 3305 5703 5774 
10901 3440 5614 5833 
10902 379 380 5444 
10903 365 366 5445 
10904 1772 2032 5443 
10905 3076 3074 5438 
10906 2234 4873 5421 
10907 3140 3026 5423 
10908 3119 3122 5919 
10909 4782 2526 5531 
10910 2838 4858 5424 
10911 685 4435 5726 
10912 5352 3140 5423 
10913 3909 3054 5687 
10914 3731 5197 5948 
10915 3981 591 5930 
10916 4585 5424 5484 
10917 3424 4862 5716 
10918 5013 2435 5951 
10919 3159 5395 5483 
10920 337 338 5453 
10921 3325 5746 5819 
10922 5254 2934 5827 
10923 5613 3504 5700 
10924 4158 4159 5597 
10925 4166 4165 5524 
10926 3187 5546 5601 
10927 3115 3113 5553 
10928 377 378 5452 
10929 4510 521 5916 
10930 2017 5435 5463 
10931 4332 3176 5458 
10932 4286 3325 5819 
10933 3002 5396 5409 
10934 3238 5780 5927 
10935 4377 4376 5455 
10936 3469 5024 5440 
10937 5916 521 5941 
10938 5280 4683 5461 
10939 3273 5583 5659 
10940 3924 3921 5535 
10941 4547 2588 5665 
10942 3932 3933 5595 
10943 3093 5263 5421 
10944 5560 3603 5850 
10945 800 4745 5450 
10946 5941 4511 5958 
10947 4952 4953 5417 
10948 3491 5180 5872 
10949 1435 1433 5522 
10950 4665 2260 5719 
10951 3461 3305 5774 
10952 3774 573 5651 
10953 4160 4157 5491 
10954 3211 3889 5519 
10955 4115 4118 5459 
10956 2868 5267 5946 
10957 5446 4905 5613 
10958 3954 597 5510 
10959 5173 3092 5367 
10960 1455 1440 5454 
10961 454 5477 5596 
10962 5454 3546 5795 
10963 5437 3425 5561 
10964 372 636 5460 
10965 5864 3642 5933 
10966 3171 2362 5456 
10967 3629 3211 5519 
10968 1414 5281 5753 
10969 5162 2997 5378 
10970 5618 1210 5713 
10971 3460 5434 5608 
10972 3026 5409 5423 
10973 3407 3608 5845 
10974 31 32 5466 
10975 3515 5414 5814 
10976 4202 4197 5901 
10977 5412 4567 5473 
10978 496 3930 5971 
10979 3380 3381 5447 
10980 4561 3301 5698 
10981 5344 4564 5397 
10982 3808 3518 5764 
10983 3526 2548 5469 
10984 5463 4327 5465 
10985 4180 4612 5751 
10986 474 3563 5805 
10987 3580 5342 5569 
10988 4118 4092 5531 
10989 5238 3415 5740 
10990 4841 4840 5536 
10991 4613 4841 5632 
10992 5779 4141 5804 
10993 3071 3425 5470 
10994 2032 4688 5465 
10995 1345 4513 5799 
10996 5469 2548 5481 
10997 3024 3778 5487 
10998 4478 511 5505 
10999 3957 1503 5740 
11000 4688 2017 5463 
11001 367 368 5471 
11002 452 370 5467 
11003 5568 3935 5593 
11004 4688 5463 5465 
11005 4683 587 5461 
11006 5629 753 5900 
11007 3780 3005 5836 
11008 1451 1443 5472 
11009 5336 3341 5385 
11010 521 4511 5941 
11011 5025 2969 5551 
11012 3443 5534 5602 
11013 3768 3469 5468 
11014 4435 4141 5779 
11015 4169 4170 5480 
11016 4945 1169 5446 
11017 2773 4041 5494 
11018 375 376 5474 
11019 5726 4435 5779 
11020 3403 5234 5860 
11021 3171 5456 5504 
11022 2548 2512 5481 
11023 4029 4026 5488 
11024 5459 4118 5531 
11025 3592 5286 5528 
11026 512 3502 5780 
11027 4613 5632 5691 
11028 3057 3058 5811 
11029 3351 3124 5457 
11030 5245 610 5963 
11031 2588 4509 5665 
11032 3381 5163 5403 
11033 3674 3665 5748 
11034 4477 4478 5505 
11035 2338 4915 5451 
11036 505 3954 5694 
11037 2361 2998 5508 
11038 333 334 5493 
11039 4140 2093 5526 
11040 3523 5352 5429 
11041 5364 3204 5581 
11042 780 788 5485 
11043 5296 3063 5432 
11044 3032 4264 5477 
11045 5475 2207 5534 
11046 5038 2433 5661 
11047 5531 4092 5587 
11048 5472 3492 5662 
11049 110 111 5495 
11050 5275 3090 5357 
11051 3130 3159 5483 
11052 5484 1457 5536 
11053 4450 619 5492 
11054 4757 4616 5476 
11055 578 348 5489 
11056 1565 1563 5920 
11057 2589 2958 5479 
11058 5374 4945 5446 
11059 312 313 5502 
11060 1895 1911 5482 
11061 2260 4978 5719 
11062 2434 3418 5499 
11063 2522 2521 5572 
11064 112 554 5533 
11065 357 358 5500 
11066 4567 2848 5473 
11067 277 562 5514 
11068 2141 2143 5506 
11069 3301 3509 5698 
11070 2808 3375 5497 
11071 4873 2207 5475 
11072 579 5352 5423 
11073 449 5445 5830 
11074 5608 4636 5641 
11075 4636 782 5641 
11076 3484 3171 5504 
11077 4141 751 5804 
11078 4327 4328 5527 
11079 4858 1457 5484 
11080 3185 2236 5509 
11081 5476 4616 5523 
11082 4245 4345 5518 
11083 4803 2365 5490 
11084 2644 4518 5515 
11085 3281 4101 5529 
11086 4853 4401 5773 
11087 5441 1052 5878 
11088 3111 3764 5737 
11089 5421 4873 5475 
11090 4219 3185 5541 
11091 5053 498 5738 
11092 2679 2402 5530 
11093 1502 1480 5610 
11094 3428 5558 5675 
11095 2483 3217 5501 
11096 2425 5404 5685 
11097 2945 2944 5539 
11098 2184 2432 5507 
11099 4170 5413 5480 
11100 4025 4023 5537 
11101 2146 5605 5918 
11102 4509 4508 5528 
11103 3802 4946 5478 
11104 5424 4858 5484 
11105 5317 3866 5661 
11106 964 962 5512 
11107 5480 530 5576 
11108 1052 5441 5802 
11109 4612 4613 5691 
11110 5108 5501 5764 
11111 4511 628 5958 
11112 2884 3566 5516 
11113 3557 3055 5486 
11114 5229 643 5712 
11115 4709 1968 5532 
11116 174 175 5570 
11117 4597 577 5524 
11118 3358 4829 5496 
11119 5491 4157 5603 
11120 2970 5366 5498 
11121 3655 2620 5800 
11122 2586 4695 5597 
11123 5003 4493 5734 
11124 2951 2950 5525 
11125 3946 3949 5543 
11126 5276 4018 5714 
11127 3072 5783 5935 
11128 5119 3446 5911 
11129 3641 3080 5503 
11130 2936 2340 5517 
11131 4616 2137 5523 
11132 3987 551 5797 
11133 3267 5420 5631 
11134 5359 3012 5742 
11135 4463 3767 5934 
11136 5575 3273 5717 
11137 5661 3866 5828 
11138 1441 1439 5627 
11139 2227 2229 5521 
11140 5267 3937 5946 
11141 636 5247 5767 
11142 2130 5606 5861 
11143 3240 3239 5545 
11144 466 3609 5553 
11145 3820 583 5697 
11146 5171 3471 5811 
11147 2568 5579 5723 
11148 3164 4749 5562 
11149 4385 4200 5548 
11150 613 4412 5544 
11151 2443 2444 5542 
11152 5888 3646 5900 
11153 2620 3655 5844 
11154 4746 5642 5794 
11155 2824 2535 5556 
11156 3130 5483 5584 
11157 190 191 5547 
11158 2834 5141 5768 
11159 2174 4441 5942 
11160 5556 2535 5567 
11161 3897 552 5842 
11162 3190 4246 5559 
11163 2137 4671 5546 
11164 5646 3426 5658 
11165 2896 5338 5455 
11166 3354 3492 5557 
11167 3134 5399 5621 
11168 5523 2137 5546 
11169 4339 2756 5719 
11170 551 4008 5825 
11171 5672 3820 5697 
11172 3143 2325 5558 
11173 3210 3629 5643 
11174 3895 3897 5741 
11175 4500 545 5634 
11176 2167 4696 5902 
11177 3063 5296 5810 
11178 295 296 5566 
11179 3474 3472 5857 
11180 3237 2587 5538 
11181 2207 4852 5534 
11182 3703 5633 5708 
11183 2535 3169 5567 
11184 5505 4344 5970 
11185 4841 5536 5632 
11186 5426 3214 5623 
11187 1457 4842 5536 
11188 3384 3611 5950 
11189 2587 4867 5520 
11190 5337 2989 5379 
11191 3185 5509 5541 
11192 2587 5520 5538 
11193 4210 5446 5613 
11194 5639 3268 5784 
11195 733 5888 5900 
11196 4156 4155 5570 
11197 4088 4090 5579 
11198 3472 3329 5855 
11199 3224 2452 5575 
11200 5594 3932 5595 
11201 3204 3386 5581 
11202 3906 3191 5580 
11203 5496 3933 5628 
11204 3935 3934 5593 
11205 2529 5358 5834 
11206 3751 3237 5552 
11207 1862 2970 5564 
11208 3578 5029 5511 
11209 2638 2282 5560 
11210 3237 5538 5552 
11211 340 341 5582 
11212 5628 505 5694 
11213 1451 5662 5680 
11214 4705 1451 5680 
11215 3161 3352 5561 
11216 2025 3874 5616 
11217 4092 4091 5587 
11218 4971 3584 5644 
11219 968 966 5563 
11220 2568 4782 5587 
11221 3413 4853 5773 
11222 4234 4233 5897 
11223 3427 3250 5574 
11224 146 555 5648 
11225 4163 3286 5573 
11226 4264 5102 5477 
11227 3024 5487 5817 
11228 5116 2909 5448 
11229 5352 579 5429 
11230 3209 3287 5571 
11231 1607 1527 5585 
11232 542 3896 5633 
11233 335 336 5591 
11234 4015 4016 5612 
11235 2756 4665 5719 
11236 3614 4213 5688 
11237 530 4503 5576 
11238 3749 3750 5716 
11239 3236 4892 5550 
11240 2487 5344 5397 
11241 3635 3634 5605 
11242 4455 2495 5703 
11243 3206 5242 5839 
11244 2433 5317 5661 
11245 968 5563 5577 
11246 808 827 5598 
11247 3472 5855 5857 
11248 970 968 5577 
11249 4950 4807 5498 
11250 827 4572 5609 
11251 513 3820 5672 
11252 5598 827 5609 
11253 4493 5329 5734 
11254 4157 4158 5603 
11255 3005 3780 5882 
11256 4199 4202 5606 
11257 3531 5053 5738 
11258 4426 685 5726 
11259 3417 3677 5953 
11260 4336 4453 5589 
11261 5281 3594 5753 
11262 611 4408 5776 
11263 5011 3710 5842 
11264 511 5502 5852 
11265 4216 4210 5613 
11266 3986 3987 5754 
11267 5366 4950 5498 
11268 1447 5470 5522 
11269 2936 5517 5671 
11270 4428 4431 5604 
11271 4267 3421 5711 
11272 5542 2637 5970 
11273 3382 572 5926 
11274 3399 5365 5443 
11275 2970 5498 5564 
11276 751 665 5867 
11277 4447 3266 5810 
11278 3266 4532 5810 
11279 3299 5277 5926 
11280 572 3299 5926 
11281 3332 3187 5601 
11282 3440 3262 5614 
11283 3283 3284 5615 
11284 4386 1633 5890 
11285 3328 5222 5743 
11286 3144 5461 5637 
11287 4596 642 5607 
11288 2357 2355 5657 
11289 4944 1141 5583 
11290 3377 4388 5638 
11291 3364 3363 5625 
11292 3174 2547 5608 
11293 4810 3130 5584 
11294 3846 4005 5965 
11295 570 275 5973 
11296 450 4274 5624 
11297 2223 2225 5590 
11298 536 3573 5954 
11299 5331 3407 5824 
11300 561 197 5744 
11301 3363 3365 5620 
11302 4070 4071 5636 
11303 3283 5615 5663 
11304 5199 477 5871 
11305 1862 5564 5630 
11306 1877 1888 5611 
11307 5797 551 5825 
11308 3716 3718 5974 
11309 3287 2530 5639 
11310 3323 3658 5696 
11311 3363 5620 5625 
11312 1949 2021 5646 
11313 5632 1682 5691 
11314 4353 3528 5649 
11315 4265 3033 5652 
11316 5646 2021 5656 
11317 5420 3098 5631 
11318 3174 5608 5641 
11319 176 177 5635 
11320 3430 3647 5803 
11321 3326 5626 5629 
11322 4852 2573 5602 
11323 665 4386 5867 
11324 3519 4589 5875 
11325 1845 5743 5759 
11326 5576 4503 5677 
11327 4851 5149 5858 
11328 4477 5505 5970 
11329 3586 3522 5762 
11330 2021 3450 5656 
11331 3646 3326 5629 
11332 3383 3271 5659 
11333 2288 5387 5877 
11334 3870 3845 5640 
11335 4513 4234 5799 
11336 4746 3076 5642 
11337 4612 5691 5751 
11338 3983 3984 5812 
11339 531 4262 5643 
11340 3495 3252 5634 
11341 3491 5555 5705 
11342 5814 519 5903 
11343 3326 4744 5626 
11344 1845 3752 5743 
11345 1327 1345 5732 
11346 4891 2024 5668 
11347 5302 4498 5943 
11348 5526 2093 5838 
11349 5354 4426 5666 
11350 3390 3174 5641 
11351 3120 3117 5684 
11352 2377 2709 5655 
11353 2553 4703 5666 
11354 3329 3546 5855 
11355 3030 4991 5805 
11356 4402 4401 5874 
11357 4958 3233 5592 
11358 502 5119 5911 
11359 478 646 5667 
11360 5534 4852 5602 
11361 3404 3144 5637 
11362 519 4302 5903 
11363 5371 3484 5713 
11364 3710 3707 5599 
11365 3034 501 5670 
11366 3259 5588 5596 
11367 4842 1682 5632 
11368 4592 3283 5663 
11369 5126 5003 5734 
11370 4503 625 5677 
11371 3054 5210 5687 
11372 3162 2639 5647 
11373 1573 1571 5693 
11374 3426 3427 5658 
11375 4592 5663 5692 
11376 193 5155 5775 
11377 4216 5613 5700 
11378 5536 4842 5632 
11379 3483 5371 5853 
11380 3515 3279 5664 
11381 3356 3409 5662 
11382 2223 5590 5645 
11383 528 3575 5674 
11384 4896 2513 5594 
11385 554 113 5705 
11386 2550 4896 5595 
11387 5867 4386 5890 
11388 5358 4015 5834 
11389 3133 5322 5718 
11390 2221 2223 5645 
11391 3086 2323 5653 
11392 21 5202 5772 
11393 1210 1051 5713 
11394 4089 4330 5669 
11395 4421 790 5957 
11396 342 343 5689 
11397 2365 1989 5676 
11398 5662 3409 5680 
11399 4416 4444 5682 
11400 3296 4592 5692 
11401 362 639 5678 
11402 4862 3749 5716 
11403 3392 5631 5864 
11404 2312 1862 5630 
11405 1752 2062 5681 
11406 4256 3292 5709 
11407 5602 2573 5823 
11408 4734 2435 5796 
11409 3411 2936 5671 
11410 5630 3435 5702 
11411 2563 2564 5679 
11412 5932 4421 5957 
11413 1633 4421 5932 
11414 144 145 5755 
11415 5042 3614 5688 
11416 4233 4236 5897 
11417 3409 3645 5680 
11418 3076 5438 5642 
11419 3388 3421 5938 
11420 5490 2365 5832 
11421 3699 5457 5919 
11422 3602 3744 5767 
11423 4277 5456 5951 
11424 1583 1585 5701 
11425 5890 1633 5932 
11426 3358 5628 5694 
11427 5129 3244 5578 
11428 5616 3466 5729 
11429 1491 1489 5789 
11430 5499 3143 5558 
11431 1655 3957 5905 
11432 5858 3604 5883 
11433 3647 5022 5803 
11434 2281 4851 5883 
11435 3098 5120 5631 
11436 3429 3428 5675 
11437 639 5042 5688 
11438 4069 4067 5699 
11439 5457 3124 5919 
11440 275 276 5973 
11441 5222 3109 5513 
11442 2013 4267 5711 
11443 3408 3772 5712 
11444 4256 5709 5792 
11445 3400 5407 5527 
11446 4696 4151 5902 
11447 5677 625 5746 
11448 4501 3224 5728 
11449 591 5060 5622 
11450 4302 606 5769 
11451 3557 5648 5826 
11452 5060 3167 5622 
11453 1407 1405 5735 
11454 5039 5038 5661 
11455 2889 2891 5706 
11456 1840 1857 5690 
11457 1769 5107 5586 
11458 5405 3251 5911 
11459 1682 4806 5691 
11460 5599 3896 5741 
11461 5676 4090 5832 
11462 3621 5828 5912 
11463 2520 3043 5650 
11464 5854 4009 5860 
11465 1450 5557 5627 
11466 5102 3259 5596 
11467 5193 3633 5551 
11468 3985 3983 5924 
11469 5029 3579 5766 
11470 2416 1590 5829 
11471 4896 5594 5595 
11472 3247 3358 5694 
11473 5357 3088 5936 
11474 3421 3459 5711 
11475 3713 3716 5914 
11476 4009 558 5860 
11477 2098 4216 5700 
11478 5754 3987 5797 
11479 2371 5725 5770 
11480 557 4007 5969 
11481 3431 5239 5817 
11482 516 3458 5727 
11483 461 3243 5715 
11484 3278 4142 5733 
11485 2889 5706 5747 
11486 2112 4279 5931 
11487 2371 2099 5725 
11488 3522 3523 5762 
11489 2337 4540 5717 
11490 3224 5717 5728 
11491 3665 3107 5793 
11492 3404 5637 5786 
11493 4045 4415 5804 
11494 3359 3413 5720 
11495 3058 5171 5811 
11496 3811 582 5848 
11497 1569 1566 5750 
11498 4335 4167 5749 
11499 1840 5690 5721 
11500 3012 3011 5742 
11501 3965 598 5862 
11502 1744 1402 5683 
11503 3457 5391 5580 
11504 2529 2528 5714 
11505 5703 4431 5774 
11506 641 172 5752 
11507 5669 5490 5832 
11508 4540 3268 5728 
11509 3711 3713 5891 
11510 5247 3602 5767 
11511 4901 1655 5905 
11512 3355 3353 5724 
11513 1987 1985 5723 
11514 4415 5779 5804 
11515 3705 3702 5708 
11516 2616 4631 5765 
11517 1563 2112 5920 
11518 4431 617 5774 
11519 469 3894 5815 
11520 3964 470 5895 
11521 3435 3436 5702 
11522 5886 3964 5895 
11523 2423 5808 5838 
11524 3309 3646 5739 
11525 2887 2889 5747 
11526 456 423 5889 
11527 4005 3300 5965 
11528 5717 4540 5728 
11529 1759 1840 5721 
11530 5342 2172 5569 
11531 4093 1574 5827 
11532 1900 1353 5758 
11533 3369 3368 5777 
11534 784 5739 5888 
11535 1900 5758 5788 
11536 5234 3508 5854 
11537 3816 3817 5948 
11538 4401 632 5773 
11539 457 409 5756 
11540 5636 1526 5732 
11541 2578 2371 5770 
11542 2146 1718 5763 
11543 3103 3096 5840 
11544 4197 4195 5901 
11545 5653 3984 5754 
11546 3634 3391 5945 
11547 3259 5178 5588 
11548 4415 4416 5779 
11549 5733 4142 5871 
11550 3114 3121 5748 
11551 5407 2032 5465 
11552 625 4487 5746 
11553 4416 5726 5779 
11554 2435 5013 5796 
11555 5862 598 5886 
11556 3330 4180 5795 
11557 345 643 5782 
11558 4314 5824 5845 
11559 5425 4561 5698 
11560 642 384 5772 
11561 992 994 5760 
11562 3919 1883 5947 
11563 4392 5841 5866 
11564 3847 3846 5873 
11565 3703 4929 5707 
11566 3349 4256 5792 
11567 252 253 5801 
11568 4978 4339 5719 
11569 784 4086 5851 
11570 2899 5269 5660 
11571 5022 486 5803 
11572 1943 1900 5788 
11573 3079 192 5775 
11574 407 557 5761 
11575 3985 5924 5929 
11576 3806 4765 5847 
11577 1943 5788 5813 
11578 3530 2578 5818 
11579 4008 4009 5854 
11580 5656 3450 5679 
11581 5895 470 5908 
11582 3397 4870 5731 
11583 4806 1455 5751 
11584 3391 4254 5964 
11585 425 512 5936 
11586 1445 1454 5790 
11587 733 747 5888 
11588 76 77 5807 
11589 4303 4479 5791 
11590 3375 3374 5778 
11591 1770 1903 5781 
11592 3840 3024 5817 
11593 2423 4440 5808 
11594 3397 5731 5821 
11595 1548 5236 5938 
11596 3604 3603 5883 
11597 3466 3465 5729 
11598 5620 3365 5623 
11599 5691 4806 5751 
11600 1047 1208 5853 
11601 4395 5898 5916 
11602 5746 4487 5819 
11603 3925 3926 5863 
11604 3644 3357 5787 
11605 4487 526 5819 
11606 2979 3531 5784 
11607 2341 1943 5813 
11608 598 3964 5886 
11609 4314 4445 5824 
11610 5913 3480 5935 
11611 5379 2989 5924 
11612 4235 1305 5881 
11613 4532 3063 5810 
11614 3415 3416 5740 
11615 404 563 5879 
11616 2761 4314 5845 
11617 3129 3466 5846 
11618 3892 3480 5913 
11619 3245 3555 5850 
11620 3406 3404 5786 
11621 4293 3077 5814 
11622 4393 4392 5866 
11623 2609 2611 5835 
11624 5918 3634 5945 
11625 4418 5941 5958 
11626 470 3976 5908 
11627 5477 5102 5596 
11628 4143 5199 5871 
11629 4151 2534 5893 
11630 3559 3360 5831 
11631 2093 2423 5838 
11632 4392 3449 5841 
11633 4479 525 5816 
11634 3506 3086 5797 
11635 4582 2711 5820 
11636 3463 2929 5856 
11637 402 533 5783 
11638 4144 4147 5899 
11639 5434 4636 5608 
11640 6 388 5833 
11641 3506 5797 5825 
11642 2722 2516 5757 
11643 5791 4479 5816 
11644 4142 4143 5871 
11645 3669 5089 5759 
11646 122 123 5904 
11647 3594 3351 5753 
11648 3348 4746 5794 
11649 2600 5242 5737 
11650 3517 3328 5730 
11651 3480 3758 5935 
11652 4396 4395 5916 
11653 554 5555 5581 
11654 599 3985 5892 
11655 5255 3384 5950 
11656 5945 3391 5964 
11657 2570 3238 5927 
11658 5155 3079 5775 
11659 93 94 5884 
11660 42 43 5870 
11661 3508 3506 5825 
11662 5283 1745 5766 
11663 5444 4597 5959 
11664 268 269 5896 
11665 4419 4418 5958 
11666 3484 5504 5618 
11667 1450 5437 5561 
11668 271 272 5907 
11669 2573 3247 5823 
11670 4512 630 5869 
11671 973 975 5928 
11672 3095 3098 5894 
11673 3589 3590 5829 
11674 728 733 5900 
11675 569 24 5909 
11676 1106 1050 5802 
11677 4395 4393 5898 
11678 2578 5770 5818 
11679 5921 3456 5922 
11680 5920 2112 5931 
11681 3585 3583 5851 
11682 4293 5814 5903 
11683 3214 5249 5623 
11684 3086 5754 5797 
11685 3348 5794 5915 
11686 4221 3456 5921 
11687 4393 5866 5898 
11688 4545 2288 5877 
11689 4549 3369 5890 
11690 3060 517 5875 
11691 1883 4727 5859 
11692 4550 4627 5943 
11693 3456 2713 5922 
11694 4342 4344 5852 
11695 3625 5126 5734 
11696 2781 3393 5929 
11697 5420 3438 5894 
11698 3664 3397 5821 
11699 3649 3444 5923 
11700 3406 5786 5930 
11701 1246 1244 5876 
11702 1716 1714 5861 
11703 5269 3168 5660 
11704 3170 3483 5822 
11705 4418 4396 5941 
11706 5019 3441 5952 
11707 4441 3412 5942 
11708 4077 4073 5966 
11709 3497 3496 5972 
11710 5934 3766 5940 
11711 4294 4293 5903 
11712 1234 1236 5967 
11713 1454 4730 5857 
11714 314 315 5944 
11715 3412 2718 5940 
11716 5189 4402 5874 
11717 3490 5364 5555 
11718 2718 5934 5940 
11719 2718 4463 5934 
11720 4396 5916 5941 
11721 3767 3766 5934 
11722 3394 5696 5956 
11723 3385 5932 5957 
11724 3441 3442 5843 
11725 5236 3388 5938 
11726 3444 5823 5923 
11727 5445 3554 5830 
11728 5855 1454 5857 
11729 2557 5189 5874 
11730 3251 502 5911 
11731 5089 1845 5759 
11732 3365 5426 5623 
11733 3620 3621 5912 
11734 800 5450 5559 
11735 5465 4327 5527 
11736 3260 2489 5939 
11737 5353 4787 5569 
11738 5013 3307 5796 
11739 3221 2494 5917 
11740 3369 5867 5890 
11741 3547 3348 5915 
11742 4680 2174 5942 
11743 5407 5465 5527 
11744 2619 4756 5880 
11745 1728 1720 5918 
11746 3766 4680 5940 
11747 3401 3403 5910 
11748 5555 554 5705 
11749 3541 3015 5960 
11750 4549 5890 5932 
11751 3562 3181 5963 
11752 1728 5918 5945 
11753 3574 3313 5826 
11754 1054 1111 5878 
11755 2847 2263 5849 
11756 3633 3385 5957 
11757 4707 1728 5945 
11758 3376 5367 5619 
11759 3135 4991 5887 
11760 3608 3406 5930 
11761 5367 515 5619 
11762 5492 619 5573 
11763 5202 642 5772 
11764 3645 3644 5931 
11765 3385 4549 5932 
11766 3486 3488 5872 
11767 3468 3768 5962 
11768 5039 5661 5828 
11769 5729 3465 5837 
11770 2327 4707 5964 
11771 3454 3453 5925 
11772 5329 3625 5734 
11773 3098 5420 5894 
11774 3579 5283 5766 
11775 4509 5565 5665 
11776 5470 3425 5522 
11777 5763 4202 5901 
11778 1455 5454 5795 
11779 5699 1345 5799 
11780 5239 3840 5817 
11781 1993 5108 5764 
11782 4707 5945 5964 
11783 4837 4983 5834 
11784 3389 5442 5887 
11785 2499 2304 5955 
11786 3647 5314 5865 
11787 1406 1541 5906 
11788 2847 5849 5961 
11789 5940 4680 5942 
11790 3025 3582 5971 
11791 3412 5940 5942 
11792 3523 5320 5762 
11793 5414 519 5814 
11794 5780 3502 5927 
11795 5505 511 5852 
11796 3644 5920 5931 
11797 4869 2847 5961 
11798 2521 5540 5572 
11799 3241 2501 5946 
11800 5631 5120 5864 
11801 5441 3836 5802 
11802 3621 5039 5828 
11803 2338 5451 5863 
11804 5399 538 5621 
11805 1451 5472 5662 
11806 3466 5616 5617 
11807 5616 3874 5617 
11808 5675 3454 5968 
11809 5806 3364 5844 
11810 5341 2192 5673 
11811 3386 5533 5581 
11812 606 5258 5769 
11813 3655 5806 5844 
11814 3465 5129 5837 
11815 5311 457 5756 
11816 5202 4271 5885 
11817 5787 1565 5920 
11818 3124 3119 5919 
11819 5340 3427 5776 
11820 5540 3382 5572 
11821 3685 5490 5669 
11822 643 5229 5782 
11823 3392 5864 5933 
11824 3612 4901 5905 
11825 5229 344 5782 
11826 3294 5415 5654 
11827 5123 2111 5873 
11828 5183 1556 5937 
11829 5583 1141 5659 
11830 5387 4532 5877 
11831 5404 3628 5685 
11832 3053 5464 5785 
11833 5149 2188 5858 
11834 5511 1769 5586 
11835 3837 5441 5878 
11836 5533 554 5581 
11837 5617 3128 5846 
11838 1744 5891 5914 
11839 3358 5496 5628 
11840 5037 1744 5914 
11841 3715 5011 5949 
11842 5574 611 5776 
11843 1537 5425 5698 
11844 512 5357 5936 
11845 5120 3104 5864 
11846 3662 5650 5651 
11847 557 5359 5761 
11848 5497 3375 5893 
11849 5359 557 5969 
11850 5502 4342 5852 
11851 2495 5604 5703 
11852 5571 3287 5738 
11853 3300 5123 5965 
11854 1746 5037 5974 
11855 5778 2167 5902 
11856 5314 3495 5865 
11857 5357 512 5780 
11858 3466 5617 5846 
11859 5823 5510 5923 
11860 5277 3382 5926 
11861 1556 5324 5937 
11862 5891 3713 5914 
11863 5557 3492 5627 
11864 563 5375 5879 
11865 5186 3598 5959 
11866 4344 5542 5970 
11867 5914 3716 5974 
11868 5682 4426 5726 
11869 5123 5873 5965 
11870 3005 5578 5836 
11871 5765 4234 5897 
11872 5633 3896 5708 
11873 5565 3291 5665 
11874 5873 3846 5965 
11875 4265 5652 5956 
11876 5037 5914 5974 
11877 5664 561 5744 
11878 3658 5681 5696 
11879 2431 5379 5812 
11880 5777 751 5867 
11881 3588 5183 5937 
11882 5255 536 5954 
11883 3750 5526 5716 
11884 5487 456 5889 
11885 3427 5574 5776 
11886 5513 3669 5759 
11887 3224 5575 5717 
11888 1883 5859 5947 
11889 5464 3299 5785 
11890 5579 4090 5723 
11891 5604 4431 5703 
11892 3557 5486 5755 
11893 5532 1968 5966 
11894 3384 5255 5954 
11895 5821 570 5973 
11896 2638 5560 5850 
11897 3546 5790 5855 
11898 5681 2062 5696 
11899 5442 3135 5887 
11900 498 5571 5738 
11901 3710 5599 5741 
11902 4070 5636 5732 
11903 5606 4202 5861 
11904 3247 5510 5823 
11905 3974 5359 5969 
11906 4416 5682 5726 
11907 3441 5843 5952 
11908 3515 5664 5744 
11909 3086 5653 5754 
11910 4167 5607 5885 
11911 5605 3634 5918 
11912 3287 5639 5784 
11913 3646 5629 5900 
11914 3598 5444 5959 
11915 3216 5540 5882 
11916 5648 555 5826 
11917 5578 3244 5836 
11918 3364 5625 5844 
11919 4089 5669 5832 
11920 4069 5699 5799 
11921 5749 4167 5885 
11922 5510 597 5923 
11923 3429 5675 5968 
11924 5862 5019 5952 
11925 5710 3057 5811 
11926 2365 5676 5832 
11927 5722 3530 5818 
11928 3433 5722 5818 
11929 3471 5710 5811 
11930 5696 2062 5956 
11931 5783 533 5913 
11932 1744 5683 5891 
11933 5745 3417 5953 
11934 5011 5842 5949 
11935 5816 525 5841 
11936 4271 5749 5885 
11937 5790 1454 5855 
11938 5652 3394 5956 
11939 3449 5816 5841 
11940 5739 3646 5888 
11941 3369 5777 5867 
11942 5831 569 5909 
11943 5842 552 5949 
11944 2616 5765 5897 
11945 2146 5763 5901 
11946 3375 5778 5902 
11947 3403 5860 5910 
11948 3393 5892 5929 
11949 3644 5787 5920 
11950 3559 5831 5909 
11951 5860 558 5910 
11952 5892 3985 5929 
11953 3664 5821 5973 
11954 3965 5862 5952 
$EndElements
