$MeshFormat
4.1 0 8
$EndMeshFormat
$Entities
14 12 1 0
1 0 0 0 0 
2 2.2 0 0 0 
3 2.2 0.41 0 0 
4 0 0.41 0 0 
10 0.55 0.2 0 0 
11 0.5900000000000001 0.2 0 0 
12 0.55 0.24 0 0 
13 0.51 0.2 0 0 
14 0.55 0.16 0 0 
20 1.45 0.2 0 0 
21 1.49 0.2 0 0 
22 1.45 0.24 0 0 
23 1.41 0.2 0 0 
24 1.45 0.16 0 0 
1 0 0 0 2.2 0 0 1 2 2 1 -2 
2 2.2 0 0 2.2 0.41 0 1 4 2 2 -3 
3 0 0.41 0 2.2 0.41 0 1 2 2 3 -4 
4 0 0 0 0 0.41 0 1 1 2 4 -1 
10 0.55 0.2 0 0.5900000000000001 0.24 0 1 3 2 11 -12 
11 0.51 0.2 0 0.55 0.24 0 1 3 2 12 -13 
12 0.51 0.16 0 0.55 0.2 0 1 3 2 13 -14 
13 0.55 0.16 0 0.5900000000000001 0.2 0 1 3 2 14 -11 
20 1.45 0.2 0 1.49 0.24 0 1 3 2 21 -22 
21 1.41 0.2 0 1.45 0.24 0 1 3 2 22 -23 
22 1.41 0.16 0 1.45 0.2 0 1 3 2 23 -24 
23 1.45 0.16 0 1.49 0.2 0 1 3 2 24 -21 
1 0 0 0 2.2 0.41 0 1 1 12 1 2 3 4 -13 -12 -11 -10 -23 -22 -21 -20 
$EndEntities
$Nodes
25 5752 1 5752
0 1 0 1
1
0 0 0
0 2 0 1
2
2.2 0 0
0 3 0 1
3
2.2 0.41 0
0 4 0 1
4
0 0.41 0
0 11 0 1
5
0.5900000000000001 0.2 0
0 12 0 1
6
0.55 0.24 0
0 13 0 1
7
0.51 0.2 0
0 14 0 1
8
0.55 0.16 0
0 21 0 1
9
1.49 0.2 0
0 22 0 1
10
1.45 0.24 0
0 23 0 1
11
1.41 0.2 0
0 24 0 1
12
1.45 0.16 0
1 1 0 152
13
14
15
16
17
18
19
20
21
22
23
24
25
26
27
28
29
30
31
32
33
34
35
36
37
38
39
40
41
42
43
44
45
46
47
48
49
50
51
52
53
54
55
56
57
58
59
60
61
62
63
64
65
66
67
68
69
70
71
72
73
74
75
76
77
78
79
80
81
82
83
84
85
86
87
88
89
90
91
92
93
94
95
96
97
98
99
100
101
102
103
104
105
106
107
108
109
110
111
112
113
114
115
116
117
118
119
120
121
122
123
124
125
126
127
128
129
130
131
132
133
134
135
136
137
138
139
140
141
142
143
144
145
146
147
148
149
150
151
152
153
154
155
156
157
158
159
160
161
162
163
164
0.009989435632539527 0 0
0.02002422863216034 0 0
0.03010458214659896 0 0
0.04023071070009817 0 0
0.05040281831825334 0 0
0.06062111264195305 0 0
0.07088580259443135 0 0
0.08119710623884197 0 0
0.0915552246193972 0 0
0.1019603803432692 0 0
0.1124127802127657 0 0
0.1229126400747952 0 0
0.1334601738297694 0 0
0.1440556060938479 0 0
0.154699142330713 0 0
0.1653910115019241 0 0
0.1761314275360411 0 0
0.1869206104107236 0 0
0.1977587879835839 0 0
0.2086461722588868 0 0
0.2195829971733124 0 0
0.2305694803125714 0 0
0.2416058486712614 0 0
0.2526923271966015 0 0
0.2638291506365438 0 0
0.2750165371944069 0 0
0.2862547248324665 0 0
0.2975439403367008 0 0
0.3088844180099108 0 0
0.3202763889144969 0 0
0.331720084253362 0 0
0.3432157403894624 0 0
0.354763596474321 0 0
0.3663638894975614 0 0
0.3780168543160879 0 0
0.3897227288548639 0 0
0.4014817552245787 0 0
0.4132941771596065 0 0
0.4251602361051446 0 0
0.4370801753067579 0 0
0.4490542350294563 0 0
0.4610826666107568 0 0
0.4731657153873474 0 0
0.4853036289048568 0 0
0.497496658752101 0 0
0.5097450486025167 0 0
0.522049055933292 0 0
0.5344089314859007 0 0
0.54682493042369 0 0
0.5592973060217279 0 0
0.5718263126622336 0 0
0.5844122086150836 0 0
0.5970552544188596 0 0
0.6097557082607556 0 0
0.6225138263946209 0 0
0.6353298799989284 0 0
0.6482041248608439 0 0
0.6611368258521293 0 0
0.6741282510716649 0 0
0.6871786654070849 0 0
0.700288338182701 0 0
0.7134575363079365 0 0
0.7266865294648688 0 0
0.7399755947235903 0 0
0.7533249972222008 0 0
0.7667350157899537 0 0
0.7802059267321622 0 0
0.7937380038643175 0 0
0.8073315235581308 0 0
0.8209867662686268 0 0
0.8347040147797008 0 0
0.8484835493227763 0 0
0.8623256476112002 0 0
0.8762306027894561 0 0
0.8901986934639484 0 0
0.9042302067055019 0 0
0.9183254365274487 0 0
0.9324846644223977 0 0
0.9467081850175983 0 0
0.9609962908385431 0 0
0.9753492717763412 0 0
0.9897674271967082 0 0
1.004251049081965 0 0
1.018800435831829 0 0
1.033415884606165 0 0
1.048097708565765 0 0
1.062846183877004 0 0
1.077661635169635 0 0
1.09254434788593 0 0
1.107494641232941 0 0
1.122512822782632 0 0
1.13759919193447 0 0
1.152754073528631 0 0
1.16797776409742 0 0
1.183270567813464 0 0
1.198632828371634 0 0
1.214064835171658 0 0
1.229566910953568 0 0
1.245139378454 0 0
1.26078255749137 0 0
1.276496765005274 0 0
1.292282315095189 0 0
1.308139561657195 0 0
1.324068796006775 0 0
1.340070359192067 0 0
1.356144587087432 0 0
1.372291797708439 0 0
1.388512333088094 0 0
1.404806521214427 0 0
1.421174682078835 0 0
1.437617182342711 0 0
1.454134332913016 0 0
1.470726481062685 0 0
1.487393970914297 0 0
1.504137143482742 0 0
1.520956336717131 0 0
1.537851901025882 0 0
1.554824183359796 0 0
1.571873534294306 0 0
1.589000296868632 0 0
1.606204826353301 0 0
1.623487474810254 0 0
1.640848591136142 0 0
1.658288553388895 0 0
1.675807689174721 0 0
1.693406384562867 0 0
1.711084987318281 0 0
1.728843859489937 0 0
1.746683363990918 0 0
1.764603885516657 0 0
1.782605764710791 0 0
1.800689394365928 0 0
1.818855129698176 0 0
1.837103349488755 0 0
1.855434429092106 0 0
1.873848740482186 0 0
1.892346666779014 0 0
1.910928586141796 0 0
1.929594882742394 0 0
1.948345933453637 0 0
1.967182126082461 0 0
1.986103844936836 0 0
2.005111481369684 0 0
2.02420542931692 0 0
2.043386074627406 0 0
2.062653810123732 0 0
2.082009035466298 0 0
2.101452146706126 0 0
2.120983536333519 0 0
2.140603620890256 0 0
2.16031278386605 0 0
2.180111441835026 0 0
1 2 0 20
165
166
167
168
169
170
171
172
173
174
175
176
177
178
179
180
181
182
183
184
2.2 0.01952380952377155 0
2.2 0.03904761904754567 0
2.2 0.05857142857131769 0
2.2 0.07809523809506337 0
2.2 0.09761904761882542 0
2.2 0.1171428571425726 0
2.2 0.1366666666663299 0
2.2 0.1561904761900713 0
2.2 0.1757142857138491 0
2.2 0.1952380952375974 0
2.2 0.2147619047614049 0
2.2 0.2342857142852715 0
2.2 0.2538095238091086 0
2.2 0.2733333333329568 0
2.2 0.2928571428568123 0
2.2 0.3123809523806858 0
2.2 0.3319047619045595 0
2.2 0.3514285714283897 0
2.2 0.3709523809522634 0
2.2 0.3904761904761371 0
1 3 0 152
185
186
187
188
189
190
191
192
193
194
195
196
197
198
199
200
201
202
203
204
205
206
207
208
209
210
211
212
213
214
215
216
217
218
219
220
221
222
223
224
225
226
227
228
229
230
231
232
233
234
235
236
237
238
239
240
241
242
243
244
245
246
247
248
249
250
251
252
253
254
255
256
257
258
259
260
261
262
263
264
265
266
267
268
269
270
271
272
273
274
275
276
277
278
279
280
281
282
283
284
285
286
287
288
289
290
291
292
293
294
295
296
297
298
299
300
301
302
303
304
305
306
307
308
309
310
311
312
313
314
315
316
317
318
319
320
321
322
323
324
325
326
327
328
329
330
331
332
333
334
335
336
2.180111441835126 0.41 0
2.160312783866246 0.41 0
2.140603620890551 0.41 0
2.120983536333943 0.41 0
2.101452146706684 0.41 0
2.082009035466993 0.41 0
2.062653810124559 0.41 0
2.043386074628366 0.41 0
2.024205429318007 0.41 0
2.005111481370896 0.41 0
1.986103844938149 0.41 0
1.967182126083861 0.41 0
1.948345933455124 0.41 0
1.929594882743968 0.41 0
1.910928586143471 0.41 0
1.892346666780793 0.41 0
1.873848740484065 0.41 0
1.855434429094086 0.41 0
1.837103349490835 0.41 0
1.818855129700357 0.41 0
1.80068939436821 0.41 0
1.782605764713171 0.41 0
1.76460388551913 0.41 0
1.746683363993489 0.41 0
1.728843859492604 0.41 0
1.711084987321039 0.41 0
1.693406384565728 0.41 0
1.675807689177689 0.41 0
1.658288553391975 0.41 0
1.640848591139331 0.41 0
1.623487474813551 0.41 0
1.606204826356702 0.41 0
1.58900029687214 0.41 0
1.571873534297914 0.41 0
1.554824183363508 0.41 0
1.537851901029696 0.41 0
1.520956336721044 0.41 0
1.504137143486755 0.41 0
1.487393970918411 0.41 0
1.470726481066896 0.41 0
1.454134332917322 0.41 0
1.437617182347113 0.41 0
1.421174682083332 0.41 0
1.404806521219018 0.41 0
1.388512333092778 0.41 0
1.372291797713214 0.41 0
1.356144587092282 0.41 0
1.340070359196991 0.41 0
1.324068796011773 0.41 0
1.308139561662265 0.41 0
1.29228231510033 0.41 0
1.276496765010487 0.41 0
1.260782557496654 0.41 0
1.245139378459354 0.41 0
1.22956691095899 0.41 0
1.214064835177147 0.41 0
1.198632828377187 0.41 0
1.183270567819087 0.41 0
1.167977764103109 0.41 0
1.152754073534382 0.41 0
1.137599191940289 0.41 0
1.122512822788514 0.41 0
1.107494641238884 0.41 0
1.092544347891861 0.41 0
1.07766163517548 0.41 0
1.062846183882758 0.41 0
1.048097708571436 0.41 0
1.033415884611747 0.41 0
1.018800435837325 0.41 0
1.004251049087379 0.41 0
0.989767427202034 0.41 0
0.9753492717815764 0.41 0
0.9609962908436884 0.41 0
0.9467081850226544 0.41 0
0.9324846644273657 0.41 0
0.9183254365323295 0.41 0
0.9042302067102961 0.41 0
0.8901986934686565 0.41 0
0.8762306027940785 0.41 0
0.8623256476157384 0.41 0
0.8484835493272307 0.41 0
0.8347040147840727 0.41 0
0.8209867662729151 0.41 0
0.8073315235623373 0.41 0
0.7937380038684425 0.41 0
0.780205926736206 0.41 0
0.7667350157939177 0.41 0
0.7533249972260851 0.41 0
0.7399755947273954 0.41 0
0.7266865294685949 0.41 0
0.7134575363115856 0.41 0
0.700288338186273 0.41 0
0.6871786654105807 0.41 0
0.674128251075085 0.41 0
0.661136825855474 0.41 0
0.6482041248641137 0.41 0
0.6353298800021248 0.41 0
0.6225138263977439 0.41 0
0.6097557082638059 0.41 0
0.5970552544218375 0.41 0
0.5844122086179904 0.41 0
0.5718263126650693 0.41 0
0.5592973060244932 0.41 0
0.5468249304263846 0.41 0
0.5344089314885265 0.41 0
0.5220490559358482 0.41 0
0.5097450486050057 0.41 0
0.4974966587545226 0.41 0
0.4853036289072117 0.41 0
0.4731657153896345 0.41 0
0.4610826666129786 0.41 0
0.4490542350316122 0.41 0
0.4370801753088491 0.41 0
0.4251602361071718 0.41 0
0.4132941771615704 0.41 0
0.4014817552264796 0.41 0
0.3897227288567016 0.41 0
0.3780168543178637 0.41 0
0.3663638894992751 0.41 0
0.3547635964759737 0.41 0
0.3432157403910545 0.41 0
0.3317200842548937 0.41 0
0.3202763889159701 0.41 0
0.3088844180113244 0.41 0
0.2975439403380558 0.41 0
0.2862547248337628 0.41 0
0.2750165371956463 0.41 0
0.2638291506377426 0.41 0
0.2526923271977597 0.41 0
0.2416058486723771 0.41 0
0.2305694803136462 0.41 0
0.2195829971743464 0.41 0
0.2086461722598809 0.41 0
0.1977587879845344 0.41 0
0.1869206104116232 0.41 0
0.1761314275368915 0.41 0
0.1653910115027251 0.41 0
0.1546991423314648 0.41 0
0.1440556060945508 0.41 0
0.1334601738304229 0.41 0
0.1229126400753962 0.41 0
0.1124127802133126 0.41 0
0.1019603803437614 0.41 0
0.09155522461983345 0.41 0
0.08119710623922449 0.41 0
0.07088580259476274 0.41 0
0.06062111264223313 0.41 0
0.05040281831848725 0.41 0
0.04023071070028417 0.41 0
0.03010458214673717 0.41 0
0.02002422863225384 0.41 0
0.009989435632585586 0.41 0
1 4 0 40
337
338
339
340
341
342
343
344
345
346
347
348
349
350
351
352
353
354
355
356
357
358
359
360
361
362
363
364
365
366
367
368
369
370
371
372
373
374
375
376
0 0.4000000000000008 0
0 0.3900000000000259 0
0 0.3800000000000606 0
0 0.3700000000000953 0
0 0.3600000000001082 0
0 0.3500000000001241 0
0 0.3400000000001558 0
0 0.3300000000001905 0
0 0.3200000000002133 0
0 0.3100000000002381 0
0 0.3000000000002728 0
0 0.2900000000003075 0
0 0.2800000000003204 0
0 0.2700000000003551 0
0 0.2600000000003897 0
0 0.2500000000004243 0
0 0.2400000000004419 0
0 0.2300000000004503 0
0 0.2200000000004849 0
0 0.2100000000005195 0
0 0.2000000000005203 0
0 0.1900000000004874 0
0 0.1800000000004544 0
0 0.1700000000004476 0
0 0.1600000000004316 0
0 0.1500000000003986 0
0 0.1400000000003795 0
0 0.1300000000003759 0
0 0.1200000000003428 0
0 0.1100000000003098 0
0 0.1000000000002768 0
0 0.09000000000024383 0
0 0.08000000000021068 0
0 0.07000000000020096 0
0 0.0600000000001879 0
0 0.05000000000015475 0
0 0.04000000000012166 0
0 0.03000000000008857 0
0 0.02000000000005536 0
0 0.01000000000002221 0
1 10 0 4
377
378
379
380
0.5880422606331978 0.2123606798322688 0
0.5823606797101437 0.2235114101809631 0
0.5735114099607631 0.2323606798701284 0
0.5623606795888335 0.2380422607122947 0
1 11 0 4
381
382
383
384
0.5376393203329798 0.2380422606868902 0
0.5264885899311628 0.2323606797916078 0
0.5176393202686395 0.2235114101517605 0
0.51195773935776 0.2123606798044393 0
1 12 0 4
385
386
387
388
0.5119577393668023 0.1876393201677313 0
0.5176393202898564 0.1764885898190369 0
0.526488590039237 0.1676393201298716 0
0.5376393204111666 0.1619577392877053 0
1 13 0 4
389
390
391
392
0.5623606796670203 0.1619577393131098 0
0.5735114100688373 0.1676393202083922 0
0.5823606797313606 0.1764885898482395 0
0.5880422606422401 0.1876393201955608 0
1 20 0 4
393
394
395
396
1.488042260662339 0.2123606797425817 0
1.482360679782829 0.2235114100809203 0
1.473511410198757 0.2323606796972159 0
1.462360679930407 0.2380422606013108 0
1 21 0 4
397
398
399
400
1.437639319989831 0.2380422605753944 0
1.426488589812912 0.2323606797056934 0
1.417639320143673 0.2235114099797584 0
1.411957739332971 0.2123606797281457 0
1 22 0 4
401
402
403
404
1.411957739337661 0.1876393202574183 0
1.417639320217171 0.1764885899190797 0
1.426488589801243 0.1676393203027841 0
1.437639320069593 0.1619577393986893 0
1 23 0 4
405
406
407
408
1.462360680010169 0.1619577394246056 0
1.473511410187088 0.1676393202943066 0
1.482360679856327 0.1764885900202416 0
1.488042260667029 0.1876393202718544 0
2 1 0 5344
409
410
411
412
413
414
415
416
417
418
419
420
421
422
423
424
425
426
427
428
429
430
431
432
433
434
435
436
437
438
439
440
441
442
443
444
445
446
447
448
449
450
451
452
453
454
455
456
457
458
459
460
461
462
463
464
465
466
467
468
469
470
471
472
473
474
475
476
477
478
479
480
481
482
483
484
485
486
487
488
489
490
491
492
493
494
495
496
497
498
499
500
501
502
503
504
505
506
507
508
509
510
511
512
513
514
515
516
517
518
519
520
521
522
523
524
525
526
527
528
529
530
531
532
533
534
535
536
537
538
539
540
541
542
543
544
545
546
547
548
549
550
551
552
553
554
555
556
557
558
559
560
561
562
563
564
565
566
567
568
569
570
571
572
573
574
575
576
577
578
579
580
581
582
583
584
585
586
587
588
589
590
591
592
593
594
595
596
597
598
599
600
601
602
603
604
605
606
607
608
609
610
611
612
613
614
615
616
617
618
619
620
621
622
623
624
625
626
627
628
629
630
631
632
633
634
635
636
637
638
639
640
641
642
643
644
645
646
647
648
649
650
651
652
653
654
655
656
657
658
659
660
661
662
663
664
665
666
667
668
669
670
671
672
673
674
675
676
677
678
679
680
681
682
683
684
685
686
687
688
689
690
691
692
693
694
695
696
697
698
699
700
701
702
703
704
705
706
707
708
709
710
711
712
713
714
715
716
717
718
719
720
721
722
723
724
725
726
727
728
729
730
731
732
733
734
735
736
737
738
739
740
741
742
743
744
745
746
747
748
749
750
751
752
753
754
755
756
757
758
759
760
761
762
763
764
765
766
767
768
769
770
771
772
773
774
775
776
777
778
779
780
781
782
783
784
785
786
787
788
789
790
791
792
793
794
795
796
797
798
799
800
801
802
803
804
805
806
807
808
809
810
811
812
813
814
815
816
817
818
819
820
821
822
823
824
825
826
827
828
829
830
831
832
833
834
835
836
837
838
839
840
841
842
843
844
845
846
847
848
849
850
851
852
853
854
855
856
857
858
859
860
861
862
863
864
865
866
867
868
869
870
871
872
873
874
875
876
877
878
879
880
881
882
883
884
885
886
887
888
889
890
891
892
893
894
895
896
897
898
899
900
901
902
903
904
905
906
907
908
909
910
911
912
913
914
915
916
917
918
919
920
921
922
923
924
925
926
927
928
929
930
931
932
933
934
935
936
937
938
939
940
941
942
943
944
945
946
947
948
949
950
951
952
953
954
955
956
957
958
959
960
961
962
963
964
965
966
967
968
969
970
971
972
973
974
975
976
977
978
979
980
981
982
983
984
985
986
987
988
989
990
991
992
993
994
995
996
997
998
999
1000
1001
1002
1003
1004
1005
1006
1007
1008
1009
1010
1011
1012
1013
1014
1015
1016
1017
1018
1019
1020
1021
1022
1023
1024
1025
1026
1027
1028
1029
1030
1031
1032
1033
1034
1035
1036
1037
1038
1039
1040
1041
1042
1043
1044
1045
1046
1047
1048
1049
1050
1051
1052
1053
1054
1055
1056
1057
1058
1059
1060
1061
1062
1063
1064
1065
1066
1067
1068
1069
1070
1071
1072
1073
1074
1075
1076
1077
1078
1079
1080
1081
1082
1083
1084
1085
1086
1087
1088
1089
1090
1091
1092
1093
1094
1095
1096
1097
1098
1099
1100
1101
1102
1103
1104
1105
1106
1107
1108
1109
1110
1111
1112
1113
1114
1115
1116
1117
1118
1119
1120
1121
1122
1123
1124
1125
1126
1127
1128
1129
1130
1131
1132
1133
1134
1135
1136
1137
1138
1139
1140
1141
1142
1143
1144
1145
1146
1147
1148
1149
1150
1151
1152
1153
1154
1155
1156
1157
1158
1159
1160
1161
1162
1163
1164
1165
1166
1167
1168
1169
1170
1171
1172
1173
1174
1175
1176
1177
1178
1179
1180
1181
1182
1183
1184
1185
1186
1187
1188
1189
1190
1191
1192
1193
1194
1195
1196
1197
1198
1199
1200
1201
1202
1203
1204
1205
1206
1207
1208
1209
1210
1211
1212
1213
1214
1215
1216
1217
1218
1219
1220
1221
1222
1223
1224
1225
1226
1227
1228
1229
1230
1231
1232
1233
1234
1235
1236
1237
1238
1239
1240
1241
1242
1243
1244
1245
1246
1247
1248
1249
1250
1251
1252
1253
1254
1255
1256
1257
1258
1259
1260
1261
1262
1263
1264
1265
1266
1267
1268
1269
1270
1271
1272
1273
1274
1275
1276
1277
1278
1279
1280
1281
1282
1283
1284
1285
1286
1287
1288
1289
1290
1291
1292
1293
1294
1295
1296
1297
1298
1299
1300
1301
1302
1303
1304
1305
1306
1307
1308
1309
1310
1311
1312
1313
1314
1315
1316
1317
1318
1319
1320
1321
1322
1323
1324
1325
1326
1327
1328
1329
1330
1331
1332
1333
1334
1335
1336
1337
1338
1339
1340
1341
1342
1343
1344
1345
1346
1347
1348
1349
1350
1351
1352
1353
1354
1355
1356
1357
1358
1359
1360
1361
1362
1363
1364
1365
1366
1367
1368
1369
1370
1371
1372
1373
1374
1375
1376
1377
1378
1379
1380
1381
1382
1383
1384
1385
1386
1387
1388
1389
1390
1391
1392
1393
1394
1395
1396
1397
1398
1399
1400
1401
1402
1403
1404
1405
1406
1407
1408
1409
1410
1411
1412
1413
1414
1415
1416
1417
1418
1419
1420
1421
1422
1423
1424
1425
1426
1427
1428
1429
1430
1431
1432
1433
1434
1435
1436
1437
1438
1439
1440
1441
1442
1443
1444
1445
1446
1447
1448
1449
1450
1451
1452
1453
1454
1455
1456
1457
1458
1459
1460
1461
1462
1463
1464
1465
1466
1467
1468
1469
1470
1471
1472
1473
1474
1475
1476
1477
1478
1479
1480
1481
1482
1483
1484
1485
1486
1487
1488
1489
1490
1491
1492
1493
1494
1495
1496
1497
1498
1499
1500
1501
1502
1503
1504
1505
1506
1507
1508
1509
1510
1511
1512
1513
1514
1515
1516
1517
1518
1519
1520
1521
1522
1523
1524
1525
1526
1527
1528
1529
1530
1531
1532
1533
1534
1535
1536
1537
1538
1539
1540
1541
1542
1543
1544
1545
1546
1547
1548
1549
1550
1551
1552
1553
1554
1555
1556
1557
1558
1559
1560
1561
1562
1563
1564
1565
1566
1567
1568
1569
1570
1571
1572
1573
1574
1575
1576
1577
1578
1579
1580
1581
1582
1583
1584
1585
1586
1587
1588
1589
1590
1591
1592
1593
1594
1595
1596
1597
1598
1599
1600
1601
1602
1603
1604
1605
1606
1607
1608
1609
1610
1611
1612
1613
1614
1615
1616
1617
1618
1619
1620
1621
1622
1623
1624
1625
1626
1627
1628
1629
1630
1631
1632
1633
1634
1635
1636
1637
1638
1639
1640
1641
1642
1643
1644
1645
1646
1647
1648
1649
1650
1651
1652
1653
1654
1655
1656
1657
1658
1659
1660
1661
1662
1663
1664
1665
1666
1667
1668
1669
1670
1671
1672
1673
1674
1675
1676
1677
1678
1679
1680
1681
1682
1683
1684
1685
1686
1687
1688
1689
1690
1691
1692
1693
1694
1695
1696
1697
1698
1699
1700
1701
1702
1703
1704
1705
1706
1707
1708
1709
1710
1711
1712
1713
1714
1715
1716
1717
1718
1719
1720
1721
1722
1723
1724
1725
1726
1727
1728
1729
1730
1731
1732
1733
1734
1735
1736
1737
1738
1739
1740
1741
1742
1743
1744
1745
1746
1747
1748
1749
1750
1751
1752
1753
1754
1755
1756
1757
1758
1759
1760
1761
1762
1763
1764
1765
1766
1767
1768
1769
1770
1771
1772
1773
1774
1775
1776
1777
1778
1779
1780
1781
1782
1783
1784
1785
1786
1787
1788
1789
1790
1791
1792
1793
1794
1795
1796
1797
1798
1799
1800
1801
1802
1803
1804
1805
1806
1807
1808
1809
1810
1811
1812
1813
1814
1815
1816
1817
1818
1819
1820
1821
1822
1823
1824
1825
1826
1827
1828
1829
1830
1831
1832
1833
1834
1835
1836
1837
1838
1839
1840
1841
1842
1843
1844
1845
1846
1847
1848
1849
1850
1851
1852
1853
1854
1855
1856
1857
1858
1859
1860
1861
1862
1863
1864
1865
1866
1867
1868
1869
1870
1871
1872
1873
1874
1875
1876
1877
1878
1879
1880
1881
1882
1883
1884
1885
1886
1887
1888
1889
1890
1891
1892
1893
1894
1895
1896
1897
1898
1899
1900
1901
1902
1903
1904
1905
1906
1907
1908
1909
1910
1911
1912
1913
1914
1915
1916
1917
1918
1919
1920
1921
1922
1923
1924
1925
1926
1927
1928
1929
1930
1931
1932
1933
1934
1935
1936
1937
1938
1939
1940
1941
1942
1943
1944
1945
1946
1947
1948
1949
1950
1951
1952
1953
1954
1955
1956
1957
1958
1959
1960
1961
1962
1963
1964
1965
1966
1967
1968
1969
1970
1971
1972
1973
1974
1975
1976
1977
1978
1979
1980
1981
1982
1983
1984
1985
1986
1987
1988
1989
1990
1991
1992
1993
1994
1995
1996
1997
1998
1999
2000
2001
2002
2003
2004
2005
2006
2007
2008
2009
2010
2011
2012
2013
2014
2015
2016
2017
2018
2019
2020
2021
2022
2023
2024
2025
2026
2027
2028
2029
2030
2031
2032
2033
2034
2035
2036
2037
2038
2039
2040
2041
2042
2043
2044
2045
2046
2047
2048
2049
2050
2051
2052
2053
2054
2055
2056
2057
2058
2059
2060
2061
2062
2063
2064
2065
2066
2067
2068
2069
2070
2071
2072
2073
2074
2075
2076
2077
2078
2079
2080
2081
2082
2083
2084
2085
2086
2087
2088
2089
2090
2091
2092
2093
2094
2095
2096
2097
2098
2099
2100
2101
2102
2103
2104
2105
2106
2107
2108
2109
2110
2111
2112
2113
2114
2115
2116
2117
2118
2119
2120
2121
2122
2123
2124
2125
2126
2127
2128
2129
2130
2131
2132
2133
2134
2135
2136
2137
2138
2139
2140
2141
2142
2143
2144
2145
2146
2147
2148
2149
2150
2151
2152
2153
2154
2155
2156
2157
2158
2159
2160
2161
2162
2163
2164
2165
2166
2167
2168
2169
2170
2171
2172
2173
2174
2175
2176
2177
2178
2179
2180
2181
2182
2183
2184
2185
2186
2187
2188
2189
2190
2191
2192
2193
2194
2195
2196
2197
2198
2199
2200
2201
2202
2203
2204
2205
2206
2207
2208
2209
2210
2211
2212
2213
2214
2215
2216
2217
2218
2219
2220
2221
2222
2223
2224
2225
2226
2227
2228
2229
2230
2231
2232
2233
2234
2235
2236
2237
2238
2239
2240
2241
2242
2243
2244
2245
2246
2247
2248
2249
2250
2251
2252
2253
2254
2255
2256
2257
2258
2259
2260
2261
2262
2263
2264
2265
2266
2267
2268
2269
2270
2271
2272
2273
2274
2275
2276
2277
2278
2279
2280
2281
2282
2283
2284
2285
2286
2287
2288
2289
2290
2291
2292
2293
2294
2295
2296
2297
2298
2299
2300
2301
2302
2303
2304
2305
2306
2307
2308
2309
2310
2311
2312
2313
2314
2315
2316
2317
2318
2319
2320
2321
2322
2323
2324
2325
2326
2327
2328
2329
2330
2331
2332
2333
2334
2335
2336
2337
2338
2339
2340
2341
2342
2343
2344
2345
2346
2347
2348
2349
2350
2351
2352
2353
2354
2355
2356
2357
2358
2359
2360
2361
2362
2363
2364
2365
2366
2367
2368
2369
2370
2371
2372
2373
2374
2375
2376
2377
2378
2379
2380
2381
2382
2383
2384
2385
2386
2387
2388
2389
2390
2391
2392
2393
2394
2395
2396
2397
2398
2399
2400
2401
2402
2403
2404
2405
2406
2407
2408
2409
2410
2411
2412
2413
2414
2415
2416
2417
2418
2419
2420
2421
2422
2423
2424
2425
2426
2427
2428
2429
2430
2431
2432
2433
2434
2435
2436
2437
2438
2439
2440
2441
2442
2443
2444
2445
2446
2447
2448
2449
2450
2451
2452
2453
2454
2455
2456
2457
2458
2459
2460
2461
2462
2463
2464
2465
2466
2467
2468
2469
2470
2471
2472
2473
2474
2475
2476
2477
2478
2479
2480
2481
2482
2483
2484
2485
2486
2487
2488
2489
2490
2491
2492
2493
2494
2495
2496
2497
2498
2499
2500
2501
2502
2503
2504
2505
2506
2507
2508
2509
2510
2511
2512
2513
2514
2515
2516
2517
2518
2519
2520
2521
2522
2523
2524
2525
2526
2527
2528
2529
2530
2531
2532
2533
2534
2535
2536
2537
2538
2539
2540
2541
2542
2543
2544
2545
2546
2547
2548
2549
2550
2551
2552
2553
2554
2555
2556
2557
2558
2559
2560
2561
2562
2563
2564
2565
2566
2567
2568
2569
2570
2571
2572
2573
2574
2575
2576
2577
2578
2579
2580
2581
2582
2583
2584
2585
2586
2587
2588
2589
2590
2591
2592
2593
2594
2595
2596
2597
2598
2599
2600
2601
2602
2603
2604
2605
2606
2607
2608
2609
2610
2611
2612
2613
2614
2615
2616
2617
2618
2619
2620
2621
2622
2623
2624
2625
2626
2627
2628
2629
2630
2631
2632
2633
2634
2635
2636
2637
2638
2639
2640
2641
2642
2643
2644
2645
2646
2647
2648
2649
2650
2651
2652
2653
2654
2655
2656
2657
2658
2659
2660
2661
2662
2663
2664
2665
2666
2667
2668
2669
2670
2671
2672
2673
2674
2675
2676
2677
2678
2679
2680
2681
2682
2683
2684
2685
2686
2687
2688
2689
2690
2691
2692
2693
2694
2695
2696
2697
2698
2699
2700
2701
2702
2703
2704
2705
2706
2707
2708
2709
2710
2711
2712
2713
2714
2715
2716
2717
2718
2719
2720
2721
2722
2723
2724
2725
2726
2727
2728
2729
2730
2731
2732
2733
2734
2735
2736
2737
2738
2739
2740
2741
2742
2743
2744
2745
2746
2747
2748
2749
2750
2751
2752
2753
2754
2755
2756
2757
2758
2759
2760
2761
2762
2763
2764
2765
2766
2767
2768
2769
2770
2771
2772
2773
2774
2775
2776
2777
2778
2779
2780
2781
2782
2783
2784
2785
2786
2787
2788
2789
2790
2791
2792
2793
2794
2795
2796
2797
2798
2799
2800
2801
2802
2803
2804
2805
2806
2807
2808
2809
2810
2811
2812
2813
2814
2815
2816
2817
2818
2819
2820
2821
2822
2823
2824
2825
2826
2827
2828
2829
2830
2831
2832
2833
2834
2835
2836
2837
2838
2839
2840
2841
2842
2843
2844
2845
2846
2847
2848
2849
2850
2851
2852
2853
2854
2855
2856
2857
2858
2859
2860
2861
2862
2863
2864
2865
2866
2867
2868
2869
2870
2871
2872
2873
2874
2875
2876
2877
2878
2879
2880
2881
2882
2883
2884
2885
2886
2887
2888
2889
2890
2891
2892
2893
2894
2895
2896
2897
2898
2899
2900
2901
2902
2903
2904
2905
2906
2907
2908
2909
2910
2911
2912
2913
2914
2915
2916
2917
2918
2919
2920
2921
2922
2923
2924
2925
2926
2927
2928
2929
2930
2931
2932
2933
2934
2935
2936
2937
2938
2939
2940
2941
2942
2943
2944
2945
2946
2947
2948
2949
2950
2951
2952
2953
2954
2955
2956
2957
2958
2959
2960
2961
2962
2963
2964
2965
2966
2967
2968
2969
2970
2971
2972
2973
2974
2975
2976
2977
2978
2979
2980
2981
2982
2983
2984
2985
2986
2987
2988
2989
2990
2991
2992
2993
2994
2995
2996
2997
2998
2999
3000
3001
3002
3003
3004
3005
3006
3007
3008
3009
3010
3011
3012
3013
3014
3015
3016
3017
3018
3019
3020
3021
3022
3023
3024
3025
3026
3027
3028
3029
3030
3031
3032
3033
3034
3035
3036
3037
3038
3039
3040
3041
3042
3043
3044
3045
3046
3047
3048
3049
3050
3051
3052
3053
3054
3055
3056
3057
3058
3059
3060
3061
3062
3063
3064
3065
3066
3067
3068
3069
3070
3071
3072
3073
3074
3075
3076
3077
3078
3079
3080
3081
3082
3083
3084
3085
3086
3087
3088
3089
3090
3091
3092
3093
3094
3095
3096
3097
3098
3099
3100
3101
3102
3103
3104
3105
3106
3107
3108
3109
3110
3111
3112
3113
3114
3115
3116
3117
3118
3119
3120
3121
3122
3123
3124
3125
3126
3127
3128
3129
3130
3131
3132
3133
3134
3135
3136
3137
3138
3139
3140
3141
3142
3143
3144
3145
3146
3147
3148
3149
3150
3151
3152
3153
3154
3155
3156
3157
3158
3159
3160
3161
3162
3163
3164
3165
3166
3167
3168
3169
3170
3171
3172
3173
3174
3175
3176
3177
3178
3179
3180
3181
3182
3183
3184
3185
3186
3187
3188
3189
3190
3191
3192
3193
3194
3195
3196
3197
3198
3199
3200
3201
3202
3203
3204
3205
3206
3207
3208
3209
3210
3211
3212
3213
3214
3215
3216
3217
3218
3219
3220
3221
3222
3223
3224
3225
3226
3227
3228
3229
3230
3231
3232
3233
3234
3235
3236
3237
3238
3239
3240
3241
3242
3243
3244
3245
3246
3247
3248
3249
3250
3251
3252
3253
3254
3255
3256
3257
3258
3259
3260
3261
3262
3263
3264
3265
3266
3267
3268
3269
3270
3271
3272
3273
3274
3275
3276
3277
3278
3279
3280
3281
3282
3283
3284
3285
3286
3287
3288
3289
3290
3291
3292
3293
3294
3295
3296
3297
3298
3299
3300
3301
3302
3303
3304
3305
3306
3307
3308
3309
3310
3311
3312
3313
3314
3315
3316
3317
3318
3319
3320
3321
3322
3323
3324
3325
3326
3327
3328
3329
3330
3331
3332
3333
3334
3335
3336
3337
3338
3339
3340
3341
3342
3343
3344
3345
3346
3347
3348
3349
3350
3351
3352
3353
3354
3355
3356
3357
3358
3359
3360
3361
3362
3363
3364
3365
3366
3367
3368
3369
3370
3371
3372
3373
3374
3375
3376
3377
3378
3379
3380
3381
3382
3383
3384
3385
3386
3387
3388
3389
3390
3391
3392
3393
3394
3395
3396
3397
3398
3399
3400
3401
3402
3403
3404
3405
3406
3407
3408
3409
3410
3411
3412
3413
3414
3415
3416
3417
3418
3419
3420
3421
3422
3423
3424
3425
3426
3427
3428
3429
3430
3431
3432
3433
3434
3435
3436
3437
3438
3439
3440
3441
3442
3443
3444
3445
3446
3447
3448
3449
3450
3451
3452
3453
3454
3455
3456
3457
3458
3459
3460
3461
3462
3463
3464
3465
3466
3467
3468
3469
3470
3471
3472
3473
3474
3475
3476
3477
3478
3479
3480
3481
3482
3483
3484
3485
3486
3487
3488
3489
3490
3491
3492
3493
3494
3495
3496
3497
3498
3499
3500
3501
3502
3503
3504
3505
3506
3507
3508
3509
3510
3511
3512
3513
3514
3515
3516
3517
3518
3519
3520
3521
3522
3523
3524
3525
3526
3527
3528
3529
3530
3531
3532
3533
3534
3535
3536
3537
3538
3539
3540
3541
3542
3543
3544
3545
3546
3547
3548
3549
3550
3551
3552
3553
3554
3555
3556
3557
3558
3559
3560
3561
3562
3563
3564
3565
3566
3567
3568
3569
3570
3571
3572
3573
3574
3575
3576
3577
3578
3579
3580
3581
3582
3583
3584
3585
3586
3587
3588
3589
3590
3591
3592
3593
3594
3595
3596
3597
3598
3599
3600
3601
3602
3603
3604
3605
3606
3607
3608
3609
3610
3611
3612
3613
3614
3615
3616
3617
3618
3619
3620
3621
3622
3623
3624
3625
3626
3627
3628
3629
3630
3631
3632
3633
3634
3635
3636
3637
3638
3639
3640
3641
3642
3643
3644
3645
3646
3647
3648
3649
3650
3651
3652
3653
3654
3655
3656
3657
3658
3659
3660
3661
3662
3663
3664
3665
3666
3667
3668
3669
3670
3671
3672
3673
3674
3675
3676
3677
3678
3679
3680
3681
3682
3683
3684
3685
3686
3687
3688
3689
3690
3691
3692
3693
3694
3695
3696
3697
3698
3699
3700
3701
3702
3703
3704
3705
3706
3707
3708
3709
3710
3711
3712
3713
3714
3715
3716
3717
3718
3719
3720
3721
3722
3723
3724
3725
3726
3727
3728
3729
3730
3731
3732
3733
3734
3735
3736
3737
3738
3739
3740
3741
3742
3743
3744
3745
3746
3747
3748
3749
3750
3751
3752
3753
3754
3755
3756
3757
3758
3759
3760
3761
3762
3763
3764
3765
3766
3767
3768
3769
3770
3771
3772
3773
3774
3775
3776
3777
3778
3779
3780
3781
3782
3783
3784
3785
3786
3787
3788
3789
3790
3791
3792
3793
3794
3795
3796
3797
3798
3799
3800
3801
3802
3803
3804
3805
3806
3807
3808
3809
3810
3811
3812
3813
3814
3815
3816
3817
3818
3819
3820
3821
3822
3823
3824
3825
3826
3827
3828
3829
3830
3831
3832
3833
3834
3835
3836
3837
3838
3839
3840
3841
3842
3843
3844
3845
3846
3847
3848
3849
3850
3851
3852
3853
3854
3855
3856
3857
3858
3859
3860
3861
3862
3863
3864
3865
3866
3867
3868
3869
3870
3871
3872
3873
3874
3875
3876
3877
3878
3879
3880
3881
3882
3883
3884
3885
3886
3887
3888
3889
3890
3891
3892
3893
3894
3895
3896
3897
3898
3899
3900
3901
3902
3903
3904
3905
3906
3907
3908
3909
3910
3911
3912
3913
3914
3915
3916
3917
3918
3919
3920
3921
3922
3923
3924
3925
3926
3927
3928
3929
3930
3931
3932
3933
3934
3935
3936
3937
3938
3939
3940
3941
3942
3943
3944
3945
3946
3947
3948
3949
3950
3951
3952
3953
3954
3955
3956
3957
3958
3959
3960
3961
3962
3963
3964
3965
3966
3967
3968
3969
3970
3971
3972
3973
3974
3975
3976
3977
3978
3979
3980
3981
3982
3983
3984
3985
3986
3987
3988
3989
3990
3991
3992
3993
3994
3995
3996
3997
3998
3999
4000
4001
4002
4003
4004
4005
4006
4007
4008
4009
4010
4011
4012
4013
4014
4015
4016
4017
4018
4019
4020
4021
4022
4023
4024
4025
4026
4027
4028
4029
4030
4031
4032
4033
4034
4035
4036
4037
4038
4039
4040
4041
4042
4043
4044
4045
4046
4047
4048
4049
4050
4051
4052
4053
4054
4055
4056
4057
4058
4059
4060
4061
4062
4063
4064
4065
4066
4067
4068
4069
4070
4071
4072
4073
4074
4075
4076
4077
4078
4079
4080
4081
4082
4083
4084
4085
4086
4087
4088
4089
4090
4091
4092
4093
4094
4095
4096
4097
4098
4099
4100
4101
4102
4103
4104
4105
4106
4107
4108
4109
4110
4111
4112
4113
4114
4115
4116
4117
4118
4119
4120
4121
4122
4123
4124
4125
4126
4127
4128
4129
4130
4131
4132
4133
4134
4135
4136
4137
4138
4139
4140
4141
4142
4143
4144
4145
4146
4147
4148
4149
4150
4151
4152
4153
4154
4155
4156
4157
4158
4159
4160
4161
4162
4163
4164
4165
4166
4167
4168
4169
4170
4171
4172
4173
4174
4175
4176
4177
4178
4179
4180
4181
4182
4183
4184
4185
4186
4187
4188
4189
4190
4191
4192
4193
4194
4195
4196
4197
4198
4199
4200
4201
4202
4203
4204
4205
4206
4207
4208
4209
4210
4211
4212
4213
4214
4215
4216
4217
4218
4219
4220
4221
4222
4223
4224
4225
4226
4227
4228
4229
4230
4231
4232
4233
4234
4235
4236
4237
4238
4239
4240
4241
4242
4243
4244
4245
4246
4247
4248
4249
4250
4251
4252
4253
4254
4255
4256
4257
4258
4259
4260
4261
4262
4263
4264
4265
4266
4267
4268
4269
4270
4271
4272
4273
4274
4275
4276
4277
4278
4279
4280
4281
4282
4283
4284
4285
4286
4287
4288
4289
4290
4291
4292
4293
4294
4295
4296
4297
4298
4299
4300
4301
4302
4303
4304
4305
4306
4307
4308
4309
4310
4311
4312
4313
4314
4315
4316
4317
4318
4319
4320
4321
4322
4323
4324
4325
4326
4327
4328
4329
4330
4331
4332
4333
4334
4335
4336
4337
4338
4339
4340
4341
4342
4343
4344
4345
4346
4347
4348
4349
4350
4351
4352
4353
4354
4355
4356
4357
4358
4359
4360
4361
4362
4363
4364
4365
4366
4367
4368
4369
4370
4371
4372
4373
4374
4375
4376
4377
4378
4379
4380
4381
4382
4383
4384
4385
4386
4387
4388
4389
4390
4391
4392
4393
4394
4395
4396
4397
4398
4399
4400
4401
4402
4403
4404
4405
4406
4407
4408
4409
4410
4411
4412
4413
4414
4415
4416
4417
4418
4419
4420
4421
4422
4423
4424
4425
4426
4427
4428
4429
4430
4431
4432
4433
4434
4435
4436
4437
4438
4439
4440
4441
4442
4443
4444
4445
4446
4447
4448
4449
4450
4451
4452
4453
4454
4455
4456
4457
4458
4459
4460
4461
4462
4463
4464
4465
4466
4467
4468
4469
4470
4471
4472
4473
4474
4475
4476
4477
4478
4479
4480
4481
4482
4483
4484
4485
4486
4487
4488
4489
4490
4491
4492
4493
4494
4495
4496
4497
4498
4499
4500
4501
4502
4503
4504
4505
4506
4507
4508
4509
4510
4511
4512
4513
4514
4515
4516
4517
4518
4519
4520
4521
4522
4523
4524
4525
4526
4527
4528
4529
4530
4531
4532
4533
4534
4535
4536
4537
4538
4539
4540
4541
4542
4543
4544
4545
4546
4547
4548
4549
4550
4551
4552
4553
4554
4555
4556
4557
4558
4559
4560
4561
4562
4563
4564
4565
4566
4567
4568
4569
4570
4571
4572
4573
4574
4575
4576
4577
4578
4579
4580
4581
4582
4583
4584
4585
4586
4587
4588
4589
4590
4591
4592
4593
4594
4595
4596
4597
4598
4599
4600
4601
4602
4603
4604
4605
4606
4607
4608
4609
4610
4611
4612
4613
4614
4615
4616
4617
4618
4619
4620
4621
4622
4623
4624
4625
4626
4627
4628
4629
4630
4631
4632
4633
4634
4635
4636
4637
4638
4639
4640
4641
4642
4643
4644
4645
4646
4647
4648
4649
4650
4651
4652
4653
4654
4655
4656
4657
4658
4659
4660
4661
4662
4663
4664
4665
4666
4667
4668
4669
4670
4671
4672
4673
4674
4675
4676
4677
4678
4679
4680
4681
4682
4683
4684
4685
4686
4687
4688
4689
4690
4691
4692
4693
4694
4695
4696
4697
4698
4699
4700
4701
4702
4703
4704
4705
4706
4707
4708
4709
4710
4711
4712
4713
4714
4715
4716
4717
4718
4719
4720
4721
4722
4723
4724
4725
4726
4727
4728
4729
4730
4731
4732
4733
4734
4735
4736
4737
4738
4739
4740
4741
4742
4743
4744
4745
4746
4747
4748
4749
4750
4751
4752
4753
4754
4755
4756
4757
4758
4759
4760
4761
4762
4763
4764
4765
4766
4767
4768
4769
4770
4771
4772
4773
4774
4775
4776
4777
4778
4779
4780
4781
4782
4783
4784
4785
4786
4787
4788
4789
4790
4791
4792
4793
4794
4795
4796
4797
4798
4799
4800
4801
4802
4803
4804
4805
4806
4807
4808
4809
4810
4811
4812
4813
4814
4815
4816
4817
4818
4819
4820
4821
4822
4823
4824
4825
4826
4827
4828
4829
4830
4831
4832
4833
4834
4835
4836
4837
4838
4839
4840
4841
4842
4843
4844
4845
4846
4847
4848
4849
4850
4851
4852
4853
4854
4855
4856
4857
4858
4859
4860
4861
4862
4863
4864
4865
4866
4867
4868
4869
4870
4871
4872
4873
4874
4875
4876
4877
4878
4879
4880
4881
4882
4883
4884
4885
4886
4887
4888
4889
4890
4891
4892
4893
4894
4895
4896
4897
4898
4899
4900
4901
4902
4903
4904
4905
4906
4907
4908
4909
4910
4911
4912
4913
4914
4915
4916
4917
4918
4919
4920
4921
4922
4923
4924
4925
4926
4927
4928
4929
4930
4931
4932
4933
4934
4935
4936
4937
4938
4939
4940
4941
4942
4943
4944
4945
4946
4947
4948
4949
4950
4951
4952
4953
4954
4955
4956
4957
4958
4959
4960
4961
4962
4963
4964
4965
4966
4967
4968
4969
4970
4971
4972
4973
4974
4975
4976
4977
4978
4979
4980
4981
4982
4983
4984
4985
4986
4987
4988
4989
4990
4991
4992
4993
4994
4995
4996
4997
4998
4999
5000
5001
5002
5003
5004
5005
5006
5007
5008
5009
5010
5011
5012
5013
5014
5015
5016
5017
5018
5019
5020
5021
5022
5023
5024
5025
5026
5027
5028
5029
5030
5031
5032
5033
5034
5035
5036
5037
5038
5039
5040
5041
5042
5043
5044
5045
5046
5047
5048
5049
5050
5051
5052
5053
5054
5055
5056
5057
5058
5059
5060
5061
5062
5063
5064
5065
5066
5067
5068
5069
5070
5071
5072
5073
5074
5075
5076
5077
5078
5079
5080
5081
5082
5083
5084
5085
5086
5087
5088
5089
5090
5091
5092
5093
5094
5095
5096
5097
5098
5099
5100
5101
5102
5103
5104
5105
5106
5107
5108
5109
5110
5111
5112
5113
5114
5115
5116
5117
5118
5119
5120
5121
5122
5123
5124
5125
5126
5127
5128
5129
5130
5131
5132
5133
5134
5135
5136
5137
5138
5139
5140
5141
5142
5143
5144
5145
5146
5147
5148
5149
5150
5151
5152
5153
5154
5155
5156
5157
5158
5159
5160
5161
5162
5163
5164
5165
5166
5167
5168
5169
5170
5171
5172
5173
5174
5175
5176
5177
5178
5179
5180
5181
5182
5183
5184
5185
5186
5187
5188
5189
5190
5191
5192
5193
5194
5195
5196
5197
5198
5199
5200
5201
5202
5203
5204
5205
5206
5207
5208
5209
5210
5211
5212
5213
5214
5215
5216
5217
5218
5219
5220
5221
5222
5223
5224
5225
5226
5227
5228
5229
5230
5231
5232
5233
5234
5235
5236
5237
5238
5239
5240
5241
5242
5243
5244
5245
5246
5247
5248
5249
5250
5251
5252
5253
5254
5255
5256
5257
5258
5259
5260
5261
5262
5263
5264
5265
5266
5267
5268
5269
5270
5271
5272
5273
5274
5275
5276
5277
5278
5279
5280
5281
5282
5283
5284
5285
5286
5287
5288
5289
5290
5291
5292
5293
5294
5295
5296
5297
5298
5299
5300
5301
5302
5303
5304
5305
5306
5307
5308
5309
5310
5311
5312
5313
5314
5315
5316
5317
5318
5319
5320
5321
5322
5323
5324
5325
5326
5327
5328
5329
5330
5331
5332
5333
5334
5335
5336
5337
5338
5339
5340
5341
5342
5343
5344
5345
5346
5347
5348
5349
5350
5351
5352
5353
5354
5355
5356
5357
5358
5359
5360
5361
5362
5363
5364
5365
5366
5367
5368
5369
5370
5371
5372
5373
5374
5375
5376
5377
5378
5379
5380
5381
5382
5383
5384
5385
5386
5387
5388
5389
5390
5391
5392
5393
5394
5395
5396
5397
5398
5399
5400
5401
5402
5403
5404
5405
5406
5407
5408
5409
5410
5411
5412
5413
5414
5415
5416
5417
5418
5419
5420
5421
5422
5423
5424
5425
5426
5427
5428
5429
5430
5431
5432
5433
5434
5435
5436
5437
5438
5439
5440
5441
5442
5443
5444
5445
5446
5447
5448
5449
5450
5451
5452
5453
5454
5455
5456
5457
5458
5459
5460
5461
5462
5463
5464
5465
5466
5467
5468
5469
5470
5471
5472
5473
5474
5475
5476
5477
5478
5479
5480
5481
5482
5483
5484
5485
5486
5487
5488
5489
5490
5491
5492
5493
5494
5495
5496
5497
5498
5499
5500
5501
5502
5503
5504
5505
5506
5507
5508
5509
5510
5511
5512
5513
5514
5515
5516
5517
5518
5519
5520
5521
5522
5523
5524
5525
5526
5527
5528
5529
5530
5531
5532
5533
5534
5535
5536
5537
5538
5539
5540
5541
5542
5543
5544
5545
5546
5547
5548
5549
5550
5551
5552
5553
5554
5555
5556
5557
5558
5559
5560
5561
5562
5563
5564
5565
5566
5567
5568
5569
5570
5571
5572
5573
5574
5575
5576
5577
5578
5579
5580
5581
5582
5583
5584
5585
5586
5587
5588
5589
5590
5591
5592
5593
5594
5595
5596
5597
5598
5599
5600
5601
5602
5603
5604
5605
5606
5607
5608
5609
5610
5611
5612
5613
5614
5615
5616
5617
5618
5619
5620
5621
5622
5623
5624
5625
5626
5627
5628
5629
5630
5631
5632
5633
5634
5635
5636
5637
5638
5639
5640
5641
5642
5643
5644
5645
5646
5647
5648
5649
5650
5651
5652
5653
5654
5655
5656
5657
5658
5659
5660
5661
5662
5663
5664
5665
5666
5667
5668
5669
5670
5671
5672
5673
5674
5675
5676
5677
5678
5679
5680
5681
5682
5683
5684
5685
5686
5687
5688
5689
5690
5691
5692
5693
5694
5695
5696
5697
5698
5699
5700
5701
5702
5703
5704
5705
5706
5707
5708
5709
5710
5711
5712
5713
5714
5715
5716
5717
5718
5719
5720
5721
5722
5723
5724
5725
5726
5727
5728
5729
5730
5731
5732
5733
5734
5735
5736
5737
5738
5739
5740
5741
5742
5743
5744
5745
5746
5747
5748
5749
5750
5751
5752
0.008641614260508147 0.2038499675751153 0
0.2142378639166353 0.009385305144650536 0
0.2686244141658155 0.4007345360659042 0
0.2024780260486157 0.4010914443513958 0
0.3032205889355488 0.009544797633098094 0
0.7995588916218443 0.01134225930550398 0
0.7865817697661199 0.3985319243763025 0
0.8689678930037343 0.3981637645888366 0
0.3271808461156098 0.4007965039659185 0
0.007791379772485394 0.1550780492699176 0
0.007669440091149615 0.2542569423710186 0
0.1603766275358054 0.009301277247393326 0
0.9410321852769969 0.01182161666020906 0
0.8691783814073988 0.01342114628995318 0
1.0123021299082 0.01113372874947093 0
1.206389958435802 0.3948611534741399 0
0.939383051023067 0.3978324802390613 0
0.500126977188086 0.2083274708624796 0
1.084826731972728 0.01321064582235332 0
1.011432148397923 0.3974816730543018 0
0.150141626963962 0.4005847013750466 0
1.130670902503357 0.3964798333943359 0
1.159165790360407 0.01244404333330246 0
0.6003507811986089 0.2059975492360306 0
0.3605637429859412 0.01002344258910193 0
1.399508336871314 0.2057593898938087 0
1.500425071591485 0.2060425641028823 0
1.702243478204394 0.01414270044235647 0
1.684607036871709 0.3947935330388583 0
1.237368273724802 0.01297049932433218 0
1.773612145845527 0.3949779542663103 0
0.7333310620942294 0.01148265612349796 0
0.3837895085586128 0.399915431825831 0
1.846493101470434 0.01690484763753418 0
1.919033674390397 0.3944761325230611 0
1.995614540001857 0.01614004477380473 0
0.7205798985303897 0.3988323272123671 0
0.1071865802780174 0.009031586502351651 0
0.008857755764963355 0.305875508043653 0
0.5047550504205587 0.1774208325856332 0
1.2707092848552 0.3986089502887502 0
2.183550697650782 0.2042131582283323 0
1.773964590358301 0.01547404873433783 0
1.84626888929246 0.3941606987361967 0
1.920848242358513 0.01612937559591119 0
1.070653308807168 0.3972488379621572 0
1.995610186682289 0.3935576003450719 0
0.2582581949416716 0.009291627310793438 0
0.4075076679192723 0.0104940793395177 0
0.1067929757208986 0.4009567458604417 0
0.5948582858996171 0.1771435616391474 0
0.008443498035063614 0.1154921769127951 0
0.4311202057080104 0.3997003606750433 0
1.632530441749209 0.01402309327896113 0
1.405177390218798 0.1764028654050309 0
0.6676375027422212 0.3990689922536594 0
1.494858285930323 0.177143561830327 0
0.6806534582393748 0.01127644730793501 0
1.614438710865465 0.3949311435332758 0
0.5141889902232062 0.2378251352202321 0
1.300362963332934 0.01369942399197062 0
0.5855997371854642 0.2355997374277043 0
0.4550684508201066 0.01039338361168908 0
1.414400262669133 0.2355997371027828 0
1.48563319488549 0.2357070919986245 0
0.4800633672094166 0.3977445215560033 0
0.008580116732517214 0.0741471909698346 0
0.6290751046230554 0.01099268077458647 0
1.332226119448668 0.3961294613921973 0
0.6172603924891396 0.3996714868090388 0
0.5279901612285993 0.1551865442974516 0
0.5282289937121873 0.3993202254334532 0
0.5582403704161122 0.2493871339208782 0
2.072353368055583 0.01666331218688091 0
2.0731686939317 0.3945851515978416 0
0.5706673799396441 0.154004871205238 0
1.562520422036594 0.01370868680962713 0
0.06495658557198122 0.4000958646609591 0
0.5033739792202405 0.01062086066400022 0
1.427170793230228 0.1543174119080129 0
0.5531108203559458 0.010756782495497 0
1.546449542444938 0.3951526851079468 0
1.473374864894235 0.1541433654810926 0
1.442437438600725 0.2501226145742079 0
1.364218192397935 0.01395229215082843 0
0.06575202548616553 0.009240282407397609 0
1.398924616688021 0.3965507379826297 0
2.18377562427825 0.2830949944065871 0
2.182414165423924 0.1268959560212542 0
1.495929420807401 0.395527779846937 0
0.007838382474245309 0.3450110799955111 0
0.8274903554397995 0.3983512685659873 0
0.5879230036429197 0.01213936116274641 0
0.2353458664949758 0.4005982567714396 0
0.5653900540768386 0.3992717975485265 0
1.512398108708911 0.01521714506565264 0
1.447205055537861 0.3966634268323246 0
1.412479441184641 0.01294560664646705 0
1.462397317523293 0.0139908683210658 0
0.007670210775006567 0.04454641726435055 0
2.132803099316638 0.01651251169228779 0
2.130107537802957 0.3938116362304476 0
0.03492986123523085 0.4011594991120531 0
0.03513589894011467 0.008345984264986046 0
2.186416125377788 0.3415048207825108 0
2.182513190954978 0.06949245993662787 0
0.009461151093001236 0.3749942834546767 0
1.599097961572249 0.01441109345901621 0
1.580055767481759 0.3951582673185255 0
1.364395018243142 0.3960511592194806 0
1.33206957759942 0.01382644091414822 0
1.649623214361343 0.3922830790453567 0
1.667742136221821 0.0142080906269099 0
1.298348168500367 0.3968261266808754 0
1.268582250852533 0.01442721679587552 0
1.719988209977637 0.3956210622856336 0
1.737919086598194 0.01593363298003333 0
1.237353144709172 0.3965443280533047 0
1.206382420331827 0.01284951113928699 0
1.806945229301377 0.01419097756358924 0
1.175624165961098 0.3967859703575012 0
2.035054264951831 0.3906857950128906 0
0.6948201469074543 0.399276066066526 0
0.7452932743012305 0.3985203919173146 0
0.6546678362157436 0.01078213335857958 0
0.7068729372453179 0.01137908489145456 0
0.7600300065060768 0.0115871692170176 0
1.809779224866258 0.3947321877377046 0
0.6428816286745626 0.3994782587318419 0
1.881895645487388 0.3945846717529037 0
1.882405312656422 0.01518142226376185 0
1.95778763365557 0.01590006559859319 0
1.957131652729204 0.3937354423610215 0
2.034627226193166 0.01880612865964821 0
0.2360997502421338 0.00952881960593871 0
0.8985829454431675 0.01169935057987887 0
0.3259640782717472 0.009888671947896135 0
0.8976482410069352 0.3987368034360371 0
0.968595448840068 0.3981285338113114 0
0.9695769051399949 0.01110517428230543 0
0.2806490762125103 0.009623878087831102 0
1.041164553283135 0.3975044028527384 0
1.040756796585964 0.01268609122459507 0
0.29158617771908 0.4000555716079402 0
0.8271195647147045 0.01143633927051365 0
1.10041180495055 0.3970950887652522 0
1.113913171248462 0.01289485516794603 0
0.5907337315199143 0.3990755477640203 0
0.1817452744711227 0.008892660912643575 0
0.1707612195198082 0.4007195482754734 0
0.1273615248476584 0.009933103308266716 0
0.1277536321690118 0.3998483082865916 0
0.08685640679901474 0.4005342958929423 0
0.08812737340207691 0.008094721674349836 0
0.528218129703932 0.01038330091353949 0
0.3501571501763215 0.4003946383223023 0
0.3840462037897976 0.01100592027636169 0
0.5036221523379018 0.399743266348392 0
0.4069389699543075 0.3993525908929521 0
0.4550684508222951 0.3996066163882543 0
0.4312528186209274 0.01033859904209138 0
0.4792346721461022 0.01048798432539782 0
2.179824970761036 0.2428837637357915 0
2.181940186578948 0.1634509917836018 0
0.008964363600058218 0.325246208574925 0
0.008325661346068557 0.09494682529891257 0
0.008356652663460567 0.2841697050952664 0
0.0088724786726736 0.1347168276347506 0
0.008026832510831031 0.1743696895682529 0
0.008993347666062173 0.2255357160191487 0
0.007579707933184949 0.02518224192741663 0
2.168432541309786 0.01785687152962341 0
2.16901067796258 0.3920298272418329 0
0.008660254037818506 0.3950000000000129 0
0.5006285320974764 0.1883291477119024 0
0.4928300043504634 0.1778583950178141 0
0.4978958875970746 0.1670533151878716 0
0.4858920763702061 0.1674545451081801 0
0.4914592096649528 0.1564420117948568 0
0.4791976242340107 0.1570566610132781 0
0.4736087748912792 0.1680347451375466 0
0.4669304316714237 0.157736731996025 0
0.4613660056228785 0.1686463061005178 0
0.4546997073438492 0.1584118653327202 0
0.44918482609539 0.1692602409579188 0
0.4425784410829435 0.1590911852464301 0
0.4370879792362855 0.1698807006426588 0
0.430490566192351 0.159761418276713 0
0.4250480942710597 0.1704824551805632 0
0.418509291693719 0.1604311168851077 0
0.4130808354806746 0.1710888026217159 0
0.4065705210597924 0.1610879491476161 0
0.4011790503968759 0.1717100901398513 0
0.407651630792125 0.1816919637526171 0
0.3957802921366506 0.1823026349095992 0
0.3893401438410101 0.1723485241777583 0
0.3839798477441184 0.1828869329398513 0
0.3775713855684161 0.1729985265227867 0
0.3722388415633198 0.1835753119519728 0
0.365852345758894 0.1735431678373779 0
0.3605531486458784 0.184158219581903 0
0.3541986445315514 0.1741597351606059 0
0.3488965195370021 0.1847451614315946 0
0.342597182841149 0.1747359081854683 0
0.3373170878187844 0.1853074741225957 0
0.3310593602876716 0.1753493315757716 0
0.3258273812020293 0.1857534288279084 0
0.3195824798332303 0.1758994674237824 0
0.3144023602537719 0.1865382185262573 0
0.3081672193479299 0.1765409214719291 0
0.3030135282256806 0.1871452434101525 0
0.2968027829643488 0.1771204323382499 0
0.2916543207093578 0.1874633039582518 0
0.2854912263026137 0.177684492351842 0
0.2803673179600869 0.1879764529914027 0
0.2742614355643146 0.1781896791690944 0
0.2691351982121748 0.1886055946724468 0
0.263065409331192 0.1787885000222425 0
0.2579606361516598 0.189162466590937 0
0.2519045197484323 0.1796614121767899 0
0.246846773489575 0.1901837557696298 0
0.2407945622913596 0.1803916707409516 0
0.2357720747819883 0.1908369775490742 0
0.2297616358475072 0.1810861246963531 0
0.2247744238351643 0.1913759030182181 0
0.2187705835856522 0.1816929970551827 0
0.2138043368993811 0.1919250266728696 0
0.2078234724012862 0.1822852224292829 0
0.2028478794670693 0.1920145875805668 0
0.1969093148608194 0.1827768332974161 0
0.1919619924428144 0.1924664199598329 0
0.2085364231417035 0.2013036376725141 0
0.2529347866722694 0.1999250538335468 0
0.2977763211433997 0.1973235944344457 0
0.3552187276021705 0.1947766316222591 0
0.1860529804579908 0.1833439664312774 0
0.1811296052345423 0.1929896789142911 0
0.4022317590385498 0.1922706589069128 0
0.1752569611667841 0.1839253697527262 0
0.1703480560268602 0.1935256110849458 0
0.1650509439034579 0.1841393926617478 0
0.1590879067515074 0.1932204411052458 0
0.165353002271719 0.2029408514160154 0
0.1692475527867494 0.1749945569744663 0
0.1546582166537993 0.2038246728020439 0
0.1605492712948908 0.2126200250849833 0
0.1586379763266449 0.1754915671792467 0
0.2127460519619537 0.1725820145487094 0
0.1632602141066794 0.1660939314675244 0
0.1498620076566882 0.2131830471850475 0
0.155670843583153 0.2221295942340502 0
0.1510773790044448 0.1682959004691167 0
0.2569502716071066 0.1693681144743375 0
0.1450170654969754 0.222662167038382 0
0.1508005816338861 0.2316114648479918 0
0.3019645591131881 0.1664882005334052 0
0.1573258301267362 0.1573002736197777 0
0.1466563254755719 0.1578914177620542 0
0.1403098699746813 0.2322194435867166 0
0.1459645985637784 0.2410896869736083 0
0.3478593592609427 0.1641135066357289 0
0.1353238659495685 0.2416151938875434 0
0.1408241097065455 0.2507324005513558 0
0.1516729123883093 0.2500429863035604 0
0.1468500567894232 0.2594723560104436 0
0.1574840285801945 0.2589504170410573 0
0.1358172840848665 0.2608718705718185 0
0.1518239658873187 0.1480287947374138 0
0.1411398551941743 0.1486553817751742 0
0.1345071260935835 0.2236705735420901 0
0.152592061690125 0.2685155293600479 0
0.1632732273624601 0.2679295645228567 0
0.1460070927849463 0.139112620632973 0
0.1353930425269655 0.1397103277925943 0
0.1305885356485571 0.149152382146863 0
0.4119539446298777 0.150449841988872 0
0.1250752732515544 0.1403963855140419 0
0.1201732304379055 0.149752477542809 0
0.1583972040360396 0.2774590811060291 0
0.1690884739256925 0.2769038437134804 0
0.1296564675987499 0.1308668603544698 0
0.4601038903258937 0.1476227489185354 0
0.1178948915463795 0.1320433287216506 0
0.1566498480501534 0.1385320152624246 0
0.1236479875757026 0.1221246255862213 0
0.1641981737038916 0.2864196825673062 0
0.1749107942642819 0.2859037928679273 0
0.1133203598269304 0.1223193816654026 0
0.1535191888952343 0.2869614465361616 0
0.118080526015762 0.1132031652861717 0
0.1076030035552374 0.1137305503880548 0
0.1039995838955868 0.1221693315466021 0
0.1592987530826661 0.2959211248743499 0
0.148640024918961 0.2964339029579817 0
0.1123407430461367 0.1044206532531531 0
0.1227865682848731 0.1037608882503303 0
0.1018949773071942 0.1049815011066618 0
0.1544080526558286 0.3054026285949576 0
0.1437763872482078 0.3059088008163267 0
0.1797983996991704 0.2763233194910573 0
0.1856671387796958 0.2853861540359594 0
0.1905726740768753 0.2757494421121072 0
0.1964669382452311 0.284865381199812 0
0.2014038536206084 0.2752216467554314 0
0.2073081731262335 0.2843416004058592 0
0.2023275442255372 0.2939506710280781 0
0.2132104725501462 0.2934068252195475 0
0.2182038712194511 0.2837926907145839 0
0.2241063742504372 0.2923396985217434 0
0.2291465573295783 0.2831343281613052 0
0.2350950446517931 0.2924593801259194 0
0.2401457870776474 0.2826454474446741 0
0.2460958342841982 0.2913011112798173 0
0.2511867475457373 0.281988155601046 0
0.2572048676732897 0.2914780622981647 0
0.2622756081902529 0.2815375891347476 0
0.2683319606810965 0.2910912730469613 0
0.2734317426543375 0.2809972605507842 0
0.279479714003433 0.2903757379191507 0
0.2846147455535555 0.2804055019534662 0
0.2906214612601101 0.2900567405101598 0
0.2958595752023865 0.2798567659814375 0
0.3019321614805386 0.2895117329478919 0
0.3071633882662813 0.2792211265880549 0
0.3133262628898921 0.2889719105273509 0
0.3185298916585502 0.2786307054162306 0
0.3247234365205481 0.2884346661444723 0
0.3299359009950932 0.2781195158237716 0
0.3361382509979179 0.2877472204295554 0
0.3413952048543029 0.277520978133145 0
0.3475898759143113 0.2873058519655317 0
0.3529155621335761 0.2769905467401206 0
0.3591471794798947 0.2868062598499625 0
0.2197624244309989 0.3025234017493799 0
0.2503736299330905 0.3021698113411533 0
0.3079850694791865 0.299482116749497 0
0.3644849061927157 0.2763331682709653 0
0.3707976176727462 0.2861978278295007 0
0.3761301936083912 0.2758189438643642 0
0.3824692801261623 0.2856540728476049 0
0.3878245587816136 0.2752809246133796 0
0.3941789531215217 0.2850372854657449 0
0.3995492096323124 0.2745406270577883 0
0.4059674865235068 0.2844899500876269 0
0.4113806583539542 0.2740616476934329 0
0.4178061511781173 0.2839235581072957 0
0.3653778262973708 0.2968751832730674 0
0.4123728347312516 0.2944850651598884 0
0.4242371177001264 0.2939091669467795 0
0.1066157319874409 0.0956626328846423 0
0.09619264116601817 0.09622856631759406 0
0.4232430199805167 0.2733424890523198 0
0.1495269826737894 0.3148608434590302 0
0.1389113127126713 0.315355067097163 0
0.4187800903957914 0.3044901549404156 0
0.4306846631566181 0.3039241829349114 0
0.1331707163931456 0.3064449624920542 0
0.1283477606513222 0.3159470120857686 0
0.1226188003304153 0.3069877582282588 0
0.1178189953880561 0.3164583537088937 0
0.1121206193496738 0.3075354874301797 0
0.1073366925487305 0.316990241742992 0
0.1016618751292563 0.3080812175746899 0
0.09689731178929746 0.3174897133729614 0
0.09124607003645599 0.3086199746778462 0
0.08649356863018495 0.3178614186710872 0
0.4436568276675409 0.1800551097600515 0
0.1009099635748671 0.086924056567034 0
0.09050822573230351 0.08750491866306682 0
0.08580618113456392 0.09677055444329501 0
0.08087325863283784 0.3091149875965583 0
0.08560388484239256 0.2998859148988936 0
0.08014018321282752 0.08806941404105258 0
0.1340488372897973 0.3248901027021784 0
0.09206921739766734 0.326763050994098 0
0.08173512820365035 0.3270871234895256 0
0.2338302982110023 0.2722517775283012 0
0.4252071194995702 0.3145138179098513 0
0.4371421135893608 0.3139719010581164 0
0.4426363137180259 0.3033313390454831 0
0.4491361054221664 0.3134326889327514 0
0.4546522978992933 0.302732921301599 0
0.4611835759857021 0.3128882685289422 0
0.4667270775042863 0.3021325083447405 0
0.473291522919874 0.3123407584688124 0
0.2785174126923922 0.2709772959674152 0
0.07573439809081239 0.09744712376321805 0
0.3237180582124385 0.2684871097386924 0
0.07526061557339793 0.3004018041670488 0
0.07997039597881246 0.291195514345487 0
0.08482541205312574 0.07882531546990666 0
0.07449598400328469 0.07939144142748476 0
0.4788703970576806 0.3016706626172699 0
0.4854622438136149 0.3118128776813403 0
0.4724265039423372 0.2918110881623869 0
0.3797071168434243 0.2653461991232129 0
0.4912476800227893 0.3015002424901105 0
0.4976687528542927 0.3112223881652735 0
0.4921019634529269 0.3219466962089028 0
0.5043982107890104 0.3214796595233416 0
0.5101409268732817 0.3108718589039693 0
0.5166224131015549 0.3210188125369178 0
0.4435502511083467 0.3240560678238012 0
0.08733636548071977 0.3357872931931404 0
0.0769989981664512 0.3362694844746263 0
0.0697383393120712 0.2916571333728474 0
0.07436969705165671 0.2825193296614649 0
0.1954956944685151 0.2660896396412157 0
0.4156012831294579 0.2617681783541226 0
0.4285021350214496 0.2624488199471085 0
0.5224728062760593 0.3101666452476522 0
0.5288944610475315 0.3206289584706793 0
0.4133164577825388 0.3150671566502612 0
0.1601667296104117 0.31436158992378 0
0.06494216761179722 0.3008908576953381 0
0.07915252715117548 0.07017125160048047 0
0.06885847771471316 0.07073824022914324 0
0.5346666321808549 0.3095052628058619 0
0.5412914418937415 0.3200095993272867 0
0.5470439258654133 0.3088945576459379 0
0.5537473465340351 0.3193725731108328 0
0.5594142289023567 0.3078101233395183 0
0.5662053878685426 0.3187221030643219 0
0.5718176483627817 0.3066490904888886 0
0.5787058477416642 0.3181512414518391 0
0.5844429191322011 0.306763877255847 0
0.5912730394136411 0.3177109140440866 0
0.5970607133243351 0.3063685390979907 0
0.6038735361448608 0.3171104837810164 0
0.6096887762336172 0.3057954592245355 0
0.616521337591511 0.3165490945510472 0
0.6223079734311191 0.3048887435170126 0
0.6292090745339952 0.3159372783767341 0
0.6349631155682488 0.3038524956312093 0
0.6419448920185619 0.3152960537343884 0
0.6477926363996793 0.303701003845873 0
0.6547527459465583 0.3147939656941063 0
0.6606648329564423 0.3033983404688839 0
0.6535597438906021 0.2915151890086659 0
0.6665607282678259 0.2918949953555197 0
0.6735580897595583 0.3028735482456001 0
0.6795045973778191 0.2913802174984117 0
0.6724249014316002 0.2801436574407041 0
0.6854124675032224 0.2797579159439318 0
0.6924840439080441 0.2907823532721852 0
0.698446349163464 0.2792027156644334 0
0.6913728162237194 0.2682702504271399 0
0.7040154512678747 0.2674032352709126 0
0.6973761798777699 0.2566541580056731 0
0.709943184247142 0.2557411125695547 0
0.7032254668363382 0.2449268327918985 0
0.7163069897931111 0.2442687352516588 0
0.7092453299984124 0.2332572859581007 0
0.7223821637274812 0.2326157304628646 0
0.7152562804430533 0.2215621956531481 0
0.7284221368144278 0.2209064092277014 0
0.7355703054659851 0.2318184178060465 0
0.7416326059798097 0.2202032663013084 0
0.7488181865616341 0.2311716298132111 0
0.7549067225459962 0.2195045040701969 0
0.7621006679233397 0.2300711876857238 0
0.768234934068373 0.2187378076039109 0
0.7754807901000705 0.2301094623872767 0
0.7816296989233759 0.2181474781407458 0
0.7886228041110452 0.230111931586615 0
0.7950371797287887 0.2175784779673302 0
0.8023532711487935 0.2289574430596292 0
0.8085854197071203 0.2168118274456383 0
0.8159492204208362 0.228216971478284 0
0.8221700946660597 0.2160947535881071 0
0.8295703718221599 0.2275517313747016 0
0.8358214505558854 0.2153839260121893 0
0.8432485067887552 0.2268981311767029 0
0.8495272762192012 0.2146770199691574 0
0.8569785215783712 0.2260664921509965 0
0.8632715648084217 0.2139589022868141 0
0.870773989554083 0.2253799793053072 0
0.8770962543024703 0.2132409774899592 0
0.8846108656908088 0.2241897718068619 0
0.8910023144793172 0.2124769751045102 0
0.8985353545051631 0.2234318693505045 0
0.9049598408508768 0.2117351524016967 0
0.9125504547211222 0.2236061414648137 0
0.9189856407653274 0.2111927269885609 0
0.9266314450838796 0.2231452156855121 0
0.9330741861897752 0.2105329267931368 0
0.9407255438134189 0.2220066687190189 0
0.9472204258630145 0.2097836207792644 0
0.955394750387983 0.2209388893216124 0
0.96151270315963 0.2089837549067827 0
0.9697514471886569 0.2205184526116285 0
0.9756850184438119 0.2082070314122551 0
0.9835983699843133 0.2206705660893282 0
0.9900685039389132 0.207721068915572 0
0.9979038967301547 0.2201686588982255 0
1.004471752874478 0.2070983759372937 0
1.012275654163497 0.2195058760562966 0
1.018930488738288 0.2063782769442759 0
1.026705331737374 0.2191055021578905 0
1.033453515630489 0.205728796383788 0
1.041353175993269 0.217491887304885 0
1.048063685894275 0.2048421629395396 0
1.056016609170694 0.2170695971334362 0
1.062734669242811 0.2041556429075239 0
1.070718645382389 0.2164257039757239 0
1.077460449342569 0.2034222281188424 0
1.085468066621147 0.2155823597140456 0
1.092243166022947 0.2026851084991375 0
1.100278638981883 0.2148536126319538 0
1.107079425249886 0.2019281658647224 0
1.115161144510365 0.2141481459911168 0
1.12197254321497 0.2012021407956241 0
1.130098132740397 0.2134802445167164 0
1.136915671593802 0.2004443884339804 0
1.145043587074779 0.2127081985404682 0
1.151880596178668 0.1992793605033373 0
1.160026735633687 0.2118592401942221 0
1.166892615911668 0.1984272308779514 0
1.175070231369822 0.2110893949204961 0
1.181959640085437 0.1976875185917901 0
1.190112297781388 0.2103338334154578 0
1.196968807926139 0.1973292858102099 0
1.205037723533891 0.2095781106130059 0
1.211836171152751 0.1967135569295586 0
0.7212625622820226 0.2098464912524964 0
0.7743153364073173 0.2069743480361341 0
1.219878485817713 0.2087154395363862 0
1.226550299688604 0.1957121093451767 0
0.8283325539603129 0.2041306806367327 0
0.8834284823488427 0.2008639453617651 0
1.234469539462257 0.2078843258251516 0
0.9414698347859753 0.1977037028041139 0
1.241097024531048 0.1949895950986494 0
0.9986779433551116 0.1950144497405187 0
1.054715188971542 0.191393889985851 0
1.249137932212477 0.2072169601366498 0
1.242923242448608 0.2196498681677098 0
1.255741345292091 0.1944111799149443 0
1.256990707792396 0.2193677120274828 0
1.113828258151586 0.188179112533363 0
0.7958854271454066 0.2419537730637913 0
0.8514113241822165 0.2390666762022922 0
0.9054888749389309 0.2370796335747829 0
0.9771353038485137 0.2325889396602246 0
1.183216806053949 0.2236948350019433 0
1.247775605872103 0.1821965417893686 0
1.26212250024869 0.1815413476822111 0
1.188910133450075 0.183491151906321 0
1.049230672645912 0.2306696303483148 0
1.108351695634708 0.2273632520386737 0
1.250881519425255 0.231640017968109 0
1.264624229535834 0.2313218159128222 0
0.7055159126470313 0.2901997568786808 0
1.254354302052066 0.1694213462680582 0
1.268680259849851 0.1687677285685623 0
1.258715348618291 0.2436463124846579 0
1.272506344154811 0.2432218065004796 0
1.260956510303169 0.156669380893164 0
1.275290912832118 0.1560213456567696 0
1.266550755795012 0.2556642292724698 0
1.280350012591167 0.2552395825500914 0
1.282948370513425 0.1680624782658657 0
1.28950225667933 0.1554194849490277 0
0.7081272790817748 0.2105073193968547 0
0.7141048001136864 0.1988101665210954 0
1.28189395998164 0.1433734705440317 0
1.296155233105159 0.1427872713643736 0
1.273809727963997 0.2673276347460001 0
1.288093082400305 0.2672239097876603 0
1.259631173900675 0.2651882970086436 0
0.7009958636019828 0.1994707308010499 0
0.7069599483367438 0.1877934080351091 0
1.294534996836985 0.2545716529192438 0
1.302300159159241 0.2665162255249631 0
1.297120959769203 0.1673777989798982 0
0.6938915637177328 0.1884546467798601 0
0.699835911499186 0.1768131913257398 0
0.7129188877959982 0.1761256379609939 0
0.7057706062240853 0.1651069056829782 0
0.7188914134658144 0.1644373852236153 0
0.7117417239176316 0.1534231413710955 0
0.7248842248980508 0.1527193238784468 0
0.6986265764361108 0.1540898057442089 0
0.7045780661127825 0.1424341977729629 0
0.691507104862622 0.1431154172497525 0
0.6974322564021184 0.1314720584838686 0
0.6843372789387024 0.1322860279017949 0
0.6903024721642831 0.120535131353081 0
0.6772047735089737 0.1215110870866513 0
0.7033572493303133 0.1198254295326657 0
1.288497544770782 0.1306976244398413 0
1.302825248836644 0.1300993943520974 0
1.281174191445455 0.2781776969149038 0
0.6902199232663988 0.2456440967165703 0
1.308739312665364 0.253891597798209 0
1.316402953578355 0.2657112453627763 0
0.6962090526163816 0.1088629819994746 0
0.7092852939642849 0.1081552045046584 0
0.6783603490440453 0.1440572897715547 0
0.7576942464114095 0.2406151616598192 0
1.295133103178993 0.1179700287708021 0
1.28078962150306 0.118506160273651 0
1.309545498814167 0.117460646829511 0
1.317198233370932 0.1295248705173042 0
1.323943825225321 0.1168431714284036 0
1.322733770447318 0.2532233446475443 0
1.330406348774235 0.2649469403390959 0
1.324071188447023 0.2774665960442277 0
1.338127198645639 0.2766699581835694 0
1.331783543871998 0.2892547165138941 0
1.345965741525467 0.2884333945450958 0
0.7021279869064677 0.09717111582608684 0
0.7152295487420921 0.09646295340525561 0
1.339535215525596 0.3011369216950581 0
1.353853998491396 0.3003003367366379 0
1.331597863901842 0.1281196130016454 0
1.338346278696449 0.1161860379442016 0
1.287492516909517 0.1057447827855071 0
1.272929606914417 0.1062630083564427 0
1.330647255157617 0.1041443406031767 0
1.345145056081394 0.1036487270773439 0
1.352733883009268 0.1157994979074651 0
1.3594665336804 0.103215208711681 0
1.247032920293127 0.1569526298988082 0
0.06413852228497804 0.2829112940968219 0
0.06875448210110105 0.2738194850375512 0
0.07902592117881117 0.2733470654768085 0
0.07344110532150956 0.2646857991073763 0
1.336638550483464 0.2525246189944474 0
1.329134230485066 0.2409273021793817 0
0.5477973809395693 0.3310852119981335 0
0.6488412405103916 0.3262749632540433 0
1.347338797390215 0.3130946639961956 0
1.361721555342034 0.3122334940147468 0
1.332949875749444 0.313923444700563 0
1.368191821081191 0.299426264031868 0
1.376086719494879 0.3113793912654502 0
0.5979563480007958 0.3286351913291358 0
0.7080499202114089 0.08547412998650046 0
0.6949712549145579 0.08618716730609823 0
0.7211521279489252 0.08468269882224035 0
0.7283757593112486 0.09576945188338727 0
0.7343351501149769 0.08393033268127213 0
0.741591711060107 0.09508409802251243 0
0.7475988878305058 0.0832659517710486 0
0.7548604991967113 0.09440341426951566 0
0.7609108215372005 0.08250161440266877 0
0.7681995629787549 0.09371380162030372 0
0.7742672595575806 0.08178376398182158 0
0.7815857654686912 0.09302621115780421 0
0.7753995045418921 0.1050680741618736 0
0.7888924455528299 0.1043900388861004 0
0.7950441280795851 0.09230351817606408 0
0.8024477833988501 0.1037730328296154 0
0.8085778349148629 0.09156364494951084 0
0.8160205833040745 0.1030789550520822 0
0.82215218536886 0.09080512825121853 0
0.8295887321760638 0.1022540344333949 0
0.7961916774893658 0.1162077904230161 0
0.8358020470628397 0.09003022431949416 0
0.8432600886114188 0.1015703490022545 0
0.849498845743861 0.08930794381491935 0
0.8570035711321299 0.1008436651243827 0
0.8507326294474649 0.1131347433742256 0
0.8644996763003796 0.1124040819844794 0
0.8708025496565255 0.1000966275605935 0
0.8782276481238058 0.1122706822288722 0
0.8846577596622323 0.09942909305347358 0
0.8921288114278895 0.1117054066579101 0
0.8985836432124579 0.09871088919141785 0
0.9062077098978012 0.1106277200032378 0
0.9125879729730018 0.09789876821648759 0
0.9202544289617427 0.1098540563202655 0
0.9266531652758508 0.09712236838810652 0
0.9343566159779035 0.1093126919094322 0
0.9407747886237872 0.09638557529961307 0
0.9485118356714232 0.1086367444665133 0
0.9549573458006293 0.09563065613386959 0
0.9627262214745534 0.1078771073866171 0
0.9692024990765363 0.09485397758401863 0
0.977006233328644 0.1071537739530207 0
0.9835065729464509 0.09407967962138272 0
0.9913472776600214 0.1063774912731408 0
0.9978844664997736 0.09329776269345318 0
1.005756310946474 0.1056460225024411 0
1.012323324633427 0.09251702510718064 0
1.020226892617661 0.1048619428951526 0
1.026798801493874 0.09195205462827445 0
1.034758757000809 0.104160106309181 0
1.041559303661636 0.09130785402002238 0
1.049376521127687 0.1032805372123044 0
1.056243729443254 0.09029251361019973 0
1.064047059668374 0.1025688145045676 0
1.070749519973624 0.08936948937507888 0
1.078742277188872 0.1018208311496369 0
1.085465022699668 0.08855318872732808 0
1.093524802499653 0.1010101502776511 0
1.100246704453392 0.08804364556221692 0
1.108358919176003 0.1002970899364317 0
1.115358238441996 0.0874282225350663 0
1.123284302951759 0.09953550686089395 0
1.13033517875598 0.0863580324736184 0
1.138240839152556 0.09872573879658235 0
1.145069668706505 0.08572611327729995 0
1.153178277808915 0.09796963920253945 0
1.16026669601244 0.08510968589234227 0
1.168203118304312 0.09720384905157002 0
0.8582118506859947 0.1246976004328273 0
1.146365442598719 0.1111888345453779 0
0.8996773998944713 0.1235766147674787 0
1.175262328727535 0.08401784682641861 0
1.183178972653093 0.09637670879325518 0
1.189975462546015 0.08338224750172106 0
0.9561634292062948 0.1212682750192533 0
1.382500493045372 0.298545924967092 0
1.390515678162958 0.3104641347125803 0
0.06312729700617419 0.2651236497165551 0
0.06782054203073323 0.2560079835181714 0
0.07810823907283927 0.2555003029445869 0
0.0724969203026682 0.2468566501701659 0
0.06221319617032019 0.2473834024725579 0
0.06686733236274574 0.2382133741550711 0
0.07715436190919521 0.2376692619557439 0
0.07151991094129106 0.2290170948735503 0
1.0135929056162 0.1182100158803964 0
0.615323104914313 0.2932402098316401 0
0.5108918555415796 0.3316038457902198 0
0.9188887119460603 0.08534542172927824 0
0.08182935138841045 0.2284637979941679 0
0.07617970711884818 0.2198190342493938 0
0.06588295503413681 0.2203804756088219 0
0.07052208849432259 0.2111770341001856 0
0.08083739225547175 0.2106055782898474 0
0.07516561112320323 0.201955372883243 0
0.08549470121416916 0.2013759084106733 0
0.0798229872737808 0.1927271443193024 0
0.06950076934400982 0.1932949975408839 0
0.07414162996810988 0.1840975786949049 0
0.06385203173641166 0.1846678982181516 0
0.06847601541424052 0.1754917796915459 0
1.086787574364605 0.1143191875237253 0
0.4221965282025464 0.2526673868352345 0
0.4341513766126567 0.2520557004087349 0
0.166313406332226 0.2215839364148581 0
0.08259306941380587 0.3451991849371057 0
0.0722746389028142 0.3454937236406168 0
0.0929094110468021 0.3452081041438835 0
1.279586184373259 0.09336088928141269 0
1.265513466900254 0.09401150164328947 0
1.367019483083407 0.1153786892619721 0
1.373753555427772 0.1028084365297942 0
1.352258882068314 0.09107721485691612 0
0.09013807542140628 0.1921486065560562 0
0.05821268381785766 0.1760944319944974 0
0.06282351718278437 0.1669095737248888 0
0.6879406026785758 0.200098378249813 0
0.07350861088150225 0.06154117754896416 0
0.0838027832726278 0.0609630147272726 0
0.063230874258467 0.06212258134853036 0
0.05859123707204625 0.07128233221527323 0
0.0666971720441093 0.3367858316532303 0
0.06199093121990929 0.3459386981909419 0
0.680867196526299 0.1891321601513729 0
0.6749367824948832 0.2007041823441324 0
0.6679000351094302 0.1898421139317359 0
0.662002509334283 0.20132710919689 0
0.9900066666843914 0.08137243610753027 0
0.814707004552729 0.07939667178090555 0
0.5279992764841639 0.2991744303804297 0
0.4276448086927701 0.2419758326971372 0
0.4396439972098101 0.2413684066441763 0
0.4174410153261484 0.2428537102276289 0
1.34283575864655 0.2402199879935952 0
1.335412161476842 0.2287554809305522 0
0.6550025487650646 0.1905239738638188 0
0.05643683263639446 0.3373083538679577 0
1.384044679908965 0.3234548885635362 0
1.398515753026362 0.322480875469676 0
1.404939695631387 0.3094973583139238 0
1.412971964201193 0.3214696228773351 0
1.419267092900331 0.3085181656827178 0
1.427353115520421 0.3203765833117283 0
1.433655196440847 0.307845921796981 0
1.441728529321697 0.3193758740245463 0
1.448068642571988 0.3068947109021032 0
1.456098444112741 0.3183910774392789 0
1.46243624762254 0.3049425963143723 0
1.470476305041021 0.317183702838905 0
1.47682602999945 0.3037348147784161 0
1.484880683287553 0.3161221408069174 0
1.491250892303128 0.303281129061593 0
1.49932026398114 0.3151823226747435 0
1.50571737665724 0.3023349881005864 0
1.513833564046098 0.3142242078717433 0
1.520294937969441 0.3019122996286116 0
1.528444714777494 0.313311903626704 0
1.534876255831273 0.3002561220210358 0
1.543160340324976 0.3122655565909642 0
1.54974182721522 0.2997110293053259 0
1.558108469071031 0.311575610713889 0
1.564748214180256 0.2980583283689012 0
1.555519284290018 0.2855082798461239 0
1.571195000667341 0.2840946155479898 0
1.580073689553817 0.2968567325287733 0
1.586711334356057 0.2828171744445415 0
1.577803175931653 0.2700068478643289 0
1.593367483271314 0.268687724968088 0
1.584383163763861 0.2557903441903139 0
1.600019694105925 0.2544662303552581 0
1.590947727462637 0.2415834712522535 0
1.606719856009716 0.2401759603175827 0
1.597625406429819 0.2271553500041013 0
1.6135241789924 0.225710179677594 0
1.622702988736665 0.2388665094846001 0
1.629574713497362 0.2242301810846792 0
1.638900054389541 0.2375692455473799 0
1.645868165456409 0.2227039113684323 0
1.655324152082858 0.2362147595394005 0
1.662353341449439 0.2211747120431279 0
1.671914949821016 0.2348395772083931 0
1.679014780599856 0.2196358682277017 0
1.688676608816559 0.233441004283405 0
1.695846522886404 0.2180862285887459 0
1.705602067780928 0.2320267667950628 0
1.712836732861142 0.2165271148023626 0
1.72268191887704 0.2305920153846138 0
1.729979523052957 0.2149568410436697 0
1.739434080721154 0.228919927755994 0
1.747133890535279 0.2138470840235944 0
1.757926613754141 0.2298248104462345 0
1.765139776115226 0.212918023691462 0
1.774741783409383 0.2261952234114251 0
1.782718178080595 0.21056563437351 0
1.792507339451215 0.2250336189985735 0
1.799969730180127 0.209296873347936 0
1.810205529177094 0.2236362300897617 0
1.818153246844139 0.2079690975581336 0
1.828118115732937 0.2221329047149467 0
1.836171339714245 0.2058040309892484 0
1.846115339176803 0.220512188707226 0
1.853710269374781 0.2045262284498625 0
1.864112254760572 0.2189711515261163 0
1.872247555582653 0.2031795881330687 0
1.882346614950823 0.2174656369384993 0
1.890578566519345 0.2009226321023015 0
1.900648307588491 0.2157709447548015 0
1.90841723907389 0.198914135690818 0
1.918946514522381 0.2141159381829129 0
1.604291204488831 0.2127237394767054 0
1.926746057463909 0.1971935699460536 0
1.937385390146409 0.2124799067022482 0
1.94522535068406 0.1955102909886993 0
1.955931142477272 0.2108698879142239 0
1.963775478526255 0.1938524064065749 0
1.974537981520913 0.2091519918978555 0
1.982353735976754 0.1921056203477797 0
1.669269634388246 0.2061822158940417 0
1.737578673784751 0.2009681484221022 0
1.993219753146097 0.207502767868948 0
2.001089955278295 0.1903816560957559 0
1.790599508214406 0.1964666187080349 0
1.844255367071949 0.1916482832281815 0
2.011986400553238 0.2058785930179415 0
2.019961263118451 0.1887766882918465 0
1.8976673552965 0.1837393730401989 0
2.004018890191981 0.2229562762210161 0
1.929465511955104 0.2291428284625679 0
1.856327994634301 0.2350612846347824 0
2.022832277083728 0.2213396028436928 0
1.784854532647671 0.2407602352096419 0
1.732132555590141 0.2427649202563169 0
1.953693847245082 0.1788122630278376 0
1.664062842754194 0.2494357807798359 0
2.008982433163118 0.1732182683278541 0
2.027939106252608 0.1716256017558474 0
2.013894415874692 0.2389532102648008 0
2.033536446548008 0.2369223511179959 0
1.595698846798545 0.2956676331444363 0
2.016993319481509 0.1560896670791707 0
2.035930931457931 0.1544544161545355 0
2.046847126569336 0.1699820012249179 0
2.024551906679574 0.2545902478235181 0
2.04436657813763 0.2524894317087581 0
2.05481992275464 0.1527263038894881 0
2.036308171622854 0.2695931345291673 0
2.016399253689908 0.2716327504654597 0
2.055396386438655 0.2676931416621937 0
2.063522763470951 0.2506861880453318 0
2.025012120523419 0.1389434173018991 0
2.065805062651312 0.1683229561785006 0
1.588435133975767 0.2141769579788058 0
1.595112393902721 0.1998918537208622 0
2.073814370012878 0.1509901505956631 0
1.57954765652928 0.2011196910317509 0
1.586028893633274 0.1869817548055073 0
1.601699420421132 0.1855720551695954 0
1.59251134301438 0.1727889835924296 0
1.608288487630698 0.1711873156467512 0
1.598967374941553 0.158136063348962 0
1.614938902623466 0.1566138714375937 0
1.605566392360895 0.1435880137075678 0
1.621625558750952 0.1419129738583431 0
1.589639839580614 0.1451159099145052 0
1.596172778474491 0.1306640739459612 0
1.580422830998213 0.1322856694329531 0
1.586871417267435 0.1178579397435893 0
1.571224903900199 0.1194787407622396 0
2.074456538454779 0.2659923755040496 0
2.046070415157712 0.2853205125004211 0
2.082570617600328 0.2490028850888624 0
1.577641520522714 0.1050865090736394 0
1.562067914747135 0.1067820055060207 0
1.593387287912 0.1033865210459073 0
1.555809620745044 0.1210881900618301 0
1.546710639323678 0.1084789984351186 0
2.084837742846661 0.1666579532252965 0
1.570672263632356 0.188581592819541 0
2.006081274151732 0.1405855680380872 0
2.014092582884198 0.123449588553492 0
1.995235483187886 0.1251199694790815 0
1.552891323445898 0.094262457243736 0
1.537614073277886 0.09601271750775359 0
1.531488553037292 0.1099902204075412 0
1.522531036865413 0.09774002551376751 0
2.092906769553278 0.1493072675736096 0
2.081851350838818 0.1336129941112726 0
1.56432359919298 0.2022344521502852 0
0.07309771696825489 0.1663029864299187 0
0.06742979108433464 0.157714700323045 0
0.05717584080156064 0.1583265074227377 0
0.06176764679007592 0.1491437785735793 0
1.198050313005679 0.09562621547666476 0
1.20347497312504 0.0830471897671709 0
1.191283352594798 0.1088666374197109 0
0.7008739511131489 0.07450579467657879 0
0.6878169306565379 0.07522175004212234 0
0.05358797872829468 0.185263813813658 0
2.003205826084519 0.1079843381874243 0
1.984399053701352 0.1096700212243626 0
2.021940637407271 0.1061221756555753 0
2.093557732534548 0.2646234339239584 0
1.520081236053398 0.3263611920165832 0
0.05173398884492043 0.3464086598312602 0
1.340742701131878 0.3260206956110426 0
1.326261646808074 0.3268914155762774 0
1.062825877522561 0.07744904628134265 0
2.10098834546399 0.1319175338533151 0
2.089914701854555 0.1161928043301707 0
2.101564598696605 0.2474267033630493 0
0.7320561052236612 0.1637828042977247 0
0.05297507936920937 0.06268819858832832 0
0.7380796977110814 0.152010410115226 0
0.07771198026657386 0.3544178511816654 0
1.465424240042633 0.3302986050396939 0
1.543743113716696 0.08178970531930092 0
0.740301877104267 0.07200477981495572 0
1.20614246437895 0.1081058730911256 0
1.381164972444032 0.1149509278786193 0
1.387970387739283 0.1024613952186285 0
1.374536604980997 0.1272798280035582 0
1.421604263030052 0.3334308933516632 0
1.514119973937691 0.2906877068496138 0
0.05760577370241932 0.05355007751506401 0
2.109086490875287 0.1144882701994942 0
2.097987061959179 0.09872956861192148 0
1.411255147948525 0.2965909900369166 0
1.555709431738934 0.1901540859958092 0
1.271727298588255 0.08090771328504509 0
1.286616930745323 0.08032783714536978 0
0.05153662938533127 0.1497685551410778 0
0.05611636965397641 0.1405988804547305 0
1.568669126369227 0.2564671534014184 0
1.278917202470452 0.2305799065896059 0
0.1168746236602835 0.2982400422549574 0
1.374489412796141 0.2867034735533676 0
0.4331098021189306 0.2312632381602861 0
0.4451522815562564 0.2306470473944641 0
0.4516996049291593 0.2407959209604352 0
0.4847815856137819 0.146127025377086 0
0.1439950230090911 0.2046729245805499 0
1.153195694642257 0.2252518884862782 0
0.4358985864080013 0.1490470495488531 0
1.158736282350497 0.1857841691004641 0
1.516569005356251 0.111460154124013 0
1.507688652543701 0.0994428485652844 0
1.525162290781079 0.1234671509069328 0
0.3711624069412973 0.1629596421035857 0
0.1396483634677955 0.165845979150146 0
0.3247960286143793 0.1653006422752073 0
0.2793723637054591 0.1675753117123976 0
0.3786103690758723 0.1936060570935801 0
0.2349794455299035 0.1714883314785506 0
0.3205972309984039 0.196721430615467 0
0.2307662154961668 0.2016274827174413 0
0.2752965472649427 0.1984868000535049 0
0.05727285278965261 0.355031832104495 0
1.21307979582357 0.2221580582161747 0
1.588887009409891 0.3098833698641212 0
1.604779959670745 0.3087022452294326 0
1.597809216391713 0.323148834304027 0
1.613872557422108 0.3220055370766208 0
1.620876430575634 0.3073567758536079 0
1.630051547057024 0.3207915602898078 0
0.1552798817309259 0.323832318744219 0
0.1659407656691743 0.3233408277419669 0
0.1610488952031715 0.3328300101144019 0
0.1717351541848499 0.3323316101118379 0
0.1668283254659295 0.3418456531975139 0
0.1775399853952535 0.3413461415365693 0
0.1726160668129218 0.3508775468087773 0
0.183355063895361 0.3503871437623326 0
0.1619143091264917 0.3513685316679934 0
0.1882923562966852 0.340815161429655 0
0.1941331555709407 0.3498876676419728 0
0.190949425214473 0.1738160657057854 0
1.116500817756966 0.112764259453661 0
1.965670218598645 0.2267866364488876 0
0.134367304734076 0.121422309743151 0
0.8770810322407538 0.08772061249087806 0
0.167808775639581 0.1573032048521781 0
1.084158142028962 0.1897840706820108 0
0.6995308220659741 0.3018029944329458 0
0.7126000171984559 0.3012110115277997 0
0.7065850410568085 0.3128772619534861 0
0.7197050565551835 0.3122568066241739 0
0.7136677509154238 0.3239546860712126 0
0.7268024589527797 0.3233175693191425 0
0.7328729202850408 0.311604723949724 0
0.7399727378676342 0.3220471123425551 0
0.7461032285397271 0.3108244518762107 0
0.7532574797105506 0.321336989794314 0
0.759390622330761 0.3098625288109583 0
0.7665846919795405 0.3206219476385319 0
0.7727448655613958 0.3091340168241485 0
0.7799993293808682 0.3209101512993536 0
0.7862110789471293 0.3096046948977728 0
0.7934345857303647 0.3196757903984746 0
0.7997187430984358 0.3094917903410063 0
0.8069474431145018 0.3190095346289309 0
0.8132287611557142 0.3081807608115611 0
0.8205368724390694 0.3190718590460304 0
0.8268096396812258 0.3071176155188474 0
0.8341508081936776 0.3176663823253845 0
0.8404676641064497 0.3062470549692566 0
0.8479092124458911 0.3182243592977894 0
0.8542061634818344 0.3056646089715434 0
0.8616827626388824 0.3178124014526891 0
0.868000586762425 0.3050356525469837 0
0.8753593779043661 0.317379741144246 0
0.8818301465144597 0.3043934240242436 0
0.8890278101268272 0.3173877011290799 0
0.8957062496296582 0.3038203301650627 0
0.903298180510712 0.31531723705745 0
0.9100296430841615 0.3024371617329256 0
0.9173960397595937 0.31500891686873 0
0.9237670579935152 0.3021900135977292 0
0.9314368555743533 0.3144989439180009 0
0.937932406150167 0.3023767275518322 0
0.945478427781994 0.3141228656491312 0
0.9520762626231905 0.3014582326619843 0
0.9595141548909245 0.3139000002650409 0
0.9662786264420721 0.3007901591823993 0
0.9740075905081891 0.3121083258587499 0
0.9805971316639949 0.2996424734542881 0
0.9883717651946309 0.3117635399846435 0
0.994952057116767 0.298778257486785 0
1.002773859114573 0.3111348954172988 0
1.009395894471367 0.2981693779721616 0
1.017203370455815 0.3101474237573 0
1.023885253809325 0.2974081679715755 0
1.031593650669467 0.3097205250162188 0
1.038422811606608 0.296620164353243 0
1.046322845285356 0.3088248857120106 0
1.053059029694434 0.2959476513881195 0
1.061000983464242 0.3083007560439379 0
1.067748332665533 0.2952454661023063 0
1.075722641771532 0.3076578927213423 0
1.082494887329593 0.2945304782185183 0
1.090489958420765 0.306874072250285 0
1.097295664950407 0.2937882652437571 0
1.105318416362817 0.3061732092831892 0
1.112136472027459 0.2929899622178886 0
1.120193601943074 0.3054745324384888 0
1.127043587173477 0.2923246004666338 0
1.135114541479351 0.3047875881522286 0
1.141984134754332 0.2916183456030244 0
1.150073145383625 0.3041048087896197 0
1.15695687351407 0.2909080815874217 0
1.165055477637035 0.3034052649629738 0
1.171936706488774 0.290097579767205 0
1.180038634863991 0.3026731104001898 0
1.158136548357453 0.3167078747889722 0
1.113336747051045 0.318702791127307 0
1.054000207333041 0.321937515746652 0
0.981488276359353 0.3252619972434017 0
1.186902608631675 0.2893794977694798 0
1.194976676963408 0.3019540693282993 0
0.9105261796520872 0.3286985300527884 0
0.8390691292947849 0.3317271673262452 0
0.800362013730094 0.3307150048060102 0
0.7599014123643814 0.3322142262648133 0
0.7207436319939227 0.3350159333967201 0
0.707619379528349 0.3356425309899301 0
0.944990993037632 0.2899185549250463 0
0.7794169746907913 0.2968840137329266 0
1.015998646732772 0.2850404968216649 0
0.8192825332363771 0.2952909296795811 0
0.8743494275408158 0.2931115758857296 0
1.188125704695399 0.3152587521120001 0
1.203083966860271 0.3145298324144022 0
1.19623734222128 0.3278611619985914 0
1.211219414414007 0.3271240283803661 0
0.0566012152223485 0.2387743747516632 0
0.05195574369360646 0.2479445785261374 0
0.4676466898243403 0.3229698873571767 0
1.078694379347077 0.2290401749804748 0
0.8444512785875751 0.1254124087032375 0
0.8519125200731565 0.1369647162551455 0
0.838185315314963 0.1376570182134789 0
1.025521400614114 0.1930023429927046 0
1.019048288351714 0.08032100464887464 0
0.9471799321046303 0.08377616128622697 0
0.9699512003161179 0.1963007191906748 0
0.9113340600098531 0.1993193794199502 0
0.8558477468311428 0.2006142599682328 0
0.8420049015805096 0.07777290074852401 0
0.8008154238194138 0.2060449376666814 0
1.042688496801055 0.1167304526695345 0
0.7669437151423996 0.07055516890230452 0
0.2562323557493155 0.2722024835431401 0
0.4197240785919564 0.3250784700531744 0
0.4078685859270548 0.3256312909899589 0
0.4142544097797637 0.3356234588979297 0
0.4024319081933353 0.3361682258052457 0
0.40879940802858 0.3461310806057045 0
0.396992712234606 0.3466533358247965 0
0.3906444644541904 0.3367370741374855 0
0.3852473959423589 0.3472349469352924 0
0.3789063504243115 0.3372504747947989 0
0.3735441178448154 0.34775666369213 0
0.3672250458854423 0.3377120988690872 0
0.3623410577441674 0.3479239489781258 0
0.3556022522076988 0.3384425630170361 0
0.3504261698432251 0.34896433629649 0
0.3440438513306741 0.3389376118319771 0
0.3387460669667422 0.3485815838828838 0
0.3324897389097093 0.3391681724596581 0
0.3272652252247983 0.349648577516689 0
0.3210571883494533 0.3398783329410133 0
0.3158417868609839 0.3502227708486296 0
0.3096784596990024 0.3404467812367287 0
0.3049015992320783 0.3504676586410853 0
0.2984079532147151 0.3409578994614608 0
0.2935500417483415 0.3519396594542378 0
0.2870361234925108 0.3417836807215577 0
0.2819138818961884 0.3512721466979205 0
0.2760285244789882 0.3420036256645004 0
0.2707074682751952 0.3521592341062066 0
0.2648081334097149 0.3425288786172787 0
0.2595389378670026 0.3527191872869144 0
0.2535220686301258 0.343363331543066 0
0.248808851476202 0.3530129993934447 0
0.2424749611451961 0.3439177230752509 0
0.2382595251644849 0.3546401583388802 0
1.083577274405739 0.3203587244664461 0
1.137437230626922 0.07416783279038314 0
0.301011194149058 0.2697383245847437 0
0.9847497215557421 0.1197471466229845 0
0.572859090642336 0.3297295583492429 0
0.9277991369844926 0.1230036719656994 0
0.9387766642411285 0.3274539569931067 0
1.010326338551538 0.3239002708291286 0
0.8688542258925198 0.3303006766635183 0
0.1113393112566468 0.08634785403183848 0
0.3466404120395721 0.2672215001167564 0
0.6233435296279833 0.3273033739665202 0
2.084730997287863 0.2814537925021076 0
0.09112838589097866 0.2100458351257299 0
1.513371956485142 0.08553256247659169 0
1.498632244403847 0.08746152673846626 0
1.492895023445249 0.1010911515867608 0
1.484011790103763 0.08927434201393926 0
1.478275303638728 0.1027026990495124 0
1.469485189650205 0.09105369439013347 0
1.463802776181776 0.1043555383889434 0
1.455012437100232 0.09264474896454762 0
1.489712826746223 0.0755303091295918 0
1.892701145392644 0.2321259096477977 0
0.08747934155768691 0.2371235359022713 0
1.70293683443801 0.2027884456638937 0
0.5901919737955041 0.2954853268159654 0
1.820368326732001 0.2379426770977063 0
0.7184404291592674 0.2903348669729494 0
0.07815569797651108 0.05234966712450378 0
0.08846426883767963 0.05174401969332583 0
1.698020028185765 0.2460208534679281 0
2.103935383820131 0.1649853476476335 0
0.4206348338072903 0.3456041900592005 0
1.19938127927126 0.1213562227258935 0
1.584027664770874 0.09053396213400798 0
1.599818473939641 0.08871439689402189 0
0.4679757958710733 0.1781214002577001 0
0.7452857262138968 0.1631307662496014 0
1.380436972931113 0.0901772344669476 0
1.39494968045543 0.089772750743995 0
1.3872474713383 0.07735191922325277 0
1.402018661203179 0.07696424257905354 0
2.104452179058262 0.2802890559578857 0
2.095598003095708 0.2974656942306649 0
1.402186804820728 0.1020315162384252 0
0.7513327899339847 0.1512997369285169 0
1.24368284595305 0.244820101895297 0
0.7517932812453115 0.298842998888724 0
0.1990926937409491 0.3402761779788804 0
0.04704629000504542 0.3554976282830293 0
0.7585720580522108 0.1624724715716979 0
0.04835925144150422 0.07181290036850634 0
0.07771641078400598 0.1571028608821199 0
1.092391485083279 0.07637752750358799 0
1.492983081009372 0.3289389058913855 0
1.348858981981657 0.228149935247117 0
1.341462986768378 0.2167472406120939 0
1.356352007278259 0.2394472213742539 0
1.327990581334879 0.2173292702209639 0
1.334232059704357 0.2052422397194083 0
1.347637769289632 0.2042099788303888 0
1.340455428337979 0.1931133104788335 0
1.550795953418096 0.3244591534973262 0
1.46113034931451 0.0789097982088777 0
1.218166974393159 0.3137976125468179 0
1.226269146373472 0.3263753827748836 0
1.631085059367074 0.1551337306858839 0
1.637873739748062 0.1402157814504477 0
0.693711250126815 0.063567051672781 0
0.6806795122691082 0.06413995985211131 0
0.6747852760033007 0.07591537619491294 0
0.6676911763375807 0.06484782968813259 0
0.661834525297435 0.07654270088179758 0
0.6547680060150437 0.06573329772498704 0
0.648922342888842 0.07728041174901204 0
0.6418921372435508 0.0664922865196723 0
0.6360758499804536 0.0779402616711846 0
0.6290683508931179 0.06720563511991642 0
0.6232958760747712 0.07861632619535326 0
0.6302645720045083 0.0893398990237806 0
0.6175192693960556 0.09000715051439019 0
0.6105698441007533 0.0792831967213502 0
0.6244695883214285 0.1007135672178464 0
0.6048174388340652 0.09069947261546192 0
0.5978965245742033 0.0800104250642623 0
0.5921663564961392 0.09136727059369293 0
0.5852567378189754 0.08074463922271172 0
0.5795322054357339 0.09147068984728539 0
0.5726884743938748 0.08135803746662298 0
0.5669944828188881 0.09265561280191863 0
0.5601584532594255 0.08212590884392998 0
0.5548836237418517 0.09351243563093305 0
0.5477337338917141 0.08286360686073706 0
0.5420923312517314 0.09399237429173112 0
0.5352394002590972 0.08354500092036053 0
0.5295745175225427 0.09461854077166136 0
0.5228117527862044 0.0842280886855989 0
0.5172027062644962 0.09526648883739813 0
0.5104594063459442 0.08489067448967652 0
0.5160377724453207 0.07387941421114638 0
0.5037192734094509 0.07453571914567704 0
0.4981567378987592 0.08553244204238956 0
0.4914458090415398 0.0752166620319244 0
0.4858742403330178 0.08566512706938295 0
0.4792193708958516 0.07583836640101335 0
0.4736703521657895 0.0862073180076542 0
0.4670556194609895 0.07647182462550316 0
0.4615353612001812 0.08697379518232874 0
0.4549434128202657 0.07717471214863232 0
0.4494501918039152 0.08762952888028604 0
0.4428845963211167 0.07787542073297679 0
0.437423064533909 0.08830792560662187 0
0.4308924948026782 0.07855361874138163 0
0.4254531828290049 0.08894015124048199 0
0.4189525872013581 0.07923590522665265 0
0.4135425399948331 0.08960611450977429 0
0.4070677631512855 0.07991438075992843 0
0.4016874749608004 0.09023193266066414 0
0.3952494588766401 0.08057408079279908 0
0.3898941668044223 0.09089632694141714 0
0.3834845515753841 0.08125210909026516 0
0.3781523027891086 0.0916722948574115 0
0.3717729351123105 0.0819412109171581 0
0.3664746309309844 0.0921733461946465 0
0.360128213634442 0.08257547160010882 0
0.3548550416329361 0.09281082439108528 0
0.3485166308687766 0.08327386436817096 0
0.3432816151469104 0.09349628215179052 0
0.3369805091124224 0.08392254017535131 0
0.3317742585247146 0.09405333435595624 0
0.3255001266005424 0.08456782267985716 0
0.3203219962606897 0.09469429855385089 0
0.314090118883558 0.08519601446317214 0
0.3089187366077937 0.09531413323024902 0
0.3027203087818125 0.08583820388280974 0
0.2975779627052914 0.09590273933061594 0
0.2914040303292183 0.08647383631087763 0
0.2862760321498798 0.09657197839626512 0
0.2801219564239936 0.08711625373065091 0
0.2750264161208502 0.09713915537123351 0
0.2689231936443924 0.08773862928745844 0
0.2638501208939122 0.09771970550872418 0
0.2577662051398224 0.08837084406023768 0
0.2527200737007895 0.09828177346534671 0
0.2466550255068433 0.08899161229888153 0
0.2416204017605207 0.09887072179624094 0
0.2355981101517879 0.08960598588687292 0
0.2305801728235481 0.09944516772908321 0
0.2245879979784435 0.09022940540380305 0
0.2196108133977232 0.1000418858907832 0
0.2136278932288633 0.09084760760409034 0
0.2185763544506061 0.08105300968947145 0
0.2076498393497559 0.08169499211187074 0
0.2516728627823742 0.07910158203899485 0
0.2027171844264082 0.09143392826761106 0
0.1967725767575739 0.08229612396929882 0
0.2016754506791603 0.07259182042323563 0
0.1908263415394596 0.07321886625589279 0
0.2850570637614075 0.07722192894589432 0
0.1859424365222045 0.08287888865906845 0
0.1800216642622336 0.07384067894223084 0
0.3423051289444016 0.07366345057628228 0
0.2255779159847291 0.1092424181851567 0
0.2583478824499922 0.1076815373786239 0
0.2924306929419443 0.1060410780425079 0
0.3248969368403922 0.1045356309064725 0
0.3771902834202029 0.07155366940425979 0
0.361184119767355 0.1027514270602409 0
0.1752663601230589 0.08338787400642023 0
0.1693743273490225 0.07437006750436691 0
0.1741248420295164 0.06483153734102184 0
0.1634966577735925 0.06537735052060968 0
0.4125843064003508 0.06941257304488731 0
0.565725061290588 0.07099071637233985 0
0.4484774862912183 0.06722788686767506 0
0.4847255965509939 0.06502007625411776 0
0.3963215232253134 0.1010751665059632 0
0.5852338548219386 0.1033579202676315 0
0.5488083917012612 0.104433801204146 0
0.1681982910716777 0.05587077868280357 0
0.1575217812045656 0.056491776649058 0
0.540806995068925 0.07246679964076939 0
0.307935993929726 0.07572156600127601 0
0.2146409616770975 0.1098214766614531 0
0.2206045577277927 0.1190163992423264 0
0.2096794200870483 0.1195876888182738 0
0.5908816509079485 0.06952588797134995 0
0.1957040877088332 0.06351143921701576 0
0.181174360180628 0.09259781498741737 0
0.2065505614614067 0.0628833753925412 0
0.2005827094993012 0.05378786723816979 0
0.2114378023573336 0.05316916765732618 0
0.1528034346371271 0.06586421108793393 0
0.1468870032863888 0.05707544937269277 0
0.4201591578444067 0.1000595594774747 0
0.1645160008981309 0.08345499620183963 0
0.5092775579177232 0.0635230080388772 0
0.4444400026337814 0.09900917768465818 0
0.4686368258438656 0.09728675394957416 0
1.181417464920345 0.07182202031724151 0
1.201901410251528 0.2887326631005253 0
0.6491202081384325 0.2019715436576453 0
0.6561014419848082 0.2127702305968163 0
1.353958834035128 0.1919826543141814 0
0.4918050214760591 0.09524238313010244 0
0.04695360727098449 0.158917956311223 0
0.8232902821618278 0.2391590526268874 0
0.1891742331168507 0.3594801651106288 0
1.48313947529588 0.2915640082576595 0
1.637136535870667 0.3060070041132016 0
1.646493276151418 0.3194170614856857 0
1.647466953152435 0.1536823778653643 0
1.654323523625395 0.1386288211744481 0
1.644634183805801 0.1251074614776476 0
1.661217945415669 0.1234702587099831 0
1.651446002046325 0.109890550645698 0
1.668159732620956 0.1081831155749186 0
1.677946625716761 0.1218736584493575 0
1.684967992757751 0.1064653503726669 0
1.694884906379575 0.1202453715235599 0
1.701958511447297 0.1047020577090201 0
1.711849403021571 0.1186080963755082 0
1.719045273982274 0.1029887043867475 0
1.729021805703117 0.1168088618495734 0
1.736319076095713 0.1012023188351368 0
1.746480479002249 0.1151937712943982 0
1.75375034717269 0.09937738735458057 0
1.763809737696887 0.1135783367958765 0
1.771256444895796 0.09764825484412538 0
1.781576402326462 0.1118455658130274 0
1.788931276836682 0.09581222146811728 0
1.799519404537196 0.1101671407192922 0
1.806743980574973 0.09400026859356225 0
1.817158899461616 0.1083020103742012 0
1.824603515716041 0.09215751864502769 0
1.835305260273077 0.1063812024761194 0
1.842625732331027 0.09029385534825284 0
1.853450921053006 0.1048837374481923 0
1.860742207633066 0.08849481209493304 0
1.871397021559625 0.1033376597936291 0
1.658355119858016 0.09491781349241436 0
1.878884318304078 0.08670442338749629 0
1.889589788780536 0.1016125869753216 0
1.897171227746806 0.08486062799752177 0
1.691903356231343 0.09086169037299459 0
1.756260221513991 0.1289364934891081 0
1.907913178201194 0.09983060809932365 0
1.91553712748423 0.08300924804747301 0
1.726143716354114 0.08709599643039138 0
1.810038943578582 0.1237488781068264 0
1.863901117970372 0.1193947126105845 0
1.664003320862692 0.1521574659531414 0
0.8467780998732808 0.2948171259741701 0
1.992331075948003 0.09254840193226573 0
2.115448539587368 0.2960821730104434 0
2.107277586891611 0.3135351871936068 0
2.087396958556173 0.3149506528347646 0
1.65345227136788 0.3047542646501629 0
1.66310298342472 0.3181457278630009 0
0.6432694639480883 0.2133992304903124 0
0.6502120744662777 0.224176985691447 0
0.6374218988057285 0.2247946817033875 0
0.6443436715216631 0.2355600147911223 0
0.6315794711627496 0.2361742355468935 0
0.2156294652042925 0.1287724906231071 0
0.2265682450961267 0.1282119385732862 0
0.2047140760386665 0.1293261016161299 0
1.346700429970683 0.181052530292632 0
0.8788596644505466 0.2371151859678122 0
1.133872022573632 0.2788957545962045 0
1.704610543363225 0.1339025410053641 0
0.04739445357450571 0.05411188822967952 0
0.05199626016653018 0.04500107220021716 0
0.5239533103229977 0.1056585052106342 0
1.670117652118469 0.303335771851289 0
1.679912795075369 0.3170656870368005 0
0.04637898653964405 0.2393582938619822 0
1.760933773955088 0.08331202126993152 0
1.392101626460637 0.3356181014438146 0
0.7146854253335559 0.3466971767360958 0
0.7015999484319206 0.3473176743935493 0
0.4572441883036755 0.2300142688181064 0
0.463839009341468 0.2402392830382596 0
0.3683598835793143 0.3595799147082853 0
0.8456390830193932 0.1492112941695584 0
0.8319305446604315 0.1498964342822893 0
0.8594011262380641 0.1485496868743941 0
1.219374396605942 0.3397461726198524 0
1.234378227349289 0.3389952817509868 0
1.241257982747195 0.3256140191601001 0
1.249399670646846 0.3382335737008117 0
0.05256087968870689 0.3640916040878893 0
0.9024882682662934 0.2904250468953051 0
0.04621623047105743 0.337800712646789 0
0.6421688995568546 0.1911831751022439 0
0.6480043455293101 0.1797616019421328 0
0.06635584430604911 0.1399667163800244 0
1.687111988346498 0.3011794325115934 0
1.696904567337711 0.3156881017976204 0
0.5526431491948296 0.2977747224976434 0
1.704061433603436 0.2990416507588473 0
1.713932888000589 0.3136942555699225 0
1.549572808800035 0.2035215523238169 0
0.9350702209539208 0.2342894224645642 0
0.1999816834887836 0.3589869915416481 0
1.259653716517722 0.1063494258048322 0
0.3110710923931796 0.3587509270558045 0
0.06069734363066943 0.1314104948510978 0
0.05046515682108633 0.1320806541440398 0
0.6384882346973727 0.2469192879832648 0
0.6257464763302556 0.2475333481700464 0
1.44953240990615 0.1060389122504671 0
0.972818752717495 0.2873361380928003 0
1.706600049049787 0.329863164448074 0
1.723853343573822 0.3285735458508138 0
1.731148937515946 0.3119008414258871 0
1.741218898431511 0.3271971629674683 0
1.748695453376774 0.3111183354157223 0
1.75877170216109 0.3262163488046699 0
1.766342430127009 0.3101136923339677 0
1.776424342593295 0.3250035193767103 0
1.783966114615219 0.3084456895633513 0
1.79415949887232 0.3235856310687101 0
1.80174989861805 0.3069248302625879 0
1.812009734359651 0.3221969203760089 0
1.819712229926087 0.3055605330819235 0
1.829954100157703 0.3206348936710826 0
1.837721283092569 0.3040769881479971 0
1.848010779470728 0.3192143998811166 0
1.855827101499687 0.3026572517313065 0
1.866166280147464 0.3178225915063189 0
1.874023768993556 0.3011847294686789 0
1.88441581296863 0.3164198549523921 0
1.892318218599799 0.2997585643494359 0
1.902758420271216 0.3150178267336136 0
1.910699704630556 0.2982760511268692 0
1.921189499821968 0.3135993472136602 0
1.929147375907835 0.2968952652651464 0
1.93968453355697 0.3121886678841543 0
1.947716030745753 0.2953523179865287 0
1.958297152825792 0.3107480244408783 0
0.4151740191630467 0.3561226055785669 0
0.4270309490012879 0.3556051219078654 0
1.590478363512476 0.07574571984393592 0
1.606423421858391 0.07391915695625557 0
1.334110074350279 0.338461020525886 0
1.319541837365525 0.339923389068817 0
1.311515625279612 0.3276120998004309 0
1.304993892003926 0.3402659395685341 0
0.1676871523257396 0.3603944540199697 0
0.1570023633355905 0.3608841761253275 0
0.2548273241991004 0.3611664705673084 0
1.25529535314705 0.08304247488004972 0
1.290604163681207 0.1804503361749434 0
0.1516463728150435 0.04759295642648118 0
0.1410391854740345 0.04827466015012243 0
1.005620057909561 0.233317840849417 0
0.3915686732722575 0.3571658716977655 0
2.117202543115689 0.09702043371072928 0
2.106104654398257 0.08126228909348017 0
2.086895457012026 0.08300356533860173 0
2.099097214364788 0.331005686059626 0
2.077937139081268 0.3331626392985441 0
0.05503416269683107 0.1228816731795329 0
0.2743482663822909 0.300332657183112 0
1.796228683622471 0.07950770374169483 0
1.672609719898962 0.3319246623140637 0
1.297010664401669 0.3283924404095435 0
0.04482684772514396 0.1235389547848494 0
0.04938022688832097 0.1143710391150817 0
1.059758724899126 0.2827230157266081 0
0.1362720633257623 0.05769626572772635 0
0.1304442148136737 0.04883521909873103 0
1.359733662391021 0.1801643845193573 0
1.278591107763656 0.06772998162496152 0
1.293545293286732 0.06714624528281642 0
1.394287799118486 0.06436620285687465 0
1.409146097822345 0.0640139903767645 0
1.379370616272169 0.06478980793075338 0
0.3337656904536831 0.3590773807879713 0
1.623190602676338 0.3352360497095047 0
1.900570694719174 0.1164281656328198 0
1.918719587786405 0.1148117327878209 0
0.1766035927355527 0.3227959994358529 0
1.089245429076957 0.2811758592235315 0
0.4406643430253727 0.2621627266442255 0
0.3307999470361169 0.2984131189759391 0
1.931667663179133 0.3289755724116037 0
1.193782815202173 0.2761319700365386 0
1.164459143682505 0.2772518064669506 0
1.388434689978677 0.1268910535747288 0
1.382554253015895 0.1386007362005542 0
0.7644805941680319 0.1506994708250251 0
0.7718847572738151 0.1618258874304745 0
0.2770420225954184 0.3615869560040963 0
0.04133767188477588 0.1503903062037318 0
0.0423780800047216 0.3645789839214444 0
1.541253421417145 0.1916072538696991 0
1.547243782514351 0.1784717976352453 0
0.6348595745319702 0.05577470405369554 0
2.123730716759552 0.27868498361808 0
0.6372262460615732 0.1000536400063155 0
0.6314171002707366 0.1114300335194406 0
1.89479125449851 0.3316701557239425 0
1.510527498600599 0.1247813441089258 0
1.519107891688157 0.1365861517847793 0
0.6616891101946651 0.3257004847605479 0
0.655750665709472 0.337151610053803 0
1.35282543993301 0.1690763567868885 0
1.831986527804477 0.07568368090887888 0
2.120132828358971 0.1302480805123939 0
0.04181187358463873 0.04556945720605279 0
0.04174850899457369 0.2484550228130271 0
0.03721247157790777 0.05466402638078013 0
2.118443469235614 0.3294067811740015 0
1.214229629110054 0.1205704314708659 0
1.207484156780379 0.1338232705853336 0
1.192614746865884 0.1346189418064495 0
0.2924865526726704 0.3313772687056913 0
2.071548472033317 0.2334079358427978 0
1.858278129790458 0.3343197894035211 0
0.7355595352636993 0.1067968881086105 0
0.438589208200278 0.220534150782822 0
0.7476031100180671 0.2084895983255167 0
1.453131527028391 0.2941576655974545 0
0.6326429095111231 0.2582592346436013 0
0.6199238402814049 0.2588721655068625 0
0.6605163551206048 0.0536048853678559 0
0.2054625051424659 0.04408374123739712 0
0.2163411382965455 0.04344929379682307 0
0.2223319578775293 0.05253480899111151 0
0.2272655435022591 0.04279620347954354 0
0.08278350425750376 0.04315294004999289 0
0.09313551239383693 0.0425101539500813 0
0.3493132921637992 0.3283983526806573 0
0.2215845028202106 0.1379763040025255 0
0.2325556057156555 0.1374202916771131 0
0.6352076555126136 0.1804206497880867 0
0.6409376608657118 0.1689721345820953 0
1.821903032436402 0.3376333924224282 0
1.756064844929006 0.2943378457338585 0
1.750926186738568 0.3423102258774913 0
0.1458002660792098 0.03879068397013365 0
0.1564032666875484 0.03809153457953038 0
0.4271200274717816 0.22079920296973 0
1.326763455403761 0.1419847216057152 0
0.09881341770019524 0.05114273797264627 0
0.3842757542424905 0.3267820854373053 0
0.8393691525682343 0.1614360149100533 0
0.825674052233424 0.1621115889480131 0
0.8182573590810797 0.150612134300508 0
0.05088762761828697 0.3287197883516762 0
0.04065092366593202 0.3292583955296309 0
0.0709535890215381 0.1307705315209552 0
1.63186343107715 0.2519144887433009 0
0.1987828423002717 0.1201813956249331 0
0.193838085914011 0.1299155179547122 0
0.1997397388216652 0.1391156298203444 0
0.1879207143677498 0.1207859098067529 0
0.04534317996327224 0.3201508873271615 0
1.976437298619968 0.1267541826555132 0
0.8120358159547385 0.1627813748751155 0
0.151245027886966 0.3518840585253884 0
0.1463581509329637 0.3613607184053009 0
0.1406188571342429 0.3524244005542091 0
0.1357509999626666 0.3618264693602596 0
0.1300407155633374 0.3529410508912871 0
0.1251944696208134 0.3622980337291655 0
1.868934396790803 0.0729728824997109 0
0.05392789169695651 0.08039560018437461 0
0.04371484503754632 0.0806520443445705 0
0.194619670516792 0.04470178786510448 0
0.1428640345757883 0.287470529887161 0
0.4000837487994839 0.1511060395126932 0
0.4054342264405911 0.1405138260334619 0
0.3936023679455946 0.1411633422434824 0
0.06020979664440597 0.2116276731305336 0
0.6220815553687378 0.05647819536366847 0
0.6186788704639308 0.1120826472739149 0
0.6256081594831334 0.1227862557749994 0
0.6128958970244851 0.123436432763599 0
0.6198075682915934 0.134117389510916 0
0.6325258095293297 0.1334878761083608 0
1.363999796062245 0.2260131103477872 0
1.369845408144857 0.2386414790755957 0
0.0903054446624354 0.2906545058322903 0
1.786198172954572 0.340306349279682 0
0.6513005903391751 0.2462366112959283 0
0.1130005172061651 0.3260388236570532 0
0.1868424269456191 0.2019107244215816 0
0.7067626837875273 0.06274931868440804 0
0.04787002012856366 0.3731446250392461 0
0.05806417132105697 0.3726814928860578 0
0.7086554198870043 0.3583639765625026 0
0.7219916755506888 0.3585141342944789 0
0.6955798474270108 0.3589749137035235 0
0.7803258024109925 0.06982650651664174 0
0.7729853894494119 0.05857694794834489 0
0.7864059547220489 0.05782858538209252 0
0.2063600966240278 0.2655484533621448 0
0.2004451746849337 0.2564251907451066 0
0.2110067019794876 0.2560663147448086 0
0.2053389353524497 0.2467585326153746 0
0.2169797368672841 0.2469907260758443 0
0.1945174171032822 0.247287884041232 0
0.1994504125765402 0.2376078535011045 0
0.0834012679116007 0.1656988272927455 0
0.08804770506580781 0.1564771218220257 0
0.09375069582699784 0.165118314323165 0
0.6864610720373499 0.05212448835540705 0
0.7214408505584673 0.2563635733748217 0
0.1034851312957788 0.04189259870920554 0
0.1623233899554529 0.2494120270431222 0
1.973552396171127 0.09423152550206558 0
1.981459889264451 0.07711084670521784 0
2.000270664266229 0.07542007050622059 0
0.1256618527255138 0.05831339931554735 0
0.1313675343511739 0.06701076679934444 0
0.03918536145546379 0.1149896212354623 0
0.2332872647689873 0.05193696999680056 0
0.2382369784693493 0.04214428256781338 0
1.219186833358933 0.1839011486094967 0
2.125343030387694 0.07951135262573296 0
2.095834646584445 0.1823718687148736 0
2.114975848040627 0.1806990192517113 0
0.0367728424727927 0.1595329295407956 0
1.208738368396132 0.27550177052645 0
1.317545936419501 0.2898768328407911 0
0.4970966825680427 0.1453880017816403 0
1.617476425438397 0.1841737056888284 0
0.6071234137195721 0.1347652729570337 0
0.6140164974854316 0.1454199617582475 0
0.4903584653029185 0.1351245889760035 0
1.377404842487905 0.3365843918480202 0
1.385650407707627 0.3490032016836631 0
0.2442828944722254 0.05131126499879602 0
0.2492860155438985 0.04201967303562765 0
0.2553176014401403 0.05074814039924746 0
0.2603562817500074 0.04146075670937131 0
0.7570720959861312 0.1396161662434526 0
0.2664234036059859 0.05016128693112305 0
0.2714455199976266 0.04031751779322426 0
0.7790488526576281 0.04655632397724854 0
0.7656286455161545 0.04731500002920697 0
1.369965455565349 0.3504099449599469 0
0.03618426034838897 0.2397791866020165 0
0.04078600701304078 0.230719194828178 0
0.03770374896240982 0.3736005905974476 0
0.03222568603671925 0.3650679132488342 0
0.7776958969702759 0.1500722147234907 0
0.194999802440823 0.3685989046772721 0
0.2058357658342043 0.3681143850809758 0
1.809351882364111 0.2901900915642851 0
0.2319307956808349 0.3443704463513808 0
0.2365226092238443 0.3346648242646538 0
0.2775694051230538 0.04954820080878897 0
0.2826083000386976 0.03957636880736019 0
0.2887639269857306 0.04891727265790113 0
0.2938345539382456 0.03904961479130211 0
0.4690912515085826 0.2295811200537895 0
0.4762344852311724 0.239332773368804 0
0.462249798275611 0.2192272089107673 0
0.4704768802060655 0.2504666375131547 0
0.4828661652848626 0.2494192339860371 0
1.256194572111529 0.3248628522410966 0
1.248113799011938 0.3123217416234138 0
1.386477777768667 0.05159397935720417 0
1.371391337371514 0.05204479314706282 0
1.29146410604879 0.3402359188261226 0
0.4152561816422121 0.1928967908403658 0
1.312854021765108 0.3528465718603978 0
1.904746616396029 0.06800975350418964 0
1.922443981548215 0.06580923170976558 0
0.04640926357051582 0.03647066241341543 0
0.0565922920098625 0.03589944000837893 0
1.845420820580091 0.2873275435298844 0
1.458038728109805 0.1174113927600585 0
1.444117254746017 0.1190915906735008 0
0.7924365804549767 0.04577802181029516 0
0.3000029227954511 0.04816205474961741 0
0.305104379850925 0.03838299768770052 0
0.3112944993095099 0.04765815614462267 0
0.1631921348055381 0.3696666015663662 0
1.967167543981045 0.2941819146566225 0
1.977964757444593 0.310039307175892 0
1.969054015713089 0.3263419922410835 0
1.987601349177625 0.3247808200510512 0
1.911345543802445 0.1314563496202633 0
1.242554473465199 0.3516510831299395 0
1.200635818745443 0.2630042626954107 0
1.881830867112667 0.2844054681888425 0
0.5026702689370278 0.1343459293279225 0
0.03625283000129396 0.03703351975088936 0
0.4215575001802821 0.3661358197606661 0
0.4334437169798693 0.3656169255718146 0
0.438935101884783 0.3550821304395942 0
0.4454039856956844 0.3654717016740238 0
0.4509082934186115 0.3545673158754949 0
0.4573995775871809 0.3650237487250201 0
0.462925385763995 0.3539922720785103 0
0.4694335609527456 0.3641761889769572 0
0.4749958181537393 0.3533651174802971 0
0.4815342645076853 0.3635887089456437 0
0.2592457115604312 0.332675519427134 0
0.1412137124036993 0.3706244085051127 0
1.285500922038604 0.05456072416201836 0
1.270508456345399 0.05510579632841623 0
1.300510734824218 0.05400307253689587 0
1.308550957295693 0.06661587325083933 0
1.315577308435773 0.05345969470007975 0
0.1994866433110613 0.03500873399149061 0
0.1886218311735937 0.03573142042052645 0
0.03513085417533242 0.3207007256361663 0
0.03981414631689664 0.3116198823538319 0
1.918608812796604 0.2815099508965824 0
1.55792185348349 0.2155288067240375 0
1.543407473281668 0.2166602559819349 0
2.136461239564164 0.0953276706469348 0
1.955866047259791 0.2785075073550373 0
1.438528836132211 0.09336670002286047 0
1.979550960093315 0.3420124431588343 0
1.99832550314505 0.3406004641471668 0
2.006469348509953 0.3236954388739366 0
2.01716959555587 0.3389776255286163 0
1.320597596358322 0.2058362862216913 0
1.532999372306088 0.1799232064525573 0
1.716359425518298 0.344317620029669 0
2.095040674448983 0.06600155563199631 0
2.07584091088856 0.06760628653165389 0
0.03598131851311544 0.3384261755298172 0
0.3148628046777325 0.3299638445490491 0
0.3164344499825664 0.03788518634257837 0
0.3226504071793381 0.04691869525988857 0
0.3277928394405163 0.03706083831846132 0
0.3340508225663453 0.04620726801069971 0
0.3392418102981092 0.03658633978566529 0
0.345715120271711 0.04546475001486269 0
2.134798673973329 0.2944689705784981 0
1.333159753434033 0.181748064033296 0
0.03465251427873204 0.1241029913711121 0
1.368580387853892 0.1912935487701272 0
1.573987060057532 0.1477383340601791 0
1.59695044537377 0.06082647059593912 0
1.580990868212303 0.06279196447606115 0
1.613237918737618 0.05907327307681279 0
1.363774584596481 0.2507308364768187 0
1.37720584409334 0.2498773612815056 0
0.6177068788858294 0.2358944362351948 0
1.314309868997113 0.2179460120517799 0
0.6630329244214153 0.223578870537279 0
0.3887838855575096 0.2955575755474391 0
0.6538116194524264 0.1683244398297247 0
0.2260914675988445 0.3354933295985625 0
1.220969370715945 0.1073582059031699 0
0.08206693048221357 0.1056362355421217 0
0.6441969918634928 0.110783554487674 0
0.6689024825724529 0.08745250161801431 0
1.504835523659376 0.1378437050500855 0
1.513175118121468 0.148754882554019 0
1.526674241645336 0.146498445301256 0
0.119504914576512 0.3534516665364458 0
0.1146810192697415 0.3627984819688437 0
0.1203459350388831 0.3716286928640862 0
0.110068580082007 0.371972392066188 0
1.200732077855946 0.1471085257354879 0
1.185827454892687 0.1479129368481591 0
1.395661286167552 0.138573477209909 0
0.6686383657856633 0.3365714969194447 0
0.6626806567197125 0.3480192096580585 0
0.6498012148853853 0.3485922527950967 0
0.6567168355721789 0.3594554501644373 0
0.6438590109171402 0.3600120756490675 0
1.928777191456793 0.1296717501289959 0
2.110255791453127 0.3465982897069421 0
2.129520926140919 0.3447004105378455 0
0.6278477407328394 0.04518826667629047 0
0.6150134039797587 0.04597219540581293 0
0.6296336631512646 0.191680612856934 0
1.177691200192331 0.135389026265664 0
1.170869672408414 0.1482980964804702 0
2.067731165193476 0.08475353759444806 0
2.056619033666331 0.06943929105137195 0
1.921723436145665 0.1466974851336084 0
0.2375613712554448 0.1276205557359767 0
0.24357320277207 0.1368683850872296 0
0.1056230772770269 0.07760120882856174 0
0.1806707390021771 0.2949288260928325 0
2.057771420324795 0.1855364224014321 0
0.4480887678692947 0.2927835647169905 0
1.36607690016823 0.1683457081193425 0
1.359064218099145 0.1577686571381797 0
0.0509947403031241 0.02736725277108771 0
0.7392220790454056 0.1748560903103216 0
0.7308696166879811 0.1409593712334269 0
0.1828235287151419 0.1302067449586144 0
0.1768568390782413 0.1206040930130037 0
1.253270208460044 0.1443601051478419 0
1.26240819192161 0.3119390672614381 0
1.60910071446106 0.1013229772109381 0
0.4871211677031667 0.3527726460782923 0
0.4936715888451937 0.3630115568041482 0
0.09780311247904216 0.03320596689925054 0
0.108173018020556 0.03259981323354174 0
2.10683985475339 0.1981306962156833 0
2.126015755394797 0.1964723828580728 0
2.134166057661637 0.1789884749934191 0
0.3507720761963487 0.03608688479197832 0
0.357282204376056 0.04506512531266707 0
0.3623261390756021 0.0354731715947673 0
0.3686420121484006 0.04432462232055692 0
0.1886150248380834 0.2381811357752401 0
0.7658131097886051 0.1737136335413374 0
0.7789697439115685 0.1732027188671571 0
1.323582646124586 0.06606369716438859 0
1.330285627611306 0.0529669305385784 0
0.4771021199982073 0.2607182505425888 0
0.4893441570912392 0.2598175073607614 0
1.257610632077703 0.3508707709426331 0
1.383236301276784 0.2378954315398577 0
1.389360965274994 0.2491579052105692 0
0.193536338601398 0.2285015912565904 0
0.204390979125788 0.2279163388187717 0
1.622394762821887 0.07194549439128375 0
1.62938997279036 0.05710263068318931 0
0.3989477189902143 0.1306064058844245 0
0.3871427482344157 0.1312728535967755 0
0.4107835103914103 0.1299309135440775 0
1.390491994582573 0.1493034633648805 0
1.378776839551699 0.3617815729331411 0
1.394057178385889 0.3614970936167131 0
1.362825301253544 0.3646799603407477 0
1.627838371950439 0.2926925491097699 0
0.031181618993044 0.1510016562154806 0
0.04429804974511953 0.1061390376762486 0
0.03371642132628453 0.1058845588034047 0
1.657024747040877 0.1672529960076731 0
1.673685931136221 0.1658030372355538 0
1.975372607660609 0.2773329502775934 0
0.4077063411212738 0.2023512612019003 0
0.4321234006173698 0.2103726967824799 0
0.3738469853820298 0.03405710123288378 0
0.3804716784828563 0.04338088193908982 0
0.3855159144503257 0.0331958284575701 0
0.3922017932910195 0.0429431237548477 0
0.6015105082891207 0.1459707415340654 0
0.5946383052426414 0.1354842815484638 0
1.229046996854993 0.1198000485222722 0
0.231129988314882 0.325757962632455 0
0.2208231028333057 0.3260933940341483 0
0.03159305993803956 0.2489689366017869 0
0.03712060723468072 0.257507146858806 0
1.676185791523695 0.2875192265232142 0
1.250987371963652 0.3641843377622533 0
1.265927089880265 0.3635167748253655 0
1.236577612647184 0.365454758709562 0
0.05336213960960969 0.3817384440287603 0
0.06358866269858707 0.3815292653969114 0
1.306653623335299 0.205908297039869 0
1.551660595832924 0.2293008202248162 0
1.537246390541602 0.2298074077451989 0
0.6281681237857364 0.1693118864041042 0
2.143652302102246 0.2766598627980576 0
1.989383126034554 0.05998938584610092 0
1.970591685702844 0.06169465666577817 0
2.00822393328039 0.05825240086584036 0
0.7026172386334294 0.3700028750168587 0
0.68947169068204 0.370412381905319 0
0.6507587993046636 0.3708656925573409 0
0.6379145548774823 0.3713987673542671 0
0.6310416924675704 0.3605621077194621 0
0.6251188266369698 0.3719256971675295 0
0.6182724332377009 0.3611437418539027 0
0.6123758825072134 0.3724553455698196 0
0.6055479896982225 0.3617500750776228 0
0.5997108056871994 0.3733952710996823 0
0.5928899727341774 0.3623963960268181 0
0.5870790785725821 0.3740019605416895 0
0.5802894428223371 0.362993288345665 0
0.02600183956745446 0.2403009661758433 0
1.524933803453186 0.1933406275742679 0
2.025657211331712 0.3215961916585289 0
2.036074432354247 0.3373946173528226 0
0.2208681461503869 0.03425182501739337 0
0.5748167507362316 0.3747847708457817 0
0.5677353284865958 0.3634917931459847 0
0.5628683868186206 0.3757944862348157 0
0.5553801990036888 0.3642273941093198 0
0.5501694881652586 0.3757804529939351 0
0.5426862384217984 0.3642299679496244 0
0.4880486926811135 0.3738221673393411 0
0.5002507188344204 0.373305337150524 0
0.505886621334389 0.3624532931453907 0
0.5124911399063181 0.3728419948740839 0
0.481617347347819 0.2287361643506245 0
0.819434164419127 0.1742448381341737 0
0.2275553223348521 0.1472085584547851 0
0.646725757828268 0.1575308494558683 0
1.452722067256017 0.1293955913501556 0
1.465989068790347 0.1287003105300963 0
1.545169827407806 0.2425451172745588 0
1.531699837733975 0.2431693522734812 0
1.538951791280665 0.2548534614473111 0
1.525984708987138 0.255840408191764 0
1.522118519423207 0.2325071180573951 0
1.533063936709237 0.2674841613379441 0
0.2104482421113426 0.358714037221001 0
0.2166511111207067 0.3676643154460144 0
0.2116941788228631 0.3773017586421787 0
0.2225987799086359 0.3768101952976837 0
0.6268049387684729 0.2695840119261888 0
0.6141010062244361 0.2701793114154091 0
0.6072494926872247 0.2597127625138712 0
0.6014705635336833 0.2711999598295599 0
0.5946206355023328 0.2604699728003046 0
0.5888651577829989 0.2718867100078335 0
0.6395361970766541 0.2689839786914754 0
0.05371391701052106 0.1054725012513725 0
0.4959160132348413 0.124019486281222 0
0.483531738052312 0.1250238369267619 0
1.215545658736644 0.2623036430555954 0
1.223877838116999 0.2749042686514758 0
0.4638378855072174 0.3747710874515051 0
0.3442261775835417 0.0263172172091405 0
0.3972326418246817 0.03257007754939277 0
0.4036700684741162 0.04215859121176876 0
0.4089466523282754 0.03186305085712864 0
0.4157121340669052 0.04128500299526807 0
1.486881503908462 0.1143924398585266 0
1.931743605002406 0.08109315064137496 0
0.1042541501334137 0.3632763294646822 0
0.09936763217995667 0.3719504919281582 0
1.215022063623071 0.1459910569271045 0
0.7851156623442903 0.03450881255911061 0
0.02967298429854018 0.3121102985139144 0
0.03430806196170906 0.3030709849589087 0
0.4404813218009086 0.3768970776710153 0
0.5179108489722986 0.3620523188332795 0
0.09796313382723085 0.1561451762445208 0
0.1041343381004966 0.164544052096984 0
0.09260010548523974 0.1472715739752647 0
0.5369272991888214 0.374540858405786 0
0.2428618238094681 0.03375017617156766 0
0.1505496779419123 0.02907702879858015 0
0.1399466251352445 0.02984716464435387 0
0.1611787329588058 0.0283970873913062 0
2.008970491159725 0.3559456232619551 0
0.5610157475729145 0.3529665653933667 0
1.903581178530329 0.1475461678053137 0
1.390658872617169 0.2849763303371567 0
0.05552525446766955 0.3195967238156272 0
1.937948707499682 0.146383082389983 0
0.1243313417469756 0.3440875980393864 0
0.5861491682857758 0.3515529006052313 0
1.269992293739894 0.1939657935666964 0
0.1157406048065495 0.3807880960224121 0
0.3818222781667936 0.141780349604476 0
0.3753927508405667 0.1319243605337615 0
0.3806976641873901 0.1214474902524956 0
0.370081007687763 0.1423913075433672 0
0.3637052433029598 0.1325932660869487 0
0.3584255755154971 0.1429946413133858 0
0.3520752890615458 0.1332596954655829 0
0.3468248767636795 0.1436114854182235 0
0.3405051494235743 0.1338993763422382 0
0.3457252686448306 0.123578685382503 0
0.3352806037139863 0.1442124799657692 0
0.3289925067739928 0.1345543978868189 0
0.3237947955614353 0.1448238217976388 0
0.3175308037869182 0.1352041917634205 0
0.3123486182890547 0.14539725353115 0
0.3061319572828058 0.1358347552895181 0
0.3112776528631277 0.1256666060076032 0
0.3009873572728199 0.1460216270636863 0
0.2947897589621747 0.1364844758719213 0
0.2896696647929445 0.1466188901358255 0
0.2834875404649472 0.1371098833009495 0
0.2783926174055575 0.1471654830925919 0
0.2726204311233901 0.137922796777772 0
0.2773902677529732 0.1277460652319598 0
0.2673790778624631 0.1478556771949308 0
0.2669582171648949 0.1283966026826804 0
1.587350735744487 0.04768550669226649 0
1.571572454094889 0.05003006719234037 0
0.1928285652499076 0.1111101231760516 0
0.6113676701878192 0.3504348104093671 0
1.402154531145832 0.1258421672981159 0
0.1454811903462956 0.3429489022535353 0
0.805683751532655 0.1745011456784899 0
2.045987023532026 0.3197460867821957 0
0.6310130273821326 0.2142991590109603 0
0.4873507787395777 0.190482887042835 0
0.4014733339258607 0.3156307466260268 0
0.03817389405927781 0.07232625158824227 0
0.03356194642180294 0.08138825721546525 0
0.04798034844427835 0.1766722542823006 0
0.04337648440426932 0.1858091567799204 0
0.03778363088818423 0.1772919804705158 0
0.03321103320540283 0.1863971118644322 0
0.03877819138954375 0.1948987914087294 0
0.02863473423164431 0.1954843136165046 0
0.03418885259130779 0.2039709381791519 0
0.1257804826851512 0.1580078008789455 0
1.304835586729836 0.1798404676269081 0
1.311132550567765 0.1668862441499918 0
0.3966598175802616 0.2028529459386513 0
0.4024456629261211 0.2125127586549151 0
0.3912555501892923 0.2133296202360359 0
0.3976532725884637 0.2232688833272702 0
0.3859688974297844 0.2238780087425738 0
0.392366588794892 0.2338070978957091 0
0.3806139601629711 0.2343752821569531 0
0.3742608053735047 0.2244942195954344 0
0.3689029863024691 0.2349337653722071 0
0.3625763301177665 0.2251135434892299 0
0.3572528403081898 0.2354890161925814 0
0.3509539855673769 0.2256924151935972 0
0.3456590830136422 0.2360406674707778 0
0.3393859772472749 0.2262957948710754 0
0.3341172943281036 0.2365883975647948 0
0.3278685627274905 0.2269069335079297 0
0.3226108180763755 0.2371442845283177 0
0.3164147944865792 0.2275017401693929 0
0.311182782086528 0.2376827588965306 0
0.3050117597911094 0.228103096028026 0
0.2998098461180657 0.2382165777108258 0
0.2936667508349021 0.2286895169866721 0
0.2884913249760465 0.2387495255958809 0
0.2823723605002624 0.2292605459011739 0
0.2772317097773153 0.2392825310708763 0
0.2711435337584358 0.2298403102454817 0
0.266020771049966 0.2398072675824795 0
0.2599569173520328 0.2304286500947198 0
0.2548598551474386 0.2403381028956993 0
0.2488235749575919 0.2310040429153409 0
0.2437382639334683 0.2408852981162555 0
0.237739807899605 0.2315631410306629 0
0.3635343841686201 0.2452946508839954 0
0.2427885011419209 0.2217024483141085 0
0.2322935877897054 0.222551197877962 0
0.2651534102009736 0.2197094731347065 0
0.2874493570645738 0.2189316136158192 0
0.3101853729356668 0.2179282707782037 0
0.333098486024634 0.2165870545562733 0
0.3678924409382723 0.2146883582937324 0
0.8307082029129648 0.126113963203542 0
0.5808492592801683 0.2613372400096525 0
0.5755613646856175 0.2738568591673611 0
1.352159120182191 0.2756914298604372 0
2.070741432819168 0.1178521139761423 0
0.4097113180881633 0.3666490821554819 0
0.4160789192302484 0.37664985481473 0
0.4042630189765363 0.3771733065640543 0
0.02671984416496379 0.1601161934948558 0
0.2165908102839028 0.1477523844205471 0
1.499079235075685 0.1495180051183586 0
0.5215884589537416 0.06286140308571302 0
0.5148293351019217 0.05253714538521975 0
0.5271381360096619 0.05185765716817197 0
0.5203932322155622 0.04175719866787535 0
0.5080892482252963 0.04226914320819659 0
0.5327249332911405 0.04108249102097579 0
0.6935024106329585 0.3133225732362049 0
1.186304895631708 0.2632383108270916 0
0.6737745507083623 0.178283558660553 0
0.6820023930034244 0.2117897823373473 0
0.150824119043208 0.1295988652538385 0
0.04464260385793992 0.3024564905448326 0
0.0391362283216533 0.2939092626343874 0
0.02883636173014516 0.294521444553032 0
0.033458714586904 0.2852845727658286 0
0.04377627129086707 0.2841920586777308 0
1.995470507921037 0.2403537550043381 0
1.960808139612166 0.3432327271905814 0
0.6406031330351539 0.04434406873075194 0
0.126037191141991 0.3804529245856071 0
0.2419985654710013 0.3246640165196026 0
0.23623745713894 0.3159272657042355 0
0.1841879737392917 0.3690952434979878 0
0.1900149771202243 0.3782003261072719 0
0.1792412848960372 0.3786574641244737 0
0.4648775908503692 0.2613737385982076 0
1.699100380141189 0.3455850443531746 0
1.708346801895086 0.3597560962938521 0
1.691754107459933 0.360760553997602 0
2.132018592859726 0.2611318925583668 0
0.2175581983585684 0.3859287988987925 0
1.181244348489396 0.3286040962829831 0
1.18937213581854 0.3412266479005763 0
1.174346436197497 0.3419670014927463 0
1.182230830833585 0.3548014291266389 0
1.167013106228517 0.3554786000814916 0
1.159233326549349 0.3427124487228684 0
1.152409624518238 0.3560433507818803 0
1.144267814019205 0.3434034762540081 0
1.137393266308886 0.3567513644463334 0
1.145385336970027 0.3693317892083768 0
1.130478910053381 0.3700743008934262 0
1.122402743438781 0.3574712587544451 0
1.115519420989211 0.370764812916193 0
1.107449075845268 0.3581868409874308 0
1.197480931319635 0.353913476607398 0
1.190330393495822 0.367531806971956 0
1.303501587998812 0.3152527711862453 0
2.137753981825993 0.3276709904845366 0
0.8557244113938428 0.07704278212302416 0
0.8482059977794363 0.0655008008544665 0
0.861972178786055 0.0647453569650334 0
0.8544311624674856 0.05319842737256333 0
0.8682301383689055 0.05242840874665407 0
0.8406794252567711 0.05395631356204902 0
0.8468870714146008 0.04167078667208704 0
0.8331629214374204 0.04243374512706389 0
0.8269809389502381 0.05469121021585454 0
0.8194622299378793 0.04334244327094317 0
2.144626124146863 0.07777239772744128 0
2.133470509962267 0.06191812011193489 0
2.155771236344185 0.09364029918531208 0
2.147596541235863 0.1112021742111554 0
1.254804095486718 0.2991797174584638 0
1.240090391284972 0.299811971359162 0
0.09217666487269241 0.2278942782674402 0
0.09785427846639586 0.236599117203821 0
0.1025703688021187 0.227309324270241 0
0.1081485138194813 0.2359745545580704 0
0.1035315093394354 0.2453419491936665 0
0.1137523145174477 0.2444648126938889 0
0.1090965552410809 0.2541262562018611 0
0.1128600157617063 0.2266395532510797 0
0.09876903981170142 0.2546289052361153 0
0.104465558913025 0.2634351589045181 0
0.114812934903686 0.2629639762428968 0
0.1101364024281306 0.2722337833669723 0
0.1206106588845078 0.2717169102969701 0
0.107196544474581 0.2180957958427066 0
1.162735530226167 0.1361014965935906 0
1.155921746159215 0.1492620714688484 0
0.4440470509541766 0.2097993559575223 0
0.1932376158694223 0.3311776033052014 0
0.1670465869141188 0.03742037310184658 0
0.06829003212231848 0.3722642889044565 0
0.07383538342807081 0.3811303694856452 0
2.019079559902364 0.0737241991869849 0
1.300950976683539 0.2420389036136739 0
0.2497594242488882 0.2502161379255096 0
0.2386813573998166 0.2507524510992982 0
1.934860089924113 0.113224802602442 0
0.6084715324428003 0.156555892242301 0
0.420775261446695 0.03122923279207647 0
0.4276168700988159 0.0409542109503907 0
0.4325926256081253 0.03065676354849535 0
0.4391839566868114 0.0401655436256779 0
0.7164319543452202 0.1191238747928065 0
0.1138217997235306 0.3446096474109678 0
2.041638499350772 0.2197337983550318 0
0.6635479906553747 0.3703850135619877 0
1.205637345917881 0.3666057601064869 0
0.1837138100520093 0.2478355201180015 0
1.726408084725702 0.3609619404858215 0
0.2393324257149189 0.06097969486103384 0
0.6945116523334653 0.3361941642996564 0
0.7272241906619861 0.1981355791290607 0
1.971360528234397 0.3587109324295391 0
1.953300591054788 0.3604215501327382 0
1.147756828645535 0.1369152199418008 0
1.140947982970227 0.1498131541705283 0
1.13280018024833 0.1376555292949164 0
1.126021425157872 0.150947200894559 0
1.133551326237989 0.1627855190826693 0
1.1178924160997 0.1384967361372313 0
1.111117883059552 0.1517777521537481 0
1.103007434426873 0.1393064256105524 0
1.096248350342539 0.1525466246096728 0
1.088168153013169 0.1401022819400099 0
1.081425936416317 0.1533002166530237 0
1.07337332684074 0.1408971843224816 0
1.066653960645374 0.154046693874102 0
1.058631706495395 0.1416908679043199 0
1.05193796267943 0.15478889853327 0
1.04394753931834 0.1424821583931918 0
1.037280216596181 0.1555265576618335 0
1.029315596626571 0.1432587592663595 0
1.022682347157426 0.1562585890563722 0
1.01476353445283 0.1440459336586804 0
1.008149484608855 0.1569885850594231 0
1.000245430889124 0.1448265294879907 0
0.9936757694658125 0.1577147948673737 0
0.9858262604709349 0.1456092450764293 0
0.9792711338648715 0.1584383074952401 0
0.9714372877604094 0.1463841955045711 0
0.9649259586783854 0.1591578266098547 0
0.9571466198318248 0.1471602933005898 0
0.9506499830819358 0.1598746312092015 0
0.9428862643583411 0.1479285750975857 0
0.9364334506263021 0.1605874741876849 0
0.9287241848967114 0.148697892675 0
0.9222860216489721 0.1612977022740564 0
0.9145892119332683 0.1490620864959758 0
0.9081972283709017 0.1619377997377462 0
0.9005343418613335 0.1497446580390863 0
0.8941815046444248 0.1626233796072276 0
0.5394906453321172 0.05119050951990081 0
0.5451027394044307 0.04053792821755476 0
0.5518845317686447 0.05050707775135717 0
0.5574984602092847 0.03964337059779614 0
0.0994516770948034 0.173794604321435 0
0.1110766692873851 0.1732140747675887 0
0.1053581233495907 0.1824972874898554 0
0.1156191202548074 0.18201176402424 0
0.1109285955982842 0.1913054271266067 0
0.1212042513928726 0.1906743497914845 0
0.7997868329212832 0.05686172002247869 0
0.8757939905452897 0.06398413089630575 0
0.8820867342567513 0.05162577816793734 0
0.8896347527680152 0.06318351361863202 0
0.8959474603510105 0.05082936612531796 0
0.8883626733738709 0.03917474016398469 0
0.9021924902175067 0.03766309309552968 0
0.9099003724666385 0.04989354951035347 0
0.9161738837012826 0.03671471324048504 0
0.9239966334452328 0.04920318025123054 0
0.07853832737103425 0.3717127153205269 0
0.4564048092785986 0.3438762429725665 0
0.1852327090251492 0.3883651097527109 0
1.438833551271916 0.1320707557665105 0
1.430430294720217 0.1209322619686412 0
0.2724987991616838 0.05933081242286212 0
0.1717844581985048 0.02780724152159839 0
0.02809235956871431 0.07288331764130768 0
1.338160158692117 0.06573903263417537 0
0.2833057333920309 0.2487564063942848 0
0.1261225577546873 0.1818965013844721 0
1.581999191085805 0.3239899859296382 0
1.590843187123183 0.3375544290394573 0
1.575094494506941 0.3380558326722681 0
1.583834177491361 0.3518929088157141 0
1.567189310927545 0.3515066711448918 0
1.599914842541102 0.3510030401286172 0
0.2652057303991572 0.03028115575488436 0
2.087697497429557 0.199601265148904 0
2.145241645995204 0.194800872346285 0
2.137060524182383 0.2123079935606468 0
0.09966391846417795 0.2726099762909811 0
0.1053381726984731 0.2813899406096664 0
0.8045007011062426 0.1509888530591488 0
0.8107968877955057 0.1391596427387345 0
0.5643139115109503 0.04983046579246336 0
0.5699826116339778 0.03917404261784339 0
0.5768053523252749 0.04914955815116795 0
0.5824754523296589 0.03795780307658052 0
1.636258703271174 0.2096762235141276 0
1.490779269951021 0.1389613411336741 0
1.416781669678217 0.07669927675420424 0
1.424105008412651 0.06369665528017056 0
1.416361550265709 0.0511669992218591 0
1.431519084635906 0.050496661148782 0
0.02708424368619278 0.2580830173351399 0
1.609025647678824 0.2672616176086567 0
1.100585189678406 0.3713449686285016 0
1.092550935072771 0.3588741586579159 0
1.09938403384171 0.3456597541224349 0
1.084523384592828 0.3463816752762079 0
1.077709344290146 0.3595519156865983 0
1.069708853283689 0.347094038823434 0
1.062927462542659 0.3602209219697172 0
1.054973959799452 0.3478063145141086 0
1.048210727801466 0.3608851606906914 0
1.040291070586408 0.3485331391355946 0
1.03355645629874 0.3615489034668712 0
1.025649375360154 0.349250577209009 0
1.018957744867912 0.3619469633643866 0
1.011110117511561 0.34992330122645 0
1.004164176405755 0.3624106493807833 0
0.9965732123358465 0.3505930945705818 0
0.9896629471875908 0.3632930605607538 0
0.9821384510468083 0.3513236984394946 0
0.9755201649339897 0.3641212895645503 0
0.967815771035562 0.3520883940275025 0
0.9612391684960043 0.3648175219894801 0
0.9535192232968642 0.3527901697689869 0
0.9469659080501553 0.3650179296174665 0
0.9393016172201367 0.3534173066006541 0
0.9323610366399846 0.3653613186199363 0
0.9250648451035384 0.3540491044710539 0
0.9181642571090378 0.3663887953026981 0
0.9109451907958459 0.3547871584080786 0
0.9044735544063069 0.3673027996049905 0
0.8969725731169249 0.3555592770633239 0
0.8905501660325117 0.368033134992869 0
0.882998414679303 0.3562522992513482 0
0.8765841066603373 0.3680196940468057 0
0.8690980681696311 0.3568345143162421 0
0.8622078875381449 0.3707875766346162 0
0.8551639252541103 0.3578525461006046 0
0.8488969786512425 0.3699139111701401 0
0.8414475742644917 0.3582926469030521 0
0.8351150639106661 0.3697828967354634 0
0.8277357183847164 0.3588463970776571 0
0.8210351398492849 0.3719692597099399 0
0.814007210727113 0.3597578085066781 0
0.8071739619707071 0.3716135031268073 0
0.8003638727210221 0.360295557593942 0
0.7946685246564208 0.3729535892848392 0
0.7869240732332062 0.3609706413091747 0
0.7806679618622524 0.3752625270884309 0
0.7734538540932695 0.3620173317721951 0
0.7672822020818356 0.3735982324574457 0
0.7600508934034464 0.3623618469464431 0
0.7796732676379065 0.3497217768021587 0
0.8203690339078827 0.3474994590173632 0
0.7539053155605356 0.3741265932039926 0
0.116448546565603 0.200000765434873 0
0.4805500406187013 0.3425842800418578 0
1.316411406020994 0.07923126613503273 0
0.8865937845432885 0.150897369602347 0
0.8802375731471976 0.1634236019693544 0
0.1936116274632428 0.0260215462612014 0
0.3059314399832342 0.2477822708509715 0
1.593098255489714 0.3653834264126934 0
1.609249559372418 0.3645444175713707 0
0.3290413547772947 0.05560952430375709 0
0.1777800300079777 0.2389578819041089 0
0.483816608020435 0.2709791766045782 0
0.4959977220944559 0.2704692194139432 0
0.5016059356518935 0.2592178215756945 0
0.5083000552102366 0.2699083402698834 0
0.5133843910896668 0.259277627314872 0
0.5205735043944207 0.2694457404937493 0
0.8894698911250074 0.3438392742992423 0
2.02711031972616 0.05652973049698552 0
0.5893716617444197 0.04830951219884323 0
0.5952299791196407 0.03658698749925284 0
0.5756154762273515 0.02787701131600584 0
0.6204799204521282 0.03423604031011698 0
0.06119979388821561 0.02691146305080744 0
0.5027583581530838 0.2808462042788073 0
0.9303917480781982 0.03682158319950735 0
0.9381300579003853 0.04861421752609326 0
0.9445462442965004 0.03617830690537998 0
0.9523065500971022 0.04791597933774833 0
0.9316809617002118 0.06105861084327128 0
0.3638799171919929 0.05372847366187446 0
0.3288203043439326 0.2468181985119746 0
0.02768881596622362 0.3741271765355895 0
0.02278403852994411 0.3659748577804915 0
0.02685888840646329 0.3566387749520299 0
0.1984577536118206 0.2188000858400133 0
1.912222052616551 0.05108565456363046 0
1.928549716914707 0.04895875321541374 0
1.894596441554233 0.05333277469844027 0
0.295067893180683 0.0577937058275359 0
0.3989476383678819 0.05161439588302688 0
0.9831975161051596 0.3759673842243998 0
1.056121557213492 0.3731038682171378 0
1.276820227514935 0.04134357253215267 0
1.262250318173403 0.04231742924298177 0
1.255422436584417 0.05576110347153506 0
1.2472551270997 0.04307842704681869 0
1.240312409906124 0.05647025864137951 0
1.232174096358487 0.04376653011078143 0
1.225238506544977 0.05717736831680618 0
1.21709358598906 0.04446369742445569 0
1.233381153417047 0.06986676832959929 0
1.208022454824874 0.2492726106382695 0
0.4345008762608207 0.04953862678810014 0
1.402658770057941 0.1496124762491582 0
1.619692855994659 0.04332851542452563 0
1.635843988444408 0.04216190467995268 0
1.6462223787208 0.05533012502230092 0
0.5255350785441245 0.2568681472143397 0
0.5329260517874763 0.2685815001129289 0
0.7471899413637729 0.3626284953651388 0
0.7405717325375416 0.374804000151336 0
0.5116111658058654 0.1062774939621983 0
0.5183193067984495 0.1166938732819272 0
0.5307017498002782 0.1160538292170671 0
0.5250627862089675 0.1263363222491733 0
0.5372722075514808 0.1264360855311 0
0.02768860608031791 0.1779406657395231 0
0.4442838636335474 0.03000387703491925 0
0.4515538444111483 0.03896829309327662 0
0.9017839976106108 0.1743796862746416 0
1.378572855457413 0.0388242666050813 0
1.394247815549978 0.03905742951913918 0
1.363927494692194 0.03959598372133116 0
0.1450413234187607 0.01928335056164412 0
0.5141204379460695 0.03180567540302543 0
0.501448988522328 0.03219263763996456 0
0.4958240493639455 0.04291249806793868 0
0.4891538350893921 0.03271233252649056 0
0.4836274609801903 0.04364418971727396 0
0.4771757898708135 0.03348894037176319 0
0.08403458931680502 0.3804344702580821 0
0.1175541487823853 0.2170743306581656 0
1.424854469529371 0.1334230399835113 0
0.9601378367026819 0.3400934066205155 0
0.633700648769509 0.2803173288331274 0
1.964821568587121 0.2611605096513732 0
1.945309437338369 0.263001328810592 0
1.026470687800195 0.3735923813731791 0
1.345769985530296 0.1576495310414556 0
1.35275496440128 0.1460037875177387 0
0.4715878625223923 0.04434755660085805 0
0.02387042418091158 0.08162971088090341 0
0.1875615429171569 0.2197240134206004 0
0.9299418452821087 0.1730480387303697 0
1.64172852504988 0.0967090216865976 0
0.2892666426792817 0.02954242257333606 0
2.064699031711256 0.05157823927366797 0
1.566649313583996 0.2291983373951302 0
0.3869703956746969 0.2441711697861424 0
0.03252662359539586 0.266823308551384 0
0.0224438472471884 0.2674459646327842 0
0.04265874559106528 0.2661028550892326 0
1.519278645576221 0.1807383172027759 0
0.4564847142356296 0.02924548396882698 0
0.5452344903139847 0.3871112694014418 0
1.978375402469163 0.0452567173411775 0
0.03306405334488608 0.3826943825854619 0
2.01560712865415 0.3057724127076569 0
0.9583734656080549 0.171687569972009 0
0.02351123152408084 0.3828691710420678 0
0.7984453582072293 0.0337611556668242 0
0.9117433493883228 0.3782441662830736 0
1.384909499682224 0.2611261346846714 0
1.3982680001349 0.2606455099572506 0
0.5034402953419067 0.219210616620233 0
1.32116638086998 0.0399757947924238 0
0.5399751191102717 0.1503052329558428 0
0.2093251945091973 0.2182163219649994 0
1.032412833741497 0.3359327666935658 0
0.5597771742611061 0.150069330715552 0
0.5687172122721711 0.1423943435208847 0
0.5560963216845521 0.1371375271270558 0
0.5669323766989904 0.1299366349990652 0
2.151293316147668 0.2592428636859954 0
0.5937485969348996 0.2265074513862966 0
0.5974360821874236 0.2387723343780506 0
0.5997257930398097 0.1921242080799705 0
0.6084979698140149 0.1811165044632115 0
0.5888711021542323 0.1668743559201515 0
0.7969395086219607 0.1391799525240476 0
2.148502925527164 0.3433591108930699 0
2.157676024282768 0.3254833529370957 0
0.9587581336324115 0.03557975686864275 0
0.9665341572047189 0.04704764089762228 0
0.9601776441148556 0.05928023559613351 0
0.9730207958689978 0.03478085428389737 0
0.9809807748763952 0.04617671320132619 0
0.9873081090670197 0.03357870252874508 0
0.9953690561594126 0.04549880183473895 0
0.9870625944649386 0.1703138320283316 0
1.399491033530118 0.1916081854751301 0
1.392244906859789 0.1812342326915608 0
1.3892960453202 0.200000000007872 0
1.388351209387627 0.2129062105194472 0
1.423749016220145 0.2434845171828886 0
1.210855748298587 0.05742501012997713 0
1.202011948402787 0.04516623931738018 0
1.454684884552976 0.251206079919215 0
1.446632194536945 0.2617185732280901 0
1.459356063027429 0.2637078127080527 0
1.493873894776812 0.2265431301230323 0
1.4979037557575 0.2390557134552114 0
1.488861330033343 0.248039725626725 0
1.501172958401385 0.2518204899393131 0
1.49216436956273 0.2606190821569531 0
1.504850015522361 0.2647536294026942 0
1.434289830643745 0.2600738383340261 0
1.438439282992987 0.2719923777597603 0
1.425377306587338 0.2698496523908857 0
1.430768315088004 0.2826922919176754 0
2.151850210467175 0.06082530380611586 0
0.0935422825087177 0.3632297281187682 0
1.288776329382096 0.3159132560636306 0
1.296254949651411 0.3031316225476836 0
0.103072491497129 0.1465433069216068 0
0.5393492236354812 0.03095287641846671 0
0.131671268041516 0.1898121671359704 0
1.016008824050426 0.1689260153054198 0
0.01500683213234994 0.008670745343319288 0
1.364999935550356 0.06551612577656432 0
0.6595874747363457 0.156712557567645 0
0.6525967125478205 0.1461058636422224 0
1.065322384384982 0.1284152916448802 0
0.6755961662222747 0.3474560804387439 0
1.40574495405969 0.2250175225921073 0
0.9543053884642296 0.3763479423951944 0
1.439111541474619 0.06421395238517567 0
1.446861315531512 0.05037906319771657 0
1.438938107909979 0.03695721595628026 0
0.4042915294250361 0.1202711509058675 0
0.4161570757898884 0.1196433393489669 0
0.422665582093855 0.1292998503544154 0
0.4280638856311461 0.1189611550026687 0
0.4346024078992731 0.128620007368564 0
0.4400336121752393 0.1183019987031423 0
0.4465885147414975 0.1279873100603256 0
0.452061784379349 0.117607677332891 0
0.4586535360184567 0.1273363287130425 0
0.2043427060656312 0.02596728043185062 0
0.2225458090985377 0.1569807223494674 0
0.04433843147295598 0.2034026896514003 0
0.03975779969709684 0.2125830347796497 0
0.02960505653322379 0.213044758312104 0
1.300293956759129 0.2182265607371508 0
1.292572970514097 0.2063919022092064 0
1.045207213471307 0.1675230381214493 0
0.03572437955814842 0.14191048449469 0
0.02559802875644438 0.1425224302574833 0
1.20822955201744 0.1592617372612858 0
0.1789570507349635 0.05515673854540021 0
2.14105199210153 0.3607142704731317 0
2.160044917692746 0.359596623634243 0
0.6092258680310931 0.05745425326047368 0
0.8131867992596031 0.1863593556028643 0
0.3101600178350101 0.02804517520343424 0
0.07285505917263334 0.1061827971887137 0
0.1160146907749979 0.07699357136091151 0
0.1217143453468154 0.08559843287864936 0
0.1103325233095943 0.06825694023508477 0
0.605979865664856 0.1127611202930726 0
0.05559638003766555 0.2208911541464087 0
2.048622199066141 0.08678750653154672 0
1.55920104656545 0.07983738737735376 0
1.549854892436476 0.06734355201954224 0
1.534325005227123 0.0691871648426066 0
1.540531020957097 0.05472449044072098 0
1.524894886308327 0.05650936934822561 0
1.531175852953422 0.04192803404775271 0
1.515395181209859 0.0437733465559243 0
1.546703974777819 0.0401384206617322 0
0.4370562113239892 0.1996920374555949 0
0.4479279896088202 0.1993431608342709 0
0.1092539991107388 0.05042457105651618 0
1.335773098619875 0.03963853384759276 0
0.6500506578054907 0.09939990164151657 0
0.6570444636763368 0.1102528614265946 0
0.6513094108698384 0.1226866808906651 0
0.06681549349490656 0.03532517670785193 0
0.07140960384780248 0.02619065878675124 0
1.074645661510762 0.1661002650828186 0
0.4641828007269939 0.1166989784730315 0
0.8419518363288671 0.3819879629795425 0
0.07662270757121623 0.1393366618761663 0
0.08123482770730103 0.1301393292739963 0
0.09986481917032904 0.06895657172617659 0
1.500513514882558 0.1917546351249709 0
1.652446113380345 0.04066926200076253 0
1.663333041454294 0.05383187695565986 0
0.2170680215579988 0.2651263305199892 0
1.169545168486711 0.1228860565605792 0
0.6104285631883117 0.1995434845039737 0
0.6745517428407231 0.3251494317959205 0
1.680686940945559 0.1505619735878608 0
1.690460145045391 0.1643191867199834 0
1.68336421946704 0.1794306337030844 0
1.104300479046747 0.1646509265010838 0
2.15409955727823 0.2928462368076676 0
0.2161019522601889 0.2280151629231857 0
0.02518147875269569 0.3211423482950894 0
0.9213247521237293 0.02363391657508178 0
1.17768675457166 0.1620391766953582 0
0.4928548942945954 0.3423633650740504 0
2.016167067874262 0.04197464285450735 0
0.1061369937649371 0.2004907505036883 0
1.509386206067804 0.05847286004822175 0
1.500388463635609 0.04515598156128568 0
0.2478437358414412 0.1271198536484179 0
0.2420883487011334 0.117688208421697 0
0.5385970928313206 0.2580647853561011 0
0.5452718302071357 0.268367112559193 0
0.5397472584487403 0.279211454054814 0
0.552013784026254 0.2785761899611826 0
2.098639913464393 0.2153159928092046 0
0.8015536735861154 0.3838070363344233 0
0.02901404241757712 0.09016934953397737 0
0.6120160045382128 0.2113385272181678 0
0.5084609024373788 0.144299697835942 0
2.153084169819204 0.1774687668669779 0
2.142277847487067 0.1614493105760013 0
1.362040061740887 0.337981160652734 0
1.537485812296852 0.02713210239272877 0
1.700299438217279 0.1781338229270973 0
1.707433660951879 0.1628161117895939 0
1.71735741965494 0.1766305138900773 0
1.724606322652246 0.1611351040120789 0
0.8836688379719209 0.3787720197152972 0
0.7730736547129478 0.1850015338780873 0
0.7596794992111755 0.1855482960167749 0
0.7858722902063766 0.1848892653224941 0
1.457929536808815 0.1500632612335515 0
1.505735619891151 0.1604611602242625 0
0.8393914811057845 0.03071376275378421 0
0.8529880508896717 0.02953222254081898 0
0.1613194507373172 0.1291216686946571 0
0.1556146504504665 0.1200780277751758 0
0.1669295707840743 0.138694859153496 0
2.140055829421502 0.243689841347645 0
1.240247965549185 0.143947620733389 0
0.04827713730295767 0.09672372459952215 0
0.05847845806806272 0.09600745880646568 0
1.467432496121336 0.2536166945005683 0
1.472245193696621 0.2657872717654439 0
1.220791827081849 0.1578979307515771 0
0.5561824700682551 0.2679513846535449 0
0.5554649281543097 0.1238245460165927 0
0.5653149291595522 0.1175110523115442 0
0.5768995085321131 0.1223039642822106 0
1.001776859302854 0.03333769683814067 0
1.009667095779312 0.04491338900575736 0
1.003056753023746 0.05774821122571194 0
1.017720379153175 0.05666920199736113 0
1.024155637058447 0.04398454829462947 0
1.032289216482248 0.05605328649974659 0
1.038716757996203 0.04317267976926249 0
1.04668623216289 0.05516988623095655 0
1.053304809416139 0.04233339919130005 0
1.061291952098788 0.05469203091025936 0
1.068472571127301 0.04110255085242334 0
1.060837538801651 0.02853073520456196 0
1.076010968923873 0.05392268983544551 0
1.08354506218747 0.040329426818397 0
1.091175119067893 0.05263691041604349 0
1.097969913666843 0.03987534755419826 0
1.10603368105341 0.05213198469290328 0
1.112382893405272 0.03909218570454144 0
1.120599561134748 0.05122286787258778 0
1.12733829003193 0.03832516007759471 0
1.135778189418085 0.05025176420723453 0
1.142371845237672 0.03765012540702809 0
1.150850372043186 0.04978276126249493 0
1.157355664149179 0.03677176288778999 0
1.165608319992705 0.0488508602098715 0
1.172424558329145 0.0361226278182775 0
1.135551205693232 0.02552535641963123 0
1.95971477619009 0.04632092116770033 0
0.2446430364945918 0.2597969124019334 0
1.53909251628527 0.1672787596415298 0
1.553128205821885 0.1653299519816856 0
0.761111682117502 0.3854724559410204 0
1.386876099853441 0.02607786489612994 0
0.5115137381305122 0.3516274336058979 0
0.5237241168528317 0.3522688683170475 0
1.235760935220051 0.1066286756159765 0
1.227742740712111 0.09421207178552125 0
1.454479613188064 0.03737351782146544 0
1.462409339248245 0.05028616971076283 0
1.473276771659874 0.03766235184360851 0
0.2711723964376202 0.1183369341346062 0
1.701017268873226 0.3740391062120673 0
0.6570402049193114 0.3808861121708838 0
0.6692346774647564 0.3809226276287772 0
1.73495114495197 0.1743860926819815 0
1.741843290616785 0.1593707498960267 0
1.752400116699003 0.1732094799398846 0
1.759235591228188 0.1579470897268034 0
1.769439529448092 0.1714354199951244 0
1.776822998859281 0.1561674326282743 0
1.731643036138111 0.1458284441367305 0
1.246285941176408 0.2870566471762491 0
1.669821223733761 0.04029661037231758 0
1.67981536550156 0.05312215967713626 0
1.673132591403898 0.0673206782910237 0
1.689842118864811 0.06550959289701758 0
1.696748212763036 0.04829670144046629 0
1.707054264759286 0.06359351447684068 0
1.714586408244696 0.04868223491059862 0
1.72426927808881 0.06182108427464988 0
1.731939144500886 0.04688333570042839 0
1.741647985761744 0.06005137717790812 0
1.749411239802978 0.04507309259454554 0
0.2284867343978699 0.3854196770870295 0
0.2335513676276952 0.3761889113136402 0
0.2394678624371478 0.3852506740714577 0
1.901479539440349 0.0360709349011757 0
0.07553465059975525 0.1215321977265942 0
0.08558490993042511 0.1212008226060902 0
1.759161619919733 0.05827180768423745 0
1.766981253793214 0.04362206637152769 0
1.776772627498921 0.05655547118692972 0
1.784671352949861 0.04185698699202763 0
0.2115899309478319 0.1575310568558962 0
0.09731261683364945 0.1384110746541254 0
1.040427497281509 0.0673927151133446 0
0.2208864531546111 0.3452249669405604 0
1.495499418382108 0.2739001876286475 0
1.223505025597182 0.03223592057029191 0
0.5172819138286382 0.1618055034631447 0
2.142326795310882 0.04478093781679054 0
2.12223467317149 0.04603720186632942 0
0.1025057191487631 0.02435079365834053 0
0.1129254936251535 0.02381163462210218 0
0.1186270114507594 0.03203888688973453 0
0.09212140403029086 0.02490830016732364 0
1.577609318976603 0.03448475200206557 0
1.221874109783204 0.2494228302522506 0
0.6319546408903683 0.3823988616662812 0
1.268039124888231 0.3002819683953405 0
1.648832838400784 0.08268125317170731 0
1.547001069102058 0.2664988349779054 0
1.931506898134707 0.1624737072938693 0
1.246674726988335 0.1312368565448588 0
1.260100555809415 0.131601628714802 0
1.25447522963737 0.02893096275885408 0
0.1988471130980159 0.01736289366664902 0
0.2444811902983623 0.3762041977050489 0
0.2504772587908652 0.384607626602932 0
1.485557540322195 0.1643713967256783 0
0.4939597143461845 0.3831827402922203 0
0.2036960176931255 0.3308695393871328 0
0.1981248598092572 0.3215403649583847 0
1.179191663434033 0.04798990878578769 0
1.794509734341141 0.05477746669668562 0
0.023698385991455 0.2860117604407943 0
1.787440306302433 0.1694967319582606 0
1.794434158660087 0.1543672005390705 0
1.805276886499395 0.168432262524749 0
1.812594888312429 0.1529529251839949 0
1.822679253327394 0.1666075623274481 0
1.830449972655031 0.1510022963958315 0
1.784352361836102 0.1410696286796751 0
1.47833243815516 0.0536247071775299 0
1.114314024332921 0.06347210284195343 0
0.2337883627807799 0.1549787233192361 0
1.464142578332324 0.2755901499282369 0
0.01666008353887324 0.3580268523691414 0
0.02190304400767776 0.3485682170920394 0
0.7529278640184459 0.3517063950494172 0
0.740273008059615 0.350053313014222 0
1.029497599264762 0.03183762861958648 0
0.8267945101043115 0.1857086179777735 0
1.394598771658832 0.1690021050525316 0
0.4096434928590615 0.2236180202296801 0
0.3982348605334585 0.2440324369677511 0
0.3933725161596992 0.2542263455942004 0
2.155149486766838 0.21082461105906 0
1.385124327186808 0.3758412614894608 0
1.402242711023238 0.3730494673096614 0
1.409455766439587 0.3603548050279629 0
1.418003804177424 0.372387634953104 0
1.424769475959525 0.359225953670038 0
1.433494946159547 0.3715836746341741 0
1.44034497924037 0.3580907075471609 0
1.448962818080337 0.370262606128644 0
1.455815487881102 0.3571810804938773 0
1.464476039955303 0.3695682289654764 0
1.471320311691398 0.3561634692974567 0
1.480008940424768 0.3688057684336537 0
1.486867398338683 0.3551594762337917 0
1.495589462476979 0.3677806789738285 0
1.502458820687733 0.3540604343485752 0
1.511212297820134 0.3667464134770797 0
1.51810445076384 0.3529709857961702 0
1.527382548538504 0.3660012417201054 0
1.533903022146666 0.3518682452562341 0
1.542628798484391 0.3644730328467445 0
1.520405390494413 0.3804506630508094 0
1.472287499566296 0.3823983718634265 0
1.445978801025413 0.3446498732617132 0
1.424509056935372 0.3842232419241933 0
0.5735640280649857 0.2449488495598526 0
0.9927490951735539 0.02185246711536651 0
1.159288792857847 0.06114141620418367 0
0.6064812132659858 0.383714035005162 0
0.0556160001129782 0.01788222190462641 0
0.1958400411409492 0.3868374822647129 0
0.4891613126831193 0.1137361035321708 0
0.1366588477593461 0.1813623603775695 0
0.1423505251150473 0.1889194375519906 0
1.415122417926258 0.1635908343982325 0
1.802516384856557 0.04042067541802279 0
1.812370469302593 0.05303577056132328 0
1.820467411955573 0.03849182873480021 0
1.442165806574444 0.1504123676555298 0
1.257372023034938 0.3786789481673575 0
1.273881253196466 0.3757588533511803 0
1.281066258127773 0.3633127419888447 0
1.289128666406455 0.3749432844386346 0
1.723103935789865 0.03122152056422366 0
0.5893408635576016 0.1460200667329399 0
1.830338507287509 0.05121228453523764 0
0.04539775758119603 0.01883614437260025 0
2.162090301114875 0.04281260126553601 0
0.1233108228954393 0.02242112033780354 0
1.841062795326599 0.1645688089604308 0
1.848098332441629 0.1492848578747896 0
1.859195593942293 0.1635607195042682 0
1.866200678108553 0.1475756034680217 0
1.876736341794451 0.1624567087255631 0
1.83832196291922 0.1357069618603561 0
1.544960114458686 0.157091942776827 0
1.269447592604692 0.3259756686913252 0
0.01892037551882363 0.2950190556476587 0
1.51214936600562 0.1999651086998701 0
1.513098111698421 0.2122291522186744 0
0.5821769742972954 0.3864021654302645 0
1.375698279972163 0.2043501858189568 0
0.5301952680675563 0.1437821153135013 0
0.3655378130173432 0.02347528752072705 0
0.2470376675967029 0.3138444550349407 0
0.2823643702911753 0.117696807833566 0
0.2532848643039411 0.1378389702103457 0
0.2495732034572761 0.1461851490004516 0
1.762813177443335 0.1854655680485492 0
0.2236692231128631 0.3951018967030905 0
1.402773412589094 0.236710409910417 0
1.411766145180591 0.2461897703732447 0
0.7472312983051368 0.3400810548106147 0
1.954048957136931 0.06365479311471373 0
2.056969679287328 0.3353406505466218 0
2.0471717435113 0.353048849545689 0
2.06793170101217 0.3510866344862937 0
2.05765379264873 0.3689677530851012 0
2.076098859580086 0.3663186780418308 0
0.4908813419940514 0.2152353732698166 0
1.954524300503829 0.2454649431520248 0
2.06688256547171 0.3172992343914532 0
1.415944221627351 0.2826489689598851 0
0.07934165708607392 0.3895315919850004 0
0.09009412422375669 0.3893032209917947 0
0.6965715813331237 0.381285035219343 0
0.709564759150395 0.3793296191993522 0
0.8615721391894113 0.3453049741306213 0
0.01844384922944575 0.3115767297108604 0
1.37263168097989 0.1565065565437674 0
0.8465658630471599 0.01780855438144413 0
1.815949238389007 0.1806709067835833 0
0.4813066721829322 0.3843853253046086 0
1.982962881348847 0.2597949660136415 0
1.993752605436501 0.2753380906427909 0
1.756697136197289 0.02854063057316904 0
1.883837908234314 0.04092318106936476 0
2.152397913670836 0.3770958917632671 0
1.187470315608339 0.03491332269834704 0
1.180931882693995 0.02345911817285218 0
0.2215078896246923 0.3575687338508127 0
1.383293472878567 0.1734641263303821 0
0.1930877880069777 0.3957548928829562 0
1.366908961272243 0.139057719462566 0
1.377072620948997 0.2183021433630004 0
1.366298217946202 0.2126688096588105 0
0.4051709159792373 0.2536681971632931 0
2.036910636423867 0.3699379508310744 0
0.1213009921570094 0.3898905124495129 0
0.1316351347213233 0.3893269012166343 0
0.05894630184962789 0.3906915436698119 0
0.04882044485123722 0.3911976322441329 0
1.869700224869115 0.1759983531224264 0
2.158741014517952 0.242488161799084 0
2.035541975531692 0.03918385230355525 0
0.1308761482787039 0.1722369181327285 0
1.242523706756571 0.09346428970584154 0
0.2368605207536298 0.2122115713234403 0
0.2255511286025595 0.2130464963634808 0
0.2478455451250361 0.2115674624657054 0
0.3906437173025155 0.02223157459208919 0
1.312654708572522 0.1926040958957766 0
1.510319251968828 0.2424470608959891 0
0.6208876717649944 0.1560700280345418 0
0.8929133600684482 0.1382704692741252 0
0.8789451543074319 0.1392620891243557 0
0.1734761109106467 0.390224054661403 0
1.47809803006884 0.3420092401292023 0
1.295367462890627 0.362971726066076 0
1.302450552961395 0.3738582979337586 0
0.9316830192554233 0.3414765108421401 0
0.4096167526114207 0.1093966712259909 0
1.509264836566282 0.3396609190260824 0
2.166922512076388 0.109531918106255 0
2.159911098764795 0.1275513907596797 0
2.171038661216372 0.1442873039166834 0
2.173854725063378 0.09065841588475433 0
1.469384711639454 0.06457822084601104 0
1.602644645285322 0.3795550679266931 0
0.09721541961960428 0.01544317751164055 0
0.2336089418123372 0.2605974018573086 0
0.5830598230060818 0.2825565018576637 0
0.5699238225147057 0.2849166278127263 0
0.1077290527947891 0.1370519854187162 0
0.5069317286148211 0.2484729873889669 0
1.449091515644898 0.02481450581293235 0
1.433111244171804 0.02406980859645729 0
0.4333246380564567 0.1078334375483589 0
0.6397491457141358 0.1465840672571549 0
1.198503551490588 0.3809614269452276 0
1.214251983427844 0.3805239802757201 0
0.9211131501369665 0.1361466470548097 0
0.4218856251887371 0.2107399826128783 0
0.4946223417617103 0.02175619801731084 0
0.2555095254905978 0.3757560615191324 0
0.2615488729276966 0.3841742140726204 0
0.2665702256275945 0.3754631687559279 0
0.2726671311810107 0.3837344568518453 0
0.2569709000837066 0.3937844923121298 0
0.2389832314888225 0.3057715095504995 0
0.259060190669796 0.3120026512284023 0
0.4886326490893503 0.2037686138155586 0
0.4799435747591893 0.2107318067667365 0
0.4772921472294563 0.1991165802221907 0
1.838463318669419 0.03571739648884654 0
1.848403053946033 0.04922662678609373 0
1.856579127257534 0.03401502501711157 0
1.183040055551603 0.3823925190423119 0
0.5804665060199233 0.1353864106790923 0
0.608372287018039 0.2821503978610443 0
0.2557235805309983 0.2592707051414249 0
1.105718165200178 0.02654135231117233 0
0.02864398521816076 0.3917575203784098 0
1.198840980023201 0.05852610194593495 0
0.1159515095434752 0.1582538188974029 0
0.4572352356500002 0.1062757509945557 0
1.792118665970595 0.02603191535501875 0
0.5694905196546614 0.2561832017745011 0
0.6464973643863994 0.2798982331852642 0
0.65259653091056 0.2682311230804223 0
0.9493419590877293 0.1352326319174209 0
0.2845191180784875 0.1568613097252098 0
1.411975715930025 0.2673209317717656 0
1.402978072658154 0.2772546526015613 0
1.550160100412874 0.3510067225549485 0
0.2267316384199636 0.2327639991913705 0
0.2779264289015151 0.3733642090275288 0
0.2838797013809555 0.3830574223149783 0
0.2890390608578348 0.3736349359199715 0
0.295097851612838 0.3828248805773273 0
0.3002703537282442 0.3736415521384462 0
0.3063762982673347 0.3823416071247018 0
1.298498818657789 0.1929369845459728 0
0.2387119058640216 0.3664251256994374 0
0.1484789807737853 0.1800279716966302 0
1.541367364350789 0.2789087145119801 0
1.526523197001088 0.280290954687949 0
1.003350840998226 0.3376467392369599 0
0.5232455508768591 0.2444341475133569 0
0.501006508819045 0.2376828999743607 0
0.8853625404288579 0.126307848279375 0
0.115961307389241 0.01473845617000599 0
0.3071699203571994 0.1557782363369943 0
0.9779515113968883 0.1335735211316104 0
0.2277135116070873 0.2508280187845702 0
0.02792338286231369 0.2765946164611963 0
0.01694795621442305 0.2779333596741305 0
0.01201267921521012 0.2687201746658278 0
1.416058989692579 0.1236963917607633 0
1.422055478188468 0.1106000314738375 0
0.9500464984752177 0.02401951957014924 0
0.5873220768449237 0.2490460442351616 0
0.606227791264239 0.2302267858107962 0
0.09691266582232781 0.3969880784331656 0
0.1000382500725737 0.3874809219197671 0
0.4141426020839238 0.02114011570867225 0
2.148952855195086 0.02714186939662139 0
0.09855977437766332 0.3544259331786812 0
1.138412182941342 0.3827913228390934 0
1.153439647564536 0.3825340398904081 0
0.1339721853597985 0.0196741030624625 0
0.3115592453162955 0.3731851997670366 0
0.3177096530700868 0.3819258139774725 0
0.3111251613268846 0.3912197967277567 0
0.3229130357924221 0.3726637985435421 0
0.3290955916595024 0.381443752137974 0
0.4106102040588675 0.3871480672824563 0
0.3989871736488039 0.3877747861599914 0
0.3929887371907327 0.3774204647838502 0
0.4233530512592992 0.3878309983973522 0
0.0545816497427308 0.4002497080388037 0
0.3300449844784555 0.154618440108829 0
1.505740821687341 0.03088856856159927 0
1.489756502165349 0.03279617173405649 0
1.476663380560525 0.02293188568405362 0
1.493592879072523 0.01586305096155538 0
0.4675395956409878 0.2068707410432336 0
0.4680467660376427 0.1961503702215436 0
1.006818285509349 0.131901692061068 0
1.593026712802105 0.03065520094694801 0
0.1386548204543785 0.3977153491930893 0
0.1474515142055088 0.3901391390678972 0
0.1568388865721494 0.3932061155915324 0
0.1540910118978753 0.3829288053635747 0
1.46946892157959 0.1399545826017227 0
0.2941974702588626 0.363601783690115 0
2.183052206029946 0.03353592604242018 0
0.01795951168985337 0.09009882797440438 0
0.02536752128897011 0.09875055066878967 0
0.6152156650799545 0.1686431237348094 0
1.222346923665355 0.3956346295842627 0
1.232454709283179 0.3818783157024119 0
0.2102769561273945 0.3208966223422057 0
0.2030692388710617 0.3119398522922483 0
0.1922407361567492 0.3125826791891437 0
0.1236013750771577 0.2253034241592096 0
0.6824756078992114 0.3591472404484271 0
0.5773205494287956 0.2940779934777972 0
1.318873178529726 0.1797187398246609 0
1.325604338771665 0.1683373565840073 0
0.03513692410589878 0.2215199486643005 0
0.02525988037473736 0.222028156693158 0
0.0200770760388382 0.2137582277935159 0
0.3531467582720628 0.1534484309722599 0
1.379956952848392 0.1849115460429467 0
1.284321692403183 0.1948847754842882 0
1.278376264953554 0.207200915250705 0
0.3344882345412051 0.3709550067491602 0
0.3405655435757936 0.3808170066224375 0
0.3462765847462752 0.3709816340694987 0
0.3521176212047821 0.3803878581147594 0
0.3585159055330275 0.368332280459866 0
0.3638021026871462 0.3797167159055193 0
0.3571913896716429 0.3901608133238249 0
0.3679476580650858 0.3905273486462955 0
0.3752897711281129 0.380209412644728 0
0.3341282951541013 0.3907306289880057 0
0.165926596762127 0.01869766865092892 0
1.501925144373051 0.1131349929092984 0
1.390353376775374 0.2271740941488048 0
1.825542189373641 0.01918031374094183 0
0.4765546469087983 0.1155629139089527 0
0.4710422160604013 0.1262918803614914 0
1.035939248527345 0.1302204861045906 0
0.5309856712983783 0.3867525484189577 0
0.210382722155532 0.3407181291616874 0
0.2193826222832997 0.2014682102050097 0
1.076591394514876 0.333846880633388 0
0.575275777530199 0.1098765759109708 0
0.1186609680485208 0.3351660087214068 0
0.1081348904568113 0.3355682080739908 0
2.055621630172398 0.3009059530139671 0
2.036226719158357 0.3032427409713972 0
1.31847449619321 0.1552835414278712 0
0.1102000430275658 0.3905357616330336 0
2.076080190999508 0.2989897279358193 0
1.866163100202929 0.04558803641392645 0
0.8934958431612281 0.02494333808884416 0
0.8796622253853426 0.02636756049640093 0
0.1390190149114506 0.009607756479894846 0
0.1291446559247279 0.3346907321479874 0
0.791954599661708 0.02276425212084828 0
0.777727844309953 0.02322204556189654 0
0.645523437962212 0.1345949554358913 0
0.6583088142882905 0.1341846377707786 0
1.581972426251602 0.2282119360032979 0
0.6407314168164148 0.2918230964459411 0
1.583140642885274 0.1602269621601771 0
1.575472718025744 0.2426600083153186 0
0.2534317557936493 0.3228919863345492 0
0.2653970524506881 0.3220180574287442 0
0.2706243747512602 0.3317738280715044 0
0.2769721727680555 0.3219789031163831 0
1.564991543294104 0.1346167257227065 0
1.54947810325273 0.1350815531678588 0
1.540305331986031 0.1222249517727272 0
1.108123415206446 0.3840039690257455 0
1.53510952072202 0.204759950896752 0
1.526976579481789 0.2178430044610467 0
0.6079333690158958 0.03541817335665735 0
0.6131027569445533 0.02308408291818477 0
0.6016375734496108 0.02506037811516693 0
0.6068913685033072 0.01316573512450052 0
1.477071300369393 0.2783590188184178 0
1.467901131264816 0.28983298429273 0
0.1250622544953132 0.2621498497391886 0
0.1312202837150689 0.2705682820013094 0
0.1265261377005431 0.2801244841906335 0
0.1301112763729477 0.2519370209553948 0
0.1244439794044376 0.2433637596336919 0
1.542716051927425 0.3382448185309161 0
0.1419815283774546 0.269387383590215 0
0.5887694636843528 0.02537904714541896 0
1.576875640943969 0.174858143528313 0
1.525872320510633 0.1689128140037965 0
0.3765016829930563 0.152350965848543 0
0.8034201797126558 0.1277841656457512 0
0.7896293626406408 0.1278695179434502 0
0.8098429225483632 0.1156003926591833 0
0.7824905785366945 0.1164982586827519 0
0.7690863463471134 0.116745354490837 0
0.7760841520923293 0.1278278641159345 0
1.884403510636229 0.1458583136763216 0
1.472149108628808 0.1159069882924686 0
1.480107820385503 0.1293029376381082 0
0.387003946528451 0.3875626615988991 0
1.231953264117659 0.2874710238677968 0
1.238097586998524 0.2746655390038807 0
1.229762718763716 0.2621575809102854 0
1.244256680809182 0.2611262830236123 0
1.217028463607954 0.2881198194962681 0
1.145666939019184 0.3965034697073712 0
1.559910038148488 0.2424190286582121 0
0.1291378531715651 0.03125798255001373 0
1.61862880838984 0.3782753277553392 0
1.625896902873755 0.3632263054369419 0
1.635750518893102 0.3772173714372012 0
1.642765192490044 0.3619960489206162 0
1.652206622673466 0.3758683560532144 0
1.659447388458707 0.3606927521702942 0
1.649646881583665 0.3469112132912059 0
1.668138594001392 0.3737863234166161 0
1.631750853182793 0.3940676898983809 0
1.556426299565073 0.1494815015093083 0
0.2418209111075733 0.201486825293901 0
0.2590457510556283 0.2098789725768818 0
1.935252297310855 0.2472978520721296 0
1.495546863536275 0.1261049930581901 0
0.279238878595954 0.3932365792967049 0
0.9069637725166823 0.135964653450779 0
0.5957872961619932 0.2836517071667969 0
1.444944910525099 0.2837349546077047 0
0.6641764479436978 0.1220737687289437 0
1.497779068406701 0.2891851602714262 0
1.493235359077544 0.05952818458345854 0
1.263988554129559 0.2069455490275592 0
1.397244974648045 0.298130087461693 0
1.430579335580506 0.3457107628305077 0
1.34818584664226 0.01355709054024577 0
1.382453947970469 0.3935271115971603 0
1.37207971830924 0.3837639327543405 0
1.358257791274915 0.3803734245831244 0
1.348506808512113 0.3958198027408894 0
1.340561364506531 0.3821375134323031 0
1.32455117458918 0.383347358221154 0
1.332723524214646 0.3691548668043834 0
1.347735382690762 0.368279211860107 0
1.353194425071318 0.352145401003995 0
0.3506577860601766 0.3605203091970628 0
1.563391019755284 0.3953048511014755 0
1.570069034524684 0.3803679008837451 0
1.554206559909521 0.3805021519393995 0
1.537194478359381 0.3802745143573341 0
1.529039017423387 0.3948165098400891 0
1.580238735264221 0.01703797460211322 0
1.609739601000043 0.02762328084165221 0
0.03150445943375402 0.3476118936919441 0
1.561698671128342 0.2709683626371903 0
0.119753518863453 0.04971643157378428 0
0.5633639245804914 0.1048841598249346 0
0.4902891358132211 0.053952037075395 0
0.07539955389077117 0.4002540112510231 0
1.316151773239225 0.01340365871695454 0
1.310331010256433 0.02691512761258043 0
1.295066236389918 0.02720623506507818 0
1.285594562962423 0.01343790840691736 0
0.6593705149872577 0.2795220820790728 0
0.6656379884096559 0.2681139232387347 0
1.282592090758755 0.3888555864867476 0
0.1837542674062272 0.0455144866548326 0
0.03807201060395047 0.2754884971152735 0
0.04824143995361994 0.2747998557005255 0
0.03223339053119488 0.168718631762096 0
0.02265608939736784 0.1692948060369344 0
0.5245740899259137 0.3729718780473528 0
0.5181473981942349 0.3835009306604336 0
0.02998702704642143 0.1333379525659432 0
0.01954595580280771 0.134022015741328 0
0.01602131177356773 0.1430031296774065 0
0.01419727318254611 0.1249470576248598 0
0.02431069426464218 0.1246470216794806 0
0.02902373954050542 0.1156395319303095 0
0.6787323781312364 0.2684953484151458 0
0.6715944620557777 0.2567768009730279 0
1.42538374305369 0.2956616695571562 0
0.2606564590559335 0.118612722840758 0
1.253066343636864 0.01352741066581369 0
1.286653342361172 0.2426179949845144 0
0.1659524806703592 0.1199865228839184 0
0.160256089303825 0.1107184044171695 0
0.1497664797328417 0.1111469714735802 0
0.1544857921139748 0.1017009818193459 0
0.1439563052610527 0.10221268234376 0
0.148664870289076 0.09277867144779697 0
0.1381047582057787 0.09340304627946069 0
0.1429587461377684 0.08380966557245363 0
0.16515583130365 0.1017796205252996 0
0.139168325302267 0.1117291755925437 0
1.649764669473919 0.01373269007573707 0
2.002873353598493 0.2576186109019058 0
2.007022048099553 0.2897906338713866 0
1.986194572267009 0.2927900631418117 0
1.254792363437023 0.3953209571908328 0
1.360148330127498 0.2875307161085525 0
1.366109362067271 0.2748329175816228 0
1.315924714505632 0.3971559785802419 0
0.1687926053154815 0.3790677204793864 0
0.03057768776579642 0.2308015542428978 0
0.01881973914462991 0.2308623352098501 0
0.01605209898932375 0.2416451184401165 0
1.667584097932103 0.3961069969714527 0
0.05408122632135279 0.2834813276320274 0
0.0493681194956232 0.2929962660701466 0
1.41131180448879 0.1376099969049811 0
0.1826592237935565 0.02703188186005894 0
0.1536219198981156 0.083548283053581 0
1.221887887057736 0.01270711543965106 0
1.454622134372148 0.06395440801929898 0
1.519123877305109 0.0712440495282617 0
1.094895515984848 0.126845865225809 0
1.685386461671603 0.01448757075162895 0
1.694778491182119 0.02960143962419695 0
0.1503795286771971 0.3333237232745392 0
1.330919948433508 0.07869428232540375 0
0.3849468264504521 0.203484992431139 0
1.276444880072708 0.1812787432904278 0
1.360144908272269 0.126917422428869 0
1.346031259800308 0.1274167182159781 0
0.03261258928597234 0.06389709076221002 0
0.02257636022032848 0.06440655392851766 0
1.301569505229692 0.07978539194665464 0
1.309109582851183 0.09230868851523079 0
0.06920790273073968 0.3911479406026463 0
1.463739586982725 0.3962881555672828 0
1.414985014853119 0.3972673614384463 0
1.975931676156415 0.2424338332053273 0
1.315235998731496 0.2415655580820429 0
2.059663242573087 0.1021044036192141 0
1.512391853012621 0.3949961779571324 0
0.1172807108010577 0.3999917576637312 0
1.702292201930007 0.3952483143777508 0
1.197608329364111 0.2226395693126782 0
1.188972752469047 0.2359702431891787 0
1.176403291821114 0.2370247485713619 0
0.1209717251710202 0.1679075402933692 0
1.864358672914172 0.01648464721716276 0
1.190940025410563 0.3960788069447802 0
1.926700910690668 0.2644943471523918 0
1.916458295538694 0.2489565976020075 0
1.908162521066062 0.2659868946830492 0
1.898209141108204 0.2503753195041511 0
1.889785911326848 0.267449434824456 0
1.879645889587825 0.2520056426943857 0
1.871445578190565 0.2689193943573169 0
1.861591769505746 0.2534048450109415 0
1.853259466044956 0.2703740203458852 0
1.8432129681793 0.2550265559464155 0
1.835039525646338 0.271810426426888 0
1.825678961247255 0.2562372313607282 0
1.817158131866918 0.273232677887802 0
1.807444526692083 0.2578865796952872 0
1.799162055052408 0.2746310950633709 0
1.789910002360293 0.2591851586504202 0
1.781422874344056 0.2762304277841573 0
1.772211979113057 0.2574678788399435 0
1.76338701397814 0.2773585340471701 0
1.753658240248292 0.2631700749514275 0
1.745927287114709 0.278950372177077 0
1.735809775740282 0.2656184104168086 0
1.72839395817856 0.2803058816661427 0
1.718337483712 0.2663983632218063 0
1.711136628732162 0.2818804986159911 0
1.700303316489037 0.2697126875903122 0
1.759264492342927 0.2472582622269669 0
1.738514411093743 0.2953725548002137 0
1.791400511695584 0.2912366628572072 0
0.02606220976013669 0.339214779186953 0
0.03045034795619675 0.3299222289213881 0
0.01888359602643237 0.3301806641450801 0
0.1323232928731853 0.08456155616536935 0
0.2056634633009286 0.1483092998103568 0
0.2006774466514523 0.1580652587474252 0
0.1947787254370922 0.1488820736440457 0
0.1898129812926183 0.1585962572054997 0
0.1837345435516081 0.1490538925412359 0
0.1788113783551796 0.1585379659882993 0
0.1888446192395157 0.1396765444328897 0
0.1775742977236451 0.139052384846169 0
0.04536718594665344 0.2214105579857583 0
1.682219563454927 0.3460006155578177 0
1.344225025603649 0.2640450178364661 0
0.6336659606126089 0.1577275836940759 0
0.05477642212460699 0.3017679783005432 0
0.189748659647783 0.05448087731935859 0
0.04155868518184275 0.346968996599986 0
1.25986209400845 0.2877194537302491 0
0.02417155304272453 0.3035384136011925 0
0.05258368881512186 0.1674884507385914 0
0.04996388598185521 0.2121229478235321 0
0.05455902479251967 0.2029239626091519 0
0.06486011668992467 0.202458429926186 0
0.3947261519695606 0.1617357850063908 0
0.4951369993082575 0.2482775734890319 0
1.222010171916132 0.1328222598634651 0
0.6255494893352398 0.2252688434641015 0
0.5422961669092575 0.1377783790785924 0
0.7005373257808599 0.3244369780099347 0
0.6117538323035939 0.1014072467450486 0
0.6131041939809025 0.2486664184663664 0
0.6224659653990824 0.1804437739395899 0
1.318267653878284 0.3146274641229793 0
0.1381196996161593 0.2970168627924881 0
0.1392429639022637 0.2138549769409066 0
0.1329752557780414 0.2057616901907787 0
0.1281913878183439 0.2156692960394889 0
0.06124116842555009 0.229580059462284 0
1.214249456696831 0.2366666636006088 0
1.228930442009347 0.2363654122125292 0
0.4821269664606429 0.1043494043735271 0
0.4069287768632689 0.3050700316650281 0
0.395117774924122 0.3056260795935397 0
0.3896890284662961 0.3161999287791348 0
0.3833503737144879 0.3062189964958595 0
0.377947244455389 0.3167185572303406 0
0.3716659070776809 0.306795643163866 0
0.3662664756523718 0.3172102338589555 0
0.3599889584322468 0.3073829634044392 0
0.3546434701264692 0.3177976186607557 0
0.3484029571324472 0.3078367041947817 0
0.3430515248110813 0.3183472979241346 0
0.3377253815166777 0.3287367395831786 0
0.3315244553222556 0.3188379258172267 0
0.3536889100944284 0.2975688315678967 0
0.3368941755696121 0.3083161453949362 0
0.3254486654723698 0.3089730756541891 0
0.3200927558500129 0.3193638673417303 0
0.314037084620205 0.3095177668903594 0
0.3086410962321186 0.3198052909282735 0
0.3025929428041663 0.3100849428483003 0
0.2976212690169432 0.320786034665771 0
0.2902437235211824 0.3105344953928579 0
0.2964180573825225 0.3004790889578763 0
0.3035804919820969 0.3303962490511718 0
0.05286740397447349 0.2656193788615029 0
0.02707386615724456 0.05543171776596027 0
0.01733545377060274 0.05598906950527977 0
0.02214584786360325 0.04706262892635425 0
0.0132920134910742 0.06463279421244456 0
1.248402130178759 0.06916324486133386 0
0.6003913190959826 0.1241907442543261 0
0.5937780622835607 0.1138103103053574 0
1.228111309599878 0.2213150385111808 0
0.09751766932001273 0.1139216953447425 0
1.634947739783317 0.1118873957942423 0
0.1207760707943095 0.06766178499576958 0
0.02175841672262764 0.1511852842105121 0
1.966412754524702 0.1116951800746349 0
1.957186879859145 0.09620534486444118 0
1.960135956975855 0.1286651625927972 0
1.969646788282878 0.1442086867570506 0
1.964233570119135 0.07926737544985789 0
1.987418534098407 0.1422616785642835 0
1.979478822065072 0.1594316960279937 0
1.961539995368452 0.1614422651256104 0
2.111156611008878 0.3931920620225693 0
2.118140337192312 0.3767166501292361 0
2.099203440264908 0.3788284770857631 0
2.091483354408592 0.3947101327767462 0
2.111539788616928 0.01615765826639778 0
0.8344937996630377 0.06622253441634667 0
0.820859871929458 0.06707110431806459 0
0.1024704788189574 0.3263904100186206 0
0.1895903273285431 0.2569534101152899 0
0.1788300499179277 0.2575818471804092 0
0.1847057235165797 0.2666797333680255 0
0.3725844281934424 0.3272007994602614 0
0.156143773938231 0.3423361121609086 0
0.1397574795958819 0.3339495924619155 0
1.94222675496402 0.3446373264401686 0
1.934093576696182 0.3613750177535517 0
1.946069457552732 0.3774050899422594 0
1.923564398399947 0.3459574781821093 0
1.915406187973748 0.3626683942041339 0
1.905031077743264 0.3473150907536688 0
1.896867357193089 0.3638173999010594 0
1.886602109163758 0.3486478598179457 0
1.878417521151991 0.3654200180295081 0
1.907893705009053 0.3787285108041538 0
1.868264982797411 0.350047381111223 0
1.860582479840634 0.366099816087703 0
1.84999841242786 0.3514757197385379 0
1.842991974753451 0.3674627851692695 0
1.831879368905958 0.3529446604086146 0
1.824970824553361 0.3686762747463053 0
1.813718693362284 0.3545468605115903 0
1.806869557677364 0.369855186765193 0
1.795847753012549 0.3558360951838931 0
1.788862346217215 0.3709733340202072 0
1.77771584675152 0.3574052830394887 0
1.770887617838513 0.3721248621216596 0
1.760539003849998 0.3576948994368516 0
1.752368534837752 0.3749081869997812 0
1.736958819693501 0.3953362131692644 0
1.727719846977694 0.3801000461531693 0
0.3689786536837001 0.1223303191146401 0
0.3742567415347445 0.1116472873980763 0
0.3876730518328205 0.1111538924187392 0
0.1826398025221015 0.229434516615093 0
0.4208032260880851 0.2306494806065815 0
0.636463312216822 0.2026409866758421 0
0.6226368688896452 0.2038939085706627 0
0.02457150870840654 0.2047792243710659 0
0.01750636185127149 0.1972586260222214 0
0.02305256125546497 0.1870319700485976 0
0.01231249565347494 0.1885319051005111 0
0.2086801644685689 0.100613541418624 0
0.1977605570909671 0.1011555288141844 0
0.4725635570782643 0.06567072171946033 0
0.4781166312925227 0.05469175321124827 0
0.4661368479622597 0.05553897728842381 0
0.4969980889619925 0.06423986504931303 0
0.4604667492310953 0.06640701602707678 0
0.4539686084336808 0.0568231061443458 0
1.219826205858942 0.0697117723915661 0
0.4362995305898034 0.06788620550287985 0
0.8256905341592191 0.03152796676030088 0
0.8370263157418119 0.1137961851300738 0
0.6855467970157393 0.1547797090285663 0
0.6926357940675976 0.1657235164638424 0
0.6796265053987895 0.1664296233754885 0
0.7981670086967895 0.1620930437891702 0
0.3979966294576671 0.3671323208660268 0
0.3864169537031552 0.3676109659363525 0
0.06846548490708888 0.08955341488236808 0
0.636965878802744 0.3491598891213556 0
0.6429134984303384 0.3377086602778449 0
0.6300717488044805 0.3383170407130789 0
0.4005754002954801 0.0700467127170185 0
0.4827566348590975 0.02233716186962991 0
0.470195755996882 0.02315326448165262 0
0.4666947947925997 0.01084288549077316 0
0.2332416043699728 0.2417413605222083 0
0.3653785495792914 0.07224919711948938 0
0.3341812916106132 0.1243783548710147 0
0.3393824130613581 0.1139236671944945 0
0.3526091603747477 0.1131845854792324 0
1.264363746891335 0.3374403616936968 0
0.07614181869698369 0.3183346509231081 0
0.07139363374446164 0.3275179619988428 0
0.07050858548271691 0.3096905852888094 0
0.06578286734024694 0.3189903845934003 0
0.6163026887668536 0.06785893915207122 0
0.3306887666821762 0.07427555004327807 0
0.299899120368231 0.1263886177866897 0
0.3050296056603382 0.1161523617388063 0
0.3168977371768559 0.1153921132973359 0
0.4723906844168262 0.1469453985753474 0
0.4315815241741734 0.1806067133647526 0
1.272182122991629 0.3512063850470919 0
0.7722501170729049 0.3960388863298867 0
0.7802288394358109 0.3866423957262182 0
0.2637143320499376 0.3014184035430523 0
0.5766682300239009 0.01046997923663057 0
0.3956256423108322 0.3990124807885274 0
0.812955783886792 0.3954486164851531 0
0.8219905001190437 0.3857446231760997 0
0.04025791265153016 0.132708448800754 0
0.2737927453554869 0.07788788266451196 0
1.144053331141795 0.01257787619464315 0
0.8555663692332401 0.3986194268027277 0
0.8619882472786834 0.3859058600942814 0
0.9972140711775955 0.3977018700168706 0
1.004342708797662 0.3858629446779394 0
1.070253909523317 0.01280155573728486 0
1.076464765184885 0.02736525403873773 0
1.055496534642223 0.01499661700999889 0
0.9255892856680559 0.398165352442766 0
0.9323220865528948 0.3871607380741538 0
0.3562559188571585 0.2153069995768264 0
0.3615550050741198 0.2048647149637246 0
0.3499128559083109 0.2054218831990381 0
0.343489602870852 0.195655397951175 0
0.3383232682182903 0.2059846211557869 0
0.3668959276426648 0.1943103581741775 0
1.754746922837515 0.3936501398899404 0
0.2405485955711319 0.07979866163348293 0
0.3519289214207865 0.2457711878336013 0
0.3581623722644242 0.2556099538834438 0
0.3701825626288789 0.2551593312535206 0
1.628261588023411 0.1271074121886628 0
0.5527846345826943 0.3988235296868638 0
0.5582730162693372 0.3878419824763102 0
0.5401843946118581 0.3984341839605564 0
1.295826325438623 0.2785654261938226 0
1.998008628511462 0.1576849692311727 0
1.990144735543033 0.1748906054126317 0
0.1818176715828101 0.1112863038898019 0
0.186912948321831 0.1019861752671567 0
0.1760462145593154 0.1018016935202728 0
0.1333153398670876 0.1030326839289791 0
0.8067790228489624 0.3490210642066023 0
0.7716704685916917 0.03531709481648441 0
0.7582662107822932 0.0361253307552101 0
0.7522527073106255 0.0480691321306832 0
0.7449161671133377 0.0366406143696392 0
0.7389475003536815 0.04875564091516096 0
0.7316374421442611 0.03737620808396755 0
0.7257083022366376 0.04945553436175124 0
0.7184337979652087 0.03838976064161708 0
0.7236609072171994 0.02408382952035309 0
0.7098580150716293 0.02780222352929827 0
0.7051747988972672 0.03931763522761942 0
0.6966061627429526 0.02897580605562 0
0.751167593660388 0.02472548032334042 0
0.6920362368622494 0.0402304731355468 0
0.6835067842187397 0.02971884014251426 0
0.6789391373505219 0.04096174344764218 0
0.6704779752765011 0.03035667021652565 0
0.6660502903082165 0.04155568199549618 0
0.6578493215223968 0.03135021101839435 0
0.7330011365754877 0.06068131820722619 0
0.6734260068704142 0.05275787787422584 0
0.759599337107544 0.05931612661826682 0
0.8477907120820573 0.3454113569783799 0
1.693359270372366 0.2850881435138098 0
1.682504293347662 0.2734921923217625 0
1.665133836559306 0.2762296337828428 0
0.9177809508818583 0.3418255337642047 0
0.9890290252723561 0.3382034670939286 0
0.02506869719584875 0.4012462205187446 0
0.03862950408416475 0.3916867905928516 0
1.061878818710208 0.3345581055302087 0
0.04238458473709275 0.168103700517587 0
0.4241150536151384 0.06888339520046523 0
0.417577543262682 0.05980144624277322 0
0.02200292249603413 0.2495487185820379 0
2.091759600727059 0.01667678651250867 0
2.081290611794901 0.0336011240741016 0
2.101595374580671 0.03414338712775509 0
0.7124851311378522 0.05021355384297808 0
0.3489865121211753 0.009488827104424669 0
0.3530991739376186 0.01914309947213251 0
0.3722312280442611 0.01224385187920952 0
0.3786369769977121 0.02270159399314022 0
0.3959721783151109 0.01090638229575407 0
0.4715643073033753 0.2714678310659049 0
0.459266838602595 0.2719862099004142 0
0.2720748521952271 0.2492539771376089 0
0.2780901762686042 0.2584228697665594 0
0.2893247068362722 0.2579298248251511 0
0.2640859411182326 0.1989196631404203 0
0.7021467783775771 0.2222152703982713 0
0.6961674122030905 0.2339395412602437 0
0.6831252817134762 0.2345033095822972 0
0.689089022339048 0.2228839981227808 0
0.6760590595424971 0.2235934012977232 0
0.6699712439905459 0.2345005765753554 0
1.168224464612112 0.2244642408492911 0
1.161403042761527 0.237835825813091 0
1.146431198977614 0.2386360827124609 0
1.154031414961256 0.2509061691712213 0
1.139550201017525 0.2518094369976782 0
1.131476196210487 0.2394134909264464 0
1.124694322395549 0.2526050449652795 0
1.145621215559478 0.2645182686199311 0
1.116565328870464 0.2401929641128835 0
1.109785659337529 0.2534429745665867 0
1.117933025811179 0.2660461686978509 0
1.103044324636708 0.2668239867460519 0
1.094897441886739 0.2541679575823675 0
1.123315673679974 0.2267869564036854 0
1.101600287942121 0.2408136282428467 0
1.086775910566137 0.2417299743682011 0
1.080115689189519 0.2550753863374549 0
1.071938779185885 0.2428258209404197 0
1.065358205857903 0.2560245902591676 0
1.073552474250832 0.268485621646834 0
1.057275516527728 0.2436716094268522 0
1.050666795783419 0.2569522740996645 0
1.042551681785799 0.2445858912707952 0
1.035994591613757 0.2581132095562932 0
1.027850460146498 0.2459427374527279 0
1.021413611638717 0.2589095497531339 0
1.044140187635005 0.2702981722853613 0
1.01342380504952 0.2466607008945464 0
1.006915261909533 0.2597802656286073 0
0.9986690287985948 0.2470699704988973 0
0.9920644808034812 0.260347905485739 0
1.000478200689357 0.2729695473321628 0
0.9860579461865105 0.2739076834499278 0
0.9775469662444835 0.2617723367531397 0
1.034605830102409 0.2319411780394761 0
0.9910119328993334 0.233918391501529 0
0.9821181626010536 0.2467889992995173 0
0.9677132745119105 0.2514939807440293 0
0.963646115929529 0.2646611173249264 0
0.9540630336098014 0.254359273895702 0
0.9497419963401766 0.2672582908203403 0
0.9401323538575493 0.257494875102445 0
0.9357868344021636 0.2702595508006649 0
0.9264153683679629 0.2605664521611514 0
0.9221012298774933 0.2739271030623913 0
0.9126316024116314 0.263672477987607 0
0.9584103541219984 0.2424843609514054 0
0.9168068081745332 0.2502394012784512 0
0.902786025497632 0.2528444514900606 0
0.8988532377117275 0.266640405570824 0
0.8894429108738058 0.2567661116922683 0
0.885175068413673 0.2695878048325185 0
0.8758983617553824 0.2600585789960052 0
0.8716021459846173 0.2726075583187528 0
0.8622703624734869 0.262756358526033 0
0.8580936232088962 0.275702723630526 0
0.8487726794909426 0.2657886086264878 0
0.8664345095870492 0.2490003792357333 0
0.9582397569528709 0.2788150518000409 0
0.8446038770034041 0.2786371223176063 0
0.8353350846321983 0.2688215200754202 0
0.8395017232967322 0.2563088692267921 0
0.8261634315474662 0.2596087874829302 0
0.8219460572679271 0.2717685451249431 0
0.8127622511561572 0.2622794652414853 0
0.8086229113060736 0.2746961462391182 0
0.7994448429498375 0.265014931697409 0
0.7954184416818779 0.2779233117675658 0
0.786230585821886 0.268006292402291 0
0.7824101787350066 0.2815056699944955 0
0.7731113130168998 0.2710932323464484 0
0.777073382587144 0.2581466100373136 0
0.7640741383930392 0.2615891053018509 0
0.7600148862734876 0.2740078016732371 0
0.7510210614696236 0.2646538955709211 0
0.7471512138677033 0.2768134362648336 0
0.7386324258425347 0.2674182989704929 0
0.7418055685482881 0.2544301505195383 0
0.7342594593855722 0.2796516088569584 0
0.8063504344506832 0.2869562096055732 0
0.7252323993198907 0.269712436334499 0
0.8915055468110173 0.2441743140691381 0
1.167188806478238 0.2500814049497103 0
0.769395267956805 0.2844589682773469 0
0.7936857235521032 0.2906014663307826 0
0.7647857453746039 0.2976131248805517 0
0.8307133829420802 0.2824598748142908 0
0.9080980021052626 0.2769994464184647 0
0.9183274214231836 0.2892699408948302 0
0.04082430936552676 0.02793652373898527 0
0.03069564146409014 0.02854417670859712 0
0.02623345075032954 0.03766689948151227 0
0.02127575987627477 0.02917927247092158 0
0.02533447905366873 0.02051996722250312 0
0.03178838998916964 0.04623804158525817 0
0.1235140318101361 0.3256002833680992 0
0.01794243825525908 0.3913403559994306 0
0.8878101822877716 0.1750822586839225 0
0.8738892761382343 0.1757786096159705 0
0.8953539266206845 0.1869234083221793 0
0.866319512098869 0.1641644690962253 0
0.8600082035983547 0.1765299575719653 0
0.8666178351262515 0.1883212904970391 0
0.1063398815282398 0.2988802181498134 0
0.4582964399235591 0.2510617485343397 0
0.3886096663603621 0.07099953135539258 0
0.3821858753480095 0.06192217252662014 0
0.2733268891855952 0.1573860915747095 0
0.2624408721054502 0.1585337346526033 0
0.2906654781788454 0.1670090304391481 0
1.394960473259543 0.1143071199599625 0
1.085691154988454 0.371896702762015 0
2.055115925645858 0.3941255877905669 0
0.6241394226145083 0.349782382049741 0
0.6173357923486088 0.3389063737755916 0
0.6045464147198125 0.3396510978322033 0
0.2958293496322474 0.1564628823723782 0
0.3133779065797084 0.1658613718155806 0
0.03528315805159632 0.01977056974852917 0
0.6890688078486031 0.0978788346388348 0
0.6831613818970008 0.1096103623720781 0
0.6760172158615345 0.09846900078290012 0
0.6701381831643207 0.1102103506919787 0
1.029522936263735 0.2711939524909369 0
0.1449813750679422 0.1206524503560348 0
2.014650184228525 0.3933045709572902 0
2.005330149924417 0.3744583931662133 0
1.98606484757842 0.3771788187818686 0
0.3536159514666378 0.07310299702077346 0
0.3472937692337529 0.06400976507864289 0
0.3185887089800388 0.1552966276442333 0
0.3363191433271727 0.1646846340679844 0
0.4479292360745538 0.1483784581403242 0
0.04278795655139621 0.06325005931962444 0
2.053899624195005 0.01653361856638217 0
0.203723576990354 0.110380821273622 0
0.8526549604983736 0.2527506026635862 0
0.3829278248380379 0.1623508403037217 0
0.3415792876360498 0.1541148295281325 0
0.3594967453678384 0.1635061452481602 0
0.3648023627962524 0.1529418555048836 0
0.3190746757402085 0.07510822897569697 0
0.3126694850080203 0.06593145361121516 0
0.5485318736555457 0.353469592658322 0
0.5543865314245036 0.3420281598683766 0
0.5421108210401735 0.3424356107585068 0
0.5669616142973848 0.3412280462629733 0
0.5356358362335749 0.3312626464006456 0
0.5361145049339091 0.3527945857702577 0
0.5532237291587526 0.0717532858529876 0
0.08799655899502179 0.3542402422827088 0
0.1032989341710852 0.3448873091240974 0
0.4238814407275067 0.1497734905564059 0
0.4033737933740533 0.3566423827880569 0
0.7989044689978991 0.3976385329744508 0
0.09520939697083777 0.07821168877177707 0
0.2626688452388285 0.07848730802708179 0
0.2564748247375999 0.06937354968107318 0
0.3796313454530363 0.2139262348091051 0
0.06786638474668195 0.05294525661125119 0
0.3609391607048706 0.3277936110911255 0
0.2294954639265449 0.0804304753448771 0
0.2234194002316815 0.07132178711859914 0
0.4803900467826224 0.1783431241391731 0
0.8244622094372427 0.1384522230747754 0
0.8414686381557679 0.3965825225450211 0
0.0432416518301452 0.3823437441813168 0
0.7905086104973229 0.255083862336169 0
0.7806794195632654 0.2431305060282982 0
0.983067753989961 0.3981442250502797 0
0.9116554077861142 0.3985372282316738 0
0.1446506704467105 0.3243686079565076 0
0.6867902582160357 0.1774170018693723 0
0.3803989187712659 0.3576385346716947 0
1.091322189022742 0.3331602692439895 0
1.106333681057412 0.3322076338438092 0
1.210024818098272 0.3012636655863432 0
0.2682254830091759 0.1679677970265405 0
0.2512341674941068 0.1583836857237396 0
0.2462016487387452 0.1701704328557186 0
0.6813775546820324 0.3997544333047714 0
0.7081753397235128 0.399338352717669 0
0.6417768052585389 0.01105383641813139 0
0.6370436961857401 0.02223003234737844 0
0.649617035058855 0.02149956646889098 0
0.6676562251089198 0.01100345797867503 0
0.6937578652357688 0.01103212737200004 0
0.7201018305470382 0.0114740743041996 0
0.7379002459585522 0.02424701851118459 0
0.05099515719748373 0.2301222725060457 0
0.7332021144438867 0.3985616099968733 0
0.7267366812789098 0.3874505324563229 0
0.6554109226140841 0.399860651530112 0
2.014701463451005 0.01656099756649873 0
0.7931669608379663 0.3498443803647249 0
0.7861566461063758 0.3378563526880941 0
1.047087564638042 0.33532542677364 0
1.03907114943023 0.3229613493034879 0
1.791679654613295 0.3950756256681344 0
0.7464159879308208 0.01173468467372579 0
0.8338193360098853 0.3461759456893456 0
0.8247064346087967 0.3356233848899983 0
0.6304098920933203 0.3998033228475112 0
1.976642985511005 0.3936625916967224 0
1.966615267052099 0.3772507385869703 0
0.2106447100459794 0.1385249733886724 0
0.2964898725888253 0.07654479114103438 0
0.3903881904239934 0.1928783343141659 0
0.9034323997614354 0.3430353332418917 0
0.8963268494528893 0.3301016443376713 0
1.828006641628816 0.3949873293637197 0
0.3446568093999623 0.215866468266723 0
0.3268334604497676 0.2066106830955522 0
2.078794138171383 0.1004275783824769 0
2.051768845873602 0.1196563564951637 0
2.062808009309572 0.1353569244476595 0
0.6950503231803969 0.2111609132176862 0
0.3960638458682046 0.3261915586291929 0
0.6447144308338579 0.3817060519148102 0
0.974420690483036 0.3392715208465878 0
0.9670448388020392 0.3264919996018977 0
1.233211510971496 0.3130771203681201 0
0.8742821554937819 0.03939314917837177 0
1.863783577003787 0.3949207641027193 0
0.6040452324156186 0.3970400385365001 0
1.129283652090741 0.3441379749698504 0
1.136197394682833 0.3307497182257323 0
1.12128181807581 0.3314571600925258 0
1.310828196255131 0.142428287845067 0
0.1275087567949809 0.2977091147989069 0
0.6210294962631367 0.2811875980064861 0
0.1090200987086577 0.3539082279472863 0
0.1525690508518806 0.3717433622715453 0
1.902224907782941 0.01728167011758485 0
0.06753918086136998 0.3546231125340287 0
1.939808401737606 0.01566015571023391 0
1.976665808474965 0.01573087823615335 0
1.05599921607648 0.3974333452322056 0
1.026141082660529 0.01267660996071942 0
1.026170628735497 0.3973979777699551 0
0.2251030031499556 0.009487072455808085 0
0.2305833201840186 0.01878654244067294 0
0.2415862883527564 0.0180212946366772 0
0.2197738890038137 0.01822329322497105 0
0.8839154999916263 0.0124332060710549 0
0.9073757565145466 0.02334859949820031 0
0.8664886076633432 0.02653610743609559 0
0.269428941469557 0.009603143580646718 0
0.2750355519125531 0.01939559486160015 0
0.2625909169993602 0.01868633504607541 0
0.2563610601342744 0.02521539872918237 0
0.9538681192209921 0.3982000469651419 0
0.2919077164306699 0.009598926775615324 0
0.2978560706713944 0.01991171544624122 0
1.085613399201 0.3971487978610047 0
0.8831247769306254 0.3987609896808048 0
0.8128657835515869 0.01138029161024193 0
0.08743467367011094 0.03393452453709141 0
0.08171325996348699 0.02592674604831054 0
0.5651876780044053 0.01063014495817335 0
0.5584215709505906 0.02105736020119225 0
0.3145694828468401 0.009540785099963672 0
0.3187999981410874 0.01912034503245342 0
0.3316147269363294 0.01982099355291543 0
0.3374518238721061 0.009353171131743479 0
0.2237028414065383 0.1723239323710281 0
0.2018249090042936 0.1732667329531488 0
0.766295843850856 0.3512707996907682 0
0.1798578439481062 0.1747655812579249 0
0.2483597720869459 0.4015752975791096 0
0.3752849609035495 0.2446684389856191 0
0.6819269946428311 0.08685410509714711 0
0.578221041926315 0.07029917336157046 0
2.183240410112995 0.2223024828988539 0
2.183298050142338 0.1845769125255732 0
0.3216179042078678 0.2172095653403094 0
0.315402877547158 0.2074700988194299 0
0.3039351743986506 0.2079511377575925 0
0.3092099512500516 0.1974046728363848 0
0.2922005805982803 0.2073486030862962 0
0.01612979799143695 0.03902432445121855 0
0.5775368519861613 0.3989598067025688 0
0.5947226957502378 0.3858905267339216 0
0.1709661457709076 0.009253804853181514 0
0.1555493724227134 0.01891873243280808 0
0.8756998957661899 0.3441439214844246 0
0.8544796969239244 0.3314634893082072 0
0.3041352077402583 0.4006488664706135 0
0.9460198074307142 0.3405913496004155 0
0.924723985607049 0.3283735892625276 0
0.5406733115264923 0.01036039135304221 0
0.9353326536174827 0.1356461165561273 0
0.963765808589665 0.1341400362876634 0
0.9419786397051073 0.1223787625401716 0
1.017934912123123 0.336478711121024 0
0.9959793498186618 0.3247866565653657 0
0.992470767612684 0.1325356226116531 0
0.9704395990194538 0.1207965455294326 0
0.3882773424520878 0.1517478870865512 0
0.6035602404719291 0.06877007171162074 0
0.2763117364072242 0.2192850879106929 0
0.07653688306396692 0.008877450997096262 0
1.021433192150059 0.1309180402588095 0
0.999154216541694 0.1192085040532489 0
0.1358567212949377 0.1572739289698991 0
0.2987414992705305 0.218158706375435 0
1.050637217589927 0.1291667999162354 0
0.09313169458863689 0.2458331251976548 0
2.183098978834845 0.263583715498989 0
2.164848230753239 0.274972000253928 0
0.4024075766289631 0.02153421339042577 0
0.4195500394850196 0.01046845576607753 0
0.09197129993762709 0.1051051066394512 0
0.5153790573483349 0.01067485578602047 0
0.5208352180805162 0.02100647305086092 0
0.5158983669274554 0.3997062958864379 0
0.4557488790784883 0.1784442949145995 0
1.08007404282993 0.1277018806995416 0
1.071988190153315 0.1152725398356831 0
0.7462882060074825 0.06001400875416227 0
0.7270913918935958 0.07272735855872796 0
0.3403522640682232 0.2462660836029264 0
0.3349938184963777 0.2565248359011705 0
0.3235070948462846 0.2569927937846037 0
0.3220452552869313 0.3590628810804604 0
1.914080302477104 0.1636160200244746 0
0.294590814998014 0.2482096347900481 0
0.3009687727922697 0.2582995553094174 0
0.3120224004955113 0.2573805757984808 0
0.3173458066386444 0.2473001470618131 0
0.2655543231836811 0.3616705853007898 0
0.4921159498637303 0.4001951661206025 0
0.4671246751982364 0.3993483771511117 0
0.4613410324297978 0.3872696074926067 0
0.4484231553530876 0.3886194842911166 0
1.063979100376614 0.2299504228008703 0
0.4192272066343718 0.3997545975906087 0
0.4357263450432762 0.3881423663557977 0
0.4522529048569427 0.3769909058599323 0
0.4430672051702315 0.3996613447765405 0
0.9210896239329955 0.2359944728442191 0
0.5645987446908978 0.2965644241658464 0
0.06420493091576547 0.07992608910603666 0
0.4431358631800851 0.01012223771672659 0
0.02503463075173009 0.008686360548912251 0
0.1760507358077983 0.2024608544403212 0
0.9158325469015745 0.1737019096951507 0
0.9234164599102211 0.1857171682945513 0
0.1977638028719473 0.2014687212331369 0
0.2864434457653506 0.1980835022018533 0
0.9441322263897562 0.1723467329325052 0
0.9502314356363428 0.1844759816498743 0
0.9726918663613418 0.1709646928112953 0
0.9788195153422903 0.1830698015830194 0
1.827395089368853 0.2885703715177582 0
0.9688604172710826 0.3761210199046409 0
1.001508984343012 0.1695688052802781 0
1.009315200628905 0.1820757235429622 0
0.8978892876751932 0.3781870415112578 0
0.1918800105499354 0.09205807666078945 0
1.030581402213588 0.1681583461502535 0
1.038462667708301 0.1808298469939633 0
0.9136692663986926 0.1231955605937117 0
1.04136448474123 0.3732708884543248 0
1.173089821858238 0.1853393908602484 0
1.165584354965674 0.1723660640854216 0
1.152520389385499 0.1731571646642411 0
1.144625349793255 0.1871395204323159 0
0.1420480815968377 0.06634528639624272 0
0.5989549017340254 0.1022338901367108 0
1.070869979418743 0.3723278072460149 0
0.5025363866893606 0.05320399036362503 0
1.059900917721276 0.1667300656328687 0
1.067857649881951 0.1795561248365372 0
0.03994307974866612 0.0904926963574801 0
0.2695064925699044 0.1072434092072371 0
0.619156217306451 0.3828293100701865 0
1.08945004581107 0.1652796784443913 0
1.097606914177725 0.1783746741608398 0
1.991220164541413 0.3583202775458531 0
1.124661808343857 0.1252040833748043 0
1.151185698463676 0.3300463334383162 0
0.09403238803536834 0.2637872144288197 0
0.602820369933449 0.2947045254732538 0
1.168094453700998 0.3828827930538748 0
1.1750776926559 0.3685645200835668 0
0.2668860668750588 0.2587317480931858 0
1.119098996464655 0.1637217809435903 0
1.125238337500956 0.1760301595391745 0
1.123034760617905 0.3835727768570864 0
2.183308048790473 0.3023799524838476 0
2.179746186641622 0.323305903839052 0
0.598747174474337 0.350965881262314 0
1.38002370153761 0.2734785601828593 0
1.109760202062822 0.1260352899882075 0
0.2291214413472396 0.3082552215822899 0
0.2200155583305297 0.3144328781974005 0
0.4316216580157425 0.3245547830269992 0
0.4379800676721485 0.3345799985943927 0
1.294367000935778 0.09281485053675227 0
1.895687053564041 0.1653691902320932 0
0.5273214642045962 0.2797665557830876 0
0.3193867443363864 0.2989654424903013 0
0.4254778616431791 0.2003584208862771 0
0.08443923695817088 0.1835176013132309 0
0.5047571272048027 0.0956731547546571 0
0.06528947930658052 0.1225611371046146 0
0.7177004110253451 0.1417208698317903 0
1.719416120834823 0.01472129091039122 0
2.180569859450206 0.3597614848692374 0
0.6826287643197804 0.3804849070313108 0
0.1784118372155464 0.3599409246098895 0
0.1699810569740625 0.295424640684757 0
0.1756682917427271 0.3044014123395689 0
1.101637971974149 0.1135453070675809 0
0.1158484437835622 0.2807576834500017 0
1.193796050892899 0.1602507426536915 0
1.199300783499732 0.171785648936408 0
2.117844749490428 0.2138911727943028 0
0.672483676414654 0.1558149192655195 0
1.028106582118855 0.1175168406862774 0
1.863634600403587 0.2858114012703191 0
1.99722527047736 0.04408355133453253 0
0.2729670769600621 0.3114359661605201 0
2.120776972418195 0.2457546419829982 0
0.01877865182315536 0.1158815512122979 0
0.01453403921582106 0.1077355818181066 0
0.5149183313695425 0.2801982041410523 0
0.5094280924170858 0.2906307775551835 0
1.485910468470794 0.1512048996977559 0
1.212017081380701 0.09541503751875023 0
1.916791202878811 0.1817502807129634 0
0.528395424400346 0.07318923849416019 0
0.008181646540484923 0.3643621068828561 0
0.008595203547204779 0.3855426050634592 0
0.9784136711010706 0.02261140541765886 0
0.2066604339291795 0.3862528080537254 0
0.9758132395685545 0.08210891278705239 0
0.9824510841876646 0.06988492123188754 0
0.9049307503707249 0.08617848426339357 0
0.9111439075468645 0.07384974023179257 0
0.7387018710307389 0.3002624441028377 0
0.80115901460849 0.08020429759994069 0
0.008660254037815845 0.335000000000173 0
1.233380507841009 0.1831327447725759 0
1.35764414374684 0.05303521958183074 0
2.139822397556678 0.128782815886336 0
1.900223349720464 0.2828523307722883 0
0.6267111041826441 0.1449905912173584 0
0.008393918297499414 0.08499730638054749 0
1.801788043074034 0.2408055014892211 0
1.93722476912317 0.2799601195777131 0
0.008761217416265805 0.3155729217277942 0
0.009743546951030481 0.2950844876340288 0
0.007883762211222677 0.1649603886716554 0
0.01008515132088033 0.2144376516147534 0
0.8119408145860758 0.03277093188629101 0
1.179034278569906 0.2768189887679516 0
1.114340557238045 0.3448766551102769 0
0.4905710291408195 0.2811513242584701 0
0.1735854980496057 0.3694704013830121 0
0.3123447709850981 0.2687523879744436 0
0.1402069201996911 0.130254488967057 0
2.08907275484395 0.3509412105455124 0
0.6280092926271235 0.2925515787109027 0
0.2125727345226152 0.07196351474295884 0
2.114253485986131 0.06422694617088449 0
0.1613939825580545 0.2310609917782711 0
0.3927595576024577 0.1210567623866601 0
1.068795220033273 0.3211099791903291 0
0.4757088747390126 0.3736273011302005 0
1.947636879153691 0.228335926418613 0
0.2810924522638877 0.1065706378156255 0
0.6530782543699627 0.04293126447730463 0
0.6583127856488105 0.2569799203398712 0
0.1848905546157362 0.06418466716314632 0
0.08946318215815367 0.06959990795846042 0
0.6383361807819385 0.1221454887268374 0
0.04590635332580808 0.141242888206504 0
1.837523402144351 0.2377767086179694 0
0.2100948583601578 0.03481882220998107 0
0.1285610086299614 0.1125454747312329 0
1.093528163182179 0.228230500329366 0
0.5736164449688166 0.3521131517873159 0
0.2885857575819902 0.1270910103714792 0
0.8330876314091853 0.1735967093736548 0
0.8404654488544537 0.1851254944147862 0
0.479767415369771 0.3223936960078116 0
0.03691186502906423 0.3560630444974109 0
0.5403418727759809 0.298416485443646 0
0.05927709225757676 0.1143535150330738 0
0.322778338252822 0.1250830281569758 0
1.371633543453906 0.2621365118570059 0
0.6476195767193809 0.05481341781237788 0
0.3262920541043068 0.3293248137819759 0
0.3576004802599274 0.1230674586125506 0
0.06112056464186146 0.328153174046789 0
0.09592174766304262 0.2993995201824307 0
1.984808171255848 0.2248642101077287 0
0.4284401424156473 0.3768788404285626 0
0.2538966460296174 0.221015710116236 0
0.0499708965540804 0.3111043413005273 0
0.8605511977162982 0.04045985032443179 0
0.1308396059860379 0.3711423343822545 0
2.076767765965367 0.1839436471570526 0
0.3770741484076596 0.2962165498595563 0
0.1348734284768908 0.3435650676703599 0
0.08465395325534618 0.2820007281147976 0
1.098396377720087 0.3195794500358377 0
2.123063349777262 0.1632722302406869 0
0.2317204253402816 0.03402982710060457 0
0.505344187241589 0.3830020254576851 0
0.2471479722373753 0.009007364510949353 0
0.2478659453040413 0.333696233527376 0
0.2008075672491338 0.3777177247243284 0
1.721100312166471 0.2966295962565752 0
0.5603628886481502 0.3302130085735273 0
0.5795142412972872 0.340668795273272 0
0.5853817330526565 0.3291509513450363 0
0.1565104374503566 0.2405219066450231 0
0.455536587988978 0.3234824800953373 0
0.1710980050370002 0.2119966923114849 0
0.1650494645214987 0.3048987325229168 0
0.260884058570608 0.249695841028101 0
0.828337583587309 0.07853110577449689 0
0.4261000368189726 0.3350843776301195 0
1.1382547844283 0.2260682856658474 0
1.128217407909492 0.3180883079660013 0
1.143161614573338 0.3173980916647871 0
2.038837158600187 0.1871421947469656 0
0.7200479281751089 0.1871259040200184 0
0.8133179719255537 0.0558512263374806 0
0.7536266775932894 0.07125705483868074 0
1.874593907241387 0.2345766895790447 0
1.077440438910365 0.07695317109615341 0
1.004429369066526 0.0809194009868517 0
0.6695018552584432 0.359095141699606 0
0.9615410097600769 0.08307188723961738 0
0.8882731318202726 0.2922165305419449 0
0.8605736111568776 0.2946282330033142 0
0.9329592635934123 0.08468172477957699 0
0.8909922763303046 0.08696787925636011 0
0.8414651431488283 0.2038074433149885 0
2.011054523524334 0.09080498674512373 0
0.8146050838074428 0.205344824135798 0
0.04729799170044928 0.2570098544531075 0
0.7873296615438369 0.2066176302670023 0
0.2314828709914611 0.1184064953724251 0
0.7608934434633825 0.2078066307528328 0
1.044579120297929 0.02773616099521 0
0.7157064535725954 0.3689334813239543 0
0.6608547901106412 0.1790623769479687 0
1.911145232209514 0.2313972863659849 0
2.16393749854495 0.07604772284268771 0
0.04897392008811167 0.1943449922593297 0
0.6454795413639491 0.2576016926724272 0
1.882285466732472 0.11767359373951 0
1.640562584000159 0.1685666333261235 0
1.649948317250311 0.1821266781346511 0
1.666523113627004 0.1806842140192107 0
1.057329202589907 0.115778826006828 0
0.7440383078498913 0.140208255116537 0
0.7499014154282508 0.1285572389606035 0
0.7367698547028336 0.1292975633582193 0
2.165822156185844 0.1942493807393103 0
1.015451360856819 0.03314569973937903 0
1.173135426794894 0.3160021701455245 0
0.6689865721703084 0.2121614292899375 0
0.2451917460769608 0.2728120957707189 0
0.5363673483867626 0.1050286972596104 0
0.4005687457464527 0.2950727841858506 0
0.4030066456156188 0.234034635795225 0
0.6570393482519672 0.234820303169405 0
0.1914278195965929 0.2943706748161256 0
0.6105961597389287 0.3280259358725857 0
0.3686448302426589 0.3708642337557482 0
0.2673751085532457 0.2715939701591461 0
0.2897645333315476 0.270361984354573 0
2.128383673451108 0.1128449075278406 0
0.7344005875177477 0.2091850610410063 0
0.4195726128353489 0.1810997872618927 0
1.227684556053248 0.3524468211114391 0
0.6865189625014654 0.3023105291023265 0
2.112683465387815 0.2629851185673897 0
0.9458628161869795 0.06016587106662292 0
0.7488124185330922 0.1061722691818241 0
0.8369758286233303 0.2387435825282321 0
1.269134402368298 0.02934012945711047 0
0.8096431935172462 0.2401181836905284 0
1.887329949469497 0.07045983931542736 0
0.7524867426077879 0.1742772198290054 0
1.518470000071894 0.266880047147617 0
2.027575803140809 0.353339849871703 0
2.126609742693127 0.3119147720718551 0
0.08279066942080926 0.2463245699581254 0
1.409105263218105 0.08924625513840974 0
1.423950206708361 0.08943179880480698 0
1.431554329422178 0.07665607113172881 0
1.446300129936361 0.0793984391826047 0
0.6360539973209584 0.3268062283871016 0
0.3320564250330001 0.1958351370794576 0
1.184514666399363 0.122129842704335 0
0.2837030838673956 0.05854803557570504 0
1.950289709975195 0.3276873851014116 0
1.204369642453881 0.3404978535945303 0
0.2385411534373764 0.1466516409497472 0
1.303868948761633 0.1550304381193716 0
2.052511030025434 0.2352252406376968 0
0.4684544188784323 0.3432615419590013 0
0.08649542836967344 0.2192534175738203 0
0.1873301503089124 0.3222197811504519 0
1.8501933862378 0.07469773413766802 0
0.8632583685887816 0.08854859781572753 0
0.5056990670240835 0.1558295648220516 0
0.2122557994124659 0.2746929533584874 0
0.7876790170902825 0.08103514655689918 0
1.913167052319006 0.3304225785030996 0
0.2702962000153641 0.2087282561709891 0
1.924858953861924 0.09777440749455539 0
0.227529554041013 0.3674826754309267 0
0.2045922483189258 0.3498067597030527 0
0.452748679009143 0.2619544225536501 0
0.4471318061278297 0.272353531720995 0
0.7129050201279902 0.2775753582641929 0
0.06219219006735984 0.04443029535237962 0
0.4505323870805827 0.2199147119650965 0
0.4992936813008527 0.352300075159591 0
1.267632725343023 0.1438956147441265 0
0.06277629367165233 0.3636424713920236 0
0.07203901687238561 0.1485291250056326 0
0.1170172043331686 0.09504174939990508 0
0.07877050699907458 0.1748984776463553 0
0.2102796856580698 0.2374791251228439 0
0.4296474740336345 0.2833542484011075 0
0.4601922656460335 0.2922857045836965 0
1.350240666789858 0.2516638987066888 0
0.1620784664288168 0.147913208079129 0
1.208963434280651 0.03313624668761315 0
0.4986831210914615 0.1063162180577402 0
0.7105100044089517 0.1307726702731358 0
1.876419761561039 0.3331546054192238 0
0.6675963804175359 0.3142936561589045 0
1.814062374970433 0.07770117155332072 0
0.1623053891509023 0.04696788417380712 0
0.6885595378164554 0.3476467095597552 0
2.112010303071403 0.1476039366391556 0
1.339569912948583 0.1478092241528205 0
1.93677284486105 0.1801960900151992 0
2.030809518063059 0.2042418962950269 0
0.6430828456012847 0.08866904723292608 0
2.068620653427273 0.2010394399567491 0
0.1477673872785396 0.2780782691917098 0
0.09575598288518251 0.2008789582350631 0
1.166213630808711 0.3293399874785684 0
1.400704729377521 0.3479724340490151 0
0.182456475798446 0.331781049494928 0
0.1681420914325508 0.2582605411100795 0
0.1739729943090635 0.2672798082309847 0
1.840003970531518 0.3360371425875501 0
0.7223855880214116 0.1074474996830588 0
1.77853284592572 0.08152446218337579 0
1.533689140658971 0.134452968090184 0
0.4351310360910493 0.2727357643457622 0
1.768556666655702 0.3416632970236229 0
0.7256771253620062 0.3011087667060967 0
0.4361036652095736 0.2933657945292377 0
0.7304348213613088 0.245748266321229 0
0.846788460275562 0.1729537018571292 0
1.773763964948169 0.292953808719952 0
0.681527846390802 0.3360939822913733 0
1.372900442250375 0.07798873036974245 0
0.4173141881340542 0.1398459702681448 0
1.804084064668577 0.3390964521466062 0
0.0455442827032093 0.009075504387242072 0
1.161366769650714 0.1104157824936016 0
0.08369476603438522 0.2642039144795236 0
1.720047724098992 0.2017442899002032 0
0.7260001991506815 0.1754487886395022 0
0.7198237798779548 0.06137568876374336 0
0.6995032877502889 0.05164013930748206 0
1.612089168540202 0.1290174040957295 0
1.238698834330542 0.03177081639416561 0
0.7620581278085368 0.1054960096344827 0
0.1730160362124595 0.04633988560312303 0
1.743539329032778 0.08520937705542792 0
1.644164536821573 0.2911236940509849 0
1.634315049039403 0.2784565940216422 0
0.05853506194028325 0.2742924985074973 0
0.7463748207282035 0.1859613443996276 0
0.655951823145603 0.08800871743190204 0
0.7139589758054268 0.07358583158203315 0
1.686045487181602 0.2046682649195088 0
0.7283841230267133 0.3697302296835344 0
0.05920832882570214 0.1937856331866632 0
0.4462007401182835 0.2515664876242603 0
1.154545060290806 0.1236605592644278 0
1.611673550684587 0.2942105508970759 0
1.652614412408939 0.2082354780588714 0
1.327854790403624 0.3527898838509974 0
0.05754376049006524 0.2565002510632325 0
1.709023775552636 0.08898101892245511 0
1.176366041160249 0.1096401016975426 0
0.3351146731437876 0.267934214465775 0
0.5442838253221556 0.1169605554325692 0
1.131425638823474 0.111979064747156 0
0.7995010770351404 0.1862396474549861 0
1.715169746015468 0.244365875086046 0
1.421004077778829 0.2568517324439253 0
1.212539310709763 0.3531546800729337 0
0.1729494218280961 0.248660350046551 0
0.08234170069863184 0.1479100319988605 0
0.5339453702080257 0.06216258405791478 0
0.8530529518555867 0.1607465481869018 0
0.7648304278720058 0.02393265287888306 0
0.1359877583563521 0.3797622353538165 0
0.8534603951950863 0.188123477737708 0
1.396532632568872 0.01354684657982103 0
2.032910540698912 0.1215188976525021 0
1.733612503672695 0.3434081963574039 0
0.07248535534323866 0.04382094214179385 0
2.145977705655032 0.3101643923973532 0
0.7847060949298605 0.1617269502680371 0
1.263324463767923 0.06861838574189023 0
1.680452995786517 0.2476901130433263 0
0.09680492624690262 0.2186954211051057 0
0.6666897694702031 0.1674379126078166 0
0.2174389738077735 0.06224100874393778 0
2.043875061769679 0.137109385990208 0
1.139592493158454 0.1244338818614139 0
1.321688983574223 0.2294033277994927 0
1.675108898062347 0.09274902373551468 0
1.648016958008111 0.2504592069971786 0
1.310827810496012 0.302488860434605 0
1.020080189851476 0.2327456392417257 0
1.689557845826324 0.3310212125845918 0
1.225079237078918 0.3005902022040847 0
0.87280855206174 0.1514515716672002 0
0.3732151743973625 0.2042020081555925 0
0.7673434818391622 0.2492473272599367 0
1.625275634546531 0.09879033286950063 0
0.8695047852072257 0.07626183163027592 0
1.670897600969314 0.1370184215607603 0
0.2231907803264758 0.2741269983929163 0
1.620110459037221 0.2112652023600429 0
2.040734140526105 0.1042033458260456 0
0.8701337862637444 0.2013746562608435 0
0.2365014616581077 0.1086171437316525 0
0.793770963842334 0.06900529102075104 0
0.09414973955195238 0.06035142190286064 0
1.240532748269432 0.1699515791056181 0
1.528451510479562 0.08358437086471367 0
0.8233669540546087 0.1145735172787463 0
0.6805174349291725 0.3137457096519932 0
0.7236241740472229 0.1300547643942785 0
0.1707959454644575 0.3138666325893915 0
0.6628859339937767 0.0987569786747971 0
1.326912036470147 0.1937993097127483 0
0.4325190677235259 0.3450919862625378 0
1.596839979723268 0.3951310293684389 0
0.2813489496387844 0.209175244309314 0
0.08908852689412716 0.1743301260307167 0
0.08692726685495442 0.1387552526016472 0
1.603333044942113 0.04486537459635737 0
0.2471169908950822 0.1078943563347746 0
2.049669230177523 0.2026028711043324 0
1.42432011591166 0.03814880863444099 0
0.505665127074184 0.1168653984656033 0
0.8041943916939317 0.2524539400284913 0
0.07706729278096258 0.03471084377627951 0
0.3422554111749018 0.2977106968930787 0
0.08842113282729006 0.2550463387074709 0
1.274266998417088 0.1312605391385027 0
1.573297902803291 0.3105646884473803 0
0.4259449895591229 0.02075850091022559 0
0.8655969567768707 0.1362406202218313 0
1.339580710521647 0.1692150228797255 0
1.971831102454108 0.1767558093914046 0
1.221285606978366 0.3664032746825599 0
1.633629294702307 0.1830956840918303 0
1.190588083806133 0.0117023460816814 0
1.310018959788371 0.2780585832624919 0
0.7279025573144059 0.347240894000061 0
2.060558745178131 0.2180749968448526 0
1.602542977224701 0.1162321698555899 0
0.07299066661097173 0.3632042024747636 0
1.521774286751017 0.02882917295950562 0
2.131552924635799 0.1460625138991194 0
1.369419851453818 0.3244411289063855 0
0.7331880228519264 0.1865094547514141 0
1.56843787387665 0.09250841171350802 0
1.610801455273907 0.1984107877411772 0
0.8718614568902738 0.1243907112266087 0
0.5920161928281549 0.3400580324450346 0
0.7577414789203708 0.397601199419031 0
0.7561289200732508 0.2866730423105354 0
1.415309264526429 0.1497884643876037 0
0.5463361402491609 0.06145717396405095 0
0.2769284472385781 0.0301723640466636 0
0.0911878959251545 0.1302517400837368 0
1.624330125627016 0.1697951568128352 0
1.325151672656806 0.3018847067179817 0
0.09480853594438847 0.1829878331624715 0
1.606929034751702 0.3364835824462509 0
0.8833724726840675 0.07547564870812179 0
0.2940409537354335 0.1169386778966259 0
0.5233182816690785 0.3313621575616445 0
0.7295875473470197 0.1183916192296347 0
0.8072669432966413 0.06806505184660351 0
0.8809374551735473 0.1874935350790331 0
0.512423235082182 0.1272011191315135 0
0.2283213863960747 0.06157339856108978 0
0.7357026092968849 0.3353868371703864 0
1.406880462654781 0.3346600865341118 0
0.4444334171566737 0.3445960989440551 0
1.115374724550942 0.3968586113404032 0
2.165174365990554 0.307839252037841 0
1.919082208062042 0.03413157269708016 0
1.401490942439791 0.05171971242102491 0
1.632786691457046 0.3485139302895721 0
1.574788670114482 0.07771349204078422 0
1.504251600835607 0.3808544113568215 0
0.2153067351935892 0.4021262042270579 0
2.151590757909268 0.144912423561662 0
1.573141663836186 0.2150783635472179 0
0.4292493134861255 0.1391687728821307 0
0.1150446551627231 0.05901256775266404 0
0.8170410986811631 0.1270406969410682 0
0.3470590278771056 0.2559919667287528 0
1.561868617028445 0.1769171205438717 0
1.602364841256978 0.2814934840202517 0
0.2853881851135226 0.2997215009523058 0
0.1778137339497434 0.03664088152699765 0
0.7403338665267736 0.19752670470822 0
0.2454225519887213 0.07004124526538023 0
1.615789477519021 0.2530789882226185 0
0.06018266343410179 0.3104138953956254 0
0.1045765256675888 0.05969080177432474 0
0.1139389222767335 0.04117428396658744 0
0.1004794868142318 0.1916954665364552 0
1.100019494559435 0.01258496571882818 0
1.687754940574739 0.1353982972079224 0
0.6875247354846634 0.3248238065475138 0
0.4911566277879931 0.01041988650171598 0
1.366315888611618 0.09077631815300634 0
1.435730203773394 0.1080688120158685 0
0.08930490038194738 0.2729205007656181 0
1.403302923442258 0.02659687782063016 0
1.506988857061939 0.2304054717371013 0
0.7707910568916898 0.3404928933519618 0
0.8972706752739678 0.07471105358380253 0
1.476024246182784 0.0774878026604937 0
0.5587394261551789 0.06072512073387578 0
0.5461184627560181 0.02067135683506966 0
0.9443878278765012 0.2445860805542273 0
2.062686900887799 0.03287493889157643 0
1.301870015541003 0.1053192986116561 0
1.293660823281213 0.2303068622360081 0
1.024757877946845 0.3229125850470475 0
0.6712554924862434 0.1332307622749564 0
0.01648957018583991 0.1785297745525352 0
1.566487803280715 0.3240417251893571 0
0.8978557797035606 0.2002127377960211 0
1.358023717115559 0.2631834353865066 0
0.4499106041211229 0.3340320149603139 0
0.441238195707004 0.1384788714332005 0
0.2344233039715121 0.07069087713074383 0
1.19407444357588 0.2494081967436001 0
0.4553604268416148 0.2092760508812516 0
0.1275435848184848 0.0942330594837823 0
0.2503662646649686 0.06033339908988725 0
0.1814352988981996 0.313322735673579 0
0.8109712607598795 0.3384608504253854 0
1.451593111771923 0.2733181680018809 0
0.4780751245171126 0.1361505837567374 0
0.602812108844695 0.1677504923669599 0
1.354934597065939 0.3252963159432697 0
1.47624637587547 0.2439969674301871 0
0.3037357892975214 0.1051671042832998 0
1.950636816565024 0.03145313804500981 0
0.5189527916018553 0.1372912847232274 0
0.5712414470883008 0.06003486463729343 0
0.9035858854770684 0.06231834174831804 0
1.937657641723635 0.3937931289166176 0
1.316481268685811 0.1046176309125448 0
0.3582021424811003 0.2669239118430596 0
0.5964687326019126 0.05847855389781574 0
2.162288319299747 0.1608558763381182 0
0.8334997810174463 0.2953776131111888 0
1.697601227443616 0.1491142481117216 0
0.1352120495717784 0.03972861887424264 0
0.9528286216415803 0.3271089297883512 0
1.488495600092313 0.3817766733777628 0
0.09493995320697594 0.2816418235957341 0
0.8939328327569714 0.279600334834851 0
2.079531809203691 0.2165773289015253 0
0.9327534283236633 0.2826092398694359 0
0.8823849970912905 0.3310415780532814 0
0.6654320865862331 0.1450176717154461 0
0.7427541777017307 0.1176291250408349 0
0.749326291538188 0.3864948106382169 0
2.029722812566451 0.08894005776110896 0
1.323568705194857 0.09175927474258889 0
0.008564912575660295 0.2352872577611103 0
0.6021062663346259 0.04715215995967325 0
1.565388019199777 0.06529557100771785 0
0.4416232018559156 0.2828318145287084 0
0.1825642235155965 0.3999350146055203 0
1.616327938945393 0.3498345542637096 0
1.093327426819813 0.3842630415033302 0
0.9089080459212809 0.1860596096735947 0
2.090450953406098 0.2320390988766263 0
1.266652026120376 0.1189538865809866 0
0.9176181444559155 0.06144282742000973 0
0.461970956977135 0.3334399961870723 0
2.026272289397089 0.2875586975075815 0
1.415665672173662 0.3468924892438831 0
0.1014222350205355 0.2095480521170421 0
0.1863734536916229 0.3038254124742419 0
0.01865158236835052 0.07308176027878115 0
0.3144487483326315 0.1047807769498221 0
1.545540324901987 0.01367995535296074 0
1.307690101337786 0.2299145374200247 0
0.1671177159227764 0.2398343703859613 0
0.1263903751767293 0.07625539089259242 0
0.5837780024959245 0.05927518076281719 0
0.100511810838647 0.2902853997080099 0
0.09770321622867385 0.3357673959246384 0
2.037755547311433 0.07165280879486259 0
0.4532566072052755 0.1377612227492219 0
0.2817440539211879 0.3319395343116227 0
0.3692882797185503 0.2662589675516232 0
0.9268777129690073 0.01176042022063831 0
2.109645190939405 0.2305342581669214 0
0.9251598259942233 0.07310127749827064 0
0.7535146971917801 0.1969034502634373 0
0.8058982980054996 0.04472758316571879 0
0.05558724785251188 0.007239601739853218 0
1.618418775313913 0.2799795578610528 0
1.172313037640896 0.263434865713204 0
1.714661133780903 0.1476873783596054 0
0.755919539699474 0.1170263051376875 0
1.345187959887398 0.07856499873452305 0
1.2534501361346 0.1182712073353298 0
1.503910411680945 0.07296158208409861 0
1.088171071808151 0.265145762307248 0
2.045884062537985 0.05529153822390682 0
0.9262277820751109 0.1987868623765987 0
1.555963470834425 0.0527941714561011 0
0.1972491514081519 0.3032115021598495 0
1.529081742281084 0.01411242791558933 0
0.1244680502325999 0.04043423673348517 0
1.10471566732316 0.2808534527287068 0
0.7734704712610589 0.01102448670140377 0
0.1719736303957347 0.2302868515889365 0
1.337954634470515 0.09131480638999205 0
0.2079862205457964 0.3026603164215817 0
1.119140154981781 0.2822219877414568 0
1.074559969644408 0.2844320881835596 0
0.1117349182449255 0.2089532686738464 0
0.4536364618041124 0.2823979834581575 0
1.132334157471472 0.2627749347753888 0
0.2613806859337941 0.05971091736034054 0
0.4655870097573276 0.1370180271790626 0
1.149634764432713 0.2781866124851948 0
0.4376056031729286 0.02026735655270792 0
0.4740484775041507 0.3328624769823978 0
1.50653086236437 0.1816320094575542 0
0.766923529296055 0.1962708727669052 0
1.721824675841221 0.1321884847370901 0
1.560151551112055 0.3656293023395698 0
1.61870297042987 0.1140596153357772 0
0.9393922017195375 0.07242183277703386 0
0.1371820781591768 0.07548659231257215 0
0.1768685381515097 0.01814840784446861 0
1.058695277685257 0.266896734803527 0
1.639659057158513 0.3338305853138836 0
0.3013351773191775 0.06671919413505661 0
1.07836178363635 0.3846086699497582 0
1.522453476272207 0.2056275687701222 0
0.1110614845542304 0.2898049407312686 0
0.4985453514009866 0.3319815567695914 0
0.3289095019467807 0.1146625543499109 0
1.160592840647217 0.3964510455015258 0
0.3826574055747606 0.2546110097762275 0
0.677114890997492 0.2455110135435875 0
1.045161369245058 0.2849423550807672 0
0.05960478447775622 0.2921718378587286 0
0.1768304927376583 0.2207232267617401 0
1.743826448026875 0.3582577866908469 0
2.183767839974038 0.3802971296485828 0
0.9367359327778286 0.1848663031181612 0
0.6331051695198001 0.03387376527418629 0
2.128857548499891 0.2288303548641105 0
1.558740619078932 0.3378858205982846 0
0.7798948652537625 0.1958560144730229 0
0.6759938744819083 0.3701078559259821 0
1.291741605892671 0.04119704950358704 0
1.03115785910993 0.284852700968917 0
0.1326947951645192 0.2883189927334701 0
1.576737163075912 0.3658465070596521 0
0.2852739175241646 0.01970748363188124 0
1.625088975093106 0.265799434488507 0
0.6844017750920657 0.2568919446801907 0
1.739162133040398 0.1302955866957589 0
1.018390822559249 0.3853326533618466 0
0.2674742376927319 0.0687939399177008 0
0.01646520081400751 0.1601126320159618 0
0.9306503671939105 0.247195117400843 0
0.4863113571068552 0.3323553451807685 0
1.014865731446823 0.2695787624053012 0
0.1876785793624335 0.01762045424405211 0
0.01601974289559489 0.2585331773063963 0
0.1587379644626789 0.07461472071666908 0
1.348344615336805 0.3380067524785144 0
1.562148825746152 0.03758246535587788 0
1.435594417888079 0.3320079767403342 0
0.1217523736096865 0.2891592096932064 0
0.1478920374819507 0.07494479318990874 0
2.147692682211201 0.2272151481227912 0
1.120826622156271 0.0256622682686242 0
1.749138040984036 0.1442159300176957 0
0.9537953522829704 0.07151732803316389 0
0.5074171944920459 0.02159753805010808 0
0.008018653407322891 0.01534285331514409 0
0.1373207802490844 0.2789460984527121 0
1.001590307671571 0.287325408947835 0
0.01503728217393913 0.40167582030944 0
0.4659674414469946 0.2819315937132774 0
0.7629649906258411 0.1281827440406319 0
0.3725728706039573 0.4005908791863306 0
0.4781351407847205 0.2814818357256161 0
1.160236643606369 0.3691391821832664 0
0.04459916482202251 0.4007156049979735 0
1.271665893312474 0.2189828938278405 0
1.626671789987724 0.1969804420769737 0
1.354913678427442 0.2148115184660192 0
0.9560799128177432 0.1966891693539003 0
0.9680090678959573 0.07067006208064856 0
1.926692373890957 0.3780743790239628 0
0.9880026745331087 0.2871818802258738 0
0.3931915110569532 0.2653775546714657 0
0.3380070098778967 0.1031266498353699 0
0.1817026941620217 0.2112534903185958 0
0.2786771820978501 0.06820422487720269 0
0.1595642354529371 0.09265020453784477 0
0.3362540424018572 0.06441995389165062 0
1.063771500523923 0.3848690035066653 0
1.739814108577842 0.03353044248247999 0
0.1195465524891522 0.2531676125778203 0
1.356243821942985 0.02659552135140516 0
0.5883446223473037 0.124808220378397 0
0.01859398572718165 0.374778053983147 0
1.56757107771703 0.1624253356305891 0
1.451252741923658 0.3315569045806251 0
0.496969930967643 0.2911669125773406 0
0.9746197515161682 0.05849027529678125 0
0.4883352328914151 0.2383243397790762 0
1.61549379487119 0.08664692519410186 0
0.4035943767764691 0.2641880791100212 0
0.3482198933102006 0.1032155726853689 0
0.1702871670862867 0.09261203396318239 0
1.431985624644891 0.1434354954222616 0
1.766683973366743 0.1429172161617467 0
0.5049992518340783 0.3419706353528675 0
0.9643578993469819 0.1838646557601289 0
0.08316228901948652 0.3630741045220179 0
0.2900550454692231 0.06750531341707149 0
1.773537909117622 0.1274602433783804 0
0.4847034469859983 0.2914636776385323 0
1.305732212778165 0.04045949570177417 0
0.9890311338699341 0.05787106473096431 0
1.479762093239007 0.3959984967759015 0
1.303303467109405 0.2905235698670894 0
0.1925676613835962 0.2105617667937528 0
0.9357031902032749 0.02403922718849428 0
0.3702537397847037 0.06259910235932167 0
1.462190166486466 0.344262763867729 0
0.08871332859835392 0.3718015672166324 0
0.5175148310281524 0.3418230347157645 0
0.06591825951289224 0.01931101721138011 0
1.791838821063979 0.1256606135885051 0
0.3612320878169706 0.4004570947725354 0
0.595700276084125 0.1564368213411823 0
0.7861092895751739 0.01139217394827543 0
0.471985583924553 0.3899536320534955 0
0.01624183281814658 0.341340203398683 0
0.9846740357058962 0.1952844919533664 0
1.625520428980987 0.02869707027689427 0
0.7449495112110152 0.2429364770718579 0
0.4494855987094293 0.0199182190683583 0
1.684457029037653 0.3741596987319315 0
1.048946921932833 0.3852129193739495 0
0.007692094353050913 0.1959280997397711 0
2.085525955260766 0.05095264409539529 0
0.8648916018704531 0.2353257425724283 0
0.2034339726284927 0.2099912846724752 0
1.656064446945354 0.3325604777243318 0
0.9965371882300733 0.06940077580474711 0
0.1293583014578165 0.2335444304997541 0
0.1186940833396745 0.2348817557992824 0
0.5036710825678276 0.3009238883585235 0
0.3629258311240949 0.1145962155329481 0
1.281859629511032 0.303282383644387 0
0.3063037060280195 0.0570591739866363 0
0.4058255683785919 0.06032284781709239 0
2.18539058626972 0.104950889605101 0
0.1497901811188818 0.009518519453623394 0
1.802407875461362 0.1391267137625391 0
0.7701892262703844 0.1391672596969893 0
1.371382238719818 0.02632072843558562 0
1.011226543267181 0.06892435307099651 0
0.008303751467341833 0.05561427092456163 0
0.8569509681617022 0.010451513532202 0
0.5160456994312075 0.3002349931038414 0
0.9940772434518329 0.1819860423458052 0
2.022220631073697 0.3786242285355058 0
1.048146503503423 0.07877770719788169 0
1.025664813975532 0.06823078436745207 0
1.820185736988547 0.1373594237815202 0
0.09475042524666885 0.3802665420047028 0
1.478372467889884 0.3269105189412208 0
2.065392693085152 0.2833925838530931 0
1.50811836843685 0.2773686891358318 0
1.642882031943912 0.1956479908242721 0
1.47986291227093 0.2564995367515122 0
1.325037270800905 0.02610944087390076 0
1.900124235395945 0.3943907180588037 0
0.6006254733423322 0.2499497659027176 0
1.12907605749281 0.0127767260084741 0
1.288551748676802 0.2901951143346231 0
0.4605006576846351 0.04582377044685397 0
1.84568858229479 0.1204447025501452 0
0.4411723135744572 0.05819679780868343 0
1.665725006004542 0.3463671835190328 0
1.493934433334182 0.3439657951258074 0
0.2992443329949714 0.03098638514040284 0
0.3174863681817235 0.05621359156277477 0
0.3452713186842692 0.3906472514805029 0
1.65946119763733 0.2904514787135595 0
0.007726317442817824 0.3548900856944177 0
1.31756591895717 0.3697402087369224 0
1.631963593584825 0.08457406748080035 0
1.967905894717471 0.03076534229569337 0
0.3729108725115727 0.09972784889111382 0
0.5214882827266629 0.2898696558262655 0
1.034386020314393 0.385407257700809 0
0.007463457618618745 0.27616464788718 0
1.649941892714314 0.2770492798079625 0
1.655799832100375 0.06842953316719781 0
1.011383357242179 0.196713833831551 0
0.4738720526766698 0.1880579077646172 0
0.7432962005909878 0.288871046247164 0
1.827783230919305 0.1219905298581948 0
0.1929012644520213 0.008767871724535628 0
0.1710141877497001 0.1110294397082443 0
1.033607534711281 0.07966368666264162 0
0.9720302515948821 0.2735635051386305 0
1.285914518548486 0.2186148401417527 0
0.007659318869882845 0.245000000000433 0
1.408413425572759 0.1130787368071825 0
0.526966008680024 0.03103891486294985 0
0.7834608886657818 0.13901043447507 0
2.149269114857855 0.3943151275575817 0
0.5337253839958985 0.2892440237517097 0
0.2868759923461679 0.3217361995682064 0
0.3235465131344417 0.06535815091078777 0
1.656482169108844 0.2632951914108134 0
0.3835686215218562 0.1008476845810936 0
0.6642222202139614 0.2458042043161959 0
1.639100563069838 0.07001051731941323 0
1.893844180681124 0.1322047440636224 0
0.570177005697414 0.3871758348730445 0
1.358863034395651 0.07839100648923543 0
0.4660405642494455 0.0346831885952165 0
0.8177702216121137 0.2503407918038746 0
1.283071717413958 0.3284022772503136 0
1.58657414093011 0.3802403664949579 0
1.054545653794213 0.06619996928799174 0
0.6452289035102708 0.03297667680444467 0
1.855983465792783 0.1343612414411895 0
1.023977899043067 0.1785984549970607 0
1.507096596331258 0.3248735094961076 0
0.7909116831651517 0.1505119081398274 0
1.526282489621019 0.3393284296436863 0
0.5459459152674819 0.2886282006758445 0
1.640951412506821 0.2644956992449007 0
0.8800412232727961 0.2817908752926953 0
1.011413093918839 0.3740016293503031 0
1.09142402212859 0.02665116537728113 0
2.175797773355379 0.05221333955612738 0
0.5502005162884078 0.2582092106674913 0
0.9556048061031137 0.01191764073631393 0
1.226700075407926 0.1707158385716547 0
0.1719093612847964 0.1296110455916431 0
0.007558372458572909 0.03500000000010511 0
1.340726823674985 0.02610885832735025 0
1.874436403320255 0.132844701499875 0
1.06926168297378 0.06545559398725077 0
0.5299950682018719 0.3420237554671964 0
0.3382852886132604 0.4007037113315214 0
0.9470692530822085 0.3869889243280664 0
1.24472482827448 0.3760389011050652 0
1.122155452018986 0.07497188972739983 0
2.165560606231666 0.2257388466193344 0
1.040043291763744 0.1951594078591693 0
1.659523426965718 0.1942418573735022 0
0.3408983151635157 0.05506216438564464 0
1.39177581673618 0.2714320261974437 0
0.8173830638406282 0.2822343410927012 0
1.099130846399242 0.06424154763633196 0
1.379006686056025 0.01303800704483218 0
0.3981324829394097 0.1125907286886442 0
1.084162154372366 0.06482983813972046 0
0.7921499943853982 0.1737754618967224 0
1.456456796258941 0.3829752270043218 0
1.166969234278242 0.07264865020163949 0
1.440147505142969 0.2966400667006479 0
0.0161392694222312 0.02001831603696673 0
1.996546439821941 0.3084531706149451 0
1.535246797687068 0.3256618423176966 0
0.5554471997835541 0.1135228229579573 0
0.07579958268986077 0.01809245371015196 0
0.1512070297588534 0.1883785049790269 0
0.9972904283580918 0.3746493840814443 0
1.053228727550875 0.1772065931141339 0
1.642405450015981 0.02766086831370377 0
0.1263142266466757 0.1988409396566608 0
0.1222030806393291 0.2077167151089689 0
1.143975868644002 0.06191771262041568 0
0.6180727150509104 0.1914898663903938 0
1.448637744584192 0.1401083472876163 0
0.4931498913573342 0.2264973935055987 0
0.3521828531758129 0.05448546406902276 0
0.4272878076076699 0.1903520566440195 0
0.160045076917095 0.4021478799352051 0
1.107266125121636 0.07575582263442605 0
1.888800122053717 0.3787642759589407 0
0.204205142180383 0.008798855816137192 0
0.4082654897273548 0.09807388887597346 0
1.150098946142541 0.02532247133645115 0
1.675290281402859 0.3602945212322157 0
0.1635378074371482 0.3869112468022364 0
1.755973612532272 0.01198966245750804 0
1.069385219893567 0.1936623913061531 0
0.3223033251316387 0.3913328970694609 0
1.172816251379288 0.06041042329726751 0
1.129043387695944 0.06266736167666238 0
1.676093616344081 0.1926437058704933 0
0.1059352190677737 0.3805948579698724 0
1.66556246035631 0.08096599080295137 0
0.3089212316859762 0.01723256368303813 0
1.227251608679875 0.08005534386100749 0
0.0230946189752123 0.1074587320124123 0
2.167988534400582 0.3418019510318673 0
0.6025217162740488 0.2184361364055609 0
1.152167915187659 0.07345190183104403 0
1.239756234151022 0.08126159764556654 0
0.3587674634053652 0.06336249988485411 0
1.615739463793131 0.013623590794562 0
0.03389717294475923 0.09686542353668717 0
0.6177209457396875 0.01016443886284671 0
1.194257490914448 0.07089754249142764 0
0.1728228387471508 0.1484259192434179 0
0.4385973012753956 0.189315394243842 0
2.103730032689608 0.05227234697847211 0
1.082743682682094 0.1758189626413195 0
0.4214643019866637 0.111178832520692 0
0.9499251245435991 0.232674611614149 0
1.204320672005432 0.1851504217954578 0
0.5303228497159287 0.3631430795538912 0
0.5336933923970771 0.02073555223898814 0
1.496609813556196 0.1662721394224217 0
0.3755944037539731 0.05310677050967545 0
1.098983181126221 0.1921902263480147 0
1.33262714989486 0.1567132329485992 0
1.513605131489323 0.2545785517015868 0
0.8050517177903372 0.0226093785230721 0
0.533807776415593 0.2492115391903313 0
0.9907105418025529 0.3864114319980231 0
1.692933466043602 0.1910532874222455 0
1.986616904810416 0.03011248354360352 0
0.4506306575072981 0.1887147596018083 0
0.1453943336123274 0.3797311272689495 0
0.9642368017201344 0.02333572519316127 0
0.3156508912069476 0.4006663440389582 0
0.4321600091795117 0.09683005031151913 0
0.4595858629109295 0.01871064732426003 0
0.1732682267870623 0.1662615769000237 0
1.553566753906098 0.2556253263994326 0
1.112014597068334 0.1741913307356103 0
0.1141603456044608 0.1427981084030784 0
0.05062244213221083 0.08859771349522017 0
0.01630133590312751 0.320739084036876 0
2.167623548241031 0.2566016878014468 0
0.1114626217475139 0.1509360003132206 0
1.772467557620049 0.1981495834232927 0
1.682450092630869 0.07923012819443175 0
0.3870484633173064 0.05242082423323596 0
1.129362917817059 0.1890769326915628 0
1.187229925360088 0.1703693861582642 0
1.710098329622863 0.1896965160833934 0
0.4454190545789653 0.1098056084527212 0
1.339388877782728 0.3583027165824849 0
0.9762266484169698 0.3868803561621564 0
0.007246241278369283 0.1451280590126031 0
1.384617113448477 0.1601583880837235 0
0.9127861350472335 0.01174038114563321 0
1.871420409937063 0.3802260394607522 0
0.2095189610012484 0.01774442644022214 0
1.409227204268446 0.03917375440147532 0
1.351467246050742 0.06619819590540223 0
0.05913984154401689 0.08689605529489303 0
0.8765405744741718 0.3878916586827821 0
1.440004100864546 0.384172143636452 0
1.165933501271785 0.02403571055804336 0
1.162929616104629 0.1602581640450084 0
1.148208024372727 0.1609954151475535 0
1.6994258418304 0.07739780359245263 0
0.299691135780477 0.3913457236943705 0
0.7309722473489318 0.2903595342512412 0
1.744843557042135 0.1870634647592248 0
0.2141259536161109 0.2104594868461153 0
0.3935865654347461 0.0613172293356143 0
2.121528589987046 0.3600048059986705 0
0.4562595234263487 0.09543500133828056 0
1.502991449725336 0.2184627863952605 0
0.6246656964952662 0.02153717534685149 0
1.825707888909623 0.1933340509688535 0
0.9588808783546521 0.2916636273324542 0
1.727346794980726 0.1882473802154057 0
0.7926312226835914 0.1956389297678514 0
0.2407919595338238 0.1618476353192832 0
0.3229757220030865 0.02850467627792395 0
1.198539610086637 0.02402804931679211 0
0.1847178039452767 0.1662849758937393 0
0.4109108341063122 0.05097640128065376 0
1.479980103870045 0.1423012081067198 0
0.2521514752194752 0.01755649877495523 0
0.06734977187080537 0.0989166035047057 0
0.08560547045863459 0.01713280014256243 0
1.707811167818186 0.03621111484153507 0
0.9614875458825917 0.3871111372610852 0
1.343985625068019 0.05310259711167613 0
2.169544543039886 0.17592901351938 0
0.01664703890902959 0.2213244174660852 0
2.169158241750081 0.3737561914314326 0
0.2814509572883488 0.3143260634368445 0
1.415234260761218 0.1007118146064661 0
0.5510889372833896 0.03104233922985937 0
0.1956069680742209 0.1657324083049033 0
1.716581996521866 0.07556084191172653 0
0.9830148309981794 0.0101648582700814 0
1.879331473400601 0.1880840780427973 0
0.8804281986955603 0.2494229139921915 0
0.2122220796611562 0.3104906142005632 0
1.66031036552012 0.02746630281033188 0
1.553823710009744 0.02637461992834373 0
0.4733402840196936 0.219512654944901 0
0.7544813346454228 0.2522453528973206 0
0.2898987490178608 0.3901040354982643 0
0.4224267878423767 0.05034176410661328 0
1.746736629109124 0.2413179750258924 0
0.5447475127140688 0.248819154970282 0
0.2178296669299432 0.2188549226928535 0
0.518096684031352 0.1496991184092198 0
0.9394765224920781 0.376378671508916 0
1.797608385900566 0.1823243754133796 0
0.6617668070557645 0.02034743935031236 0
1.349716834624149 0.03967945232353104 0
1.483825572130162 0.2692233095605851 0
0.83230529581727 0.3881837712522129 0
1.361208602798925 0.2018597056370274 0
1.513722644521603 0.170589447514101 0
1.754996105423462 0.1997353120613709 0
0.8663087812210808 0.2838933255716835 0
0.9255977411034537 0.3769136013642561 0
0.2065484725383739 0.1651823818926985 0
1.854552691740169 0.3813212326238373 0
1.733859416519616 0.07373773631400145 0
1.715131808246313 0.3722670937615907 0
1.774886599853852 0.03110512960521619 0
0.4697472951180602 0.1080347603399282 0
0.2174345572445606 0.1645557780703036 0
2.120759623108801 0.02873802989622141 0
1.376901500641651 0.2296052516950091 0
0.1487065002381446 0.1965220620624304 0
0.1376687998047527 0.1974215368630635 0
0.2189876120330805 0.2377808536448674 0
2.005761045006436 0.02952157956038831 0
1.174924474801937 0.01141278496010571 0
0.06969760565811862 0.1147173879468611 0
2.187070826860225 0.1464285714282006 0
0.4293486841908797 0.05910803927491918 0
0.8313027936929102 0.2484488777746255 0
1.78006141082148 0.1838897162577735 0
1.430915848770224 0.3970543623052359 0
0.8068499955939212 0.1956892951839793 0
2.170241165418149 0.2922264871979742 0
0.4468133761752589 0.0482526896511563 0
0.2146872502389739 0.02613619277633448 0
0.2801441465020517 0.4028053373941098 0
0.8188796118322121 0.02207062557405383 0
0.5784775006011282 0.1466510142777662 0
1.851304810994134 0.1774965552579864 0
0.5575028310315827 0.2874941895147422 0
0.8050359965288865 0.2988316506740418 0
1.751284619339142 0.07191733427519049 0
0.2288738292656906 0.1636958538179782 0
0.7904342063841031 0.3858060009641109 0
0.7147073811042729 0.2653591431627961 0
0.2581520976857332 0.1494512298895929 0
0.8204943325470885 0.1950573006362831 0
0.5831955412163007 0.1554493792506762 0
0.07981449542986722 0.1141935192548043 0
1.672326440864241 0.2619089303728075 0
0.2220966212618154 0.2575465342059676 0
0.2630120296057979 0.1390168533710382 0
2.102515005850378 0.3611385771159054 0
0.5631505080792047 0.2766816525843914 0
1.768795869739338 0.07012819077669501 0
1.371411711129923 0.1780312865667052 0
0.3331702552523166 0.0296580130288213 0
0.09708008331786161 0.006573596436994163 0
0.06262303448751554 0.1058296314584972 0
1.807997999739644 0.1950103204633201 0
0.9973751711545751 0.00979080348103716 0
0.2260286129518607 0.2658556955730074 0
0.5634312691988624 0.03038452297752987 0
0.2851860863303605 0.365757892047776 0
0.01598043461832815 0.09940927762242216 0
0.8340068811381248 0.1942532614511108 0
0.4973033173895697 0.1981841887966706 0
1.690205876037993 0.259165237053851 0
0.5084315209605357 0.1675573991957802 0
1.429024941326514 0.01084297488766763 0
0.006819793884698212 0.1048951765608871 0
0.7378578603415723 0.3874943165001502 0
0.2678100393908367 0.3911328557198409 0
1.519554344910844 0.158863388233271 0
1.836523611684352 0.382056070225781 0
0.2516338194506583 0.1166423841574718 0
1.833493225669784 0.1790543612544139 0
1.418577645050887 0.02529630516452308 0
1.786473728820079 0.06830251669466138 0
1.308214466821541 0.3866329251872255 0
0.6745349330492958 0.01980796299355428 0
0.9191136400534423 0.3879103557065113 0
1.380121415671776 0.1947517780547418 0
1.481337916360233 0.066149844879417 0
1.213296687821088 0.1711602127507592 0
1.804236088764351 0.06648095477121611 0
1.677877509527333 0.02784939756452616 0
1.515520502561022 0.2231957204472911 0
1.445035790634243 0.01125053047522248 0
0.2435524841128812 0.153492325041215 0
1.240603416699624 0.1173939268543851 0
1.876457885183843 0.05752894328948056 0
1.400441793798925 0.2483839324659312 0
0.8324817515547006 0.02099622380773153 0
1.861758283548872 0.1901555143723871 0
0.2126038691860562 0.3312189782662917 0
0.2580953128343941 0.4032188651914287 0
0.3420258151537887 0.3630488187762735 0
0.9050670132562266 0.388321462510252 0
0.01549822001655735 0.08079099403967903 0
0.2253210881229679 0.02596476930892464 0
0.5071585079252039 0.2288248477351947 0
1.527483404332672 0.2927993932709106 0
0.721474422519275 0.3789085623437005 0
0.9640774293044703 0.2316988586683419 0
1.822147296698441 0.06463253517468487 0
0.480422681255875 0.09375019730604818 0
1.233778045545031 0.1305101741046409 0
2.135415914268756 0.3771097303587224 0
1.409044811212788 0.3845704661644004 0
1.180948894757246 0.2492982327427844 0
1.227312557700133 0.1440056480901945 0
0.5736761397076926 0.1000441621872043 0
0.8529374254003622 0.3796224577498146 0
1.234120494076789 0.1569130484637865 0
2.023190998710739 0.02860458050349981 0
1.202847955438062 0.2337953345893795 0
0.2135635110730207 0.3504065253754228 0
0.5690469278928149 0.02003448639267052 0
1.840082123306265 0.06311726716739224 0
0.3777306993249694 0.3918865418121446 0
0.0162615828062519 0.3026314554850724 0
1.397322020775813 0.158194047214812 0
0.08841434087772325 0.1133682221719778 0
0.2572800679662591 0.1279408707902372 0
1.427665389145525 0.1001831133687474 0
0.22894818674499 0.3524086152919212 0
1.158874730459181 0.2640631879010353 0
0.6750335456046401 0.3903233687243197 0
2.048066838817742 0.03015276916883195 0
0.1071589040121558 0.01747512969288818 0
1.138894651549477 0.1747377724078493 0
0.7238839521507736 0.2808314495842589 0
1.403608275491527 0.2883049800131793 0
1.463181719715331 0.02735462589662514 0
1.818304514605877 0.3827994101435665 0
1.2337013594637 0.2507784416587949 0
1.874099562329602 0.02986116145734967 0
1.944018556580933 0.04711325334307007 0
1.006476680671019 0.02175380830286567 0
1.53292675373521 0.156917484260705 0
1.791647579538358 0.01088924304933876 0
0.7157040376072865 0.3888449315419704 0
0.6074356509770787 0.2400713412239287 0
0.3430756828901543 0.01682466169407132 0
0.7358340015884495 0.3613617672934412 0
2.186009136010471 0.3960471533729819 0
2.185416577735498 0.01448771756490561 0
0.8906564552191788 0.3884449959227384 0
1.432003698551057 0.2496514165131685 0
1.274890363014204 0.3134478953406888 0
0.2458973572030455 0.3610582750285883 0
1.938227738293917 0.06488937797854481 0
1.512681238456391 0.1894861396118878 0
0.2441490315347265 0.393003372961223 0
1.947636814197455 0.07996449080630506 0
1.285895305508676 0.3512373284323756 0
1.858133887007743 0.06119539946911139 0
1.933876935438355 0.03055409129961726 0
0.5836117417477978 0.1151212086381912 0
1.539923536861708 0.2899421682434464 0
1.247016374672131 0.1040915195121138 0
0.9448542888522217 0.2777561237691206 0
0.1010932202555059 0.1302734237606861 0
0.5498106920472376 0.1458055690875159 0
1.280776847098693 0.02529457458857985 0
0.6209248340655992 0.2161430368807383 0
0.6144453338159822 0.2235219487861768 0
1.239007340430113 0.2307442040275895 0
1.950406463293578 0.1119101621536249 0
2.082995890263127 0.3803568048688816 0
0.01631973225297528 0.2065190428504093 0
0.094424897180268 0.1218294304453368 0
0.007325651490975933 0.007328471190725544 0
0.007319473605065845 0.4026777001686581 0
0.6875447079616946 0.01938975944580924 0
1.946326051313767 0.1640995740554393 0
1.277222829195045 0.3390149414547939 0
1.251032699834496 0.2756111090973323 0
0.3018302096639058 0.3588760354474037 0
0.5675982228400782 0.266521657267252 0
1.458949467803792 0.1376444186006285 0
1.94111546768977 0.09669539309379059 0
0.8378709486838084 0.01004822349193786 0
0.8526417506965414 0.2858430940157927 0
1.408510896825503 0.2564174328385285 0
0.8711369932439563 0.3777495729982105 0
1.738610163642941 0.3710523950318661 0
1.45634265178451 0.2833267844856014 0
1.274409465574073 0.2893709542673641 0
0.6626335319163887 0.3900900232885988 0
0.3589366500497529 0.3568912723042886 0
1.954491484844859 0.1475897570580606 0
1.254767469235984 0.2547467397217825 0
0.005919033787244307 0.1250000000003593 0
1.404336096522634 0.1647403644883834 0
1.487404700181852 0.2817321856788885 0
0.7032267383609632 0.3891845784867384 0
2.150458202378164 0.0114576269547607 0
1.296146789089702 0.3842232441454483 0
0.8129418118823886 0.3817166077664846 0
0.37715680380678 0.3680795137451826 0
0.2342237435955166 0.3918747755188481 0
1.284389540055409 0.4009516887009458 0
1.944436648999146 0.1295741194876506 0
0.2362969464999082 0.02570890460302551 0
0.3837712424714463 0.3761766037418025 0
1.398197505436369 0.2168990870996958 0
0.1604239707763701 0.3777387748349754 0
1.39559179854768 0.384143087116991 0
0.01573685672986047 0.287830087471991 0
0.007365779670029176 0.1822862738444481 0
0.650821531428261 0.389892922709182 0
1.254000523598746 0.09619184230922533 0
0.7689075794508132 0.2384058058451042 0
1.540896597185379 0.1455222414957451 0
0.5468772154566981 0.1287102476874283 0
0.2540734016292219 0.03412825445724682 0
0.2398987343772583 0.2666610216655453 0
1.520833853984332 0.2457296746321435 0
0.01430429102385379 0.1694534581690679 0
1.388252816103067 0.1902214900702204 0
1.799977276000486 0.3832981153789939 0
1.299534116862505 0.3513607263000183 0
0.1175336640215176 0.006176451553897277 0
1.019556009633412 0.0214172820884924 0
1.307110713226258 0.363175873958748 0
0.4623260941733101 0.1872568004697179 0
0.689656541943914 0.3897073780565462 0
0.5220310981911498 0.3923479458402476 0
0.01388070466839705 0.2497967913400005 0
0.5808463488818781 0.01967840231821478 0
0.5099856284896918 0.3922270918331131 0
0.2504232995748235 0.2661625897392794 0
0.7469925725847001 0.3299519833093897 0
0.8441152749159919 0.2465321829790367 0
2.134819869859118 0.03149635831452981 0
0.355750763167697 0.02843862492008476 0
1.478730262372667 0.009699413421607751 0
1.378150872814288 0.148813964721716 0
0.6383348169658619 0.3900205950728644 0
2.06705670321475 0.3798719369587854 0
0.2250762387439963 0.4038409939375436 0
1.341675315765709 0.3475098444971789 0
0.1091075892709641 0.1290203813226027 0
1.684498388233364 0.04001691210923838 0
0.2615416491956576 0.2655270199146804 0
0.120516938584069 0.1758027256239087 0
1.769799880253436 0.2403012820268424 0
1.56763240180449 0.02588581095604268 0
0.2309914122878404 0.3597050617223956 0
0.4586111217711482 0.198675130706285 0
0.7715976716830657 0.3832038902635377 0
0.700689751527265 0.01896564580728332 0
0.8919063184918643 0.2326896784337526 0
0.7590792589126421 0.3432943823660347 0
2.189152115054633 0.08785714285694436 0
0.731892326196264 0.2587064589234883 0
0.01562080202934552 0.3819048939085563 0
0.1394789726998931 0.3873761742606917 0
1.214353828221865 0.02203533014205443 0
0.4982348449742053 0.3921287894080493 0
0.1064276513922983 0.157025559608899 0
1.365902139513369 0.1496301370767936 0
1.267453874721628 0.3863147784307133 0
0.8507825032793841 0.3885436460342774 0
0.1313267652983759 0.1640906121062114 0
0.7750808191641706 0.3299861964055697 0
1.266854560504867 0.276810878158078 0
1.707765566065262 0.2567202624479291 0
1.245256005935478 0.386958101168332 0
0.5778064709611848 0.2528788338947919 0
0.6255292566374072 0.3902656267404717 0
0.2111853302249626 0.3938966881283388 0
1.710809886733848 0.3847894595395673 0
1.890617109796916 0.02720607523400052 0
1.215928583814736 0.08330219800907114 0
1.88408766144602 0.1746503869737865 0
0.2248034192993938 0.243059677918629 0
0.007071028881820605 0.2622473812855246 0
0.2495641390825256 0.3685844410824282 0
2.170617784642208 0.2121316765997059 0
0.01410351060257155 0.3500664799723416 0
1.676374759083892 0.3849830803649769 0
0.7925437714323843 0.3013060924063847 0
0.272703886537037 0.2649876476673962 0
0.4181835711485468 0.2192367542799855 0
0.8295712807582571 0.3789061645945353 0
1.032761313699969 0.02094025075867302 0
0.2603694605928964 0.3684374091008026 0
0.02991090586200176 0.01432438526495327 0
1.207197330339159 0.07048496912252462 0
0.4135636569539809 0.2511252646538872 0
1.781609600608498 0.3836512923850743 0
0.4834036530090938 0.2200166659802505 0
0.6088529716532971 0.1904684220194358 0
1.809983188735731 0.02829693984378793 0
1.487561224382418 0.04511771186079612 0
1.177498911352949 0.1745051204676956 0
0.1648518782015289 0.3949722216125892 0
0.1034859836608415 0.3939903769616019 0
0.4889372022452905 0.3912454722247843 0
0.2713673419433815 0.3679803839243849 0
1.340971607136966 0.1372890471187629 0
0.2469644186514136 0.02511697241605363 0
0.7870517782621687 0.3278216071906639 0
0.2839099482295698 0.2644664659138192 0
0.5161865990452882 0.2501752952257326 0
2.048881848278864 0.3799055412900613 0
1.353362340176613 0.1353369389487829 0
0.4704716813545864 0.3815208705607678 0
0.1415423500328636 0.1744698411008409 0
1.725505937955499 0.2550383175190993 0
0.4080774977998609 0.2438433382948432 0
0.1116829639681105 0.165406117370539 0
0.01340423365383073 0.03058343752596657 0
0.2870572078411475 0.3581867390537019 0
0.61380925146748 0.3904642699629649 0
2.189275371084231 0.04926835107447126 0
0.4120788589131764 0.2348336604043119 0
0.5600085790506022 0.259168836036087 0
0.2018503238701369 0.3927666631362258 0
0.2238693552222782 0.2237765384497946 0
1.503777134544344 0.1717640837894978 0
1.230005936204063 0.02194384051558651 0
0.01526729658094645 0.3681515054730004 0
1.375679726302021 0.1661349921249618 0
0.5311759615850016 0.1338578634730644 0
1.743394663603004 0.2538846475387008 0
1.69329804533971 0.384967304676044 0
0.2278109334553564 0.3178989833959928 0
1.371543654837517 0.3726733597718083 0
1.422190907651936 0.1431986040259682 0
0.7312941365147666 0.3795223926881028 0
0.2950589737115659 0.2641191729018208 0
0.7995405848791424 0.3414512527778081 0
1.198426925660008 0.034812248212028 0
1.191639569350526 0.04756457745023716 0
1.492857611692154 0.1579031798581864 0
0.3055253750887585 0.3662842901424944 0
1.408179184037727 0.1568554739306611 0
0.2806842644225656 0.3068914555740215 0
2.052005106292652 0.04225885038679053 0
0.2309106632290356 0.2994626294139293 0
0.4128530502854318 0.211895520985598 0
0.2178405471209234 0.3375172064062841 0
0.8148762847324 0.3276215243113906 0
0.01451003337991806 0.04888224476229089 0
0.005423225864771105 0.06496846397907079 0
0.4166358119761668 0.2036483953054039 0
0.7134385763637094 0.0182238596388463 0
0.02117210094305636 0.01417825461840716 0
0.8452549501883015 0.1937855118525084 0
0.9310181998168099 0.2938857625008954 0
0.3167549118023337 0.3659444777666296 0
1.244536413943071 0.0213545487727725 0
0.9701820482564558 0.2409168920036952 0
1.440481889451512 0.1413727478433772 0
0.240871811865815 0.2978813718108788 0
0.8394925117157097 0.2873800335974568 0
0.01394524463608047 0.1504261982036021 0
1.551237702284623 0.2757800009304091 0
0.3274665986723459 0.3655490529167798 0
0.192420671499606 0.4040714287731967 0
1.392421967136342 0.2398349229153151 0
0.5969751392035345 0.01537002623980903 0
1.185806702229045 0.05967069238614422 0
1.661328659001382 0.3840421195729978 0
1.74208085759788 0.3830093962488043 0
1.221092751032407 0.2291262931351233 0
2.166456646354526 0.06243318189133273 0
0.04002545718677388 0.01405381183260225 0
1.765160845845661 0.3850425734646297 0
0.8276676280972606 0.3256483219684533 0
0.3439306130707176 0.3554250420714438 0
0.09677282960054216 0.404506171555695 0
2.090470131433647 0.3681213508685 0
0.8583202641209344 0.02027380670720966 0
0.04072111232559376 0.09912747552125571 0
1.711043175772085 0.02402504800349477 0
0.1568721411365746 0.1833924779326759 0
2.019429583340641 0.3651839267810804 0
$EndNodes
$Elements
13 11506 1 11506
1 1 1 153
1 1 13 
2 13 14 
3 14 15 
4 15 16 
5 16 17 
6 17 18 
7 18 19 
8 19 20 
9 20 21 
10 21 22 
11 22 23 
12 23 24 
13 24 25 
14 25 26 
15 26 27 
16 27 28 
17 28 29 
18 29 30 
19 30 31 
20 31 32 
21 32 33 
22 33 34 
23 34 35 
24 35 36 
25 36 37 
26 37 38 
27 38 39 
28 39 40 
29 40 41 
30 41 42 
31 42 43 
32 43 44 
33 44 45 
34 45 46 
35 46 47 
36 47 48 
37 48 49 
38 49 50 
39 50 51 
40 51 52 
41 52 53 
42 53 54 
43 54 55 
44 55 56 
45 56 57 
46 57 58 
47 58 59 
48 59 60 
49 60 61 
50 61 62 
51 62 63 
52 63 64 
53 64 65 
54 65 66 
55 66 67 
56 67 68 
57 68 69 
58 69 70 
59 70 71 
60 71 72 
61 72 73 
62 73 74 
63 74 75 
64 75 76 
65 76 77 
66 77 78 
67 78 79 
68 79 80 
69 80 81 
70 81 82 
71 82 83 
72 83 84 
73 84 85 
74 85 86 
75 86 87 
76 87 88 
77 88 89 
78 89 90 
79 90 91 
80 91 92 
81 92 93 
82 93 94 
83 94 95 
84 95 96 
85 96 97 
86 97 98 
87 98 99 
88 99 100 
89 100 101 
90 101 102 
91 102 103 
92 103 104 
93 104 105 
94 105 106 
95 106 107 
96 107 108 
97 108 109 
98 109 110 
99 110 111 
100 111 112 
101 112 113 
102 113 114 
103 114 115 
104 115 116 
105 116 117 
106 117 118 
107 118 119 
108 119 120 
109 120 121 
110 121 122 
111 122 123 
112 123 124 
113 124 125 
114 125 126 
115 126 127 
116 127 128 
117 128 129 
118 129 130 
119 130 131 
120 131 132 
121 132 133 
122 133 134 
123 134 135 
124 135 136 
125 136 137 
126 137 138 
127 138 139 
128 139 140 
129 140 141 
130 141 142 
131 142 143 
132 143 144 
133 144 145 
134 145 146 
135 146 147 
136 147 148 
137 148 149 
138 149 150 
139 150 151 
140 151 152 
141 152 153 
142 153 154 
143 154 155 
144 155 156 
145 156 157 
146 157 158 
147 158 159 
148 159 160 
149 160 161 
150 161 162 
151 162 163 
152 163 164 
153 164 2 
1 2 1 21
154 2 165 
155 165 166 
156 166 167 
157 167 168 
158 168 169 
159 169 170 
160 170 171 
161 171 172 
162 172 173 
163 173 174 
164 174 175 
165 175 176 
166 176 177 
167 177 178 
168 178 179 
169 179 180 
170 180 181 
171 181 182 
172 182 183 
173 183 184 
174 184 3 
1 3 1 153
175 3 185 
176 185 186 
177 186 187 
178 187 188 
179 188 189 
180 189 190 
181 190 191 
182 191 192 
183 192 193 
184 193 194 
185 194 195 
186 195 196 
187 196 197 
188 197 198 
189 198 199 
190 199 200 
191 200 201 
192 201 202 
193 202 203 
194 203 204 
195 204 205 
196 205 206 
197 206 207 
198 207 208 
199 208 209 
200 209 210 
201 210 211 
202 211 212 
203 212 213 
204 213 214 
205 214 215 
206 215 216 
207 216 217 
208 217 218 
209 218 219 
210 219 220 
211 220 221 
212 221 222 
213 222 223 
214 223 224 
215 224 225 
216 225 226 
217 226 227 
218 227 228 
219 228 229 
220 229 230 
221 230 231 
222 231 232 
223 232 233 
224 233 234 
225 234 235 
226 235 236 
227 236 237 
228 237 238 
229 238 239 
230 239 240 
231 240 241 
232 241 242 
233 242 243 
234 243 244 
235 244 245 
236 245 246 
237 246 247 
238 247 248 
239 248 249 
240 249 250 
241 250 251 
242 251 252 
243 252 253 
244 253 254 
245 254 255 
246 255 256 
247 256 257 
248 257 258 
249 258 259 
250 259 260 
251 260 261 
252 261 262 
253 262 263 
254 263 264 
255 264 265 
256 265 266 
257 266 267 
258 267 268 
259 268 269 
260 269 270 
261 270 271 
262 271 272 
263 272 273 
264 273 274 
265 274 275 
266 275 276 
267 276 277 
268 277 278 
269 278 279 
270 279 280 
271 280 281 
272 281 282 
273 282 283 
274 283 284 
275 284 285 
276 285 286 
277 286 287 
278 287 288 
279 288 289 
280 289 290 
281 290 291 
282 291 292 
283 292 293 
284 293 294 
285 294 295 
286 295 296 
287 296 297 
288 297 298 
289 298 299 
290 299 300 
291 300 301 
292 301 302 
293 302 303 
294 303 304 
295 304 305 
296 305 306 
297 306 307 
298 307 308 
299 308 309 
300 309 310 
301 310 311 
302 311 312 
303 312 313 
304 313 314 
305 314 315 
306 315 316 
307 316 317 
308 317 318 
309 318 319 
310 319 320 
311 320 321 
312 321 322 
313 322 323 
314 323 324 
315 324 325 
316 325 326 
317 326 327 
318 327 328 
319 328 329 
320 329 330 
321 330 331 
322 331 332 
323 332 333 
324 333 334 
325 334 335 
326 335 336 
327 336 4 
1 4 1 41
328 4 337 
329 337 338 
330 338 339 
331 339 340 
332 340 341 
333 341 342 
334 342 343 
335 343 344 
336 344 345 
337 345 346 
338 346 347 
339 347 348 
340 348 349 
341 349 350 
342 350 351 
343 351 352 
344 352 353 
345 353 354 
346 354 355 
347 355 356 
348 356 357 
349 357 358 
350 358 359 
351 359 360 
352 360 361 
353 361 362 
354 362 363 
355 363 364 
356 364 365 
357 365 366 
358 366 367 
359 367 368 
360 368 369 
361 369 370 
362 370 371 
363 371 372 
364 372 373 
365 373 374 
366 374 375 
367 375 376 
368 376 1 
1 10 1 5
369 5 377 
370 377 378 
371 378 379 
372 379 380 
373 380 6 
1 11 1 5
374 6 381 
375 381 382 
376 382 383 
377 383 384 
378 384 7 
1 12 1 5
379 7 385 
380 385 386 
381 386 387 
382 387 388 
383 388 8 
1 13 1 5
384 8 389 
385 389 390 
386 390 391 
387 391 392 
388 392 5 
1 20 1 5
389 9 393 
390 393 394 
391 394 395 
392 395 396 
393 396 10 
1 21 1 5
394 10 397 
395 397 398 
396 398 399 
397 399 400 
398 400 11 
1 22 1 5
399 11 401 
400 401 402 
401 402 403 
402 403 404 
403 404 12 
1 23 1 5
404 12 405 
405 405 406 
406 406 407 
407 407 408 
408 408 9 
2 1 2 11098
409 4334 796 4467 
410 3335 2696 4912 
411 1857 3480 5562 
412 4329 796 4334 
413 523 3177 3635 
414 2409 4340 4343 
415 3480 1857 4581 
416 3289 1425 3684 
417 1575 4333 4467 
418 3177 523 4593 
419 3048 3913 4160 
420 2889 2361 3940 
421 3913 3048 5571 
422 2916 4397 5259 
423 1284 1290 3648 
424 4331 1273 4406 
425 2359 2357 5177 
426 1278 3713 5619 
427 1278 3711 3713 
428 2177 3519 3520 
429 4333 4334 4467 
430 2912 3458 3758 
431 3240 4644 4772 
432 1273 4331 4437 
433 2391 3240 4772 
434 660 655 3403 
435 660 3403 5682 
436 3269 556 4287 
437 2193 4602 4603 
438 3767 1778 4644 
439 3148 4239 4822 
440 433 3272 3990 
441 2391 4772 4815 
442 580 3256 3425 
443 4415 2986 5259 
444 1507 3972 4206 
445 3054 2118 3596 
446 3240 3767 4644 
447 2165 2391 4815 
448 4331 3174 4437 
449 3234 470 3420 
450 3210 3588 3589 
451 3507 422 4250 
452 4437 3174 4653 
453 2777 2775 5414 
454 2870 3289 3684 
455 3588 3210 5580 
456 3523 3522 3572 
457 4239 453 4822 
458 3939 2889 3940 
459 796 4329 4708 
460 2692 2690 4251 
461 578 3657 4908 
462 3256 580 3455 
463 3369 3910 4429 
464 3161 4619 5370 
465 950 4063 4142 
466 4329 4328 4708 
467 3285 1936 4469 
468 422 3507 4252 
469 3287 3285 4469 
470 2898 3391 3392 
471 559 3257 3410 
472 3634 1737 4381 
473 1936 3283 3290 
474 3448 3168 3603 
475 4810 1738 4883 
476 4619 3051 5370 
477 3093 3922 3923 
478 3283 1936 3285 
479 1374 3291 3633 
480 558 3335 4912 
481 3257 559 3429 
482 3122 3634 4381 
483 1583 4833 4890 
484 3460 3359 4783 
485 3273 743 3369 
486 4987 1739 5047 
487 3272 433 3991 
488 440 3958 4193 
489 4063 950 5100 
490 3903 4810 4883 
491 3283 2462 3290 
492 3417 2867 3662 
493 4833 3936 4890 
494 804 4989 5046 
495 3523 3572 5586 
496 3893 4987 5047 
497 3202 4787 4817 
498 4397 2916 4821 
499 1600 3707 3709 
500 4989 3208 5046 
501 3238 3255 4679 
502 3281 3202 4817 
503 2177 3518 3519 
504 4075 1513 4089 
505 3313 3488 5390 
506 323 324 3449 
507 2165 4815 4885 
508 3051 2165 4885 
509 3238 4679 4942 
510 2068 4787 5516 
511 3405 1370 5128 
512 3296 1581 4291 
513 1507 4206 4207 
514 556 3269 4288 
515 3122 4381 4478 
516 1380 3606 5294 
517 4328 1583 4708 
518 2932 396 3075 
519 1600 3709 4456 
520 2214 3270 5377 
521 3274 3122 4478 
522 4129 4032 5003 
523 743 3273 3368 
524 1583 4328 4833 
525 3075 396 4882 
526 4017 4016 4957 
527 871 873 4174 
528 561 3292 3293 
529 4016 1843 4962 
530 3429 2417 3562 
531 4032 4991 5003 
532 1738 3274 4478 
533 4957 4016 4962 
534 1843 4016 4966 
535 1457 1459 4902 
536 951 4053 4054 
537 2144 4704 5146 
538 520 3565 3567 
539 3909 2777 5414 
540 2322 3461 4402 
541 5092 4359 5120 
542 4340 2409 4344 
543 3572 3264 5586 
544 2193 4603 4604 
545 3274 1738 4810 
546 4890 3936 4936 
547 942 5092 5120 
548 513 4415 5259 
549 1402 3326 3327 
550 2836 4872 5487 
551 873 949 4174 
552 1197 1195 3533 
553 4025 1958 4963 
554 4038 4037 5045 
555 3313 2057 3314 
556 573 3727 4449 
557 571 3322 5209 
558 46 47 3991 
559 3234 3420 5642 
560 1958 4025 4950 
561 3936 3937 4936 
562 4037 5031 5045 
563 5042 4357 5070 
564 4254 2711 4255 
565 2961 3666 4604 
566 3940 2359 5177 
567 2361 2359 3940 
568 3506 3507 4250 
569 2157 2311 3650 
570 3438 461 4342 
571 3502 2019 5280 
572 4032 1944 4991 
573 1531 5042 5070 
574 1276 3703 3705 
575 461 3438 4343 
576 4787 3202 5516 
577 1944 4032 4980 
578 5135 5108 5560 
579 4597 3405 5128 
580 4037 1514 5031 
581 516 3448 3603 
582 1741 3854 5107 
583 3092 3093 3923 
584 4952 4353 4996 
585 2898 3392 5213 
586 631 629 3573 
587 1514 4037 5015 
588 551 3924 4555 
589 3903 4883 4925 
590 494 3238 4942 
591 4751 4108 4814 
592 3854 1741 5149 
593 2536 4944 5481 
594 447 3297 4458 
595 940 4952 4996 
596 2913 390 5418 
597 4867 4105 4915 
598 938 4751 4814 
599 3904 3903 4925 
600 1276 3705 4485 
601 3237 4230 4288 
602 3565 520 3571 
603 3238 494 5085 
604 3342 497 3343 
605 2711 4254 4803 
606 1532 4867 4915 
607 2328 3460 4783 
608 3711 1278 4456 
609 3453 2372 3553 
610 4803 4254 5006 
611 2907 3081 3377 
612 5002 2827 5536 
613 525 3252 4414 
614 2905 2907 3377 
615 1963 4969 5498 
616 2549 3518 4519 
617 1459 4215 4902 
618 3034 4251 5312 
619 4799 532 4905 
620 1294 3303 3648 
621 3113 4799 4905 
622 4937 3034 5312 
623 3657 578 5350 
624 5002 3613 5075 
625 1290 1294 3648 
626 2395 4339 4344 
627 4025 1944 4980 
628 3606 3173 5294 
629 3313 2928 3488 
630 1459 1461 4215 
631 544 3506 4250 
632 1944 4025 4963 
633 4363 1528 5155 
634 2880 4803 5006 
635 3453 3553 5342 
636 4704 3594 5146 
637 2304 3590 3595 
638 1528 4363 5186 
639 4017 1958 4950 
640 3649 2892 5224 
641 3613 3612 5075 
642 3958 440 4194 
643 1958 4017 4957 
644 3330 3467 4762 
645 4259 2989 5141 
646 3435 3438 4342 
647 2332 2882 3561 
648 1596 3699 3701 
649 4108 1533 4721 
650 4013 1843 4966 
651 3252 525 5053 
652 4872 3691 5487 
653 1843 4013 4969 
654 2989 4259 5256 
655 424 3358 3359 
656 145 146 3489 
657 635 633 3495 
658 4969 4013 5498 
659 1628 3336 5126 
660 1533 4108 4751 
661 3113 3908 4799 
662 3707 1600 4485 
663 4944 4088 5481 
664 3330 2476 3467 
665 3303 1294 3649 
666 3519 3369 4429 
667 1596 3701 4539 
668 65 3531 5736 
669 1075 1077 3409 
670 3922 3093 3924 
671 567 3435 4342 
672 4129 1514 5015 
673 5287 5598 5622 
674 3613 5002 5536 
675 3527 3268 4984 
676 3908 3113 5623 
677 5227 4307 5345 
678 3290 2462 3500 
679 3336 1628 5140 
680 3650 3649 5224 
681 3268 3527 5458 
682 1514 4129 5003 
683 2459 3417 3662 
684 2909 377 5260 
685 1506 3976 4214 
686 5046 3208 5064 
687 3651 3248 5635 
688 3893 5047 5065 
689 3709 3711 4456 
690 3590 2304 5702 
691 3248 3651 5641 
692 2353 3267 5524 
693 2892 3649 4920 
694 4307 562 5345 
695 5085 494 5227 
696 3937 804 4936 
697 3267 2353 4984 
698 3208 3315 5064 
699 3861 409 5098 
700 3034 2692 4251 
701 504 3441 3444 
702 1581 3296 4292 
703 3894 3893 5065 
704 1750 3340 5217 
705 494 4307 5227 
706 65 66 3531 
707 804 3937 4989 
708 239 240 3459 
709 3292 561 3610 
710 127 504 3444 
711 2901 479 3271 
712 1275 3575 3697 
713 1739 3904 4925 
714 565 3329 3992 
715 3358 424 3695 
716 3340 1750 5244 
717 3703 1276 4539 
718 4105 938 4814 
719 3666 1637 4604 
720 3344 572 4892 
721 832 830 4347 
722 3829 2636 4210 
723 3319 486 3439 
724 1515 4092 4893 
725 4367 943 5210 
726 3466 832 4347 
727 3882 3074 5317 
728 409 3861 5542 
729 481 3234 3386 
730 3297 447 5492 
731 560 3317 3318 
732 938 4105 4867 
733 1617 1830 3504 
734 3054 3596 5019 
735 484 2904 2905 
736 943 4367 5230 
737 3501 2892 4920 
738 3904 1739 4987 
739 3074 3882 5344 
740 1461 1506 4215 
741 165 166 3455 
742 2362 2414 5275 
743 5136 2853 5179 
744 834 832 3466 
745 3442 3121 3443 
746 1462 1866 4094 
747 488 3243 4801 
748 3705 3707 4485 
749 1275 3697 4558 
750 1453 1455 4292 
751 3121 3442 5668 
752 4092 1515 5214 
753 3343 497 3344 
754 1396 660 5682 
755 358 3863 5098 
756 3733 3734 5268 
757 4319 4320 5028 
758 2853 2888 5179 
759 2911 459 2912 
760 3299 84 5118 
761 3972 1507 4292 
762 432 2911 3025 
763 3577 552 5406 
764 4035 4036 4042 
765 3031 2335 4315 
766 3604 2839 4768 
767 1886 4038 5045 
768 84 3299 5554 
769 3291 2944 3633 
770 3863 358 5582 
771 2331 2979 3401 
772 1195 1998 3533 
773 2882 3517 3561 
774 4279 571 5209 
775 3435 567 3436 
776 552 3577 5365 
777 1930 4033 4035 
778 3257 3429 3562 
779 2377 3331 4853 
780 2212 3467 3468 
781 525 3304 5053 
782 3699 1596 4558 
783 2889 3939 3941 
784 3633 2944 5222 
785 2419 4132 4385 
786 4038 1886 5162 
787 3458 2912 4880 
788 3307 3308 5339 
789 1506 4214 4215 
790 4997 2806 5332 
791 3270 2214 5453 
792 1752 1665 3608 
793 3488 2292 5390 
794 1628 3341 5140 
795 2212 3468 4781 
796 3500 1317 5127 
797 4306 2513 4623 
798 1425 3289 4477 
799 514 3345 4559 
800 1927 3474 3674 
801 3701 3703 4539 
802 1403 4355 4765 
803 4343 4340 4345 
804 3325 3118 5262 
805 3341 1628 5187 
806 3986 2881 4860 
807 559 25 3508 
808 3233 5319 5401 
809 3623 3493 3624 
810 5108 3171 5560 
811 3304 525 5248 
812 3118 5257 5262 
813 3339 1579 4294 
814 570 3887 3888 
815 4083 5094 5364 
816 1874 1871 3973 
817 3328 641 3574 
818 1464 1462 4094 
819 4397 513 5259 
820 2545 1284 3648 
821 2545 3302 3684 
822 486 331 3439 
823 2118 2304 3596 
824 2935 393 5331 
825 3575 1275 4477 
826 3376 3358 3695 
827 2925 434 2927 
828 1513 4075 4090 
829 3599 4975 5005 
830 2268 3736 5199 
831 570 3888 3889 
832 5319 505 5401 
833 3432 5250 5290 
834 3095 3092 3923 
835 2414 3493 3623 
836 429 323 3449 
837 5250 417 5290 
838 4353 1532 4915 
839 4379 1429 5249 
840 3302 2545 3648 
841 1768 3356 5272 
842 2947 5181 5521 
843 4402 3461 5360 
844 5189 1350 5225 
845 3697 3699 4558 
846 3467 2212 4762 
847 3854 5149 5173 
848 1429 4379 5271 
849 4036 4039 4042 
850 463 2925 2926 
851 1467 1469 4896 
852 3356 1768 5291 
853 2881 3986 5099 
854 3229 3600 3601 
855 2949 3352 5296 
856 1532 4353 4952 
857 2949 5296 5300 
858 2513 3574 4623 
859 3720 1874 3973 
860 1402 3327 3495 
861 2959 472 3279 
862 3855 3854 5173 
863 901 903 4041 
864 5041 1634 5377 
865 5143 564 5205 
866 2158 2157 3650 
867 541 3829 4210 
868 4064 1512 5533 
869 3485 5143 5205 
870 324 560 3449 
871 2476 3330 3401 
872 1134 3378 4236 
873 1512 4064 5334 
874 2724 3553 3576 
875 424 3359 3459 
876 3289 3575 4477 
877 2690 3506 4251 
878 5094 1008 5364 
879 165 3455 5518 
880 529 3376 3695 
881 3360 1578 4297 
882 3302 2870 3684 
883 3522 2215 3572 
884 3574 2513 4506 
885 3539 5189 5225 
886 1077 1118 3409 
887 2464 3370 3372 
888 5181 3265 5521 
889 3346 1637 3666 
890 951 4054 4087 
891 2350 2348 4288 
892 3270 3314 5377 
893 670 671 3537 
894 4089 1513 4091 
895 3011 3512 4483 
896 1772 3767 5387 
897 3504 3500 5127 
898 433 46 3991 
899 572 3344 5397 
900 427 4845 5194 
901 3330 2331 3401 
902 678 3464 3763 
903 2137 2134 5062 
904 331 332 3439 
905 624 626 4183 
906 435 3020 3267 
907 3464 2866 3763 
908 1782 1197 3533 
909 3727 573 5298 
910 126 127 3444 
911 2019 4652 5280 
912 629 641 3573 
913 1118 3333 3409 
914 905 907 4739 
915 3436 567 3912 
916 4184 3276 5416 
917 3230 3227 3601 
918 4252 4228 4508 
919 4053 951 4346 
920 491 3064 3453 
921 5329 3814 5423 
922 385 7 583 
923 3814 3815 5423 
924 2388 2386 3579 
925 384 383 2899 
926 4384 948 5279 
927 388 479 2901 
928 387 386 3161 
929 2373 2332 3561 
930 2635 4133 4210 
931 47 565 3991 
932 3378 1134 4389 
933 382 381 3407 
934 948 4384 5295 
935 4357 940 4996 
936 842 840 4470 
937 1889 1875 4521 
938 4492 4673 4721 
939 481 380 3234 
940 641 3328 3573 
941 5136 3871 5404 
942 3986 3987 5099 
943 484 389 2904 
944 391 390 2913 
945 3373 442 3375 
946 378 377 2909 
947 379 470 3234 
948 1771 3384 5307 
949 3232 5059 5082 
950 2696 3311 4912 
951 3512 3011 3513 
952 3317 560 3688 
953 940 4357 5042 
954 3308 4785 5339 
955 949 4173 4174 
956 4755 5198 5485 
957 486 3319 3681 
958 3326 1402 3573 
959 3887 570 4848 
960 392 459 2911 
961 2427 3474 3475 
962 3384 1771 5330 
963 432 5 2911 
964 3515 842 4470 
965 3329 565 3993 
966 3315 817 5064 
967 1741 3894 5065 
968 4133 2635 4385 
969 5059 1362 5082 
970 4673 4107 4721 
971 2944 3580 5222 
972 2170 2172 4344 
973 2427 3475 3584 
974 2670 2672 3578 
975 3367 411 5467 
976 467 3563 3571 
977 3390 1398 4113 
978 844 842 3515 
979 3628 460 4431 
980 411 3367 5443 
981 1469 4226 4896 
982 1469 1471 4226 
983 3458 2334 3758 
984 561 3293 3422 
985 5099 3987 5270 
986 1402 631 3573 
987 3459 3359 3460 
988 5146 3593 5450 
989 4339 4340 4344 
990 3723 1889 4521 
991 3894 1741 5107 
992 4107 4673 4718 
993 4106 4107 4718 
994 3924 3093 4555 
995 3600 3229 4975 
996 398 397 2929 
997 10 396 2932 
998 1578 3360 4368 
999 468 3353 3408 
1000 4132 4133 4385 
1001 4230 556 4288 
1002 3034 4937 5080 
1003 3945 2269 5160 
1004 3005 4409 5239 
1005 3279 472 3280 
1006 394 393 2935 
1007 3262 3551 4406 
1008 3333 1118 3578 
1009 461 4343 4345 
1010 2549 3273 3518 
1011 3345 514 5627 
1012 3518 2177 4519 
1013 1926 3325 5262 
1014 11 434 2925 
1015 3484 3554 5491 
1016 3050 3025 3859 
1017 5598 3446 5622 
1018 3563 3565 3571 
1019 3551 2421 4406 
1020 5201 5055 5374 
1021 3005 5239 5269 
1022 3332 2334 3458 
1023 528 145 3489 
1024 3599 3600 4975 
1025 2874 3312 5634 
1026 5321 4372 5322 
1027 3582 3159 5128 
1028 463 401 2925 
1029 3291 1374 5504 
1030 48 49 3993 
1031 4371 4372 5321 
1032 470 2910 3420 
1033 2311 3303 3650 
1034 3393 3539 4999 
1035 4290 2858 5112 
1036 640 635 3495 
1037 396 395 4882 
1038 535 3962 4205 
1039 2215 3516 5058 
1040 1585 1617 3504 
1041 402 463 3243 
1042 1463 1465 4295 
1043 3362 3887 4848 
1044 847 3387 3615 
1045 3276 4184 5460 
1046 399 472 2959 
1047 2335 2908 4315 
1048 3312 2874 5680 
1049 5320 431 5395 
1050 2414 3623 5275 
1051 4742 1860 4780 
1052 480 3493 3941 
1053 2900 3612 5131 
1054 3389 1122 4298 
1055 3008 5131 5201 
1056 488 403 3243 
1057 329 330 3610 
1058 4114 661 4184 
1059 848 847 3615 
1060 4359 1531 5070 
1061 2514 4285 4311 
1062 4106 1860 4742 
1063 4937 421 5080 
1064 3334 4742 4780 
1065 146 442 3489 
1066 4259 2880 5006 
1067 3301 474 5090 
1068 575 3415 5581 
1069 4709 3079 5587 
1070 633 1402 3495 
1071 3539 1636 4999 
1072 3419 5197 5289 
1073 3314 5041 5377 
1074 240 424 3459 
1075 2599 3538 5054 
1076 3325 1926 5584 
1077 3314 2057 5041 
1078 3008 2900 5131 
1079 817 3315 5663 
1080 4320 2859 5028 
1081 5329 2985 5479 
1082 1531 4359 5092 
1083 1860 4106 4718 
1084 2057 3313 5390 
1085 1599 834 3466 
1086 1891 1889 3723 
1087 1930 4035 4041 
1088 3976 1506 4295 
1089 3814 5329 5479 
1090 465 407 3181 
1091 3006 3005 5269 
1092 408 465 3020 
1093 2858 2417 3429 
1094 583 7 5437 
1095 435 9 3020 
1096 404 488 3247 
1097 1579 3339 4295 
1098 3308 5320 5395 
1099 2461 4711 5219 
1100 526 239 3459 
1101 3734 1428 5268 
1102 3413 3349 5421 
1103 501 65 5736 
1104 2888 3888 5179 
1105 3161 386 5439 
1106 1503 3977 4225 
1107 406 491 3181 
1108 3767 1772 5477 
1109 3350 1599 3466 
1110 5473 3405 5531 
1111 3181 491 4435 
1112 5421 3349 5432 
1113 3979 3320 5038 
1114 98 99 3924 
1115 2709 3393 4999 
1116 491 405 3064 
1117 4603 2961 4604 
1118 3006 5269 5287 
1119 1567 2177 3520 
1120 1471 1503 4226 
1121 3662 2867 5703 
1122 3483 5035 5087 
1123 3612 2900 5075 
1124 2899 383 5472 
1125 4672 4083 5628 
1126 3328 3574 4506 
1127 3456 574 4455 
1128 4189 4997 5332 
1129 3235 5431 5510 
1130 1565 1567 3520 
1131 1581 1457 4902 
1132 3064 12 3247 
1133 3987 3163 5270 
1134 1599 3350 3579 
1135 5197 548 5289 
1136 2334 3332 3740 
1137 3386 2519 5551 
1138 2142 5527 5548 
1139 3482 3483 5087 
1140 25 26 3508 
1141 3407 381 5283 
1142 3405 3404 5531 
1143 5527 3907 5548 
1144 3910 1938 4429 
1145 5025 555 5134 
1146 3347 467 4764 
1147 3448 3604 4768 
1148 3354 3355 5459 
1149 3163 3987 5389 
1150 2880 4259 5141 
1151 907 4040 4739 
1152 4186 5499 5599 
1153 3355 5440 5459 
1154 1927 3401 3474 
1155 2853 5136 5404 
1156 5431 423 5510 
1157 2856 3114 4852 
1158 2912 3758 5235 
1159 350 3416 5152 
1160 2885 2884 3414 
1161 5361 521 5457 
1162 1507 1453 4292 
1163 3554 3484 5577 
1164 3429 559 3508 
1165 3713 3722 5619 
1166 1503 4225 4226 
1167 442 3373 3489 
1168 2095 5274 5455 
1169 5499 4416 5599 
1170 3392 2422 5213 
1171 2797 2290 3751 
1172 1866 4093 4094 
1173 245 430 3560 
1174 3962 535 4719 
1175 1083 1085 4299 
1176 2636 2635 4210 
1177 4083 4672 5094 
1178 620 622 4115 
1179 3079 4709 5226 
1180 3334 4780 4797 
1181 4363 942 5120 
1182 3306 581 5168 
1183 3714 2014 3716 
1184 2717 3879 5188 
1185 5198 3077 5485 
1186 4261 5318 5519 
1187 1455 1581 4292 
1188 467 3347 3563 
1189 3409 3334 4797 
1190 2056 3357 4454 
1191 3114 4722 4852 
1192 2882 3514 3517 
1193 474 3301 5672 
1194 3962 4194 4205 
1195 4291 1581 4902 
1196 3316 530 5121 
1197 3195 3121 5668 
1198 3338 5146 5450 
1199 3493 2889 3941 
1200 3806 5540 5553 
1201 5138 3873 5398 
1202 3807 5563 5575 
1203 1665 1663 3608 
1204 2330 2614 3681 
1205 942 4363 5155 
1206 3357 2056 3512 
1207 1842 4063 5100 
1208 3538 3537 5054 
1209 3108 5025 5134 
1210 3736 3070 5199 
1211 5523 3282 5526 
1212 2519 2520 5551 
1213 5563 2424 5575 
1214 5318 3060 5519 
1215 441 3554 3912 
1216 5509 2821 5529 
1217 3888 2888 5292 
1218 4480 3388 4561 
1219 2402 5523 5526 
1220 5540 2619 5553 
1221 3401 2979 3474 
1222 670 3537 3538 
1223 661 4114 4183 
1224 3572 2215 5058 
1225 4719 535 4958 
1226 3411 664 4122 
1227 830 1873 4347 
1228 2014 3714 4674 
1229 2357 3269 5177 
1230 1637 3346 4856 
1231 1362 3336 5082 
1232 3657 3658 4908 
1233 1401 4218 4282 
1234 957 4026 4028 
1235 3020 465 4972 
1236 1830 3290 3504 
1237 626 661 4183 
1238 377 432 5260 
1239 3581 3010 4128 
1240 3714 3712 4674 
1241 3227 3229 3601 
1242 3353 468 5678 
1243 5125 2404 5254 
1244 619 617 4284 
1245 3512 2056 4483 
1246 390 484 5418 
1247 3412 1576 4302 
1248 3134 5361 5457 
1249 4990 3632 5174 
1250 3406 1580 4300 
1251 497 3342 5111 
1252 1381 5039 5163 
1253 3416 350 5650 
1254 3357 3740 4454 
1255 3721 3973 3974 
1256 2544 3619 3620 
1257 952 901 4041 
1258 1153 1155 4156 
1259 4102 582 4440 
1260 458 3503 3688 
1261 4355 4285 4765 
1262 2354 2892 3501 
1263 4884 5509 5529 
1264 3534 675 3535 
1265 3541 501 5736 
1266 642 4283 4285 
1267 3474 2427 3674 
1268 1155 3426 4156 
1269 560 3318 3449 
1270 3553 2401 3576 
1271 3991 565 3992 
1272 3535 675 3540 
1273 4449 3727 5091 
1274 1871 2325 3973 
1275 1515 4085 5214 
1276 506 5440 5448 
1277 1750 3855 5173 
1278 2858 3508 5112 
1279 3322 571 5299 
1280 2563 2575 4391 
1281 2903 4300 4863 
1282 120 4722 5216 
1283 2929 397 5520 
1284 3617 522 5574 
1285 8 2901 5535 
1286 3953 3955 4194 
1287 5511 2233 5586 
1288 1039 4150 4151 
1289 2544 2543 3619 
1290 903 1930 4041 
1291 1075 3409 4797 
1292 3511 4719 4958 
1293 3415 575 5152 
1294 2904 8 5535 
1295 3376 529 4390 
1296 3269 2350 4288 
1297 4063 1842 5359 
1298 4367 1528 5186 
1299 430 3427 3560 
1300 4297 1578 4299 
1301 3335 558 5670 
1302 4623 1403 4765 
1303 4194 440 4205 
1304 4343 3438 4505 
1305 2409 4343 4505 
1306 3513 3011 3581 
1307 3230 3601 3602 
1308 1442 1440 4091 
1309 4269 2396 5427 
1310 3554 3436 3912 
1311 3855 1750 5217 
1312 3381 511 3978 
1313 3247 488 5067 
1314 3067 4252 4508 
1315 1528 4367 5210 
1316 581 3306 5351 
1317 5440 3355 5448 
1318 3914 3913 5571 
1319 4150 1039 4522 
1320 5110 3886 5328 
1321 4373 5304 5502 
1322 4218 1401 4606 
1323 847 844 3515 
1324 2348 3237 4288 
1325 1087 1089 4303 
1326 2841 5154 5175 
1327 522 3617 5570 
1328 4152 4150 4522 
1329 5273 897 5475 
1330 2396 4269 5515 
1331 4285 4283 4311 
1332 616 618 4123 
1333 3393 2709 4975 
1334 3626 576 3628 
1335 451 3304 5248 
1336 3331 2377 5590 
1337 3350 2388 3579 
1338 5104 3538 5105 
1339 957 4028 4040 
1340 4033 1930 4739 
1341 4399 3653 4498 
1342 511 3381 3979 
1343 2540 2541 3661 
1344 4090 4085 5411 
1345 729 731 3790 
1346 3495 3327 5327 
1347 3243 463 5566 
1348 907 909 4040 
1349 671 675 3537 
1350 1398 3390 4115 
1351 4085 1515 5411 
1352 3387 847 3515 
1353 1978 2231 3576 
1354 3740 3332 4454 
1355 5274 4423 5455 
1356 3583 3039 4949 
1357 4845 3380 5194 
1358 530 3316 5679 
1359 3751 2137 5062 
1360 3278 502 5613 
1361 551 4555 5659 
1362 2060 3845 3847 
1363 3341 1350 5189 
1364 2885 3414 3415 
1365 325 326 3688 
1366 1039 4151 4153 
1367 2386 3378 3579 
1368 3352 691 5296 
1369 3857 3206 5657 
1370 2912 459 4880 
1371 1134 4236 4470 
1372 4283 642 4284 
1373 576 3626 3627 
1374 2422 3392 5504 
1375 502 3278 5573 
1376 2672 3333 3578 
1377 3370 2464 5437 
1378 3287 4469 5747 
1379 4041 4035 4042 
1380 2409 2170 4344 
1381 1577 4152 4522 
1382 1122 3389 4299 
1383 944 946 3584 
1384 851 848 3615 
1385 3507 4228 4252 
1386 4300 1580 4863 
1387 3276 3275 5416 
1388 744 3785 3787 
1389 4479 2001 4499 
1390 244 245 3560 
1391 487 3362 4848 
1392 2269 3637 5160 
1393 501 3541 5602 
1394 5416 3275 5422 
1395 1897 1895 3724 
1396 2014 1891 3723 
1397 5166 4320 5276 
1398 3931 4218 4606 
1399 434 400 5578 
1400 4257 5206 5347 
1401 3490 2392 3491 
1402 3441 3442 3444 
1403 4230 3237 5688 
1404 3440 1397 4136 
1405 5051 3901 5171 
1406 3360 2670 3578 
1407 3015 3490 3491 
1408 1874 3720 4521 
1409 2213 3625 3629 
1410 2172 2395 4344 
1411 3464 5104 5105 
1412 3336 1362 5126 
1413 4306 4623 4765 
1414 3206 3857 5690 
1415 1509 3281 5605 
1416 4379 943 5230 
1417 3762 3763 5233 
1418 393 435 5331 
1419 1559 1561 3791 
1420 3279 3280 5463 
1421 1317 3500 3501 
1422 5304 4394 5502 
1423 1473 1475 4301 
1424 1398 624 4183 
1425 400 2959 5578 
1426 3074 3073 5297 
1427 851 3615 3616 
1428 4280 450 4570 
1429 4390 3428 5037 
1430 840 1134 4470 
1431 4090 5411 5655 
1432 4042 4039 4043 
1433 565 48 3993 
1434 851 3616 3631 
1435 3784 2204 3786 
1436 5462 2042 5528 
1437 5232 3762 5233 
1438 457 3424 4316 
1439 943 4379 5249 
1440 3281 1509 5626 
1441 3304 451 5386 
1442 1506 1463 4295 
1443 5337 1400 5413 
1444 1930 905 4739 
1445 330 486 3610 
1446 5327 3327 5369 
1447 4396 4397 4821 
1448 3428 4390 4988 
1449 555 3380 4845 
1450 1875 1874 4521 
1451 3264 5511 5586 
1452 3977 1503 4301 
1453 465 3181 5277 
1454 3074 5297 5317 
1455 4409 2143 5239 
1456 3528 2804 3530 
1457 2897 4399 4498 
1458 491 3453 5342 
1459 3716 2014 3723 
1460 4113 1398 4183 
1461 4268 4269 5338 
1462 3362 487 5028 
1463 3967 2001 4479 
1464 49 457 3993 
1465 4086 4629 5415 
1466 3375 442 3694 
1467 462 5093 5264 
1468 4298 1122 4303 
1469 5534 4804 5543 
1470 3579 3378 4389 
1471 1579 1467 4896 
1472 3829 4888 5044 
1473 3447 1133 4308 
1474 495 3588 5580 
1475 1465 1579 4295 
1476 4152 1577 4523 
1477 731 744 3790 
1478 551 98 3924 
1479 3414 3187 3415 
1480 3050 3859 5537 
1481 3008 5201 5374 
1482 561 329 3610 
1483 1752 3608 5226 
1484 3381 3978 4102 
1485 3064 3247 5236 
1486 490 220 3602 
1487 3011 3010 3581 
1488 5081 3891 5263 
1489 3708 2126 3710 
1490 3414 2884 3619 
1491 2765 3919 5484 
1492 3530 2804 3541 
1493 5258 4432 5435 
1494 4238 3452 5288 
1495 3589 3590 5702 
1496 3849 2015 4669 
1497 1350 3341 5187 
1498 4711 3063 5219 
1499 2950 5166 5276 
1500 1479 1481 4203 
1501 3423 5125 5254 
1502 1091 1093 4309 
1503 723 725 3910 
1504 744 3787 3790 
1505 3505 5462 5528 
1506 664 3411 4123 
1507 3457 5258 5435 
1508 1555 1557 4500 
1509 1369 3586 4921 
1510 99 3922 3924 
1511 3006 5287 5622 
1512 129 4926 4955 
1513 3553 2724 5342 
1514 612 614 4137 
1515 3511 4958 5089 
1516 1960 3782 3783 
1517 2837 5138 5398 
1518 3377 3081 5056 
1519 2119 2352 3656 
1520 1580 3406 4301 
1521 691 3352 5615 
1522 1401 4282 4284 
1523 288 289 3941 
1524 4384 1429 5271 
1525 5338 4269 5427 
1526 4189 4190 5184 
1527 487 4319 5028 
1528 54 55 3889 
1529 909 957 4040 
1530 1768 3340 5244 
1531 4339 2395 5681 
1532 3415 3187 5581 
1533 1481 1502 4203 
1534 3632 4480 5174 
1535 3296 3972 4292 
1536 4173 949 4773 
1537 5358 1251 5465 
1538 5396 2990 5419 
1539 3503 3317 3688 
1540 1429 4384 5279 
1541 622 1398 4115 
1542 4888 443 5044 
1543 3777 3782 4775 
1544 1595 3583 4949 
1545 2616 4862 4927 
1546 4801 3243 5711 
1547 1578 1083 4299 
1548 2290 2137 3751 
1549 3380 555 5025 
1550 2013 3841 3843 
1551 2231 2724 3576 
1552 4294 1579 4896 
1553 1370 3582 5128 
1554 1370 3405 5473 
1555 4435 491 5342 
1556 3919 2765 5557 
1557 2544 3620 3660 
1558 3195 3583 5454 
1559 3963 2083 3965 
1560 147 148 3694 
1561 1576 3412 4303 
1562 2990 2228 5419 
1563 3340 1768 5272 
1564 2418 2416 4290 
1565 3319 2330 3681 
1566 1242 1244 4456 
1567 3499 4157 4932 
1568 4245 5010 5151 
1569 4722 3114 5216 
1570 3273 3369 3518 
1571 3528 2250 4909 
1572 4391 4390 5037 
1573 220 221 3602 
1574 911 913 4341 
1575 664 620 4115 
1576 4764 517 5182 
1577 700 5534 5543 
1578 3441 504 4791 
1579 1992 3788 3791 
1580 224 3682 5077 
1581 1085 1122 4299 
1582 3520 3519 3521 
1583 3963 3960 4685 
1584 221 222 3687 
1585 4052 5273 5475 
1586 3269 4287 5177 
1587 3353 2797 3751 
1588 5073 1803 5086 
1589 3829 541 4888 
1590 3683 495 5480 
1591 2060 3847 4669 
1592 2340 4416 5001 
1593 3782 1960 4775 
1594 3836 5132 5242 
1595 3420 2910 5133 
1596 5333 1245 5430 
1597 511 3979 5038 
1598 3586 3214 4921 
1599 820 827 4153 
1600 3472 669 4144 
1601 2083 3963 4685 
1602 4629 4086 5503 
1603 642 619 4284 
1604 3514 2882 4829 
1605 3351 5410 5424 
1606 1502 4202 4203 
1607 2614 3292 3681 
1608 2061 4480 4561 
1609 4026 957 4341 
1610 3510 3511 5089 
1611 4990 1002 5008 
1612 3452 4238 5579 
1613 3839 3841 4664 
1614 564 3482 5087 
1615 3456 4455 5470 
1616 2986 4415 5351 
1617 2304 3595 3596 
1618 3323 542 5500 
1619 4394 948 5295 
1620 2543 3414 3619 
1621 1299 3514 4829 
1622 4792 4452 4828 
1623 3138 3670 5346 
1624 733 735 4408 
1625 1502 3980 4202 
1626 891 893 4346 
1627 3841 2013 4664 
1628 3351 4347 5410 
1629 3031 4315 5403 
1630 1643 1645 3970 
1631 2564 2563 4391 
1632 3602 221 3687 
1633 948 4394 5304 
1634 871 4174 5585 
1635 4997 4189 5184 
1636 3065 5277 5709 
1637 5480 495 5580 
1638 3629 3628 4431 
1639 3424 457 4317 
1640 772 770 3820 
1641 2062 3498 3499 
1642 956 4423 5274 
1643 2462 2354 3501 
1644 1524 4021 4023 
1645 1508 4201 5676 
1646 4302 1576 4309 
1647 1892 1894 4669 
1648 3779 1555 4500 
1649 3309 3158 5497 
1650 823 3741 4992 
1651 2316 2314 3992 
1652 3955 3958 4194 
1653 617 1401 4284 
1654 2194 2195 4385 
1655 4201 1508 5706 
1656 2126 1897 3724 
1657 2839 3604 5093 
1658 3879 4727 5188 
1659 3482 564 5143 
1660 4285 2514 4765 
1661 3616 3388 4480 
1662 1361 1153 4156 
1663 3311 412 5734 
1664 1317 3501 4920 
1665 300 301 3912 
1666 3158 3309 5488 
1667 3426 1155 4157 
1668 2464 3372 5156 
1669 1440 1621 4091 
1670 4193 3958 5721 
1671 3232 3586 5021 
1672 460 3628 5565 
1673 3845 2060 4678 
1674 3360 3578 4368 
1675 643 3928 3929 
1676 1397 3440 4137 
1677 3258 5409 5447 
1678 2213 3629 3630 
1679 618 664 4123 
1680 664 4115 4122 
1681 3849 3850 4994 
1682 3448 516 3604 
1683 2631 3852 5385 
1684 5132 538 5242 
1685 2401 1589 3487 
1686 1394 1331 3524 
1687 5301 1239 5379 
1688 3962 3953 4194 
1689 2135 3445 5363 
1690 562 3348 5345 
1691 2540 3661 3741 
1692 3656 2352 3657 
1693 1122 1087 4303 
1694 946 2427 3584 
1695 827 1039 4153 
1696 3583 3195 5668 
1697 4114 4184 5416 
1698 4102 4440 5629 
1699 3590 3592 3595 
1700 3524 3523 4667 
1701 1095 1097 4426 
1702 412 3311 5692 
1703 3704 2149 3706 
1704 5084 4811 5204 
1705 3785 744 4408 
1706 1079 1081 4368 
1707 1331 1323 3524 
1708 326 458 3688 
1709 5039 3475 5163 
1710 2575 3376 4391 
1711 1901 1899 4360 
1712 2755 5371 5381 
1713 3427 430 4395 
1714 1513 1442 4091 
1715 947 944 3584 
1716 2804 3528 4909 
1717 1246 1248 4485 
1718 3492 1536 4312 
1719 4423 956 5305 
1720 3710 2126 3724 
1721 1771 3356 5291 
1722 1397 616 4123 
1723 3603 3168 5620 
1724 3766 1620 5507 
1725 613 611 3930 
1726 3737 2976 3747 
1727 1089 1576 4303 
1728 3776 2008 3778 
1729 2143 4409 5720 
1730 4293 552 5324 
1731 3552 2401 3553 
1732 2001 3967 3970 
1733 2541 2544 3661 
1734 1994 3839 4664 
1735 608 610 4145 
1736 739 741 3781 
1737 4102 3978 5032 
1738 3682 3231 5077 
1739 3786 2204 3791 
1740 3471 4461 5542 
1741 4121 1046 4580 
1742 2824 5110 5328 
1743 1553 1555 3779 
1744 560 325 3688 
1745 3321 5358 5465 
1746 2905 2904 2906 
1747 2333 2377 3527 
1748 1561 1992 3791 
1749 1067 3545 3546 
1750 3369 743 3910 
1751 2775 3048 5414 
1752 3712 3724 4674 
1753 3356 1771 5307 
1754 2134 2367 5062 
1755 3601 490 3602 
1756 3339 3976 4295 
1757 3348 562 5428 
1758 542 3323 5486 
1759 1383 3653 4399 
1760 4602 2193 5496 
1761 1994 3837 3839 
1762 3470 3656 3657 
1763 3035 4371 5321 
1764 5050 1769 5066 
1765 5324 552 5365 
1766 4462 2587 4941 
1767 2520 3351 5424 
1768 1503 1473 4301 
1769 2150 1593 3552 
1770 997 3581 4128 
1771 609 607 3932 
1772 3728 3643 4874 
1773 1133 3447 4309 
1774 4395 430 4820 
1775 214 215 3571 
1776 5341 2400 5366 
1777 3188 5372 5400 
1778 3561 1380 5294 
1779 2528 3065 5709 
1780 3041 5446 5495 
1781 997 995 4864 
1782 1842 4087 5359 
1783 2547 4479 4499 
1784 5396 4496 5429 
1785 3487 1978 3576 
1786 446 3348 5428 
1787 643 3929 3930 
1788 1067 3546 3548 
1789 1896 1898 4678 
1790 4312 1536 4566 
1791 2353 1971 3526 
1792 2995 3737 3747 
1793 4926 3055 4955 
1794 1960 3783 4408 
1795 2372 2150 3552 
1796 5378 3065 5444 
1797 2013 3843 4678 
1798 2426 4489 4523 
1799 4120 4121 4580 
1800 4982 4212 5072 
1801 2204 1559 3791 
1802 5154 3172 5175 
1803 232 477 3591 
1804 1062 1064 3547 
1805 432 3025 3050 
1806 2126 3708 4360 
1807 3790 3789 4836 
1808 3468 3502 5280 
1809 1322 3522 3523 
1810 3721 3974 5438 
1811 3560 3428 4988 
1812 5093 3604 5264 
1813 823 3898 4841 
1814 5206 2960 5347 
1815 3645 5050 5066 
1816 3663 2185 4837 
1817 1475 1580 4301 
1818 1397 4123 4136 
1819 3667 2999 4756 
1820 2957 4312 4566 
1821 4757 2518 4832 
1822 1620 3766 5539 
1823 755 3773 3775 
1824 768 766 4101 
1825 3834 3837 4646 
1826 2120 2119 3656 
1827 4268 2989 5256 
1828 614 1397 4137 
1829 4745 3802 4976 
1830 3592 3594 3595 
1831 3625 3626 3629 
1832 3965 2083 3970 
1833 1322 1315 3522 
1834 1216 1380 3517 
1835 2019 3502 4234 
1836 3016 4171 5376 
1837 3197 5337 5413 
1838 2679 3693 5618 
1839 3320 3439 5038 
1840 3663 4979 5016 
1841 3741 3661 4992 
1842 3480 3597 5562 
1843 3232 5021 5059 
1844 3759 4738 4806 
1845 743 723 3910 
1846 1576 1091 4309 
1847 1303 1325 3542 
1848 3457 2308 5258 
1849 3496 1573 4180 
1850 3590 3591 3592 
1851 2912 5235 5666 
1852 4489 4152 4523 
1853 1549 1551 4166 
1854 3847 3849 4669 
1855 4308 1133 4426 
1856 3837 1994 4646 
1857 289 480 3941 
1858 2292 3488 5735 
1859 3516 1305 3542 
1860 1250 1252 4539 
1861 2308 3457 5265 
1862 4975 2709 5005 
1863 3555 2394 3556 
1864 2401 3487 3576 
1865 3778 2008 3779 
1866 3408 5237 5472 
1867 741 755 3781 
1868 3979 2891 4172 
1869 471 54 3889 
1870 3653 2521 4868 
1871 2120 3469 3737 
1872 3348 446 5501 
1873 1762 3946 3947 
1874 4190 3968 5184 
1875 2325 1848 5144 
1876 3649 1294 4920 
1877 3544 1395 4146 
1878 669 3472 4145 
1879 3939 288 3941 
1880 451 3385 5386 
1881 523 113 3614 
1882 1589 1393 3487 
1883 4093 1866 4899 
1884 3469 2120 3656 
1885 442 147 3694 
1886 2204 3784 4500 
1887 669 612 4137 
1888 3525 4395 4820 
1889 1396 3324 5637 
1890 3509 782 3826 
1891 2538 4004 4573 
1892 3591 477 3592 
1893 3506 544 4251 
1894 3349 785 5432 
1895 1093 1133 4309 
1896 725 1938 3910 
1897 4021 1524 4488 
1898 3724 1895 4674 
1899 4979 557 5016 
1900 215 467 3571 
1901 2901 3271 3754 
1902 3033 3726 3727 
1903 2416 2858 4290 
1904 3486 420 4289 
1905 3852 2631 5558 
1906 3465 2958 4650 
1907 1524 4023 4341 
1908 2377 4853 5458 
1909 2393 3169 3557 
1910 3498 2062 4101 
1911 4157 1155 4932 
1912 3391 2898 5556 
1913 4203 2903 4863 
1914 2793 5051 5171 
1915 611 643 3930 
1916 55 570 3889 
1917 3532 1782 3533 
1918 3980 1502 4475 
1919 1278 1242 4456 
1920 957 911 4341 
1921 3824 1549 4166 
1922 459 2913 4880 
1923 1774 2100 3559 
1924 3373 3246 3489 
1925 2842 3407 5283 
1926 1557 2204 4500 
1927 2454 5422 5495 
1928 3946 1762 4365 
1929 4028 4030 4040 
1930 3126 5326 5335 
1931 1399 3673 4743 
1932 755 3775 3781 
1933 234 522 3654 
1934 3517 1380 3561 
1935 429 3449 3450 
1936 1565 3520 4935 
1937 3930 3931 4606 
1938 148 539 3694 
1939 2062 3499 3820 
1940 3993 457 4316 
1941 2989 4268 5338 
1942 222 498 3687 
1943 1645 2001 3970 
1944 3491 2392 4879 
1945 1905 1903 4427 
1946 1587 3667 4756 
1947 3486 2418 4290 
1948 5159 31 5243 
1949 2370 2012 3740 
1950 4180 1573 4514 
1951 2927 434 2928 
1952 1395 3544 4143 
1953 3402 1572 5522 
1954 2008 1553 3779 
1955 1507 4207 5744 
1956 783 772 3820 
1957 468 3407 5678 
1958 1584 3885 4120 
1959 3556 2394 3557 
1960 4255 2711 4256 
1961 744 733 4408 
1962 420 3486 4290 
1963 3670 3138 5616 
1964 628 630 4185 
1965 3385 451 5512 
1966 951 891 4346 
1967 2633 4650 4675 
1968 913 1524 4341 
1969 2858 3429 3508 
1970 3812 3811 4782 
1971 3422 3293 3423 
1972 3700 2164 3702 
1973 3990 3272 5608 
1974 675 3534 3537 
1975 1059 1060 3548 
1976 2314 3272 3992 
1977 520 214 3571 
1978 1483 1485 4475 
1979 5004 4235 5022 
1980 2223 4004 4005 
1981 2959 3279 3488 
1982 4075 4073 4090 
1983 5278 2315 5303 
1984 2399 2397 4316 
1985 1772 3384 5330 
1986 4181 4180 4514 
1987 3300 5333 5430 
1988 3324 1396 5682 
1989 3199 4439 5145 
1990 421 3419 5080 
1991 463 2926 3205 
1992 3053 4792 4828 
1993 301 441 3912 
1994 5409 1270 5447 
1995 3417 2459 5165 
1996 3574 641 3999 
1997 1977 3834 4646 
1998 2722 2805 3541 
1999 2635 2194 4385 
2000 1244 1600 4456 
2001 1971 1876 3526 
2002 669 4137 4144 
2003 2958 3465 4542 
2004 833 835 4524 
2005 2199 2887 3543 
2006 2015 1892 4669 
2007 1547 1549 3824 
2008 3928 643 3932 
2009 2697 2371 5236 
2010 507 3354 5459 
2011 2083 1643 3970 
2012 2186 2026 3726 
2013 50 51 4317 
2014 3439 332 5038 
2015 4439 3199 5696 
2016 3469 2976 3737 
2017 1584 4120 4580 
2018 770 2062 3820 
2019 4073 4085 4090 
2020 4416 3125 5001 
2021 4097 3795 4286 
2022 3706 2149 4360 
2023 2875 3867 3868 
2024 1254 1256 4558 
2025 2149 3704 4427 
2026 4127 4128 4761 
2027 3598 490 3600 
2028 1307 1305 3516 
2029 729 3790 4836 
2030 2707 2709 4999 
2031 1123 2422 3585 
2032 1899 2126 4360 
2033 5282 4262 5407 
2034 735 1960 4408 
2035 2804 2722 3541 
2036 2223 4005 4578 
2037 893 1877 4346 
2038 1046 4121 4798 
2039 4650 2958 4675 
2040 1977 3832 3834 
2041 3406 3977 4301 
2042 1620 3558 5507 
2043 2641 5322 5502 
2044 4862 2978 4927 
2045 3329 2316 3992 
2046 3843 3845 4678 
2047 610 669 4145 
2048 2700 3663 4837 
2049 1067 1062 3547 
2050 1133 1095 4426 
2051 2814 5081 5263 
2052 1118 1079 4368 
2053 2195 2419 4385 
2054 580 3425 5569 
2055 3470 3657 5350 
2056 4087 1842 5625 
2057 1199 1782 3582 
2058 4398 2426 4798 
2059 567 300 3912 
2060 1060 1067 3548 
2061 5547 2424 5563 
2062 1323 1322 3524 
2063 1383 3652 3653 
2064 1536 3492 4426 
2065 3408 3353 3751 
2066 1600 1246 4485 
2067 838 836 4389 
2068 3789 3788 5170 
2069 3548 3546 3550 
2070 5446 3634 5495 
2071 449 3651 5635 
2072 2697 5236 5728 
2073 1280 3812 4782 
2074 3347 4764 5182 
2075 3983 5341 5366 
2076 1367 1618 4116 
2077 3581 997 4864 
2078 417 3485 5205 
2079 2372 3552 3553 
2080 2064 3988 4684 
2081 2538 4003 4004 
2082 231 232 3591 
2083 2426 4523 4798 
2084 2875 2863 3867 
2085 1305 1303 3542 
2086 4425 3878 4731 
2087 3460 2328 5207 
2088 675 673 3540 
2089 3368 4401 5714 
2090 1638 4182 4741 
2091 643 609 3932 
2092 2992 3728 4874 
2093 467 216 4764 
2094 526 3459 3460 
2095 3229 3393 4975 
2096 3588 518 3589 
2097 4128 3010 4761 
2098 785 3349 5589 
2099 3960 3988 4685 
2100 1894 2060 4669 
2101 2008 3776 4166 
2102 1375 1335 1876 
2103 1501 4181 4514 
2104 1573 3496 4475 
2105 3600 490 3601 
2106 3545 1067 3547 
2107 5004 3536 5030 
2108 3610 486 3681 
2109 3442 3443 3444 
2110 1097 1536 4426 
2111 782 3509 4101 
2112 3755 2633 4847 
2113 1101 1103 4324 
2114 2149 1901 4360 
2115 4154 2362 5275 
2116 1593 1591 3552 
2117 2955 4425 4731 
2118 4738 2101 4806 
2119 1081 1578 4368 
2120 3744 5549 5639 
2121 2050 2995 3747 
2122 3736 3733 5268 
2123 1395 608 4145 
2124 673 679 3540 
2125 5647 1341 5662 
2126 3389 4297 4299 
2127 3830 3832 4622 
2128 2520 5424 5551 
2129 5371 3926 5381 
2130 2745 5193 5229 
2131 2885 3415 3416 
2132 2394 2393 3557 
2133 4184 661 4185 
2134 1375 1876 1971 
2135 642 4285 4355 
2136 2151 2150 2371 
2137 5208 1108 5241 
2138 1124 1123 3585 
2139 1024 1025 3676 
2140 1364 3969 4325 
2141 3781 3777 4775 
2142 2526 3621 3622 
2143 3368 5714 5729 
2144 627 625 3999 
2145 2199 2353 2887 
2146 5033 3994 5036 
2147 746 748 4511 
2148 3419 421 5197 
2149 2190 2333 3527 
2150 2062 768 4101 
2151 113 114 3614 
2152 3445 3371 5363 
2153 1325 1302 1335 
2154 2394 3555 3559 
2155 1325 1335 1375 
2156 519 117 3587 
2157 3872 5647 5662 
2158 2199 1971 2353 
2159 435 3267 3268 
2160 3773 755 4511 
2161 3632 4990 5008 
2162 4004 2223 4573 
2163 230 518 3588 
2164 2272 4745 4976 
2165 2224 3769 3771 
2166 1248 1276 4485 
2167 3159 3582 5567 
2168 574 5435 5441 
2169 3485 417 5250 
2170 3073 4380 5297 
2171 4537 3819 4813 
2172 1978 1979 2231 
2173 1019 2521 3652 
2174 958 4014 4020 
2175 1259 1261 4477 
2176 3832 1977 4622 
2177 4143 3544 4304 
2178 3381 2891 3979 
2179 2231 2232 2528 
2180 3969 1364 4326 
2181 219 490 3598 
2182 2060 1896 4678 
2183 485 131 3603 
2184 2322 4402 5701 
2185 3917 431 5245 
2186 1392 1394 1978 
2187 3320 3979 4172 
2188 734 732 4467 
2189 3292 3610 3681 
2190 607 1399 3932 
2191 4684 4326 4696 
2192 469 3611 3612 
2193 1156 1377 4405 
2194 2555 3738 4740 
2195 4054 4056 4087 
2196 4089 4091 4800 
2197 414 4262 5282 
2198 3948 3646 4487 
2199 3562 2417 4895 
2200 3033 2186 3726 
2201 4043 4039 4044 
2202 469 115 3611 
2203 4880 2913 5088 
2204 2895 4462 4941 
2205 4015 4018 4020 
2206 3682 505 5220 
2207 2100 2394 3559 
2208 3514 1218 3517 
2209 1548 1546 4179 
2210 2526 2099 3621 
2211 3693 2679 5685 
2212 3536 3535 5030 
2213 4562 5176 5202 
2214 1322 3523 3524 
2215 4181 1501 4233 
2216 3741 823 4841 
2217 1218 1216 3517 
2218 2333 2374 2377 
2219 3280 2929 4713 
2220 1551 2008 4166 
2221 3102 5234 5252 
2222 3770 2021 3772 
2223 2308 2092 3630 
2224 5010 2872 5151 
2225 2092 2213 3630 
2226 1276 1250 4539 
2227 5212 2210 5238 
2228 3500 2462 3501 
2229 1211 1210 3606 
2230 475 3796 4924 
2231 3547 4757 4832 
2232 1876 2190 3526 
2233 766 782 4101 
2234 3272 3991 3992 
2235 2012 2334 3740 
2236 1885 1593 2150 
2237 1315 1313 3522 
2238 3626 3628 3629 
2239 1023 1019 3652 
2240 2724 2528 4435 
2241 1059 3548 3549 
2242 3865 3946 4365 
2243 4264 4263 4774 
2244 2050 3748 3749 
2245 3826 782 4177 
2246 2616 981 3636 
2247 2537 3878 4178 
2248 2268 3735 3736 
2249 3474 2979 3475 
2250 1282 1268 3944 
2251 1368 3312 3675 
2252 5420 4729 5438 
2253 4461 409 5542 
2254 5122 1098 5161 
2255 1591 2401 3552 
2256 2705 2707 4866 
2257 3607 2090 4831 
2258 1051 1049 4326 
2259 3445 2135 4873 
2260 1395 4145 4146 
2261 3797 2829 4728 
2262 4452 3343 4828 
2263 2077 3413 5421 
2264 3822 4662 4715 
2265 1978 1394 1979 
2266 613 3930 4606 
2267 2151 2371 2697 
2268 4282 4283 4284 
2269 3988 2064 4685 
2270 3343 3344 4828 
2271 1591 1589 2401 
2272 3966 3968 5373 
2273 1903 2149 4427 
2274 1594 2193 4604 
2275 3526 2190 3527 
2276 2050 3747 3748 
2277 630 1400 4185 
2278 1158 1368 3675 
2279 1392 1331 1394 
2280 1886 4064 5162 
2281 1898 2013 4678 
2282 2231 1979 2232 
2283 2366 3623 3624 
2284 2616 3636 4862 
2285 438 111 3635 
2286 462 135 3647 
2287 1012 2019 4234 
2288 1332 1331 1392 
2289 3794 3796 5117 
2290 2863 3609 3867 
2291 3932 1399 4743 
2292 2528 2232 3065 
2293 3625 2213 3915 
2294 3655 2156 4466 
2295 704 3948 4487 
2296 3407 2842 5678 
2297 1885 2150 2151 
2298 2417 2016 4895 
2299 5029 2953 5223 
2300 2682 3038 4844 
2301 2164 3700 4453 
2302 2516 3931 4217 
2303 4465 5060 5074 
2304 1762 3947 5066 
2305 2269 2268 5199 
2306 2064 4684 4696 
2307 3767 3490 5387 
2308 1299 1220 3514 
2309 3931 2516 4218 
2310 1987 3793 4100 
2311 3357 2370 3740 
2312 4220 4723 4750 
2313 4014 958 4019 
2314 3230 3602 3687 
2315 919 921 4019 
2316 225 505 3682 
2317 1313 1311 2215 
2318 2392 2106 4879 
2319 3007 3607 4831 
2320 2553 3655 4466 
2321 4003 2538 4222 
2322 2084 4672 5628 
2323 228 495 3683 
2324 4091 1621 4800 
2325 1774 3559 4182 
2326 1909 1907 4453 
2327 2397 3329 4316 
2328 3923 427 5194 
2329 3412 4298 4303 
2330 2213 1942 3915 
2331 2448 2446 4122 
2332 3795 4097 4100 
2333 3194 5073 5086 
2334 1252 1596 4539 
2335 3516 3542 5058 
2336 3290 3500 3504 
2337 981 969 3636 
2338 3702 2164 4427 
2339 1502 1483 4475 
2340 238 526 3651 
2341 2684 4537 4813 
2342 4324 2957 4566 
2343 1809 5137 5158 
2344 457 50 4317 
2345 3096 5215 5218 
2346 3783 3785 4408 
2347 3652 2521 3653 
2348 2021 3770 4223 
2349 1149 3668 4323 
2350 4182 3559 4741 
2351 1931 3880 3881 
2352 4953 3004 5020 
2353 4110 4627 4700 
2354 3303 3649 3650 
2355 4014 4015 4020 
2356 1313 2215 3522 
2357 2457 3865 4141 
2358 3738 1940 4740 
2359 5223 2953 5722 
2360 820 4153 4811 
2361 2021 1547 3824 
2362 1364 1051 4326 
2363 1320 1315 1322 
2364 3277 5301 5379 
2365 213 520 3659 
2366 3605 2203 3743 
2367 807 4986 5014 
2368 1214 1211 3606 
2369 1577 833 4524 
2370 1590 1589 1591 
2371 4859 4047 5013 
2372 3174 2424 5547 
2373 554 3525 4820 
2374 4662 2086 4715 
2375 3592 477 3593 
2376 4020 4021 4488 
2377 661 628 4185 
2378 1220 1218 3514 
2379 4127 2230 4277 
2380 970 1927 3674 
2381 5311 3298 5610 
2382 1596 1254 4558 
2383 1972 1971 2199 
2384 3909 3908 5623 
2385 963 970 3674 
2386 3529 3531 5266 
2387 2906 3754 5587 
2388 1965 1964 2240 
2389 1300 1299 1302 
2390 1749 3609 3869 
2391 1195 1193 1998 
2392 2301 2240 2838 
2393 1368 1964 1965 
2394 4064 1886 5334 
2395 3943 1282 3944 
2396 2164 1905 4427 
2397 233 234 3654 
2398 3609 1749 3867 
2399 2946 2404 5083 
2400 3947 3945 5160 
2401 1961 3830 4622 
2402 836 1599 4389 
2403 1189 1187 1374 
2404 1377 3679 4405 
2405 3657 2352 3658 
2406 1479 4203 4863 
2407 1191 1189 3633 
2408 3671 3826 4177 
2409 3547 1064 4757 
2410 1368 1366 1964 
2411 4543 5027 5043 
2412 2961 2962 3666 
2413 521 137 3669 
2414 5372 1269 5400 
2415 1158 1366 1368 
2416 1965 2240 2301 
2417 4020 4018 4021 
2418 3884 3885 4605 
2419 3424 2399 4316 
2420 3793 3795 4100 
2421 3496 3980 4475 
2422 1380 1214 3606 
2423 3696 2188 3698 
2424 1370 1201 3582 
2425 1959 4627 4628 
2426 5083 2404 5125 
2427 4019 921 4532 
2428 1485 1573 4475 
2429 4023 4026 4341 
2430 527 109 3665 
2431 2545 3684 4504 
2432 2026 2203 3726 
2433 1103 1149 4324 
2434 2984 3618 3742 
2435 915 917 4488 
2436 958 919 4019 
2437 3589 518 3590 
2438 1330 1323 1331 
2439 1268 1264 3944 
2440 1287 1282 3943 
2441 1199 1197 1782 
2442 1655 1658 4305 
2443 1303 1302 1325 
2444 641 627 3999 
2445 2990 5396 5429 
2446 1015 1037 3739 
2447 1766 5018 5023 
2448 1038 1014 3685 
2449 2468 2470 3981 
2450 2031 3729 3731 
2451 1659 1657 4375 
2452 51 569 4317 
2453 1216 1214 1380 
2454 852 851 3631 
2455 2203 3605 3725 
2456 1034 1033 4693 
2457 3013 4264 4774 
2458 835 1046 4524 
2459 2031 3731 3735 
2460 3930 3929 3931 
2461 2268 2030 3735 
2462 1876 2189 2190 
2463 1961 3827 3830 
2464 929 931 3690 
2465 3673 1399 4213 
2466 3885 1584 4605 
2467 2371 2150 2372 
2468 3218 3216 3232 
2469 1857 1548 4179 
2470 3899 3897 4502 
2471 1393 1392 3487 
2472 3451 3452 5247 
2473 3222 3220 3336 
2474 517 3598 3599 
2475 3769 2224 4576 
2476 1014 1003 3685 
2477 3032 3394 5393 
2478 755 746 4511 
2479 855 852 3631 
2480 931 1405 3690 
2481 952 4041 4042 
2482 4112 5278 5303 
2483 4723 1348 4750 
2484 1639 1638 4227 
2485 118 493 3587 
2486 2084 4086 5415 
2487 1201 1199 3582 
2488 3033 3727 5298 
2489 495 229 3588 
2490 3967 3965 3970 
2491 3518 3369 3519 
2492 1588 1393 1589 
2493 1134 838 4389 
2494 3216 3214 3586 
2495 1926 3797 4728 
2496 3384 1772 5387 
2497 1026 1156 4405 
2498 2962 3120 3666 
2499 739 3781 4775 
2500 921 923 4532 
2501 1320 1322 1323 
2502 4156 2946 5071 
2503 1674 1676 3869 
2504 3592 3593 3594 
2505 3226 3224 3341 
2506 3621 2099 3981 
2507 1364 4325 4538 
2508 1187 1124 3585 
2509 2443 2441 4136 
2510 2423 3899 4502 
2511 211 437 3689 
2512 3540 679 4657 
2513 3684 1425 4504 
2514 732 1575 4467 
2515 3111 2199 3543 
2516 3966 5373 5451 
2517 1123 1044 1383 
2518 517 218 3598 
2519 132 516 3603 
2520 1256 1275 4558 
2521 116 519 3611 
2522 3120 3346 3666 
2523 1942 1882 3915 
2524 3778 3779 3780 
2525 1426 3646 4130 
2526 1275 1259 4477 
2527 3865 2457 3946 
2528 5221 1114 5261 
2529 1257 1220 1299 
2530 4524 1046 4798 
2531 1311 1307 3516 
2532 3271 479 5370 
2533 4791 504 4955 
2534 3772 2021 3824 
2535 3742 1761 4481 
2536 1025 1030 3676 
2537 5207 3248 5641 
2538 1176 3819 4530 
2539 1637 1594 4604 
2540 2224 3771 4511 
2541 1203 1201 1370 
2542 3687 498 4826 
2543 3646 1426 4487 
2544 3447 4302 4309 
2545 5245 431 5320 
2546 4523 1577 4524 
2547 3618 2984 4689 
2548 3232 3216 3586 
2549 584 2464 4169 
2550 1189 1374 3633 
2551 3599 3598 3600 
2552 2250 2987 4909 
2553 4040 4030 4739 
2554 5508 539 5646 
2555 2602 4388 4776 
2556 2633 4675 4847 
2557 3750 4143 4304 
2558 1377 1949 3679 
2559 2220 2058 2292 
2560 3120 3195 3346 
2561 3556 3557 3558 
2562 3525 554 4914 
2563 1044 1023 3652 
2564 3178 5243 5314 
2565 4627 1959 4700 
2566 625 1403 3999 
2567 1123 1383 2422 
2568 1777 1947 2214 
2569 3671 2460 3826 
2570 469 3612 3613 
2571 2251 3858 3859 
2572 2489 2491 4217 
2573 2905 2906 2907 
2574 3968 4479 5184 
2575 1312 1311 1313 
2576 4498 3653 4868 
2577 112 523 3635 
2578 4864 1007 4903 
2579 3975 2325 5144 
2580 4234 3502 4612 
2581 2231 2528 2724 
2582 2190 2332 2333 
2583 1907 2164 4453 
2584 1012 1024 2019 
2585 3788 3786 3791 
2586 1392 1978 3487 
2587 3686 2522 4220 
2588 3880 1931 4159 
2589 2230 4127 4761 
2590 3900 1655 4305 
2591 3191 5113 5124 
2592 124 125 507 
2593 127 128 504 
2594 2090 2091 3803 
2595 5549 978 5639 
2596 2456 4953 5020 
2597 1931 3881 4179 
2598 2546 3827 4609 
2599 1680 1682 3870 
2600 1546 1931 4179 
2601 2460 3671 3825 
2602 242 529 3695 
2603 4616 2611 4661 
2604 4879 3905 4968 
2605 140 525 4414 
2606 136 521 3647 
2607 3868 3870 3871 
2608 2823 4982 5072 
2609 2030 2031 3735 
2610 189 190 3816 
2611 449 237 3651 
2612 118 119 493 
2613 121 122 506 
2614 748 2224 4511 
2615 2874 5674 5680 
2616 5116 3085 5123 
2617 518 231 3591 
2618 114 469 3614 
2619 3393 3228 3539 
2620 228 229 495 
2621 225 226 505 
2622 190 483 3816 
2623 3001 2999 3667 
2624 3799 1751 4375 
2625 809 5106 5119 
2626 3464 678 5104 
2627 2523 3880 4159 
2628 1592 1591 1593 
2629 3390 2448 4122 
2630 2343 2345 4119 
2631 1030 1158 3675 
2632 1261 1425 4477 
2633 3761 678 3763 
2634 4130 2539 4468 
2635 4000 4003 4222 
2636 1149 4323 4324 
2637 1033 3660 4693 
2638 1158 1159 1366 
2639 130 131 485 
2640 984 1171 4178 
2641 3708 3706 4360 
2642 1314 1313 1315 
2643 222 223 498 
2644 219 220 490 
2645 117 118 3587 
2646 229 230 3588 
2647 1652 1655 3900 
2648 218 219 3598 
2649 131 132 3603 
2650 4227 1638 4741 
2651 975 4234 4612 
2652 3878 2537 4731 
2653 3040 3039 3583 
2654 230 231 518 
2655 3521 3519 4429 
2656 116 117 519 
2657 796 734 4467 
2658 3578 1118 4368 
2659 4086 2084 5628 
2660 1334 1301 4221 
2661 1332 1392 1393 
2662 1959 4628 4668 
2663 3354 507 5505 
2664 2482 2485 4164 
2665 3826 2460 4512 
2666 3743 1623 4494 
2667 1618 1613 4601 
2668 3509 3826 4512 
2669 987 985 3877 
2670 1658 1760 4305 
2671 931 932 935 
2672 3729 2031 4211 
2673 115 116 3611 
2674 816 710 3823 
2675 1030 1031 1158 
2676 1330 1331 1332 
2677 1394 3524 4667 
2678 935 936 939 
2679 3052 3053 4892 
2680 3677 1987 4139 
2681 1004 1003 1014 
2682 1181 1182 1629 
2683 3770 2465 4223 
2684 2884 2886 3619 
2685 939 941 944 
2686 217 218 517 
2687 982 981 1003 
2688 224 225 3682 
2689 5422 3275 5495 
2690 2527 3729 4211 
2691 232 233 477 
2692 2333 2373 2374 
2693 110 438 3665 
2694 929 930 931 
2695 1599 3579 4389 
2696 132 133 516 
2697 2984 3742 4481 
2698 1101 4324 4566 
2699 1682 1748 3870 
2700 1015 1014 1037 
2701 1676 1749 3869 
2702 227 228 3683 
2703 1625 2466 4139 
2704 114 115 469 
2705 2446 3411 4122 
2706 4232 4233 4533 
2707 3039 3001 3667 
2708 1012 1013 1024 
2709 4839 3934 4871 
2710 3631 3616 3632 
2711 437 212 3659 
2712 1594 1593 1885 
2713 4824 3564 4913 
2714 1987 3677 3793 
2715 135 136 3647 
2716 215 216 467 
2717 1631 1629 2057 
2718 3827 1961 4609 
2719 5071 2946 5083 
2720 4125 4127 4277 
2721 2470 3621 3981 
2722 2626 2234 4237 
2723 3003 3001 3039 
2724 234 235 522 
2725 2851 2471 3862 
2726 970 971 983 
2727 3039 3667 4949 
2728 1374 1187 3585 
2729 111 112 3635 
2730 4371 3035 5669 
2731 1420 2036 3825 
2732 2188 3696 4457 
2733 134 135 462 
2734 3878 3877 4178 
2735 3885 4119 4120 
2736 3731 3733 3735 
2737 813 1169 3897 
2738 1572 3402 5621 
2739 1037 1038 1181 
2740 3529 5266 5332 
2741 4001 4002 4003 
2742 1309 1307 1311 
2743 138 436 3669 
2744 112 113 523 
2745 3735 3733 3736 
2746 1043 1353 3759 
2747 4233 1501 4533 
2748 4563 4784 4805 
2749 4043 4044 4045 
2750 3931 3929 4217 
2751 1017 1015 3739 
2752 1524 915 4488 
2753 3605 3743 4494 
2754 4003 4002 4004 
2755 1406 2705 4778 
2756 2491 2516 4217 
2757 2422 4399 5213 
2758 3329 3993 4316 
2759 2535 1432 3755 
2760 236 237 449 
2761 212 213 3659 
2762 3499 2626 4157 
2763 3520 3521 4935 
2764 3668 1149 4420 
2765 1859 2024 4170 
2766 237 238 3651 
2767 2366 3624 4517 
2768 2726 2961 4603 
2769 2522 3686 4219 
2770 2698 2697 2867 
2771 4698 2068 5516 
2772 977 969 981 
2773 601 604 3750 
2774 2182 2287 2786 
2775 2439 2436 4144 
2776 1949 2182 3679 
2777 1126 1125 4705 
2778 137 138 3669 
2779 710 708 3823 
2780 3947 3645 5066 
2781 1145 3749 4699 
2782 1130 1521 3764 
2783 1389 4007 4008 
2784 2407 3297 3745 
2785 1751 1659 4375 
2786 3974 2325 3975 
2787 1045 1044 1123 
2788 2526 3622 5012 
2789 110 111 438 
2790 2345 2458 4119 
2791 1641 1310 3938 
2792 2087 3806 3809 
2793 1326 1287 3943 
2794 1759 2029 4141 
2795 1779 1338 3746 
2796 679 687 4657 
2797 3679 2786 3680 
2798 963 967 970 
2799 2485 2517 4164 
2800 2185 3618 4837 
2801 1657 3756 4375 
2802 2551 2553 4466 
2803 750 752 4576 
2804 3630 3629 4431 
2805 5061 2921 5076 
2806 1171 2537 4178 
2807 1876 1335 2189 
2808 2879 1789 3802 
2809 2188 1909 4453 
2810 1040 3884 4605 
2811 3746 2468 3981 
2812 2905 3377 5408 
2813 3395 1968 5434 
2814 1188 1187 1189 
2815 965 960 1381 
2816 213 214 520 
2817 955 963 3674 
2818 1837 2221 3753 
2819 3658 2352 3984 
2820 3969 4326 4684 
2821 4115 3390 4122 
2822 4181 4233 4464 
2823 554 4260 4914 
2824 109 110 3665 
2825 2287 2702 3672 
2826 944 941 946 
2827 1105 1107 4420 
2828 3771 3773 4511 
2829 2000 2385 3757 
2830 210 211 3689 
2831 1373 1356 4219 
2832 707 765 3760 
2833 1003 2616 3685 
2834 1125 3792 4705 
2835 2052 2994 3756 
2836 3509 3498 4101 
2837 939 936 941 
2838 662 678 3761 
2839 3778 3780 3782 
2840 2015 3849 4994 
2841 2215 1311 3516 
2842 935 932 936 
2843 3698 2188 4453 
2844 2251 1868 3858 
2845 1915 2523 4159 
2846 1770 1674 3869 
2847 1426 4130 4468 
2848 136 137 521 
2849 2521 1017 3739 
2850 4126 997 4128 
2851 2405 1990 3752 
2852 3704 3702 4427 
2853 524 210 3689 
2854 3411 2443 4136 
2855 2544 3660 3661 
2856 931 930 932 
2857 1588 1589 1590 
2858 3811 3944 4782 
2859 969 965 3636 
2860 3866 1680 3870 
2861 2441 3440 4136 
2862 3973 2325 3974 
2863 1789 1787 3802 
2864 3719 3720 3721 
2865 859 1002 4001 
2866 2999 1363 4756 
2867 238 239 526 
2868 4001 1002 4002 
2869 1882 1379 4484 
2870 2586 3818 3819 
2871 590 690 3905 
2872 3917 3108 5134 
2873 2182 2786 3679 
2874 424 241 3695 
2875 3782 3780 3783 
2876 2220 2292 2293 
2877 208 3851 3933 
2878 3669 436 3670 
2879 1631 2057 2058 
2880 3424 4317 4779 
2881 2329 3320 4172 
2882 2630 3821 3822 
2883 3877 985 4178 
2884 2024 2718 4170 
2885 2036 2460 3825 
2886 3927 2489 4217 
2887 4171 3016 5636 
2888 3915 1882 4484 
2889 528 3385 5512 
2890 3542 1325 4834 
2891 3822 3823 4663 
2892 2221 3421 5538 
2893 1003 981 2616 
2894 2144 5146 5597 
2895 3717 3718 3719 
2896 3492 4308 4426 
2897 2104 2319 3798 
2898 3883 2343 4119 
2899 2029 2457 4141 
2900 1356 2522 4219 
2901 2995 3764 4195 
2902 1614 1612 4676 
2903 2786 2287 3672 
2904 1651 1652 3900 
2905 3813 189 3816 
2906 4289 557 4979 
2907 3627 2982 3804 
2908 3865 3864 4141 
2909 1389 4006 4007 
2910 3394 2509 3890 
2911 946 955 2427 
2912 823 797 3898 
2913 2478 3673 4213 
2914 1412 3671 4177 
2915 4233 4231 4464 
2916 2374 2375 2376 
2917 241 242 3695 
2918 1375 1971 1972 
2919 1921 2576 3759 
2920 3768 2465 3769 
2921 244 3560 4988 
2922 1178 1180 3857 
2923 4570 450 5652 
2924 3737 2995 4195 
2925 995 1007 4864 
2926 2586 2583 3818 
2927 1301 1292 4221 
2928 2592 3133 3744 
2929 3851 524 3852 
2930 1728 1724 3864 
2931 3749 3748 4699 
2932 1728 3864 3865 
2933 3952 2117 3971 
2934 211 212 437 
2935 2473 3860 3861 
2936 1140 2050 3749 
2937 2630 2078 3821 
2938 1957 4616 4661 
2939 3802 1787 3938 
2940 3715 3716 3717 
2941 1142 1140 3749 
2942 1037 1014 1038 
2943 4275 502 5525 
2944 429 3450 3451 
2945 2271 2592 3171 
2946 4021 4018 4022 
2947 3858 2463 3859 
2948 1353 1921 3759 
2949 4157 2626 4237 
2950 1190 1189 1191 
2951 1787 1641 3938 
2952 1688 1746 3982 
2953 1383 1044 3652 
2954 1927 983 2476 
2955 594 1390 4138 
2956 3719 3718 3720 
2957 1066 1069 3875 
2958 4149 2362 4154 
2959 209 524 3851 
2960 1359 1625 4139 
2961 977 981 982 
2962 1863 1639 4227 
2963 917 958 4488 
2964 2493 2495 4281 
2965 588 590 3905 
2966 2466 3677 4139 
2967 1432 1434 3755 
2968 1694 1740 4111 
2969 982 1003 1004 
2970 1000 1012 4234 
2971 3887 2864 3888 
2972 743 3368 5729 
2973 965 1381 3636 
2974 2138 2139 2271 
2975 2009 2527 4211 
2976 1069 1072 3875 
2977 4096 4099 4124 
2978 929 928 930 
2979 3713 3714 3715 
2980 482 159 3985 
2981 598 684 4158 
2982 3549 3548 3550 
2983 2815 4329 4335 
2984 1630 1633 1634 
2985 138 139 436 
2986 606 1395 4143 
2987 4121 4398 4798 
2988 2833 2835 3872 
2989 3171 2592 3744 
2990 953 929 3690 
2991 3717 3716 3718 
2992 2271 2139 2592 
2993 1302 1299 4829 
2994 784 813 3897 
2995 1764 1761 3742 
2996 3069 2539 4130 
2997 3880 3437 3881 
2998 1257 1299 1300 
2999 3764 1521 4195 
3000 1019 1017 2521 
3001 1700 1735 4134 
3002 1985 1987 4100 
3003 970 983 1927 
3004 240 241 424 
3005 1181 1629 1631 
3006 3759 2576 4738 
3007 1338 1163 3746 
3008 3950 2117 3951 
3009 1186 1124 1187 
3010 2555 2557 3738 
3011 1132 1130 3764 
3012 3792 1125 4693 
3013 1040 1981 3884 
3014 4123 3411 4136 
3015 3711 3712 3713 
3016 2576 2947 2948 
3017 192 530 4118 
3018 3898 3899 4841 
3019 2011 2251 3758 
3020 2877 2294 3856 
3021 3619 2886 3620 
3022 996 997 4126 
3023 2430 2433 3853 
3024 1328 1326 3810 
3025 108 109 527 
3026 2495 2515 4281 
3027 2174 2176 4476 
3028 1025 1029 1030 
3029 3750 604 4143 
3030 1686 1688 3982 
3031 970 967 971 
3032 2427 955 3674 
3033 600 601 3750 
3034 1001 5135 5560 
3035 2476 2477 3467 
3036 821 2465 3768 
3037 923 1389 4532 
3038 2138 1863 2139 
3039 2088 2087 3809 
3040 2557 5096 5246 
3041 194 455 4131 
3042 3819 3818 4530 
3043 1706 1756 4147 
3044 1004 1014 1015 
3045 3870 1748 3871 
3046 1921 1941 2576 
3047 4095 4096 4124 
3048 2224 750 4576 
3049 3847 3848 3849 
3050 1238 3722 5367 
3051 1684 1686 3873 
3052 2522 1334 4221 
3053 1634 1635 1777 
3054 3715 3714 3716 
3055 1833 2463 3858 
3056 1055 1053 4538 
3057 3805 2034 3807 
3058 3643 3948 4874 
3059 592 594 4138 
3060 4133 455 4209 
3061 1690 1692 3886 
3062 1181 1038 1182 
3063 1656 2052 3756 
3064 188 189 3813 
3065 1692 1694 4111 
3066 1068 1065 4530 
3067 1678 1680 3866 
3068 4390 529 4988 
3069 2116 2117 3950 
3070 2437 2440 3892 
3071 4062 4067 4142 
3072 3370 3288 3371 
3073 1696 1698 3891 
3074 542 157 4140 
3075 2473 2474 3860 
3076 604 606 4143 
3077 1399 605 4213 
3078 1868 1775 3858 
3079 2408 2407 3745 
3080 1716 1727 4162 
3081 3372 3371 3445 
3082 3768 3769 4576 
3083 477 233 3654 
3084 4430 2558 4589 
3085 207 208 3933 
3086 1887 2555 4740 
3087 269 415 4160 
3088 3709 3710 3711 
3089 1366 1367 4116 
3090 2862 2864 3887 
3091 3713 3712 3714 
3092 953 3692 4006 
3093 1702 1704 3901 
3094 4007 3692 4088 
3095 1000 1011 1012 
3096 2487 2489 3927 
3097 1698 1700 4134 
3098 1722 1725 4167 
3099 2444 2447 3902 
3100 596 598 4158 
3101 266 500 4171 
3102 1777 1841 1947 
3103 44 3989 4270 
3104 1913 1911 4457 
3105 1368 1965 3312 
3106 3392 3291 5504 
3107 2525 3437 3880 
3108 2618 3413 3890 
3109 4095 2166 4096 
3110 2585 2587 3874 
3111 159 160 3985 
3112 1779 3746 3981 
3113 3707 3708 3709 
3114 256 547 4175 
3115 261 546 4176 
3116 590 591 592 
3117 3896 784 3897 
3118 2436 3472 4144 
3119 2538 1164 4222 
3120 270 271 3908 
3121 2147 2166 4095 
3122 1712 1714 3916 
3123 2245 2343 3883 
3124 3996 4392 4529 
3125 267 268 3913 
3126 1545 2021 4223 
3127 3700 3698 4453 
3128 2776 2781 4200 
3129 264 265 3918 
3130 2480 2482 4164 
3131 254 255 3920 
3132 259 260 3925 
3133 1704 1706 4147 
3134 3705 3706 3707 
3135 1710 1732 4212 
3136 4232 4533 4534 
3137 3896 3897 3899 
3138 945 944 947 
3139 4392 3379 4529 
3140 4326 1049 4696 
3141 2770 2782 4206 
3142 2108 1852 4660 
3143 1718 1720 3934 
3144 592 593 594 
3145 278 464 4186 
3146 276 531 4187 
3147 533 70 4191 
3148 476 68 4188 
3149 466 72 4192 
3150 534 74 4193 
3151 3769 2465 3770 
3152 274 445 4196 
3153 3544 2429 4304 
3154 4000 861 4001 
3155 588 589 590 
3156 3845 3846 3847 
3157 482 3985 3986 
3158 590 589 591 
3159 702 707 3760 
3160 140 141 525 
3161 3711 3710 3712 
3162 191 192 4118 
3163 268 269 4160 
3164 206 439 4204 
3165 2760 2801 4214 
3166 280 537 4198 
3167 440 76 4205 
3168 972 4000 4222 
3169 287 288 3939 
3170 2772 2774 3949 
3171 3760 765 4235 
3172 2494 2815 4335 
3173 594 595 596 
3174 1149 1105 4420 
3175 592 591 593 
3176 2032 2269 3945 
3177 2766 2768 3972 
3178 2484 2883 4276 
3179 2740 2903 4202 
3180 2750 2868 4225 
3181 282 478 4208 
3182 193 194 4131 
3183 3484 5572 5577 
3184 265 266 4171 
3185 605 603 4213 
3186 3982 1746 3983 
3187 2509 2508 3890 
3188 204 536 4216 
3189 2756 2758 3976 
3190 2376 2378 4597 
3191 658 662 3761 
3192 426 2899 3288 
3193 1145 1142 3749 
3194 255 256 4175 
3195 260 261 4176 
3196 1724 1723 3864 
3197 2983 2405 3077 
3198 157 158 4140 
3199 4045 4044 4046 
3200 1714 1716 4162 
3201 3783 3780 3784 
3202 3873 1686 3982 
3203 2746 2748 3977 
3204 3703 3704 3705 
3205 594 593 595 
3206 4060 4062 4142 
3207 699 700 3801 
3208 444 155 4199 
3209 3169 3765 3766 
3210 596 597 598 
3211 1629 1182 1630 
3212 202 452 4229 
3213 2047 3750 4304 
3214 3709 3708 3710 
3215 43 44 4270 
3216 1666 1755 4155 
3217 3641 3646 3948 
3218 334 335 3978 
3219 2456 2217 4910 
3220 2178 2037 4238 
3221 1720 1722 4167 
3222 4218 2516 4281 
3223 1711 1738 4478 
3224 1416 1420 3825 
3225 1192 1191 1193 
3226 767 1382 4235 
3227 598 599 600 
3228 1347 2034 3805 
3229 2353 3526 4984 
3230 2591 4452 4584 
3231 4220 4221 4733 
3232 209 210 524 
3233 1042 1023 1044 
3234 596 595 597 
3235 2780 3201 4273 
3236 284 556 4230 
3237 2035 2461 3879 
3238 2982 2306 3804 
3239 1164 979 4222 
3240 2530 1770 4377 
3241 2352 2323 3984 
3242 3821 816 3823 
3243 2465 1540 4223 
3244 4914 4260 4983 
3245 977 982 3942 
3246 3843 3844 3845 
3247 634 656 4271 
3248 539 149 4239 
3249 453 151 4241 
3250 540 153 4242 
3251 1835 1837 3753 
3252 584 583 2464 
3253 985 984 4178 
3254 249 454 4260 
3255 253 428 4245 
3256 423 96 4244 
3257 251 550 4243 
3258 414 81 4262 
3259 258 425 4257 
3260 422 86 4250 
3261 263 416 4261 
3262 410 33 4246 
3263 549 39 4258 
3264 456 37 4253 
3265 647 652 4274 
3266 638 1423 4272 
3267 927 928 929 
3268 2230 1644 4277 
3269 4111 1740 4112 
3270 1884 2000 3757 
3271 598 597 599 
3272 991 987 3877 
3273 2503 2513 4306 
3274 1404 1170 4240 
3275 2815 2492 4327 
3276 3467 2477 3468 
3277 2429 2049 4304 
3278 4317 569 4779 
3279 2764 3296 4291 
3280 448 583 584 
3281 1007 4425 4903 
3282 2774 2776 4200 
3283 2054 2104 3798 
3284 600 599 601 
3285 1542 1545 4223 
3286 2736 2738 3980 
3287 3707 3706 3708 
3288 3841 3842 3843 
3289 2754 3339 4294 
3290 3701 3702 3703 
3291 2668 3360 4297 
3292 277 278 4186 
3293 781 795 3882 
3294 275 276 4187 
3295 70 71 4191 
3296 68 69 4188 
3297 72 73 4192 
3298 2768 2770 4206 
3299 4000 4001 4003 
3300 3886 1692 4111 
3301 74 75 4193 
3302 3849 3848 3850 
3303 797 779 3898 
3304 604 605 606 
3305 273 274 4196 
3306 3705 3704 3706 
3307 279 280 4198 
3308 155 156 4199 
3309 2664 3389 4298 
3310 1319 1315 1320 
3311 3440 2439 4144 
3312 205 206 4204 
3313 769 771 4109 
3314 1781 2551 4417 
3315 3370 3371 3372 
3316 861 859 4001 
3317 76 77 4205 
3318 2285 3062 4596 
3319 281 282 4208 
3320 606 607 608 
3321 2430 2432 2433 
3322 2299 2429 2430 
3323 2660 3412 4302 
3324 2744 3406 4300 
3325 2758 2760 4214 
3326 286 503 4287 
3327 203 204 4216 
3328 4131 455 4132 
3329 1708 1710 4212 
3330 4340 568 4345 
3331 2738 2740 4202 
3332 1351 1623 3743 
3333 2291 3895 3907 
3334 3372 3445 3446 
3335 774 784 3896 
3336 1880 1558 4330 
3337 3969 3954 4325 
3338 2475 683 4310 
3339 3839 3840 3841 
3340 2748 2750 4225 
3341 2395 2174 4476 
3342 4125 1005 4126 
3343 3699 3700 3701 
3344 201 202 4229 
3345 2433 2434 2435 
3346 283 284 4230 
3347 3053 4828 4892 
3348 608 609 610 
3349 3095 3923 5194 
3350 606 605 607 
3351 1048 4125 4277 
3352 2203 1867 3743 
3353 4134 1735 4135 
3354 2822 2145 4595 
3355 3769 3770 3771 
3356 2018 1384 3857 
3357 604 603 605 
3358 610 611 612 
3359 4133 4209 4210 
3360 1183 1174 1775 
3361 149 150 4239 
3362 151 152 4241 
3363 2435 2436 2437 
3364 153 154 4242 
3365 248 249 4260 
3366 252 253 4245 
3367 96 97 4244 
3368 81 82 4262 
3369 257 258 4257 
3370 250 251 4243 
3371 262 263 4261 
3372 86 87 4250 
3373 33 34 4246 
3374 39 40 4258 
3375 37 38 4253 
3376 563 60 4296 
3377 4004 4002 4005 
3378 3951 2117 3952 
3379 3837 3838 3839 
3380 1527 1859 4170 
3381 1173 1172 1174 
3382 1925 1568 4336 
3383 2656 3447 4308 
3384 2037 1924 4238 
3385 2485 2486 2487 
3386 6 481 5368 
3387 608 607 609 
3388 765 767 4235 
3389 612 613 614 
3390 4662 3822 4663 
3391 2485 2484 2486 
3392 3739 1037 4641 
3393 3891 1698 4134 
3394 1173 1174 1183 
3395 2437 2439 2440 
3396 1183 1775 1868 
3397 2487 2486 2488 
3398 1384 1178 3857 
3399 285 286 4287 
3400 2487 2488 2489 
3401 3697 3698 3699 
3402 1692 1693 1694 
3403 4045 4046 4047 
3404 1171 1172 1173 
3405 2228 778 4318 
3406 1386 1856 4110 
3407 1690 1691 1692 
3408 1688 1689 1690 
3409 610 609 611 
3410 1694 1695 1696 
3411 2430 2429 2432 
3412 2203 3725 3726 
3413 614 615 616 
3414 1686 1687 1688 
3415 2047 600 3750 
3416 60 61 4296 
3417 242 243 529 
3418 1696 1697 1698 
3419 2489 2490 2491 
3420 1684 1685 1686 
3421 2381 4442 4520 
3422 3834 3835 3837 
3423 2489 2488 2490 
3424 2440 2441 2442 
3425 1682 1683 1684 
3426 612 611 613 
3427 601 603 604 
3428 2433 2432 2434 
3429 1757 1759 4141 
3430 616 617 618 
3431 1698 1699 1700 
3432 1171 1164 1172 
3433 3897 1169 4502 
3434 3771 3770 3772 
3435 1662 1747 4278 
3436 1644 1344 4277 
3437 2442 2443 2444 
3438 2491 2492 2493 
3439 3783 3784 3785 
3440 2478 2480 3673 
3441 1430 2535 4588 
3442 1700 1701 1702 
3443 2778 2780 4273 
3444 618 619 620 
3445 2491 2490 2492 
3446 3703 3702 3704 
3447 4147 1756 4148 
3448 4246 4247 4249 
3449 614 613 615 
3450 4253 4254 4255 
3451 185 186 581 
3452 163 164 580 
3453 585 584 586 
3454 2435 2434 2436 
3455 2493 2494 2495 
3456 1702 1703 1704 
3457 2444 2446 2447 
3458 3847 3846 3848 
3459 620 621 622 
3460 3771 3772 3773 
3461 632 634 4271 
3462 2492 2490 4327 
3463 2493 2492 2494 
3464 3701 3700 3702 
3465 4929 2091 4978 
3466 616 615 617 
3467 4135 5212 5238 
3468 1664 1666 4155 
3469 3832 3833 3834 
3470 1680 1681 1682 
3471 2482 2484 2485 
3472 2437 2436 2439 
3473 622 623 624 
3474 984 1164 1171 
3475 1704 1705 1706 
3476 2495 2496 2497 
3477 1864 1863 2138 
3478 2501 2503 4306 
3479 1028 4889 4907 
3480 3773 3772 3774 
3481 2762 2764 4291 
3482 618 617 619 
3483 3756 2994 4375 
3484 1170 1154 4240 
3485 927 929 953 
3486 1989 2227 2320 
3487 1706 1707 1708 
3488 2447 2448 2449 
3489 2495 2494 2496 
3490 624 625 626 
3491 4137 3440 4144 
3492 510 188 3813 
3493 3038 4658 4844 
3494 636 638 4272 
3495 644 647 4274 
3496 2378 3405 4597 
3497 2043 1168 4348 
3498 2831 2829 3797 
3499 2835 2831 3797 
3500 666 1396 4310 
3501 2497 2498 2499 
3502 3773 3774 3775 
3503 1708 1709 1710 
3504 1678 1679 1680 
3505 4082 4084 4086 
3506 2440 2439 2441 
3507 3901 1704 4147 
3508 620 619 621 
3509 2752 2754 4294 
3510 3775 3774 3776 
3511 1911 2188 4457 
3512 2011 1868 2251 
3513 1547 1546 1548 
3514 2666 2668 4297 
3515 4080 4081 4082 
3516 683 677 4310 
3517 3951 3952 3953 
3518 3775 3776 3777 
3519 3954 3952 4325 
3520 1547 1548 1549 
3521 3785 3784 3786 
3522 1521 1850 4195 
3523 2497 2496 2498 
3524 1549 1548 1550 
3525 1694 1693 1695 
3526 1545 1546 1547 
3527 2499 2500 2501 
3528 1710 1711 1712 
3529 2117 2071 3971 
3530 2442 2441 2443 
3531 2662 2664 4298 
3532 2449 2450 2451 
3533 3777 3776 3778 
3534 1692 1691 1693 
3535 622 621 623 
3536 426 3288 3370 
3537 1696 1695 1697 
3538 4074 4075 4076 
3539 3777 3778 3782 
3540 1545 1544 1546 
3541 4121 2458 4398 
3542 1549 1550 1551 
3543 4072 4073 4074 
3544 1698 1697 1699 
3545 2393 2836 3169 
3546 2444 2443 2446 
3547 2583 2579 3818 
3548 4078 4079 4080 
3549 4021 4022 4023 
3550 4236 2869 4470 
3551 2299 2049 2429 
3552 1700 1699 1701 
3553 1551 1550 1552 
3554 2833 2831 2835 
3555 2501 2502 2503 
3556 1053 1364 4538 
3557 624 623 625 
3558 588 586 589 
3559 1712 1713 1714 
3560 2742 2744 4300 
3561 2658 2660 4302 
3562 2499 2498 2500 
3563 1690 1689 1691 
3564 1551 1552 1553 
3565 4283 2515 4311 
3566 4070 4071 4072 
3567 1553 1552 1554 
3568 1553 1554 1555 
3569 3785 3786 3787 
3570 1555 1554 1556 
3571 1558 1556 4330 
3572 3830 3831 3832 
3573 1555 1556 1557 
3574 1005 996 4126 
3575 1559 1558 1560 
3576 1557 1558 1559 
3577 4062 4065 4066 
3578 1702 1701 1703 
3579 1557 1556 1558 
3580 4060 4061 4062 
3581 1714 1715 1716 
3582 1770 3869 4377 
3583 1688 1687 1689 
3584 3787 3786 3788 
3585 4162 1727 4163 
3586 3699 3698 3700 
3587 4047 4048 4049 
3588 3787 3788 3789 
3589 1559 1560 1561 
3590 4058 4059 4060 
3591 1030 3675 3676 
3592 1561 1560 1562 
3593 4056 4057 4058 
3594 2501 2500 2502 
3595 1065 1176 4530 
3596 2503 2504 2505 
3597 1561 1562 1563 
3598 2100 2163 2393 
3599 4068 4069 4070 
3600 4049 4050 4051 
3601 1762 1733 4365 
3602 2447 2446 2448 
3603 1704 1703 1705 
3604 2907 2906 3079 
3605 2780 2783 2844 
3606 1716 1717 1718 
3607 2100 2393 2394 
3608 1357 4430 4589 
3609 1563 1562 1564 
3610 1728 3865 4365 
3611 1563 1564 1565 
3612 2360 2362 4149 
3613 2503 2502 2504 
3614 4119 2458 4120 
3615 2778 2779 2780 
3616 2776 2777 2778 
3617 1718 1719 1720 
3618 2774 2775 2776 
3619 1686 1685 1687 
3620 4054 4055 4056 
3621 1706 1705 1707 
3622 2449 2448 2450 
3623 3952 3971 4325 
3624 2772 2773 2774 
3625 2862 2863 2864 
3626 2334 2011 3758 
3627 705 3801 4318 
3628 2770 2771 2772 
3629 1775 1833 3858 
3630 3953 3954 3955 
3631 2768 2769 2770 
3632 2024 2035 2717 
3633 1565 1564 1566 
3634 984 979 1164 
3635 626 627 628 
3636 1856 2136 4110 
3637 1708 1707 1709 
3638 2766 2767 2768 
3639 1565 1566 1567 
3640 3437 3436 3554 
3641 4167 1725 4168 
3642 3019 2259 4161 
3643 4125 4126 4127 
3644 2505 2506 2507 
3645 2764 2765 2766 
3646 1934 1373 4219 
3647 1684 1683 1685 
3648 2091 1945 4374 
3649 1720 1721 1722 
3650 3955 3956 3957 
3651 2762 2763 2764 
3652 142 143 451 
3653 2654 2656 4308 
3654 1567 1568 1569 
3655 2672 2673 2787 
3656 1567 1566 1568 
3657 2760 2761 2762 
3658 1568 1566 4336 
3659 2758 2759 2760 
3660 2451 2450 2453 
3661 5322 4372 5502 
3662 1710 1709 1711 
3663 2670 2671 2672 
3664 778 759 4318 
3665 1676 1677 1678 
3666 931 935 1405 
3667 628 629 630 
3668 2756 2757 2758 
3669 2668 2669 2670 
3670 1569 1570 1571 
3671 3953 3952 3954 
3672 2507 2508 2509 
3673 630 631 632 
3674 2666 2667 2668 
3675 2754 2755 2756 
3676 2505 2504 2506 
3677 1569 1568 1570 
3678 1722 1723 1724 
3679 161 509 3817 
3680 2752 2753 2754 
3681 821 1540 2465 
3682 3961 3963 3964 
3683 2750 2751 2752 
3684 2664 2665 2666 
3685 684 600 2047 
3686 2748 2749 2750 
3687 3964 3965 3966 
3688 2717 2035 3879 
3689 3916 1714 4162 
3690 3697 3696 3698 
3691 2032 2268 2269 
3692 4267 545 4268 
3693 1734 1742 1743 
3694 2662 2663 2664 
3695 626 625 627 
3696 1571 1572 2127 
3697 2746 2747 2748 
3698 3966 3967 3968 
3699 1712 1711 1713 
3700 1571 1570 1572 
3701 2078 2074 3821 
3702 2507 2506 2508 
3703 3019 4161 4482 
3704 3575 3696 3697 
3705 2592 2593 3133 
3706 3731 3732 3733 
3707 2029 2030 2032 
3708 2744 2745 2746 
3709 632 633 634 
3710 800 3882 4348 
3711 1388 3761 3762 
3712 1194 1193 1195 
3713 1309 1311 1312 
3714 3955 3954 3956 
3715 2660 2661 2662 
3716 1946 2090 3607 
3717 2585 2586 2587 
3718 4127 4126 4128 
3719 3913 268 4160 
3720 3959 3960 3961 
3721 3729 3730 3731 
3722 634 635 636 
3723 1714 1713 1715 
3724 1726 1728 1729 
3725 3240 2392 3490 
3726 1731 1733 1734 
3727 2776 2775 2777 
3728 3827 3828 3830 
3729 2774 2773 2775 
3730 636 637 638 
3731 2844 2783 2845 
3732 1682 1681 1683 
3733 2770 2769 2771 
3734 2658 2659 2660 
3735 2780 2779 2783 
3736 2772 2771 2773 
3737 1645 1646 1647 
3738 638 639 644 
3739 2768 2767 2769 
3740 2742 2743 2744 
3741 644 645 647 
3742 4033 4034 4035 
3743 2778 2777 2779 
3744 2787 2673 2788 
3745 647 648 649 
3746 1649 1650 1651 
3747 2672 2671 2673 
3748 2766 2765 2767 
3749 1754 1766 1767 
3750 1300 1302 1303 
3751 4132 455 4133 
3752 1647 1648 1649 
3753 1929 1945 1946 
3754 4274 5293 5340 
3755 2670 2669 2671 
3756 2764 2763 2765 
3757 3961 3960 3963 
3758 3934 1720 4167 
3759 1833 1835 2463 
3760 3964 3963 3965 
3761 2668 2667 2669 
3762 1716 1715 1717 
3763 3814 3813 3815 
3764 2762 2761 2763 
3765 2760 2759 2761 
3766 2758 2757 2759 
3767 2666 2665 2667 
3768 2038 2037 2039 
3769 3762 3761 3763 
3770 2024 2023 2035 
3771 2471 2473 3862 
3772 2756 2755 2757 
3773 2740 2741 2742 
3774 3966 3965 3967 
3775 2754 2753 2755 
3776 1989 1365 2227 
3777 2752 2751 2753 
3778 2036 2037 2038 
3779 2664 2663 2665 
3780 2750 2749 2751 
3781 1655 1657 1658 
3782 1542 1544 1545 
3783 1718 1717 1719 
3784 2860 2861 2862 
3785 2136 2554 4110 
3786 2748 2747 2749 
3787 682 683 685 
3788 2656 2657 2658 
3789 1643 1644 1645 
3790 3985 3817 3987 
3791 3721 3720 3973 
3792 2746 2745 2747 
3793 2662 2661 2663 
3794 2040 2039 2041 
3795 4106 4104 4107 
3796 972 863 4000 
3797 2468 2469 2470 
3798 2038 2039 2040 
3799 2470 2471 2851 
3800 995 993 1007 
3801 4030 4031 4033 
3802 2036 1924 2037 
3803 2744 2743 2745 
3804 2048 2047 2049 
3805 2234 2041 2235 
3806 1720 1719 1721 
3807 2660 2659 2661 
3808 2403 2237 2404 
3809 2343 2344 2345 
3810 2738 2739 2740 
3811 2306 2526 3804 
3812 3839 3838 3840 
3813 2119 2323 2352 
3814 1969 2099 2306 
3815 3843 3842 3844 
3816 1850 1986 2119 
3817 1660 1662 4278 
3818 2284 2630 2794 
3819 3918 265 4171 
3820 628 627 629 
3821 763 821 3768 
3822 4035 4034 4036 
3823 1168 825 4348 
3824 767 766 768 
3825 2463 1835 3753 
3826 2040 2041 2234 
3827 1645 1644 1646 
3828 946 954 955 
3829 1647 1646 1648 
3830 1674 1675 1676 
3831 630 629 631 
3832 632 631 633 
3833 649 648 650 
3834 647 645 648 
3835 644 639 645 
3836 1651 1650 1652 
3837 1722 1721 1723 
3838 1649 1648 1650 
3839 638 637 639 
3840 4200 2781 4201 
3841 2498 2790 4332 
3842 636 635 637 
3843 2742 2741 2743 
3844 2658 2657 2659 
3845 1388 658 3761 
3846 3841 3840 3842 
3847 1162 1345 2468 
3848 2403 2404 2946 
3849 2654 2655 2656 
3850 1511 1854 2633 
3851 634 633 635 
3852 4028 4029 4030 
3853 1680 1679 1681 
3854 3133 3555 3556 
3855 3837 3835 3838 
3856 765 762 766 
3857 3733 3732 3734 
3858 2032 2030 2268 
3859 765 766 767 
3860 3920 255 4175 
3861 2554 3994 3995 
3862 2046 702 3760 
3863 2431 2430 3853 
3864 3731 3730 3732 
3865 3925 260 4176 
3866 3834 3833 3835 
3867 767 768 769 
3868 1521 1522 1850 
3869 1378 1779 1969 
3870 1743 1742 1769 
3871 2069 2340 3465 
3872 4325 3971 4538 
3873 779 3896 3898 
3874 2740 2739 2741 
3875 1734 1733 1742 
3876 685 683 686 
3877 769 768 770 
3878 2345 2346 2347 
3879 777 778 781 
3880 773 774 779 
3881 4033 4031 4034 
3882 4206 2782 4207 
3883 3109 2337 3282 
3884 4196 445 4197 
3885 771 772 773 
3886 3845 3844 3846 
3887 2466 2467 2701 
3888 2298 2049 2299 
3889 779 774 3896 
3890 769 770 771 
3891 4096 2166 4097 
3892 2119 1986 2323 
3893 2470 2469 2471 
3894 2656 2655 2657 
3895 4082 4081 4084 
3896 3686 4220 4750 
3897 4047 4046 4048 
3898 2788 4104 4106 
3899 4282 2515 4283 
3900 1859 2023 2024 
3901 3898 3896 3899 
3902 1850 1522 1986 
3903 2508 2618 3890 
3904 2434 2432 4146 
3905 2736 2737 2738 
3906 2468 1345 2469 
3907 1607 1365 1989 
3908 2525 3436 3437 
3909 1748 1684 3873 
3910 771 770 772 
3911 1655 1654 1657 
3912 2029 1840 2030 
3913 4080 4079 4081 
3914 1946 1945 2090 
3915 2618 3349 3413 
3916 2306 2099 2526 
3917 2087 3805 3806 
3918 2523 2525 3880 
3919 773 772 774 
3920 1733 1729 4365 
3921 1525 1527 2518 
3922 476 4188 4189 
3923 4074 4073 4075 
3924 3729 3155 3730 
3925 2345 2344 2346 
3926 4030 4029 4031 
3927 4214 2801 4215 
3928 1969 1779 2099 
3929 1837 1884 2221 
3930 2385 2386 2387 
3931 1723 1757 3864 
3932 4072 4071 4073 
3933 2221 1884 3757 
3934 1184 1351 1867 
3935 4329 4334 4335 
3936 2652 2653 2654 
3937 2512 2509 3394 
3938 756 763 3768 
3939 3832 3831 3833 
3940 2362 2361 2414 
3941 2226 2127 3158 
3942 4036 4038 4039 
3943 2738 2737 2739 
3944 3959 3957 3960 
3945 1169 1170 1184 
3946 4070 4069 4071 
3947 4062 4061 4065 
3948 1167 1168 1359 
3949 2407 3033 3297 
3950 4096 4097 4098 
3951 1945 1767 4374 
3952 586 584 4169 
3953 2476 983 2477 
3954 4060 4059 4061 
3955 3867 3866 3868 
3956 1184 1170 1351 
3957 4058 4057 4059 
3958 2586 3819 4537 
3959 4220 2522 4221 
3960 4225 2868 4226 
3961 1759 1840 2029 
3962 924 922 4373 
3963 4049 4048 4050 
3964 2360 2359 2361 
3965 2553 3335 3655 
3966 2585 2583 2586 
3967 4056 4055 4057 
3968 1746 1690 3886 
3969 3215 3214 3216 
3970 2347 2348 2349 
3971 2654 2653 2655 
3972 2313 2018 3361 
3973 2343 2342 2344 
3974 781 778 795 
3975 4202 2903 4203 
3976 1420 1924 2036 
3977 2347 2346 2348 
3978 2527 3155 3729 
3979 4026 4027 4028 
3980 1867 1351 3743 
3981 1678 1677 1679 
3982 1169 1154 1170 
3983 4442 3239 4520 
3984 4028 4027 4029 
3985 2349 2348 2350 
3986 653 658 1388 
3987 1749 1678 3866 
3988 3949 2774 4200 
3989 587 586 588 
3990 935 939 3800 
3991 1643 1344 1644 
3992 2358 2357 2359 
3993 2351 2350 2357 
3994 2235 2237 2403 
3995 2701 2467 2876 
3996 1505 1504 1774 
3997 707 762 765 
3998 2245 2342 2343 
3999 4120 2458 4121 
4000 2930 2833 3872 
4001 2864 2863 2875 
4002 2284 2078 2630 
4003 2243 2245 3883 
4004 2349 2350 2351 
4005 4281 2515 4282 
4006 1726 1724 1728 
4007 3830 3828 3831 
4008 697 702 2046 
4009 2466 2044 2467 
4010 4452 1984 4584 
4011 2000 2384 2385 
4012 2815 4328 4329 
4013 662 667 678 
4014 1652 1654 1655 
4015 3972 2768 4206 
4016 1731 1729 1733 
4017 1658 1659 1660 
4018 3868 3866 3870 
4019 2650 2651 2652 
4020 4078 4076 4079 
4021 1740 1696 3891 
4022 1670 1671 1672 
4023 2734 2735 2736 
4024 3726 3725 3727 
4025 2438 2437 3892 
4026 2323 2729 3984 
4027 666 660 1396 
4028 3511 2406 3950 
4029 5525 502 5573 
4030 1387 588 3905 
4031 1929 1767 1945 
4032 4043 4045 4052 
4033 1754 1745 1766 
4034 682 677 683 
4035 2576 1941 2947 
4036 2122 2121 2816 
4037 863 861 4000 
4038 4077 4076 4078 
4039 2185 2045 3618 
4040 2652 2651 2653 
4041 2977 3470 3471 
4042 2087 1347 3805 
4043 2736 2735 2737 
4044 3641 3639 3646 
4045 1359 1168 1625 
4046 2250 2051 2987 
4047 4068 4066 4069 
4048 2007 2006 4263 
4049 2994 2054 3798 
4050 1625 2044 2466 
4051 4006 3692 4007 
4052 3976 2758 4214 
4053 2351 2357 2358 
4054 2385 2384 2386 
4055 4067 4066 4068 
4056 1521 1129 1522 
4057 2050 1139 2995 
4058 2994 3798 3799 
4059 4054 4051 4055 
4060 1658 1657 1659 
4061 1162 1147 1345 
4062 1048 1020 4125 
4063 1814 1789 2879 
4064 1668 1669 1670 
4065 3980 2738 4202 
4066 3713 3715 3722 
4067 4053 4051 4054 
4068 2358 2359 2360 
4069 1378 1338 1779 
4070 699 696 700 
4071 3810 1326 3943 
4072 3977 2748 4225 
4073 814 797 823 
4074 3626 2982 3627 
4075 2546 2636 3827 
4076 2092 1942 2213 
4077 705 699 3801 
4078 1196 1195 1197 
4079 800 781 3882 
4080 2319 2318 3253 
4081 3362 2862 3887 
4082 1735 1702 3901 
4083 2407 2186 3033 
4084 2360 2361 2362 
4085 2862 2861 2863 
4086 3187 2542 3266 
4087 2026 1867 2203 
4088 1638 1518 4182 
4089 813 1154 1169 
4090 777 759 778 
4091 939 944 945 
4092 4352 2878 4353 
4093 2122 2816 2817 
4094 2686 2582 4228 
4095 2815 4327 4328 
4096 2255 2254 2996 
4097 426 384 2899 
4098 3875 2518 4757 
4099 4023 4022 4024 
4100 2445 2444 3902 
4101 4023 4024 4026 
4102 1666 1667 1668 
4103 4356 2893 4357 
4104 2406 2116 3950 
4105 4026 4024 4027 
4106 4319 563 4320 
4107 2648 2649 2650 
4108 1676 1675 1677 
4109 3003 3039 3040 
4110 4370 1391 4371 
4111 2650 2649 2651 
4112 3167 4263 4264 
4113 3853 2433 4501 
4114 1499 1498 1504 
4115 2482 2483 2484 
4116 2480 2481 2482 
4117 160 3817 3985 
4118 601 602 603 
4119 448 385 583 
4120 2573 2731 2732 
4121 2859 2533 2860 
4122 3827 2636 3828 
4123 4358 2924 4359 
4124 1660 1661 1662 
4125 1020 1005 4125 
4126 410 4246 4249 
4127 2517 2487 3927 
4128 821 1539 1540 
4129 1673 1672 1674 
4130 456 4253 4255 
4131 2234 2235 4237 
4132 3794 3678 3796 
4133 742 4401 4402 
4134 1985 1845 1987 
4135 1167 825 1168 
4136 927 953 4006 
4137 1732 1712 3916 
4138 2860 2533 2861 
4139 3876 3877 3878 
4140 1347 1328 2034 
4141 1927 2476 3401 
4142 2452 2451 2454 
4143 3217 3216 3218 
4144 3643 3641 3948 
4145 4362 2952 4363 
4146 1107 1424 4420 
4147 2478 2479 2480 
4148 448 584 585 
4149 980 979 984 
4150 4151 4149 4154 
4151 2496 2494 4335 
4152 4680 1115 4707 
4153 1970 2121 2122 
4154 973 972 979 
4155 3928 3927 3929 
4156 3672 4947 4960 
4157 1869 1868 2011 
4158 4387 4232 4534 
4159 1727 1718 3934 
4160 2648 2647 2649 
4161 2391 2106 2392 
4162 2734 2732 2735 
4163 3122 2454 3634 
4164 2646 2647 2648 
4165 955 962 963 
4166 4784 2103 4805 
4167 2052 2054 2994 
4168 3575 2871 3696 
4169 1664 1665 1666 
4170 63 3911 4265 
4171 1540 1541 1542 
4172 2313 3361 4409 
4173 1830 1936 3290 
4174 510 3813 3814 
4175 208 209 3851 
4176 1744 1743 1745 
4177 2159 2546 4609 
4178 3255 2265 4095 
4179 3201 2844 3202 
4180 1725 1724 1726 
4181 1928 1767 1929 
4182 2568 2571 4231 
4183 1730 1729 1731 
4184 2136 2289 2554 
4185 2104 2318 2319 
4186 2603 2715 4388 
4187 3213 3212 3214 
4188 2265 2147 4095 
4189 1753 1745 1754 
4190 1674 1672 1675 
4191 3862 3861 3863 
4192 1274 2545 4504 
4193 2457 2032 3945 
4194 1996 1384 2018 
4195 1597 2595 4313 
4196 2387 2386 2388 
4197 2789 2185 3663 
4198 1535 5336 5402 
4199 2202 1934 2254 
4200 1662 1663 1664 
4201 1542 1543 1544 
4202 2782 2772 3949 
4203 415 270 3908 
4204 2138 3265 3895 
4205 1774 1962 2100 
4206 2202 2254 2255 
4207 3296 2766 3972 
4208 3815 3813 3816 
4209 2718 2717 2914 
4210 1198 1197 1199 
4211 2184 2045 2185 
4212 652 649 655 
4213 3884 3883 3885 
4214 1660 1659 1661 
4215 3644 3643 3728 
4216 689 685 691 
4217 3946 3945 3947 
4218 2525 3435 3436 
4219 3642 3641 3643 
4220 4948 5461 5532 
4221 3333 2787 3334 
4222 3339 2756 3976 
4223 2275 2007 4263 
4224 2097 2712 4510 
4225 2523 2524 2525 
4226 799 781 800 
4227 4723 4220 4733 
4228 500 267 3913 
4229 1775 1776 1833 
4230 4366 2980 4367 
4231 3958 3957 3959 
4232 2829 2180 4728 
4233 3406 2746 3977 
4234 657 655 660 
4235 2689 2686 4228 
4236 3250 2327 3907 
4237 665 660 666 
4238 681 677 682 
4239 3640 3639 3641 
4240 3892 2440 4497 
4241 676 666 677 
4242 698 696 699 
4243 1371 1359 1845 
4244 2511 2509 2512 
4245 2838 2240 3662 
4246 693 691 696 
4247 3545 2914 3546 
4248 2147 1985 2166 
4249 416 264 3918 
4250 29 557 4289 
4251 2104 2105 2318 
4252 703 699 705 
4253 646 2478 4213 
4254 428 254 3920 
4255 425 259 3925 
4256 2571 2572 2573 
4257 758 705 759 
4258 776 759 777 
4259 3066 2585 3874 
4260 1165 825 1167 
4261 2981 2306 2982 
4262 3621 2851 3622 
4263 3988 3956 4684 
4264 187 188 510 
4265 161 162 509 
4266 1973 1651 2051 
4267 824 800 825 
4268 1846 1845 1985 
4269 2120 3737 4195 
4270 2573 2572 2731 
4271 2319 3253 3377 
4272 2584 2583 2585 
4273 2128 2127 2226 
4274 3620 3792 4693 
4275 2414 2889 3493 
4276 3251 3250 3337 
4277 3255 4095 4124 
4278 3326 2512 3327 
4279 1642 1344 1643 
4280 959 947 960 
4281 42 545 4267 
4282 4173 4077 4174 
4283 2249 2051 2250 
4284 1675 1672 4411 
4285 1943 1942 2092 
4286 1148 1147 1162 
4287 3625 2982 3626 
4288 2432 3544 4146 
4289 1670 1669 1671 
4290 3677 2701 3678 
4291 1343 1048 1344 
4292 3529 3528 3530 
4293 469 3613 3614 
4294 2806 2250 3528 
4295 4332 2790 4333 
4296 2307 2092 2308 
4297 2646 2645 2647 
4298 1339 1338 1378 
4299 2508 2617 2618 
4300 3496 2736 3980 
4301 2235 2236 2237 
4302 2321 2226 2322 
4303 2012 2011 2334 
4304 1937 1882 1942 
4305 3580 1998 5222 
4306 1146 1145 1147 
4307 144 145 528 
4308 1342 1340 1365 
4309 1140 1139 2050 
4310 1668 1667 1669 
4311 2227 1365 4436 
4312 2320 2227 3117 
4313 5193 3921 5229 
4314 996 995 997 
4315 1970 2065 2121 
4316 2387 2388 2519 
4317 1130 1129 1521 
4318 2035 2368 2461 
4319 1778 1675 4411 
4320 2816 2891 2894 
4321 2618 3110 3349 
4322 1407 1286 4702 
4323 2553 2696 3335 
4324 994 993 995 
4325 2425 2234 2626 
4326 2079 2078 2284 
4327 2532 2530 2533 
4328 483 191 4118 
4329 3696 2871 4457 
4330 707 761 762 
4331 2458 2347 4398 
4332 702 706 707 
4333 2453 4113 4114 
4334 4145 3472 4146 
4335 992 991 993 
4336 1178 1150 1180 
4337 3793 3678 3794 
4338 3902 2447 4490 
4339 2788 4103 4104 
4340 1778 4411 4644 
4341 1382 769 4109 
4342 780 779 797 
4343 3289 2871 3575 
4344 2551 2552 2553 
4345 1420 1923 1924 
4346 650 651 653 
4347 774 783 784 
4348 1351 1404 1623 
4349 503 287 3939 
4350 587 588 1387 
4351 2644 2645 2646 
4352 2733 2732 2734 
4353 3498 2626 3499 
4354 1652 1653 1654 
4355 2543 2542 3187 
4356 4378 3014 4379 
4357 697 701 702 
4358 763 786 821 
4359 859 857 1002 
4360 1424 4386 4400 
4361 160 161 3817 
4362 3885 3883 4119 
4363 815 814 1033 
4364 798 797 814 
4365 1859 2022 2023 
4366 1527 1858 1859 
4367 3507 2689 4228 
4368 2025 1867 2026 
4369 439 207 3933 
4370 3167 2275 4263 
4371 1666 1665 1667 
4372 3238 2265 3255 
4373 784 812 813 
4374 662 663 667 
4375 2187 2186 2407 
4376 479 387 3161 
4377 653 654 658 
4378 658 659 662 
4379 1434 1511 3755 
4380 1623 1865 1970 
4381 667 668 670 
4382 585 586 587 
4383 4036 4037 4038 
4384 1525 1526 1527 
4385 1662 1661 1663 
4386 813 1153 1154 
4387 2033 2026 2186 
4388 4110 2554 4627 
4389 3864 1757 4141 
4390 158 482 4140 
4391 2323 2324 2729 
4392 1181 1631 4641 
4393 2363 3182 3301 
4394 933 863 972 
4395 3240 3490 3767 
4396 1981 2243 3884 
4397 591 1610 4322 
4398 450 175 4279 
4399 20 562 4307 
4400 3673 4164 4743 
4401 2595 2598 4313 
4402 530 193 4131 
4403 1590 1591 1592 
4404 3673 2480 4164 
4405 2238 1990 2405 
4406 1125 1034 4693 
4407 2471 2472 2473 
4408 686 2475 3383 
4409 2602 2603 4388 
4410 2337 2088 3809 
4411 926 1391 4370 
4412 3148 2822 3305 
4413 1723 1736 1757 
4414 646 2312 2478 
4415 2416 2016 2417 
4416 3164 2275 3167 
4417 1833 1834 1835 
4418 1511 1853 1854 
4419 590 592 690 
4420 2818 2817 3199 
4421 1854 2067 2069 
4422 3284 3316 4598 
4423 2729 2884 2885 
4424 2069 2339 2340 
4425 964 960 965 
4426 2890 2337 3109 
4427 1827 1347 2087 
4428 2894 3381 4102 
4429 795 2228 2990 
4430 2519 2388 2520 
4431 2002 1764 2045 
4432 953 3690 3691 
4433 1664 1663 1665 
4434 1072 1525 3875 
4435 3876 3878 4425 
4436 3590 518 3591 
4437 2054 2055 2104 
4438 1915 2167 2523 
4439 572 173 4280 
4440 690 592 4138 
4441 1757 1758 1759 
4442 1837 1883 1884 
4443 2977 3469 3470 
4444 2876 3049 3456 
4445 1759 1838 1840 
4446 59 563 4319 
4447 2052 2053 2054 
4448 4209 541 4210 
4449 1391 924 4373 
4450 2527 2974 3155 
4451 3638 3069 3639 
4452 2993 2259 3019 
4453 2644 2643 2645 
4454 2378 3404 3405 
4455 2245 2341 2342 
4456 1625 2043 2044 
4457 2329 3319 3320 
4458 2518 1527 4170 
4459 2474 2977 3860 
4460 4074 4077 4173 
4461 1835 1836 1837 
4462 2420 2360 4149 
4463 1346 1328 1347 
4464 4339 568 4340 
4465 2642 2643 2644 
4466 4388 4681 4776 
4467 621 642 4355 
4468 2116 2071 2117 
4469 4015 4017 4018 
4470 2071 1537 3971 
4471 1337 1163 1338 
4472 2391 2392 3240 
4473 1884 1999 2000 
4474 3510 2406 3511 
4475 1881 1379 1882 
4476 511 334 3978 
4477 2581 2579 2583 
4478 1499 1504 1505 
4479 2090 3803 4831 
4480 190 191 483 
4481 158 159 482 
4482 2870 2192 2871 
4483 3219 3218 3220 
4484 2579 1534 3818 
4485 3506 2689 3507 
4486 2243 2244 2245 
4487 4063 4060 4142 
4488 3484 4581 5572 
4489 1144 1142 1145 
4490 4150 4149 4151 
4491 4371 1391 4372 
4492 2138 2271 3265 
4493 958 4020 4488 
4494 1047 1020 1048 
4495 1138 1132 1139 
4496 1990 1989 3752 
4497 1947 1982 2263 
4498 2000 2383 2384 
4499 2516 2493 4281 
4500 989 987 991 
4501 645 2063 4351 
4502 2473 3861 3862 
4503 993 991 3876 
4504 637 640 4354 
4505 1128 1126 1129 
4506 2571 2570 2572 
4507 1120 1121 1340 
4508 455 195 4209 
4509 192 193 530 
4510 2819 2294 2877 
4511 3593 477 3654 
4512 4098 4097 4286 
4513 3822 3821 3823 
4514 1036 1034 1125 
4515 2568 2570 2571 
4516 2428 3317 3503 
4517 1682 1684 1748 
4518 1405 935 3800 
4519 594 596 1390 
4520 7 384 426 
4521 2076 2074 2078 
4522 1676 1678 1749 
4523 2074 816 3821 
4524 2541 2408 2542 
4525 3462 3184 3463 
4526 3879 2461 5219 
4527 2669 2878 4352 
4528 1749 3866 3867 
4529 598 600 684 
4530 571 177 4314 
4531 2567 2568 4231 
4532 2665 2893 4356 
4533 1167 1371 4165 
4534 194 195 455 
4535 4080 4082 4083 
4536 1416 1418 1420 
4537 1781 2124 2551 
4538 1412 1414 3671 
4539 3869 3609 4377 
4540 2299 2430 2431 
4541 4383 3030 4384 
4542 2749 2825 4361 
4543 1327 1326 1328 
4544 1747 1664 4155 
4545 4074 4076 4077 
4546 2598 2602 4313 
4547 3568 3566 3569 
4548 2759 2896 4364 
4549 4008 4007 4009 
4550 777 799 4161 
4551 1656 1976 2052 
4552 687 694 697 
4553 1139 1132 3764 
4554 2542 2408 3745 
4555 2661 2924 4358 
4556 4062 4066 4067 
4557 671 673 675 
4558 4314 496 4315 
4559 4058 4060 4063 
4560 1390 596 4158 
4561 2285 3061 3062 
4562 968 965 969 
4563 2603 2605 2715 
4564 1670 1672 1673 
4565 2956 2370 3357 
4566 2422 1383 4399 
4567 4049 4051 4053 
4568 1688 1690 1746 
4569 2860 2862 3362 
4570 2642 2640 2643 
4571 2065 2329 4172 
4572 1072 1116 1525 
4573 2161 2256 2421 
4574 1430 1432 2535 
4575 2598 2600 2602 
4576 2051 1651 3900 
4577 3639 3069 4130 
4578 2657 2952 4362 
4579 2318 2105 2620 
4580 1666 1668 1755 
4581 2633 1854 4650 
4582 1012 1011 1013 
4583 3929 3927 4217 
4584 979 972 4222 
4585 2820 2145 2822 
4586 684 2047 2048 
4587 1434 1510 1511 
4588 2287 2288 2702 
4589 2045 1764 3742 
4590 2182 2183 2287 
4591 1543 1915 4159 
4592 1954 4824 4913 
4593 2555 2556 2557 
4594 4053 4346 5013 
4595 3876 991 3877 
4596 1329 1323 1330 
4597 1845 1359 4139 
4598 1694 1696 1740 
4599 3957 3956 3988 
4600 2099 1779 3981 
4601 3169 2836 3765 
4602 1312 1313 1314 
4603 1673 1674 1770 
4604 2682 2784 3038 
4605 1540 1542 4223 
4606 4096 4098 4099 
4607 2069 3465 4650 
4608 156 157 542 
4609 2474 2976 2977 
4610 196 541 4209 
4611 2048 2049 2298 
4612 3586 1369 5021 
4613 3221 3220 3222 
4614 2336 2088 2337 
4615 2435 2437 2438 
4616 2540 3741 4507 
4617 1163 1162 3746 
4618 2393 2163 2836 
4619 2734 3496 4180 
4620 2238 2405 2983 
4621 2739 2826 4369 
4622 2735 4117 4376 
4623 2533 2530 4377 
4624 2009 2369 2527 
4625 196 197 541 
4626 1862 1639 1863 
4627 3536 5004 5022 
4628 1007 3876 4425 
4629 156 542 4199 
4630 610 612 669 
4631 4701 2637 4734 
4632 2431 3853 3854 
4633 2639 2640 2642 
4634 2630 3822 4715 
4635 4386 2642 4400 
4636 2653 2980 4366 
4637 2808 4433 4434 
4638 1700 1702 1735 
4639 3483 3484 5491 
4640 1972 2199 3111 
4641 1225 2723 4703 
4642 3426 2946 4156 
4643 2828 2180 2829 
4644 2973 3178 5314 
4645 1989 2320 3752 
4646 2141 2954 4451 
4647 2442 2444 2445 
4648 3808 3811 3812 
4649 2546 2635 2636 
4650 105 431 3917 
4651 606 608 1395 
4652 278 279 464 
4653 276 277 531 
4654 274 275 445 
4655 67 68 476 
4656 71 72 466 
4657 69 70 533 
4658 104 105 3917 
4659 73 74 534 
4660 4947 1160 4960 
4661 2554 2289 3994 
4662 5232 2951 5392 
4663 75 76 440 
4664 4232 4231 4233 
4665 206 207 439 
4666 1706 1708 1756 
4667 3558 1620 5564 
4668 386 385 448 
4669 1344 1048 4277 
4670 272 273 532 
4671 1671 2846 4411 
4672 2521 3739 4868 
4673 280 281 537 
4674 1654 1656 3756 
4675 1981 2242 2243 
4676 3820 3499 4932 
4677 15 512 4350 
4678 3922 427 3923 
4679 614 616 1397 
4680 2532 2533 2859 
4681 618 620 664 
4682 4030 4033 4739 
4683 2344 3170 4382 
4684 53 471 4349 
4685 2294 2284 3856 
4686 1710 1712 1732 
4687 204 205 536 
4688 282 283 478 
4689 531 277 4186 
4690 445 275 4187 
4691 71 466 4191 
4692 69 533 4188 
4693 269 270 415 
4694 73 534 4192 
4695 2649 3014 4378 
4696 939 945 3800 
4697 77 78 535 
4698 75 440 4193 
4699 2049 2047 4304 
4700 464 279 4198 
4701 3223 3222 3224 
4702 752 756 4576 
4703 4014 4012 4015 
4704 64 65 501 
4705 468 382 3407 
4706 2240 1964 2459 
4707 202 203 452 
4708 1716 1718 1727 
4709 64 501 3911 
4710 1115 1119 1120 
4711 2449 2451 2452 
4712 2438 3892 3893 
4713 532 273 4196 
4714 4109 771 4503 
4715 1662 1664 1747 
4716 266 267 500 
4717 1722 1724 1725 
4718 1734 1743 1744 
4719 2861 2533 4377 
4720 1754 1767 1928 
4721 200 201 538 
4722 100 427 3922 
4723 1756 1708 4212 
4724 1726 1729 1730 
4725 626 628 661 
4726 1167 1359 1371 
4727 537 281 4208 
4728 1864 2138 3895 
4729 622 624 1398 
4730 99 100 3922 
4731 536 205 4204 
4732 4072 4074 4173 
4733 2421 4331 4406 
4734 2808 2798 4433 
4735 2996 2254 3686 
4736 1887 2200 2555 
4737 1846 1985 2147 
4738 2029 2032 2457 
4739 146 147 442 
4740 2243 3883 3884 
4741 148 149 539 
4742 777 781 799 
4743 150 151 453 
4744 61 62 489 
4745 152 153 540 
4746 97 98 551 
4747 251 252 550 
4748 198 199 443 
4749 249 250 454 
4750 32 33 410 
4751 36 37 456 
4752 85 86 422 
4753 263 264 416 
4754 40 41 413 
4755 82 83 553 
4756 102 103 555 
4757 38 39 549 
4758 154 155 444 
4759 258 259 425 
4760 90 91 421 
4761 253 254 428 
4762 95 96 423 
4763 34 35 543 
4764 247 248 554 
4765 256 257 547 
4766 92 93 548 
4767 80 81 414 
4768 87 88 544 
4769 261 262 546 
4770 105 106 431 
4771 245 246 430 
4772 311 312 411 
4773 100 101 427 
4774 2387 2519 3420 
4775 284 285 556 
4776 630 632 1400 
4777 923 925 1389 
4778 77 535 4205 
4779 2780 2844 3201 
4780 2201 1934 2202 
4781 1511 2633 3755 
4782 1120 1340 1342 
4783 2488 2510 3935 
4784 634 636 656 
4785 2100 1962 2163 
4786 1113 1114 1115 
4787 2104 2055 2105 
4788 63 64 3911 
4789 682 685 689 
4790 2776 2778 2781 
4791 3807 2034 3808 
4792 638 644 1423 
4793 2289 2795 3994 
4794 647 649 652 
4795 1850 2120 4195 
4796 3935 2510 3936 
4797 120 121 4722 
4798 595 593 775 
4799 2485 2487 2517 
4800 2520 3350 3351 
4801 677 666 4310 
4802 2445 3902 3903 
4803 1389 925 4006 
4804 2414 2361 2889 
4805 2488 2486 2510 
4806 314 315 502 
4807 2770 2772 2782 
4808 2495 2497 2515 
4809 452 203 4216 
4810 2491 2493 2516 
4811 2816 2121 2891 
4812 4231 2571 4464 
4813 3951 3953 3962 
4814 4076 4075 4089 
4815 2764 2766 3296 
4816 478 283 4230 
4817 29 30 557 
4818 601 599 602 
4819 2466 2701 3677 
4820 4066 4065 4092 
4821 2760 2762 2801 
4822 3282 2337 3809 
4823 976 969 977 
4824 4051 4050 4093 
4825 4188 533 4190 
4826 3376 4390 4391 
4827 181 513 4397 
4828 2732 2731 4117 
4829 2754 2756 3339 
4830 2499 2501 2514 
4831 1371 1845 1846 
4832 1546 1544 1931 
4833 1520 1518 1638 
4834 317 318 412 
4835 2672 2787 3333 
4836 2750 2752 2868 
4837 2668 2670 3360 
4838 761 1412 4177 
4839 4372 1391 4373 
4840 1550 1548 1857 
4841 2024 2717 2718 
4842 3472 2434 4146 
4843 595 775 3906 
4844 2503 2505 2513 
4845 2664 2666 3389 
4846 1969 2306 2981 
4847 2345 2347 2458 
4848 2452 2454 3122 
4849 3955 3957 3958 
4850 2639 2638 2640 
4851 2734 2736 3496 
4852 2490 2488 3935 
4853 2592 2139 2593 
4854 2744 2746 3406 
4855 2660 2662 3412 
4856 597 595 3906 
4857 2573 2732 2733 
4858 2470 2851 3621 
4859 1928 1929 2016 
4860 286 287 503 
4861 320 321 558 
4862 1744 1745 1753 
4863 1162 2468 3746 
4864 1649 1651 1973 
4865 1007 993 3876 
4866 1158 1031 1159 
4867 27 28 420 
4868 799 800 824 
4869 759 705 4318 
4870 824 825 1165 
4871 3774 3772 3824 
4872 1171 1173 2537 
4873 24 25 559 
4874 1730 1731 1761 
4875 322 323 429 
4876 2740 2742 2903 
4877 22 23 446 
4878 1367 1613 1618 
4879 2107 2118 3054 
4880 1645 1647 2001 
4881 538 201 4229 
4882 2184 2185 2789 
4883 2477 983 4612 
4884 1165 1167 4165 
4885 607 605 1399 
4886 3156 2413 4767 
4887 1850 2119 2120 
4888 2656 2658 3447 
4889 1658 1660 1760 
4890 2507 2509 2511 
4891 4011 4012 4014 
4892 309 310 552 
4893 1775 1174 1776 
4894 324 325 560 
4895 1183 1868 1869 
4896 4015 4016 4017 
4897 698 699 703 
4898 1406 1408 2705 
4899 603 646 4213 
4900 3164 3167 3348 
4901 1523 793 4493 
4902 611 609 643 
4903 3607 3007 4843 
4904 3642 3643 3644 
4905 689 691 693 
4906 758 759 776 
4907 1400 632 4271 
4908 3774 3824 4166 
4909 693 696 698 
4910 703 705 758 
4911 1525 2518 3875 
4912 1540 1539 1541 
4913 656 636 4272 
4914 776 777 4161 
4915 2457 3945 3946 
4916 2494 2492 2815 
4917 1952 1614 4676 
4918 42 43 545 
4919 1423 644 4274 
4920 3775 3777 3781 
4921 1551 1553 2008 
4922 195 196 4209 
4923 1557 1559 2204 
4924 326 327 458 
4925 1556 1554 1953 
4926 676 677 681 
4927 328 329 561 
4928 1560 1558 1880 
4929 652 655 657 
4930 3787 3789 3790 
4931 59 60 563 
4932 1545 1547 2021 
4933 330 331 486 
4934 20 21 562 
4935 3640 3641 3642 
4936 1729 1728 4365 
4937 665 666 676 
4938 657 660 665 
4939 1561 1563 1992 
4940 2894 2891 3381 
4941 1774 1504 1962 
4942 3426 4157 4237 
4943 1172 1164 2538 
4944 1567 1569 2177 
4945 825 800 4348 
4946 4431 460 4432 
4947 821 786 1539 
4948 2977 3471 3860 
4949 1671 1847 2846 
4950 1566 1564 1968 
4951 2416 2417 2858 
4952 1987 1845 4139 
4953 591 589 1610 
4954 1760 1660 4278 
4955 1571 2127 2128 
4956 2567 2566 2568 
4957 2141 1952 2954 
4958 3201 3202 3281 
4959 4263 2006 4774 
4960 1570 1568 1925 
4961 2781 2778 4273 
4962 2284 2794 3856 
4963 2652 2654 3492 
4964 1297 1287 1326 
4965 4218 4281 4282 
4966 150 453 4239 
4967 152 540 4241 
4968 4011 4010 4012 
4969 154 444 4242 
4970 554 248 4260 
4971 454 250 4243 
4972 550 252 4245 
4973 97 551 4244 
4974 82 553 4262 
4975 87 544 4250 
4976 546 262 4261 
4977 547 257 4257 
4978 2498 2496 2790 
4979 34 543 4246 
4980 38 549 4253 
4981 40 413 4258 
4982 617 615 1401 
4983 1767 1766 4374 
4984 2565 2566 2567 
4985 383 382 468 
4986 2484 2483 2883 
4987 2002 2045 2184 
4988 1351 1170 1404 
4989 18 19 494 
4990 1542 1541 1543 
4991 3679 3680 4405 
4992 2637 2638 2639 
4993 2036 2038 2460 
4994 621 619 642 
4995 2525 2524 3435 
4996 2235 2041 2236 
4997 2039 2037 2178 
4998 2733 2734 4180 
4999 1996 2018 2313 
5000 2502 2500 2703 
5001 2159 2194 2546 
5002 2870 2871 3289 
5003 3776 3774 4166 
5004 1654 1653 1656 
5005 980 984 985 
5006 2097 2277 2712 
5007 174 450 4280 
5008 1154 1361 4240 
5009 773 779 780 
5010 2190 2189 2332 
5011 44 45 3989 
5012 5326 1266 5335 
5013 766 762 782 
5014 973 979 980 
5015 2482 2481 2483 
5016 3677 3678 3793 
5017 1943 2092 2307 
5018 1970 1865 2065 
5019 2517 3927 3928 
5020 3793 3794 3795 
5021 770 768 2062 
5022 2504 2502 3996 
5023 2801 2762 4291 
5024 1937 1942 1943 
5025 4323 2957 4324 
5026 556 285 4287 
5027 2981 2982 3625 
5028 2040 2234 2425 
5029 774 772 783 
5030 1652 1650 1653 
5031 2508 2506 2617 
5032 1339 1378 1379 
5033 2502 2703 3996 
5034 1148 1162 1163 
5035 1755 1668 4438 
5036 603 602 646 
5037 1924 2156 4238 
5038 289 290 480 
5039 1184 1867 2025 
5040 3333 3334 3409 
5041 176 571 4279 
5042 3638 3639 3640 
5043 3996 2703 3997 
5044 767 769 1382 
5045 933 972 973 
5046 2327 2291 3907 
5047 2718 2914 3545 
5048 61 489 4296 
5049 2868 2752 4294 
5050 1146 1147 1148 
5051 3320 3319 3439 
5052 4393 2641 4394 
5053 333 334 511 
5054 314 502 4275 
5055 2249 2250 2806 
5056 3546 2914 5167 
5057 3412 2662 4298 
5058 3389 2666 4297 
5059 2349 2351 2426 
5060 2645 3030 4383 
5061 2523 2167 2524 
5062 2903 2742 4300 
5063 1670 1673 4438 
5064 415 3908 3909 
5065 1973 2051 2249 
5066 2584 2585 3066 
5067 3956 3954 3969 
5068 2648 2650 2957 
5069 2480 2479 2481 
5070 2403 2946 3426 
5071 650 648 651 
5072 2511 2512 3326 
5073 2515 2497 4311 
5074 3447 2658 4302 
5075 2035 2023 2368 
5076 645 639 2063 
5077 2166 1985 4100 
5078 3529 3530 3531 
5079 637 635 640 
5080 2806 3528 3529 
5081 1642 1643 2083 
5082 1274 1284 2545 
5083 57 58 487 
5084 291 292 566 
5085 306 307 417 
5086 2788 2673 4103 
5087 2673 2671 2854 
5088 1343 1344 1642 
5089 4107 4104 4108 
5090 2567 4231 4232 
5091 388 387 479 
5092 625 623 1403 
5093 1657 1654 3756 
5094 1646 1644 2230 
5095 2669 2667 2878 
5096 500 3913 3914 
5097 2499 2514 4311 
5098 2514 2501 4306 
5099 629 627 641 
5100 1881 1882 1937 
5101 2753 2751 2960 
5102 2759 2757 2896 
5103 1337 1338 1339 
5104 1623 1404 1865 
5105 2665 2663 2893 
5106 2357 2350 3269 
5107 496 179 4396 
5108 2763 2761 3060 
5109 15 16 512 
5110 2749 2747 2825 
5111 1497 1498 1499 
5112 2769 2767 3016 
5113 633 631 1402 
5114 3211 2303 3212 
5115 963 966 967 
5116 3960 3957 3988 
5117 1498 1496 1963 
5118 304 305 564 
5119 3492 2654 4308 
5120 2652 3492 4312 
5121 1505 1774 4182 
5122 2775 2773 3048 
5123 994 995 996 
5124 2436 2434 3472 
5125 2323 1986 2324 
5126 2543 3187 3414 
5127 2446 2443 3411 
5128 1059 3549 4688 
5129 2128 2226 2321 
5130 416 3918 3919 
5131 2661 2659 2924 
5132 1144 1145 1146 
5133 428 3920 3921 
5134 2237 2236 2428 
5135 2453 2450 4113 
5136 2450 2448 3390 
5137 55 56 570 
5138 45 46 433 
5139 2486 2484 4276 
5140 2079 2284 2294 
5141 3182 2364 4517 
5142 2673 2854 4103 
5143 815 1033 1034 
5144 425 3925 3926 
5145 2783 2779 3113 
5146 293 294 474 
5147 4036 4034 4037 
5148 2441 2439 3440 
5149 174 175 450 
5150 811 789 4526 
5151 2581 2583 2584 
5152 992 993 994 
5153 1607 1989 1990 
5154 295 296 568 
5155 784 783 812 
5156 2743 2741 2872 
5157 2187 2407 2408 
5158 2471 2469 2472 
5159 1138 1139 1140 
5160 813 812 1153 
5161 2987 3900 4305 
5162 301 302 441 
5163 299 300 567 
5164 297 298 461 
5165 47 48 565 
5166 2648 2957 4323 
5167 2657 2655 2952 
5168 1356 1334 2522 
5169 3266 2542 3745 
5170 2432 2429 3544 
5171 2987 2051 3900 
5172 2192 1913 4457 
5173 1154 1153 1361 
5174 2299 2431 4474 
5175 1024 1013 1025 
5176 4031 4029 4129 
5177 1711 1709 1738 
5178 780 797 798 
5179 4103 2854 4105 
5180 178 496 4314 
5181 1128 1129 1130 
5182 798 814 815 
5183 1717 1715 1737 
5184 1869 2011 2012 
5185 2995 1139 3764 
5186 2425 2626 3498 
5187 1613 1615 4601 
5188 49 50 457 
5189 3225 3224 3226 
5190 686 683 2475 
5191 1705 1703 1739 
5192 1047 1048 1343 
5193 51 52 569 
5194 1290 1293 1294 
5195 2553 2552 2696 
5196 53 54 471 
5197 2122 2817 2818 
5198 4029 4027 4032 
5199 2033 2186 2187 
5200 707 706 761 
5201 2176 2363 4476 
5202 1924 1923 2156 
5203 2054 2053 2055 
5204 2348 2346 3237 
5205 4009 4007 4088 
5206 2025 2026 2033 
5207 1036 1125 1126 
5208 702 701 706 
5209 2618 2617 3110 
5210 1830 1935 1936 
5211 1723 1721 1736 
5212 2957 2650 4312 
5213 2358 2360 2420 
5214 795 778 2228 
5215 313 314 4275 
5216 2490 3935 4327 
5217 2876 2467 3049 
5218 2541 2542 2543 
5219 2818 3199 3200 
5220 989 991 992 
5221 2030 1840 2031 
5222 3284 3286 3316 
5223 667 663 668 
5224 2739 2737 2826 
5225 1556 1953 4330 
5226 1699 1697 1741 
5227 653 651 654 
5228 662 659 663 
5229 670 668 671 
5230 309 552 4293 
5231 1742 1733 1762 
5232 658 654 659 
5233 2076 2078 2079 
5234 1566 1968 4336 
5235 4008 4010 4011 
5236 2450 3390 4113 
5237 3511 3950 4719 
5238 4029 4032 4129 
5239 2344 2342 3170 
5240 1838 2009 4211 
5241 2270 3176 4633 
5242 2830 2829 2831 
5243 176 177 571 
5244 172 173 572 
5245 2644 2646 3668 
5246 3874 2587 4462 
5247 3646 3639 4130 
5248 2653 2651 2980 
5249 2090 1945 2091 
5250 1753 4649 4689 
5251 1625 1168 2043 
5252 4024 4022 4025 
5253 2461 2368 2988 
5254 2478 2312 2479 
5255 2270 3175 3176 
5256 4046 4044 4064 
5257 2303 2108 4660 
5258 1420 1418 1923 
5259 2551 2124 2552 
5260 3671 1414 3825 
5261 1859 1858 2022 
5262 1342 1365 1607 
5263 1661 1659 1751 
5264 2562 2564 2565 
5265 1527 1526 1858 
5266 3618 2045 3742 
5267 3668 2646 4323 
5268 4260 454 4983 
5269 2729 2324 2884 
5270 3133 2593 3555 
5271 697 694 701 
5272 1693 1691 1750 
5273 308 309 4293 
5274 2386 2384 3378 
5275 2832 2831 2833 
5276 13 14 2953 
5277 2052 1976 2053 
5278 3249 2327 3250 
5279 4417 2551 4466 
5280 3104 3106 3236 
5281 2735 2732 4117 
5282 2715 2605 2716 
5283 1833 1776 1834 
5284 3712 3710 3724 
5285 3718 3716 3723 
5286 3989 433 3990 
5287 3609 2861 4377 
5288 2102 1387 2106 
5289 2341 3124 4224 
5290 2649 2647 3014 
5291 4114 4113 4183 
5292 2639 2642 4386 
5293 2383 2869 4236 
5294 3351 3466 4347 
5295 2473 2472 2474 
5296 1689 1687 1768 
5297 45 433 3989 
5298 503 3939 3940 
5299 2602 2600 2603 
5300 3470 3469 3656 
5301 1340 1341 4436 
5302 2420 4149 4150 
5303 3383 2475 3693 
5304 1213 1211 1214 
5305 4097 2166 4100 
5306 1673 2529 4438 
5307 2568 2569 2570 
5308 178 179 496 
5309 170 171 497 
5310 2640 2641 4393 
5311 2005 2356 4516 
5312 3456 3049 3457 
5313 2500 2498 4332 
5314 1525 1116 1526 
5315 1111 1113 1117 
5316 4008 4009 4010 
5317 1233 1598 4682 
5318 2646 2648 4323 
5319 938 886 4751 
5320 1827 2087 2088 
5321 2834 2833 2930 
5322 1854 1853 2067 
5323 2956 3357 3512 
5324 1757 1736 1758 
5325 4396 180 4397 
5326 2069 2067 2339 
5327 2650 2652 4312 
5328 2340 2339 3294 
5329 2520 2388 3350 
5330 1759 1758 1838 
5331 8 388 2901 
5332 971 974 975 
5333 2637 2609 2638 
5334 2977 2976 3469 
5335 1346 1347 1827 
5336 2497 2499 4311 
5337 682 689 4468 
5338 290 291 4321 
5339 1726 1730 4471 
5340 1884 1883 1999 
5341 2421 2256 4331 
5342 1511 1510 1853 
5343 175 176 4279 
5344 1327 1328 1346 
5345 179 180 4396 
5346 1685 1683 1771 
5347 1837 1836 1883 
5348 2245 2244 2341 
5349 3005 2313 4409 
5350 480 290 4321 
5351 1534 1068 4530 
5352 1537 1055 4538 
5353 1497 1496 1498 
5354 2820 2822 3148 
5355 2000 1999 2383 
5356 1209 1207 1210 
5357 2931 2930 3382 
5358 2336 2337 2890 
5359 292 293 4337 
5360 173 174 4280 
5361 1933 1373 1934 
5362 4093 4050 4094 
5363 2527 2369 2974 
5364 1498 1963 4463 
5365 2565 2564 2566 
5366 4015 4012 4016 
5367 1761 1731 4481 
5368 1835 1834 1836 
5369 3497 3080 3608 
5370 4073 4071 4085 
5371 294 295 4338 
5372 177 178 4314 
5373 2943 3291 3391 
5374 296 297 4345 
5375 2034 1328 3810 
5376 298 299 4342 
5377 291 566 4321 
5378 4338 568 4339 
5379 1862 1863 1864 
5380 3859 3025 5235 
5381 4055 4051 4093 
5382 4069 4066 4092 
5383 1623 1970 4494 
5384 3118 2227 4436 
5385 4079 4076 4089 
5386 3833 3831 3836 
5387 1672 1671 4411 
5388 3828 2636 3829 
5389 566 292 4337 
5390 545 43 4270 
5391 2731 2572 3525 
5392 2202 2255 2881 
5393 2573 2733 4464 
5394 1602 1165 4165 
5395 1030 1029 1031 
5396 1454 1826 4545 
5397 3351 3350 3466 
5398 6 380 481 
5399 1366 1159 1367 
5400 2310 3029 4565 
5401 1458 1516 4544 
5402 2645 2643 3030 
5403 2907 3079 3080 
5404 1215 1214 1216 
5405 2243 2242 2244 
5406 868 1997 4554 
5407 3996 3997 4392 
5408 2165 2106 2391 
5409 180 181 4397 
5410 1086 1530 4543 
5411 1082 1136 4546 
5412 4567 2267 4569 
5413 876 1535 4550 
5414 1076 1427 4547 
5415 2216 1917 2217 
5416 1379 1378 4484 
5417 880 937 4548 
5418 872 934 4552 
5419 1092 1175 4541 
5420 3903 3902 4810 
5421 1681 1679 1772 
5422 3998 4332 4333 
5423 1255 1273 4437 
5424 2435 2438 4501 
5425 293 474 4337 
5426 4228 2582 4508 
5427 2356 2003 4486 
5428 1297 1326 1327 
5429 2431 3855 4474 
5430 2712 2277 3047 
5431 1340 1121 1341 
5432 1667 1665 1752 
5433 474 294 4338 
5434 1360 2267 4567 
5435 1962 1504 4463 
5436 2863 2861 3609 
5437 2843 3045 4407 
5438 2455 2217 2456 
5439 2107 3054 4793 
5440 3465 2340 5001 
5441 1824 1813 4562 
5442 295 568 4338 
5443 568 296 4345 
5444 3451 3450 3452 
5445 3660 3620 4693 
5446 461 298 4342 
5447 1617 1829 1830 
5448 297 461 4345 
5449 4387 1500 4659 
5450 299 567 4342 
5451 1734 1744 4481 
5452 4403 811 4404 
5453 2442 2445 4497 
5454 2994 3799 4375 
5455 1414 1416 3825 
5456 2259 776 4161 
5457 4691 2305 4692 
5458 3088 3203 4555 
5459 4655 1648 4695 
5460 3163 2589 4472 
5461 1634 1633 1635 
5462 2798 2800 4433 
5463 2449 2452 4490 
5464 928 926 4370 
5465 728 794 4583 
5466 1881 1937 4412 
5467 720 785 4574 
5468 1615 1951 2725 
5469 2570 3427 4395 
5470 1144 1146 4410 
5471 4010 4009 4013 
5472 3403 655 5751 
5473 2771 3914 5571 
5474 2529 1770 2530 
5475 1229 1265 4697 
5476 724 1538 4582 
5477 2640 2638 2641 
5478 2168 2409 4505 
5479 3162 2589 3163 
5480 1677 1675 1778 
5481 2608 2609 2637 
5482 1969 2981 4484 
5483 3632 3616 4480 
5484 3184 2611 4616 
5485 389 8 2904 
5486 1949 2181 2182 
5487 1365 1340 4436 
5488 2263 2264 3298 
5489 2368 2023 4491 
5490 1102 1354 4540 
5491 2260 709 4579 
5492 953 3691 3692 
5493 513 182 4415 
5494 2565 2567 4387 
5495 181 182 513 
5496 167 168 514 
5497 182 183 4415 
5498 2001 1647 4499 
5499 4011 4014 4019 
5500 1671 1669 1847 
5501 689 1426 4468 
5502 2546 2194 2635 
5503 3368 2550 4401 
5504 36 456 4518 
5505 1713 1711 4478 
5506 1649 1973 4499 
5507 2705 2706 2707 
5508 1730 1763 4471 
5509 2513 2505 4506 
5510 4572 2560 4659 
5511 2800 2843 4407 
5512 543 35 4518 
5513 1520 1638 1639 
5514 2252 2608 3024 
5515 989 992 4413 
5516 1111 1112 1113 
5517 4560 1345 4699 
5518 4551 1522 4705 
5519 2507 2511 4506 
5520 4246 543 4247 
5521 926 924 1391 
5522 4253 549 4254 
5523 1494 1492 1843 
5524 1115 1114 1119 
5525 4895 1946 4956 
5526 3780 3779 4500 
5527 559 3410 5595 
5528 3765 2836 5487 
5529 2531 2530 2532 
5530 1389 4008 4532 
5531 4258 413 4259 
5532 4422 2983 4423 
5533 436 139 4414 
5534 687 697 4657 
5535 2256 3174 4331 
5536 2219 2058 2220 
5537 2733 4181 4464 
5538 1045 1123 1124 
5539 2177 1569 4519 
5540 2039 2178 4509 
5541 2565 4387 4659 
5542 2426 2351 4489 
5543 2460 2038 4512 
5544 1200 1199 1201 
5545 773 780 4503 
5546 1107 1109 1424 
5547 2289 2290 2795 
5548 2236 2041 4509 
5549 1571 2128 4519 
5550 1184 2025 4502 
5551 2148 2147 2265 
5552 3986 3985 3987 
5553 1043 3759 4806 
5554 2254 1934 4219 
5555 2843 3044 3045 
5556 1814 2879 3172 
5557 2335 1974 2558 
5558 2040 2425 4512 
5559 1438 1436 4447 
5560 2122 2818 4494 
5561 2340 3294 4416 
5562 2098 1605 4515 
5563 2922 2920 4441 
5564 1933 1934 2201 
5565 1080 1078 4445 
5566 2537 1173 4557 
5567 2908 2558 3071 
5568 1090 1088 4443 
5569 4752 1719 4769 
5570 2846 1847 2847 
5571 1120 1119 1121 
5572 2591 3342 3343 
5573 2558 1974 4589 
5574 2300 2298 2964 
5575 2504 3996 4529 
5576 2438 3894 4501 
5577 1063 1061 4448 
5578 2795 2796 4465 
5579 2807 2265 3238 
5580 2568 2566 2569 
5581 936 932 2095 
5582 1113 1112 1114 
5583 2358 2420 4489 
5584 2191 2590 2591 
5585 3015 2971 3384 
5586 2620 3332 3458 
5587 1272 1283 4535 
5588 2238 2983 4422 
5589 2333 2332 2373 
5590 1744 2984 4481 
5591 826 1177 4495 
5592 2965 2964 3340 
5593 2617 2506 4529 
5594 1166 1165 1602 
5595 1183 1869 4557 
5596 2536 1962 4463 
5597 587 1387 2102 
5598 1221 1257 4749 
5599 4418 2260 4419 
5600 4400 3668 4420 
5601 3120 3121 3195 
5602 2445 3904 4497 
5603 1594 1885 2193 
5604 2125 2381 4520 
5605 1172 2538 4573 
5606 2354 2196 2892 
5607 2121 2065 4172 
5608 2311 2192 2870 
5609 2562 2563 2564 
5610 3334 2787 4742 
5611 2675 2534 2950 
5612 787 811 4403 
5613 1936 1935 4469 
5614 2790 2496 4335 
5615 602 599 4586 
5616 2518 4170 4832 
5617 3083 3082 4571 
5618 925 927 4006 
5619 597 3906 4586 
5620 930 928 956 
5621 946 941 954 
5622 1582 776 2259 
5623 2017 2016 2416 
5624 2788 4106 4742 
5625 2642 2644 4400 
5626 2452 3274 4490 
5627 1776 1174 4573 
5628 1763 1761 1764 
5629 1603 1602 2006 
5630 2973 2789 3178 
5631 1157 1027 1879 
5632 2363 2364 3182 
5633 692 681 2539 
5634 3022 3135 3136 
5635 2276 2275 3164 
5636 1668 1670 4438 
5637 2969 2967 3356 
5638 2065 2066 2329 
5639 836 834 1599 
5640 62 63 4265 
5641 2981 3915 4484 
5642 1117 1113 4680 
5643 1318 1296 1993 
5644 139 140 4414 
5645 2874 4652 5674 
5646 2229 3011 4483 
5647 4596 3062 4694 
5648 2796 2798 2808 
5649 4627 3995 4628 
5650 2390 2307 3073 
5651 1621 1438 4447 
5652 2291 1864 3895 
5653 3106 3107 3185 
5654 3235 2922 4441 
5655 28 29 4289 
5656 1870 1379 1881 
5657 1765 1764 2002 
5658 1175 1090 4443 
5659 2991 2259 2993 
5660 1136 1080 4445 
5661 2157 1913 2192 
5662 840 838 1134 
5663 1336 1163 1337 
5664 1544 1543 4159 
5665 2347 2349 4398 
5666 1798 1822 4690 
5667 390 389 484 
5668 808 810 1135 
5669 2136 2137 2289 
5670 41 42 4267 
5671 2621 2399 3424 
5672 4346 1877 5013 
5673 2570 2569 3427 
5674 1176 1063 4448 
5675 3068 2539 3069 
5676 3637 3069 3638 
5677 1893 1891 2014 
5678 1504 1498 4463 
5679 1141 1140 1142 
5680 19 20 4307 
5681 1488 1486 1958 
5682 1424 4400 4420 
5683 1656 1975 1976 
5684 793 802 4493 
5685 2643 2640 4393 
5686 380 379 3234 
5687 58 59 4319 
5688 1543 1606 1915 
5689 1131 1130 1132 
5690 1518 1505 4182 
5691 2329 2330 3319 
5692 3024 4680 4707 
5693 3067 3066 3299 
5694 2191 2591 4584 
5695 2397 2316 3329 
5696 1115 1120 4707 
5697 2252 3024 4607 
5698 2540 2408 2541 
5699 762 761 4177 
5700 3328 3326 3573 
5701 2726 2728 2961 
5702 2949 2413 3156 
5703 3808 3810 3811 
5704 1973 2547 4499 
5705 763 764 786 
5706 1127 1126 1128 
5707 1035 1034 1036 
5708 2800 4407 4433 
5709 5167 2914 5188 
5710 3204 2368 4491 
5711 1993 1296 4613 
5712 1915 1916 2167 
5713 1143 1142 1144 
5714 3811 3943 3944 
5715 2364 2366 4517 
5716 2796 2808 4465 
5717 802 806 807 
5718 337 338 582 
5719 1899 1897 2126 
5720 3605 3200 3725 
5721 986 985 987 
5722 3071 2558 4430 
5723 1517 1505 1518 
5724 830 828 1873 
5725 1137 1132 1138 
5726 998 996 1005 
5727 916 914 1429 
5728 756 757 763 
5729 2085 2007 2275 
5730 2295 2294 2819 
5731 791 793 1523 
5732 975 1000 4234 
5733 2567 4232 4387 
5734 2511 3328 4506 
5735 4008 4011 4532 
5736 3257 3165 3410 
5737 2336 2890 4428 
5738 2280 2209 2396 
5739 2962 3119 3120 
5740 2314 2282 3272 
5741 2428 2548 3317 
5742 2176 2274 2363 
5743 3045 3044 3046 
5744 4405 3680 4861 
5745 1911 1909 2188 
5746 3098 3100 3196 
5747 1903 1901 2149 
5748 1856 2134 2136 
5749 1037 1181 4641 
5750 858 857 859 
5751 2871 2192 4457 
5752 856 855 857 
5753 14 15 4350 
5754 2608 2253 2609 
5755 1907 1905 2164 
5756 2964 2298 4474 
5757 2549 2321 2550 
5758 2580 2579 2581 
5759 3000 2999 3001 
5760 2690 2689 3506 
5761 1129 1126 4705 
5762 2205 2154 2989 
5763 2700 2418 3486 
5764 1147 1145 4699 
5765 52 53 4349 
5766 2578 1534 2579 
5767 2696 3239 3311 
5768 1830 1829 1935 
5769 2072 2071 2116 
5770 2152 2116 2406 
5771 2005 2003 2356 
5772 2895 2406 3510 
5773 2647 2645 4383 
5774 3052 2279 3053 
5775 761 822 1412 
5776 2132 2130 2880 
5777 2070 1537 2071 
5778 1006 1005 1020 
5779 2235 2403 4237 
5780 860 859 861 
5781 671 672 673 
5782 1021 1020 1047 
5783 2115 2112 2711 
5784 789 791 4526 
5785 864 863 933 
5786 2420 4152 4489 
5787 1314 1315 1319 
5788 862 861 863 
5789 2110 2094 2415 
5790 2722 2720 2805 
5791 846 844 847 
5792 2832 2833 2834 
5793 2603 2604 2605 
5794 780 2059 4503 
5795 379 378 470 
5796 2651 2649 4378 
5797 1386 4110 4700 
5798 2075 2074 2076 
5799 2025 2423 4502 
5800 988 987 989 
5801 1840 1838 4211 
5802 2172 2174 2395 
5803 828 826 4495 
5804 920 918 948 
5805 2384 2383 4236 
5806 2548 2236 4509 
5807 3273 2550 3368 
5808 3018 2027 3149 
5809 3461 3184 3462 
5810 2073 816 2074 
5811 1175 4443 4444 
5812 4248 543 4518 
5813 1753 1754 4649 
5814 2464 583 5437 
5815 787 789 811 
5816 3104 3105 3106 
5817 1136 4445 4446 
5818 2139 1863 4227 
5819 971 975 4612 
5820 2575 3358 3376 
5821 1484 1482 1944 
5822 2342 2341 4224 
5823 2128 2549 4519 
5824 2425 3509 4512 
5825 3183 2611 3184 
5826 1499 1505 1517 
5827 2830 2831 2832 
5828 2097 2098 2277 
5829 648 645 4351 
5830 2834 2930 2931 
5831 2571 2573 4464 
5832 3968 3967 4479 
5833 2610 2313 3005 
5834 639 637 4354 
5835 338 339 4440 
5836 3041 2257 3042 
5837 2828 2829 2830 
5838 2737 2735 4376 
5839 1103 1105 1149 
5840 2818 3605 4494 
5841 2559 3145 3278 
5842 1412 1413 1414 
5843 2411 2081 2413 
5844 913 915 1524 
5845 1217 1216 1218 
5846 673 674 679 
5847 1283 1282 1287 
5848 1414 1415 1416 
5849 2655 2653 4366 
5850 4510 2712 4656 
5851 2539 681 4468 
5852 1416 1417 1418 
5853 1673 1770 2529 
5854 2168 2170 2409 
5855 2094 2005 4516 
5856 2381 2382 2559 
5857 679 680 687 
5858 2883 3207 3208 
5859 687 688 694 
5860 2659 2657 4362 
5861 3241 2704 3324 
5862 908 906 1528 
5863 2671 2669 4352 
5864 2667 2665 4356 
5865 2663 2661 4358 
5866 2474 2975 2976 
5867 2751 2749 4361 
5868 489 4265 4266 
5869 1781 1878 2124 
5870 1794 1818 4706 
5871 2761 2759 4364 
5872 827 829 1039 
5873 2467 2044 4380 
5874 2741 2739 4369 
5875 1289 1298 2261 
5876 854 852 855 
5877 850 848 851 
5878 2102 2106 2165 
5879 1478 1476 1514 
5880 2598 2599 2600 
5881 1324 1605 2097 
5882 1261 1263 1425 
5883 623 621 4355 
5884 2346 2344 4382 
5885 2614 2865 3292 
5886 1472 1470 1886 
5887 2601 2596 2607 
5888 3227 3226 3228 
5889 2809 2692 3034 
5890 912 910 943 
5891 2917 2811 3419 
5892 3082 2922 3235 
5893 1871 1848 2325 
5894 1500 4572 4659 
5895 4601 2725 4602 
5896 1468 1466 1512 
5897 1272 1268 1282 
5898 2555 2200 2556 
5899 3559 3555 4741 
5900 1458 1456 1516 
5901 2279 2098 4515 
5902 1462 1460 1866 
5903 1086 1084 1530 
5904 1092 1090 1175 
5905 1454 1452 1826 
5906 2688 2686 2689 
5907 904 902 942 
5908 900 898 1531 
5909 1450 1448 1515 
5910 1082 1080 1136 
5911 1096 1094 1529 
5912 1076 1074 1427 
5913 896 894 940 
5914 892 890 1532 
5915 1444 1442 1513 
5916 1440 1438 1621 
5917 1288 1287 1297 
5918 888 886 938 
5919 884 882 1533 
5920 1070 1068 1534 
5921 615 613 4606 
5922 1419 1781 4417 
5923 876 874 1535 
5924 3620 2886 3792 
5925 1485 1487 1573 
5926 880 878 937 
5927 868 866 1997 
5928 2374 2373 2375 
5929 2560 2561 2562 
5930 1065 1063 1176 
5931 695 2260 4418 
5932 2278 2713 2714 
5933 1495 1494 1496 
5934 4154 3116 5204 
5935 3088 3086 3203 
5936 872 870 934 
5937 1057 1055 1537 
5938 1053 1051 1364 
5939 2383 2389 2869 
5940 917 919 958 
5941 1838 1839 2009 
5942 1966 1619 2113 
5943 3686 2254 4219 
5944 3092 3090 3093 
5945 1102 1100 1354 
5946 1495 1496 1497 
5947 646 2143 2312 
5948 1955 1956 2161 
5949 2089 2088 2336 
5950 1360 990 2267 
5951 3379 2617 4529 
5952 3479 3481 3482 
5953 712 710 816 
5954 1072 1073 1116 
5955 1385 1384 1996 
5956 2225 2012 2370 
5957 1715 1713 4381 
5958 752 754 756 
5959 2363 3301 4476 
5960 2606 3536 4421 
5961 2682 2683 2784 
5962 2680 2681 2682 
5963 681 682 4468 
5964 2229 3010 3011 
5965 1353 1920 1921 
5966 2285 2286 3061 
5967 1622 1421 2611 
5968 720 718 785 
5969 741 746 755 
5970 2161 2246 2256 
5971 2678 2679 2680 
5972 1869 2225 4557 
5973 2606 3535 3536 
5974 2591 3343 4452 
5975 756 3768 4576 
5976 339 340 515 
5977 748 750 2224 
5978 4077 4078 4744 
5979 1283 1289 4535 
5980 374 375 579 
5981 3180 3364 3367 
5982 1262 1260 1280 
5983 2341 2628 3124 
5984 695 709 2260 
5985 1725 1726 4471 
5986 2125 2380 2381 
5987 2252 2253 2608 
5988 1419 1422 1781 
5989 1219 1218 1220 
5990 3179 3146 3402 
5991 2162 1864 2291 
5992 1106 1104 1627 
5993 3366 3396 3577 
5994 1333 1301 1334 
5995 724 722 1538 
5996 3400 3431 3432 
5997 2644 3668 4400 
5998 3434 3477 3485 
5999 1267 1271 1274 
6000 4568 4567 4569 
6001 715 717 742 
6002 728 726 794 
6003 1112 1110 1574 
6004 2869 3387 3515 
6005 711 713 714 
6006 909 911 957 
6007 1816 1820 1955 
6008 1088 1086 4543 
6009 2009 2010 2369 
6010 1456 1454 4545 
6011 1460 1458 4544 
6012 1667 1752 4575 
6013 1495 1497 1500 
6014 732 730 1575 
6015 2298 2299 4474 
6016 1084 1082 4546 
6017 735 737 1960 
6018 1097 1099 1536 
6019 1094 1092 4541 
6020 2535 3755 4847 
6021 1372 1356 1373 
6022 1434 1435 1510 
6023 721 723 743 
6024 1078 1076 4547 
6025 731 733 744 
6026 1432 1433 1434 
6027 2151 2697 2698 
6028 1179 1178 1384 
6029 3399 3397 3454 
6030 1813 1816 4562 
6031 736 734 796 
6032 882 880 4548 
6033 1430 1431 1432 
6034 826 819 1177 
6035 725 727 1938 
6036 878 876 4550 
6037 2955 2370 2956 
6038 874 872 4552 
6039 3087 3089 3157 
6040 870 868 4554 
6041 4448 1061 4621 
6042 1186 1187 1188 
6043 2146 2145 2820 
6044 2595 2597 2598 
6045 3527 2377 5458 
6046 2620 2105 3332 
6047 1042 1044 1045 
6048 2591 2590 3342 
6049 1093 1095 1133 
6050 835 837 1046 
6051 2381 2559 4442 
6052 3480 3478 3597 
6053 589 586 4169 
6054 3081 3080 3497 
6055 392 391 459 
6056 2562 2561 2563 
6057 2278 2714 4424 
6058 1089 1091 1576 
6059 1731 1734 4481 
6060 831 833 1577 
6061 1258 1255 4437 
6062 1921 1922 1941 
6063 1846 2147 2148 
6064 2256 2424 3174 
6065 1355 1334 1356 
6066 2335 2558 2908 
6067 1050 1052 1995 
6068 2572 2570 4395 
6069 2915 2577 2916 
6070 3046 3044 3078 
6071 740 738 1583 
6072 340 341 4439 
6073 1619 1360 4567 
6074 3090 3088 4555 
6075 1060 1062 1067 
6076 1056 1058 1059 
6077 955 954 962 
6078 3251 3337 3338 
6079 903 905 1930 
6080 2923 3083 3084 
6081 1085 1087 1122 
6082 1081 1083 1578 
6083 1069 1071 1072 
6084 1077 1079 1118 
6085 2812 2918 2919 
6086 1471 1473 1503 
6087 2693 2810 2813 
6088 4189 4188 4190 
6089 899 901 952 
6090 1465 1467 1579 
6091 1475 1477 1580 
6092 893 895 1877 
6093 1255 1253 1273 
6094 1981 2241 2242 
6095 1461 1463 1506 
6096 889 891 951 
6097 885 887 1842 
6098 2223 1776 4573 
6099 1455 1457 1581 
6100 881 883 950 
6101 877 879 1780 
6102 3086 3083 4571 
6103 2733 4180 4181 
6104 2082 2412 2678 
6105 1811 1813 1824 
6106 867 869 1008 
6107 1451 1453 1507 
6108 1624 1967 2285 
6109 945 947 959 
6110 1151 1150 1178 
6111 1040 1980 1981 
6112 818 817 1150 
6113 1777 1635 1841 
6114 1274 1277 1284 
6115 1481 1483 1502 
6116 873 875 949 
6117 927 926 928 
6118 1378 1969 4484 
6119 1358 1611 2266 
6120 372 373 508 
6121 1445 1447 1508 
6122 342 343 499 
6123 1410 1407 4702 
6124 2143 602 4586 
6125 3502 2477 4612 
6126 2908 3071 3322 
6127 1104 1102 4540 
6128 1583 738 4708 
6129 1991 2239 2252 
6130 2703 2500 4332 
6131 4293 3432 5290 
6132 722 720 4574 
6133 2891 2121 4172 
6134 1489 1491 1501 
6135 1439 1441 1509 
6136 593 591 4322 
6137 3099 3097 3380 
6138 4447 1436 4670 
6139 414 3510 5089 
6140 2560 2562 4659 
6141 343 344 4449 
6142 2447 2449 4490 
6143 1284 1285 1290 
6144 2802 2338 3037 
6145 853 961 1430 
6146 2843 3043 3044 
6147 1290 1291 1293 
6148 1293 1295 1317 
6149 726 724 4582 
6150 2440 2442 4497 
6151 2510 2486 4276 
6152 749 747 804 
6153 1783 1410 2305 
6154 344 345 573 
6155 824 1165 1166 
6156 2258 3275 3276 
6157 35 36 4518 
6158 2433 2435 4501 
6159 1991 1990 2238 
6160 4168 1725 4471 
6161 1821 1817 2145 
6162 956 928 4370 
6163 709 711 4579 
6164 2587 2586 4537 
6165 2998 1363 2999 
6166 1204 1203 1205 
6167 2240 2459 3662 
6168 730 728 4583 
6169 369 370 475 
6170 1647 1649 4499 
6171 368 369 4455 
6172 367 368 574 
6173 2248 1988 2577 
6174 2529 2530 2531 
6175 3030 2643 4393 
6176 365 366 460 
6177 345 346 4458 
6178 2563 2561 2574 
6179 2351 2358 4489 
6180 1500 4387 4534 
6181 2349 2426 4398 
6182 2093 2109 2632 
6183 1947 1841 1982 
6184 1815 1812 2042 
6185 2907 3080 3081 
6186 363 364 576 
6187 4268 545 4269 
6188 1249 1247 1270 
6189 1646 2230 4695 
6190 4386 1424 4710 
6191 1169 1184 4502 
6192 346 347 447 
6193 361 362 418 
6194 3260 3262 3321 
6195 771 773 4503 
6196 347 348 4459 
6197 2027 1881 4412 
6198 360 361 4460 
6199 3149 2027 4412 
6200 1316 1349 1585 
6201 2410 2365 3115 
6202 3574 3999 4623 
6203 348 349 575 
6204 758 776 1582 
6205 2114 2129 2699 
6206 359 360 577 
6207 3102 3103 3104 
6208 843 845 1040 
6209 2505 2507 4506 
6210 2065 1865 2066 
6211 356 357 409 
6212 2557 2556 3123 
6213 355 356 4461 
6214 354 355 578 
6215 351 352 419 
6216 2163 1962 2536 
6217 2252 2239 2253 
6218 1161 1144 4410 
6219 2041 2039 4509 
6220 698 703 704 
6221 1805 1807 1823 
6222 689 693 1426 
6223 2131 2153 2823 
6224 2273 2175 2785 
6225 839 841 1584 
6226 2173 2171 2695 
6227 3259 3193 3263 
6228 925 926 927 
6229 3047 2277 4424 
6230 1847 1669 4575 
6231 1970 2122 4494 
6232 1928 2016 2017 
6233 1744 1753 2984 
6234 2184 2789 2973 
6235 676 681 692 
6236 1730 1761 1763 
6237 983 971 4612 
6238 2038 2040 4512 
6239 657 665 1428 
6240 2420 4150 4152 
6241 2795 2290 2796 
6242 3642 3644 3664 
6243 760 753 817 
6244 1932 1373 1933 
6245 1943 2307 2390 
6246 3808 2034 3810 
6247 1569 1571 4519 
6248 2206 2208 2793 
6249 377 5 432 
6250 2023 2022 4491 
6251 1427 1074 4618 
6252 1585 1616 1617 
6253 2981 3625 3915 
6254 2159 2160 2194 
6255 107 108 4785 
6256 2531 2532 2534 
6257 1914 2158 2159 
6258 3818 1534 4530 
6259 2055 2053 2056 
6260 582 338 4440 
6261 3638 3640 3645 
6262 4649 2612 4689 
6263 1339 1379 1870 
6264 936 2095 4450 
6265 2847 2848 2849 
6266 2048 2298 2300 
6267 1986 1522 4551 
6268 2195 2197 2419 
6269 1148 1163 1336 
6270 2431 3854 3855 
6271 2452 3122 3274 
6272 3185 3107 3307 
6273 3971 1537 4538 
6274 2281 2283 2814 
6275 2588 2096 2589 
6276 3404 1210 5531 
6277 3014 2647 4383 
6278 1656 1653 1975 
6279 1493 1492 1494 
6280 1243 1241 1269 
6281 1256 1259 1275 
6282 3190 3192 3300 
6283 4891 1760 4930 
6284 1001 977 3942 
6285 2445 3903 3904 
6286 3103 3101 3108 
6287 1650 1648 4655 
6288 4161 799 4482 
6289 2438 3893 3894 
6290 2187 2408 2540 
6291 2469 1345 4560 
6292 2818 3200 3605 
6293 1973 2249 2547 
6294 2311 2870 3302 
6295 2506 2504 4529 
6296 1810 1808 1983 
6297 3435 2524 3438 
6298 3117 3118 3325 
6299 1153 812 1155 
6300 2869 3515 4470 
6301 1252 1254 1596 
6302 1138 1140 1141 
6303 815 1034 1035 
6304 2541 2543 2544 
6305 2025 2033 2423 
6306 16 17 4679 
6307 4165 1371 4630 
6308 1128 1130 1131 
6309 780 798 2059 
6310 2148 2265 2807 
6311 1910 1912 1961 
6312 3938 1310 4686 
6313 1327 1346 1348 
6314 1036 1126 1127 
6315 2133 1855 2135 
6316 2355 3283 3284 
6317 489 62 4265 
6318 2511 3326 3328 
6319 2584 3066 3067 
6320 3009 4655 4695 
6321 1799 1801 1819 
6322 2317 2398 2824 
6323 2843 2842 3043 
6324 2157 2192 2311 
6325 1931 1544 4159 
6326 2425 3498 3509 
6327 2253 2239 3035 
6328 459 391 2913 
6329 4158 684 4677 
6330 2079 2294 2295 
6331 994 996 998 
6332 1630 1632 1633 
6333 3718 3723 4521 
6334 990 989 4413 
6335 782 762 4177 
6336 2428 2236 2548 
6337 1117 4701 4734 
6338 1343 1642 2064 
6339 2403 3426 4237 
6340 2267 990 4413 
6341 1543 1541 1606 
6342 1539 786 4403 
6343 3106 3105 3107 
6344 2006 1602 4725 
6345 651 648 4351 
6346 2980 2651 4378 
6347 2063 639 4354 
6348 4165 4630 4725 
6349 2277 2098 2278 
6350 413 41 4267 
6351 3189 3131 3194 
6352 671 668 672 
6353 2128 2321 2549 
6354 5 392 2911 
6355 663 659 4473 
6356 3811 3810 3943 
6357 659 654 1152 
6358 1038 3685 4735 
6359 1188 1189 1190 
6360 1617 1828 1829 
6361 3049 2467 4380 
6362 2716 2605 4421 
6363 761 706 822 
6364 2622 2624 2837 
6365 1491 1490 1492 
6366 4403 4404 4531 
6367 790 788 2262 
6368 2914 2717 5188 
6369 420 28 4289 
6370 2696 2552 3239 
6371 2156 1923 4466 
6372 2943 3391 4713 
6373 980 985 986 
6374 1935 1988 2247 
6375 1283 1287 1288 
6376 2884 2324 2886 
6377 2097 1605 2098 
6378 1828 1616 1974 
6379 1873 828 4495 
6380 3378 2384 4236 
6381 1166 1602 1603 
6382 1173 1183 4557 
6383 2248 2915 2985 
6384 701 694 4418 
6385 2714 2713 3209 
6386 2952 2655 4366 
6387 2603 2600 2604 
6388 2826 2737 4376 
6389 1923 1418 4417 
6390 1806 1804 1939 
6391 1790 1814 4736 
6392 1372 1373 1932 
6393 933 973 2634 
6394 1272 1282 1283 
6395 1906 1908 1977 
6396 3342 2590 3345 
6397 802 807 4493 
6398 2924 2659 4362 
6399 1932 2096 2191 
6400 3908 271 4799 
6401 1174 1172 4573 
6402 3237 2346 4382 
6403 2960 2751 4361 
6404 1631 2219 4641 
6405 1603 2006 2007 
6406 3936 2510 3937 
6407 2474 2472 2975 
6408 2893 2663 4358 
6409 2854 2671 4352 
6410 2878 2667 4356 
6411 3792 4551 4705 
6412 3997 2703 3998 
6413 3284 3285 3286 
6414 3110 2617 3379 
6415 2987 4305 4891 
6416 3060 2761 4364 
6417 2289 2137 2290 
6418 3748 4560 4699 
6419 2872 2741 4369 
6420 2191 2588 2590 
6421 1615 2725 4601 
6422 470 378 2909 
6423 3784 3780 4500 
6424 801 792 803 
6425 1493 1494 1495 
6426 2211 1974 2335 
6427 1121 1119 1773 
6428 2276 3164 3165 
6429 1582 2259 2991 
6430 1592 1593 1594 
6431 1355 1356 1372 
6432 2248 2577 2915 
6433 1202 1201 1203 
6434 2031 1840 4211 
6435 2017 2416 2418 
6436 1355 1372 1984 
6437 1858 1526 1860 
6438 1763 1764 1765 
6439 3128 3130 3277 
6440 2991 2993 3803 
6441 2390 3073 3074 
6442 1499 1517 4572 
6443 2988 2368 3204 
6444 2800 2842 2843 
6445 4443 1088 4543 
6446 3244 3154 3385 
6447 2945 2589 3162 
6448 2611 1421 4661 
6449 807 806 808 
6450 3170 2342 4224 
6451 2085 2275 2276 
6452 3427 3428 3560 
6453 925 924 926 
6454 494 19 4307 
6455 692 2539 3068 
6456 4445 1078 4547 
6457 3178 5159 5243 
6458 1935 1829 1988 
6459 1248 1250 1276 
6460 3117 2227 3118 
6461 1765 2002 2003 
6462 1233 1231 1598 
6463 3819 1176 4813 
6464 1056 1059 4688 
6465 1016 1015 1017 
6466 2383 1999 2389 
6467 2363 2274 2364 
6468 1838 1758 1839 
6469 2560 1519 2561 
6470 1870 1881 2027 
6471 1827 2088 2089 
6472 1793 1795 1844 
6473 1737 1715 4381 
6474 3035 2239 4422 
6475 3024 2608 4701 
6476 2849 2848 2850 
6477 2329 2066 2330 
6478 1401 615 4606 
6479 3068 3069 3637 
6480 1403 623 4355 
6481 2300 2964 2965 
6482 4011 4019 4532 
6483 1336 1337 1626 
6484 339 515 4440 
6485 3294 2339 3295 
6486 2974 2369 3197 
6487 1295 1291 1296 
6488 2067 1853 2068 
6489 1333 1334 1355 
6490 1489 1488 1490 
6491 1109 1110 1111 
6492 1244 1246 1600 
6493 2415 2094 4516 
6494 420 4290 5112 
6495 2239 2238 4422 
6496 2949 3156 3352 
6497 3427 2569 3428 
6498 1933 2201 4472 
6499 3525 2572 4395 
6500 487 58 4319 
6501 1141 1142 1143 
6502 599 597 4586 
6503 2956 3512 3513 
6504 923 924 925 
6505 2577 1988 4599 
6506 4411 2846 4644 
6507 791 1523 4526 
6508 3951 3962 4719 
6509 3018 3149 3150 
6510 1237 1235 1266 
6511 1143 1144 1161 
6512 1131 1132 1137 
6513 2341 2244 2628 
6514 1669 1667 4575 
6515 3104 3103 3105 
6516 3053 2279 4515 
6517 4333 2790 4334 
6518 1519 1518 1520 
6519 1991 2238 2239 
6520 5220 505 5319 
6521 1274 1271 1277 
6522 1902 1904 1994 
6523 2278 2098 2279 
6524 1802 1800 1851 
6525 1869 2012 2225 
6526 1293 1291 1295 
6527 1861 1639 1862 
6528 1290 1285 1291 
6529 2411 2413 2949 
6530 3212 2303 4660 
6531 2167 1916 2168 
6532 1284 1277 1285 
6533 1491 1492 1493 
6534 3127 3059 3132 
6535 2847 1847 2848 
6536 3660 1033 4992 
6537 2632 4839 4871 
6538 786 764 787 
6539 1517 1519 2560 
6540 1607 1990 1991 
6541 1915 1606 1916 
6542 2277 2278 4424 
6543 1235 1233 4682 
6544 1755 4438 4717 
6545 1316 1296 1318 
6546 1497 1499 4572 
6547 2105 2055 4454 
6548 4247 543 4248 
6549 829 828 830 
6550 1349 1318 1357 
6551 2883 2483 3207 
6552 3249 3250 3251 
6553 2295 2819 2902 
6554 1883 1836 2061 
6555 2580 2581 2582 
6556 2575 2574 2629 
6557 2601 2607 2866 
6558 1283 1288 1289 
6559 998 1005 1006 
6560 2578 2579 2580 
6561 1517 1518 1519 
6562 827 826 828 
6563 1324 2097 4510 
6564 3292 2865 3293 
6565 1587 1393 1588 
6566 1573 1487 4514 
6567 763 757 764 
6568 3317 2548 3318 
6569 2191 2096 2588 
6570 2563 2574 2575 
6571 1617 1616 1828 
6572 1932 1933 2096 
6573 2075 2076 2077 
6574 2072 2116 2152 
6575 1006 1020 1021 
6576 2152 2406 2895 
6577 3115 2365 4632 
6578 1021 1047 1049 
6579 2605 2604 2606 
6580 2070 2071 2072 
6581 2261 1298 4510 
6582 1834 1776 2223 
6583 1225 1223 2723 
6584 1585 1349 1616 
6585 2688 2689 2690 
6586 1935 2247 4469 
6587 2073 2074 2075 
6588 1489 1490 1491 
6589 646 602 2143 
6590 923 922 924 
6591 673 672 674 
6592 2549 2550 3273 
6593 2247 1988 2248 
6594 1050 1995 4665 
6595 1412 822 1413 
6596 1070 1534 2578 
6597 3183 3184 3461 
6598 2848 1847 4575 
6599 1404 4240 4634 
6600 2338 2336 4428 
6601 862 863 864 
6602 846 847 848 
6603 2713 2279 3052 
6604 1976 1975 2229 
6605 3402 3146 4625 
6606 1358 2266 4683 
6607 1107 1108 1109 
6608 1285 1277 2627 
6609 986 987 988 
6610 1414 1413 1415 
6611 679 674 680 
6612 2559 2382 3145 
6613 3152 3144 3304 
6614 1057 1537 2070 
6615 3256 3162 3425 
6616 1416 1415 1417 
6617 1039 829 4522 
6618 988 989 990 
6619 858 859 860 
6620 1111 1110 1112 
6621 712 816 2073 
6622 687 680 688 
6623 1418 1417 1419 
6624 3358 2629 3359 
6625 694 688 695 
6626 831 830 832 
6627 2211 2335 3031 
6628 860 861 862 
6629 856 857 858 
6630 2481 2479 3206 
6631 2124 1878 2125 
6632 3037 2338 4428 
6633 2976 2975 3747 
6634 2278 2279 2713 
6635 921 920 922 
6636 569 52 4349 
6637 854 855 856 
6638 1622 2611 3183 
6639 2588 2589 2945 
6640 3482 3481 3483 
6641 2799 2797 3353 
6642 1231 1229 4697 
6643 1425 1263 4504 
6644 850 851 852 
6645 1828 1974 2211 
6646 921 922 923 
6647 1324 1301 1333 
6648 2381 2380 2382 
6649 827 828 829 
6650 2707 2708 2709 
6651 1529 1094 4541 
6652 1289 1292 1298 
6653 1781 1422 1878 
6654 1298 1301 1324 
6655 714 713 715 
6656 1520 1639 1861 
6657 1324 1333 1605 
6658 820 819 826 
6659 3463 3184 4616 
6660 3100 3101 3102 
6661 1516 1456 4545 
6662 1866 1460 4544 
6663 1298 1292 1301 
6664 1530 1084 4546 
6665 1289 1288 1292 
6666 1289 2261 4535 
6667 1996 2313 2610 
6668 2598 2597 2599 
6669 1105 1106 1107 
6670 2802 3037 3323 
6671 2953 14 4350 
6672 587 2102 4619 
6673 1316 1318 1349 
6674 515 340 4439 
6675 1320 1323 1329 
6676 2985 2915 2986 
6677 4418 4419 4528 
6678 1533 882 4548 
6679 1295 1296 1316 
6680 959 960 964 
6681 2554 3995 4627 
6682 2136 2134 2137 
6683 2089 2336 2338 
6684 2113 4567 4568 
6685 937 878 4550 
6686 1227 1225 4703 
6687 1627 1104 4540 
6688 820 826 827 
6689 810 809 819 
6690 3084 3083 3085 
6691 2682 2681 2683 
6692 1535 874 4552 
6693 2680 2679 2681 
6694 808 809 810 
6695 1267 1268 1271 
6696 2009 1839 2010 
6697 2161 1956 2246 
6698 2326 2291 2327 
6699 919 918 920 
6700 2869 2389 3387 
6701 1500 1497 4572 
6702 1955 1820 1956 
6703 1267 1274 4504 
6704 3204 4491 4492 
6705 829 830 831 
6706 833 832 834 
6707 2410 3115 3116 
6708 1898 1900 2013 
6709 1271 1268 1272 
6710 919 920 921 
6711 3093 3090 4555 
6712 934 870 4554 
6713 964 965 968 
6714 810 819 820 
6715 1487 1486 1488 
6716 756 754 757 
6717 3061 2286 3063 
6718 1495 1500 4534 
6719 670 3538 5104 
6720 1517 2560 4572 
6721 2678 2412 2679 
6722 864 933 4585 
6723 1072 1071 1073 
6724 1424 1109 4710 
6725 1059 1058 1060 
6726 2985 2986 3306 
6727 835 834 836 
6728 786 787 4403 
6729 775 593 4322 
6730 1434 1433 1435 
6731 917 916 918 
6732 831 1577 4522 
6733 3124 2628 3125 
6734 2285 1967 2286 
6735 1798 1796 1822 
6736 2355 2354 2462 
6737 3042 2257 4553 
6738 2798 2799 2800 
6739 1432 1431 1433 
6740 1263 1264 1267 
6741 2113 1619 4567 
6742 917 918 919 
6743 1487 1488 1489 
6744 2146 2820 2821 
6745 2674 2534 2675 
6746 3203 3086 4571 
6747 4412 1937 4496 
6748 3722 1238 5619 
6749 2197 2196 2354 
6750 963 962 966 
6751 4836 3789 5712 
6752 837 836 838 
6753 1267 1264 1268 
6754 1626 4635 4716 
6755 2256 2246 2424 
6756 1489 1501 4514 
6757 1261 1262 1263 
6758 4630 3012 4725 
6759 2102 2165 3051 
6760 1501 1491 4533 
6761 808 806 809 
6762 2195 2160 2196 
6763 1821 2145 2146 
6764 1430 961 1431 
6765 831 832 833 
6766 2225 2370 2955 
6767 915 916 917 
6768 1536 1099 4566 
6769 1109 1108 1110 
6770 1538 722 4574 
6771 2242 2241 2958 
6772 1800 1798 4690 
6773 3098 3099 3100 
6774 1981 1980 2241 
6775 794 726 4582 
6776 4644 2846 4772 
6777 2159 2158 2160 
6778 1240 1242 1278 
6779 3303 3302 3648 
6780 1107 1106 1108 
6781 1816 1955 4562 
6782 711 714 4579 
6783 4381 1713 4478 
6784 470 2909 2910 
6785 3491 4879 4968 
6786 2273 2785 3036 
6787 839 838 840 
6788 1103 1104 1105 
6789 2605 2606 4421 
6790 2575 2629 3358 
6791 915 914 916 
6792 2089 2338 2615 
6793 2945 3162 3256 
6794 2676 2675 2677 
6795 2162 2326 2328 
6796 694 695 4418 
6797 2311 3302 3303 
6798 1418 1419 4417 
6799 2531 2534 2674 
6800 1575 730 4583 
6801 2800 2799 2842 
6802 4410 1146 4637 
6803 3208 3207 3315 
6804 499 343 4449 
6805 1040 845 1980 
6806 2194 2160 2195 
6807 968 969 976 
6808 1111 1117 4710 
6809 1785 2309 4563 
6810 799 824 4482 
6811 3307 3107 3308 
6812 2287 2183 2288 
6813 4563 2309 4564 
6814 3142 3140 3252 
6815 4269 545 4270 
6816 3284 3283 3285 
6817 1640 1785 4563 
6818 1117 4680 4701 
6819 1263 1262 1264 
6820 585 587 4619 
6821 2593 2139 4227 
6822 971 967 974 
6823 1610 589 4169 
6824 833 834 835 
6825 1914 1913 2157 
6826 2369 2010 4611 
6827 1854 2069 4650 
6828 344 573 4449 
6829 2574 2561 4610 
6830 3096 3097 3098 
6831 1997 866 4585 
6832 2310 3028 3029 
6833 841 840 842 
6834 835 836 837 
6835 2827 2180 2828 
6836 693 698 4487 
6837 1113 1115 4680 
6838 2867 2697 5067 
6839 1105 1104 1106 
6840 2719 2677 2720 
6841 2674 2675 2676 
6842 1485 1484 1486 
6843 2189 1335 4829 
6844 2162 2291 2326 
6845 1261 1260 1262 
6846 1862 1864 2162 
6847 913 914 915 
6848 2721 2720 2722 
6849 3012 2807 3013 
6850 4055 4093 4899 
6851 1597 4313 4600 
6852 573 345 4458 
6853 2812 2919 4590 
6854 369 475 4455 
6855 2002 2184 4486 
6856 3747 2975 3748 
6857 1127 1128 4600 
6858 3102 3101 3103 
6859 2148 2807 3012 
6860 574 368 4455 
6861 1046 837 4580 
6862 1035 1036 4681 
6863 2053 1976 4483 
6864 2330 2066 2613 
6865 2615 2338 2802 
6866 837 838 839 
6867 2610 3005 3006 
6868 1138 1141 4615 
6869 1937 1943 4496 
6870 4588 2535 4758 
6871 1995 1052 4591 
6872 1912 1911 1913 
6873 2637 2639 4734 
6874 1485 1486 1487 
6875 2813 2810 4590 
6876 1049 1047 4696 
6877 1128 1131 4600 
6878 3098 3097 3099 
6879 2182 2181 2183 
6880 3286 3285 3287 
6881 881 950 4592 
6882 1101 1102 1103 
6883 913 912 914 
6884 2606 2604 3534 
6885 2366 2410 3623 
6886 2589 2096 4472 
6887 877 1780 4594 
6888 1018 1017 1019 
6889 346 447 4458 
6890 1103 1102 1104 
6891 2676 2677 2719 
6892 1785 1825 2309 
6893 1229 1227 1265 
6894 5247 3452 5579 
6895 4413 992 4645 
6896 2010 1839 2257 
6897 121 506 4722 
6898 2355 2462 3283 
6899 674 672 2086 
6900 1870 2027 3017 
6901 2803 2722 2804 
6902 2003 2002 4486 
6903 1336 1626 2080 
6904 1582 2991 2992 
6905 1131 1137 1597 
6906 3136 3135 3137 
6907 1624 2285 4596 
6908 2683 2681 2704 
6909 1780 879 4592 
6910 1258 4437 4653 
6911 2197 2354 2355 
6912 1894 1896 2060 
6913 2719 2720 2721 
6914 1483 1482 1484 
6915 695 688 708 
6916 2020 2007 2085 
6917 1137 1138 4615 
6918 1141 1143 1586 
6919 1893 2014 4674 
6920 447 347 4459 
6921 3085 3083 3086 
6922 1603 2007 2020 
6923 361 418 4460 
6924 1877 4859 5013 
6925 1415 1413 1957 
6926 949 875 4594 
6927 692 3068 3070 
6928 3094 3095 3096 
6929 348 575 4459 
6930 2270 3072 3175 
6931 577 360 4460 
6932 1419 1417 1421 
6933 2295 2902 3032 
6934 2721 2722 2803 
6935 3468 2477 3502 
6936 2033 2187 4507 
6937 1493 1495 4534 
6938 2276 3165 3166 
6939 911 912 913 
6940 1371 1846 4630 
6941 1796 1794 4706 
6942 2017 2418 2612 
6943 2330 2613 2614 
6944 715 713 716 
6945 3166 3165 3257 
6946 3145 2382 3146 
6947 839 840 841 
6948 2601 2866 3464 
6949 2125 1878 2379 
6950 2195 2196 2197 
6951 2073 2075 3023 
6952 1481 1480 1482 
6953 2364 2365 2366 
6954 3998 2703 4332 
6955 2266 1611 4596 
6956 3017 2027 3018 
6957 1073 1071 1074 
6958 1622 3183 3494 
6959 356 409 4461 
6960 578 355 4461 
6961 2612 2418 2700 
6962 1765 2003 2004 
6963 3387 2389 3388 
6964 998 1006 2625 
6965 2096 1933 4472 
6966 911 910 912 
6967 2580 2582 2685 
6968 3332 2105 4454 
6969 2145 1817 4595 
6970 4072 4173 4773 
6971 3720 3718 4521 
6972 2080 1626 2081 
6973 2364 2274 2365 
6974 1865 1404 4634 
6975 2853 2852 2888 
6976 2688 2690 2691 
6977 1821 2146 2402 
6978 1914 2157 2158 
6979 1259 1260 1261 
6980 798 815 4513 
6981 2004 2003 2005 
6982 1597 1137 2594 
6983 1060 1058 1061 
6984 1435 1433 1436 
6985 2796 2797 2798 
6986 1097 1098 1099 
6987 2072 2152 2684 
6988 1021 1049 1050 
6989 853 1430 4588 
6990 1815 2042 4595 
6991 3096 3095 3097 
6992 1097 1096 1098 
6993 909 910 911 
6994 2624 2623 2852 
6995 1099 1100 1101 
6996 1099 1098 1100 
6997 703 758 4636 
6998 2614 2694 2865 
6999 2524 2167 4505 
7000 2581 2584 4508 
7001 1479 1478 1480 
7002 843 842 844 
7003 2241 1980 3026 
7004 3100 3099 3101 
7005 2246 1956 2619 
7006 1179 1384 1385 
7007 933 2634 4585 
7008 839 1584 4580 
7009 909 908 910 
7010 3091 3092 3094 
7011 2229 1975 3009 
7012 2606 3534 3535 
7013 841 842 843 
7014 1337 1339 4635 
7015 2261 4510 4656 
7016 1101 1100 1102 
7017 2562 2565 4659 
7018 4334 2790 4335 
7019 2622 2621 2623 
7020 1095 1096 1097 
7021 2082 2081 2411 
7022 3661 3660 4992 
7023 760 817 818 
7024 3483 3481 3484 
7025 2093 2005 2094 
7026 1431 961 1601 
7027 2614 2613 2694 
7028 862 864 865 
7029 4328 4327 4833 
7030 1483 1484 1485 
7031 3094 3092 3095 
7032 1788 1787 1789 
7033 3868 3871 5136 
7034 1481 1482 1483 
7035 2877 3856 4993 
7036 2398 2397 2399 
7037 2595 2594 2596 
7038 2109 2094 2110 
7039 1146 1148 4637 
7040 2176 2273 2274 
7041 2376 2375 2378 
7042 2055 2056 4454 
7043 988 990 1358 
7044 1095 1094 1096 
7045 695 708 709 
7046 1626 1337 4635 
7047 2691 2690 2692 
7048 2400 2399 2621 
7049 2951 2704 3241 
7050 3087 3086 3088 
7051 2685 2582 2686 
7052 1477 1476 1478 
7053 2198 2331 3330 
7054 2114 2112 2115 
7055 1910 1909 1911 
7056 2111 2110 2112 
7057 1794 1792 1818 
7058 2167 2168 4505 
7059 3091 3090 3092 
7060 2597 2596 2601 
7061 3385 528 5667 
7062 3085 3086 3087 
7063 2129 2115 2130 
7064 665 676 4642 
7065 907 906 908 
7066 709 708 710 
7067 1912 1913 1914 
7068 907 908 909 
7069 3089 3090 3091 
7070 2910 2909 3421 
7071 1419 1421 1422 
7072 2168 1916 2169 
7073 1473 1472 1474 
7074 1093 1092 1094 
7075 1475 1474 1476 
7076 3145 3146 3147 
7077 1230 1232 1604 
7078 2131 2130 2132 
7079 3242 3241 3403 
7080 3089 3088 3090 
7081 711 710 712 
7082 668 663 4525 
7083 1597 2594 2595 
7084 1471 1470 1472 
7085 2897 2293 2898 
7086 818 1150 1151 
7087 2125 2379 2380 
7088 858 860 2084 
7089 2552 2124 4520 
7090 715 716 717 
7091 2076 2079 4638 
7092 2317 2316 2397 
7093 2366 2365 2410 
7094 1089 1088 1090 
7095 1091 1090 1092 
7096 2258 2257 3041 
7097 3087 3088 3089 
7098 2923 2922 3082 
7099 697 2046 4657 
7100 2921 2920 2922 
7101 654 651 4527 
7102 2812 2811 2917 
7103 2918 2917 2920 
7104 1422 1421 1622 
7105 1469 1468 1470 
7106 1640 4563 4805 
7107 709 710 711 
7108 1087 1086 1088 
7109 1093 1094 1095 
7110 2693 2692 2809 
7111 1991 2252 4607 
7112 2810 2809 2811 
7113 1479 1480 1481 
7114 992 994 4645 
7115 1754 1928 4649 
7116 1085 1084 1086 
7117 1075 1074 1076 
7118 2687 2686 2688 
7119 2582 2581 4508 
7120 2080 2081 2082 
7121 1050 1049 1051 
7122 2595 2596 2597 
7123 1467 1466 1468 
7124 1151 1178 1179 
7125 905 904 906 
7126 1083 1082 1084 
7127 1923 4417 4466 
7128 903 902 904 
7129 1081 1080 1082 
7130 717 716 718 
7131 901 900 902 
7132 2715 2716 4898 
7133 711 712 713 
7134 1079 1078 1080 
7135 899 898 900 
7136 1465 1464 1466 
7137 2683 2704 2951 
7138 1077 1076 1078 
7139 2153 2132 2154 
7140 1463 1462 1464 
7141 897 896 898 
7142 659 1152 4473 
7143 1461 1460 1462 
7144 895 894 896 
7145 2380 2379 3309 
7146 2587 4537 4941 
7147 2315 2314 2316 
7148 893 892 894 
7149 1459 1458 1460 
7150 3147 3146 3179 
7151 2283 2282 2314 
7152 706 701 4528 
7153 1457 1456 1458 
7154 891 890 892 
7155 2020 2085 3007 
7156 3147 3179 3180 
7157 889 888 890 
7158 1069 1068 1070 
7159 1455 1454 1456 
7160 887 886 888 
7161 3937 2510 4276 
7162 1066 1065 1068 
7163 1062 1061 1063 
7164 1298 1324 4510 
7165 1453 1452 1454 
7166 802 805 806 
7167 885 884 886 
7168 1064 1063 1065 
7169 3180 3363 3364 
7170 883 882 884 
7171 865 864 866 
7172 2168 2169 2170 
7173 1477 1478 1479 
7174 2082 2411 2412 
7175 1451 1450 1452 
7176 1234 1236 1279 
7177 881 880 882 
7178 1091 1092 1093 
7179 3180 3179 3363 
7180 3214 3212 4921 
7181 2281 2280 2282 
7182 905 906 907 
7183 1073 1074 1075 
7184 879 878 880 
7185 1449 1448 1450 
7186 2010 2257 2258 
7187 2155 2154 2205 
7188 843 1040 4605 
7189 1447 1446 1448 
7190 719 718 720 
7191 2206 2205 2207 
7192 877 876 878 
7193 850 852 853 
7194 717 718 719 
7195 1089 1090 1091 
7196 3166 3257 3562 
7197 1445 1444 1446 
7198 1976 2229 4483 
7199 875 874 876 
7200 2208 2207 2209 
7201 1473 1474 1475 
7202 1471 1472 1473 
7203 2923 3082 3083 
7204 1087 1088 1089 
7205 2921 2922 2923 
7206 3364 3363 3365 
7207 1475 1476 1477 
7208 2229 3009 3010 
7209 2102 3051 4619 
7210 1443 1442 1444 
7211 1056 1055 1057 
7212 873 872 874 
7213 2691 2692 2693 
7214 1385 1996 4631 
7215 2918 2920 2921 
7216 721 720 722 
7217 2951 3241 3242 
7218 1052 1051 1053 
7219 1060 1061 1062 
7220 2685 2686 2687 
7221 2131 2823 4608 
7222 1358 990 1360 
7223 2210 2209 2280 
7224 2796 2290 2797 
7225 1054 1053 1055 
7226 2812 2917 2918 
7227 1441 1440 1442 
7228 1491 1493 4533 
7229 1085 1086 1087 
7230 1469 1470 1471 
7231 1816 1817 1820 
7232 871 870 872 
7233 2810 2811 2812 
7234 3345 2590 4559 
7235 3364 3365 3366 
7236 2693 2809 2810 
7237 2174 2175 2176 
7238 1467 1468 1469 
7239 1083 1084 1085 
7240 1437 1436 1438 
7241 2004 2005 2093 
7242 2077 2076 4638 
7243 719 720 721 
7244 3823 708 4663 
7245 869 868 870 
7246 903 904 905 
7247 1346 1827 4549 
7248 1439 1438 1440 
7249 867 866 868 
7250 723 722 724 
7251 1081 1082 1083 
7252 901 902 903 
7253 1075 1076 1077 
7254 1079 1080 1081 
7255 899 900 901 
7256 1465 1466 1467 
7257 1077 1078 1079 
7258 2590 2588 4559 
7259 845 844 846 
7260 897 898 899 
7261 1463 1464 1465 
7262 3479 3480 3481 
7263 895 896 897 
7264 1890 1892 2015 
7265 1461 1462 1463 
7266 893 894 895 
7267 721 722 723 
7268 846 848 849 
7269 2699 2129 4608 
7270 1069 1070 1071 
7271 1459 1460 1461 
7272 2172 2173 2174 
7273 891 892 893 
7274 1457 1458 1459 
7275 889 890 891 
7276 1967 1966 2123 
7277 2832 2834 3160 
7278 1066 1068 1069 
7279 887 888 889 
7280 824 1166 4482 
7281 1455 1456 1457 
7282 1064 1065 1066 
7283 3477 3478 3479 
7284 1062 1063 1064 
7285 885 886 887 
7286 2170 2171 2172 
7287 853 852 854 
7288 1453 1454 1455 
7289 2093 2094 2109 
7290 725 724 726 
7291 723 724 725 
7292 883 884 885 
7293 3366 3365 3395 
7294 4826 498 4897 
7295 881 882 883 
7296 1624 1619 1966 
7297 1451 1452 1453 
7298 2324 1986 4551 
7299 3366 3395 3396 
7300 3434 3476 3477 
7301 879 880 881 
7302 1050 1051 1052 
7303 1846 2148 4630 
7304 1263 1267 4504 
7305 4533 1493 4534 
7306 1449 1450 1451 
7307 877 878 879 
7308 725 726 727 
7309 1056 1057 1058 
7310 3481 3480 4581 
7311 1611 1360 1619 
7312 1447 1448 1449 
7313 2109 2110 2111 
7314 875 876 877 
7315 1445 1446 1447 
7316 1435 1436 1437 
7317 1054 1055 1056 
7318 3396 3395 3397 
7319 1052 1053 1054 
7320 849 848 850 
7321 2258 3276 4611 
7322 3431 3433 3434 
7323 2111 2112 2114 
7324 873 874 875 
7325 2124 2125 4520 
7326 3396 3397 3398 
7327 3479 3478 3480 
7328 1642 2083 4685 
7329 2258 3041 3275 
7330 3002 3001 3003 
7331 3477 3476 3478 
7332 3434 3433 3476 
7333 1443 1444 1445 
7334 1908 1907 1909 
7335 871 872 873 
7336 2216 2217 2455 
7337 3398 3397 3399 
7338 3398 3399 3400 
7339 2042 1812 4617 
7340 2114 2115 2129 
7341 1441 1442 1443 
7342 865 866 867 
7343 727 726 728 
7344 3400 3430 3431 
7345 3400 3399 3430 
7346 1541 1539 4531 
7347 869 870 871 
7348 1584 841 4605 
7349 731 732 733 
7350 1653 1650 4655 
7351 1910 1911 1912 
7352 867 868 869 
7353 3431 3430 3433 
7354 733 734 735 
7355 1439 1440 1441 
7356 975 999 1000 
7357 4492 4491 4673 
7358 3615 3388 3616 
7359 727 728 729 
7360 729 730 731 
7361 2129 2130 2131 
7362 2472 2469 4560 
7363 1624 1966 1967 
7364 2972 2971 3015 
7365 2785 2175 4614 
7366 2173 2695 4614 
7367 1437 1438 1439 
7368 735 736 737 
7369 1820 1817 1821 
7370 731 730 732 
7371 729 728 730 
7372 2244 2242 4542 
7373 733 732 734 
7374 1358 1360 1611 
7375 843 844 845 
7376 1611 1619 1624 
7377 3387 3388 3615 
7378 2262 788 4671 
7379 2131 2132 2153 
7380 973 980 4536 
7381 739 740 741 
7382 787 764 788 
7383 741 745 746 
7384 735 734 736 
7385 1914 2159 4609 
7386 2954 1952 4676 
7387 737 738 739 
7388 1758 1736 4553 
7389 2419 2197 4598 
7390 698 704 4487 
7391 1426 693 4487 
7392 853 854 961 
7393 2184 2973 4486 
7394 2798 2797 2799 
7395 1816 1815 1817 
7396 746 747 748 
7397 2176 2175 2273 
7398 1988 1829 4599 
7399 1190 1191 1192 
7400 2339 2067 4556 
7401 2413 2081 4716 
7402 2153 2154 2155 
7403 3156 4767 4804 
7404 2966 2965 2967 
7405 1047 1343 4696 
7406 2624 2852 2853 
7407 793 801 802 
7408 737 736 738 
7409 1813 1815 1816 
7410 2155 2205 2206 
7411 3563 2792 3564 
7412 4607 3024 4707 
7413 2206 2207 2208 
7414 2622 2623 2624 
7415 2970 2969 2971 
7416 787 788 789 
7417 2179 1948 2180 
7418 1259 1258 1260 
7419 2317 2397 2398 
7420 739 738 740 
7421 1906 1905 1907 
7422 1487 1489 4514 
7423 3197 2369 4611 
7424 1943 2390 4496 
7425 2170 2169 2171 
7426 741 740 745 
7427 2398 2399 2400 
7428 2281 2282 2283 
7429 849 850 4588 
7430 2208 2209 2210 
7431 2056 2053 4483 
7432 2400 2621 2622 
7433 2210 2280 2281 
7434 829 831 4522 
7435 791 792 793 
7436 1999 1883 4561 
7437 2283 2314 2315 
7438 1961 1912 4609 
7439 2315 2316 2317 
7440 2355 3284 4598 
7441 1810 1983 4617 
7442 748 749 750 
7443 2968 2967 2969 
7444 1908 1909 1910 
7445 746 745 747 
7446 758 1582 4636 
7447 1223 1221 4749 
7448 2172 2171 2173 
7449 1790 1789 1814 
7450 2561 1519 4610 
7451 1630 1182 1632 
7452 704 703 4636 
7453 2174 2173 2175 
7454 3374 3375 3505 
7455 2066 1865 4634 
7456 2927 2928 3270 
7457 4710 1117 4734 
7458 789 790 791 
7459 1904 1903 1905 
7460 2300 2965 2966 
7461 4680 3024 4701 
7462 1339 1870 4635 
7463 2187 2540 4507 
7464 1428 665 4642 
7465 1829 1828 4599 
7466 676 692 4642 
7467 1256 1255 1258 
7468 1342 1607 4607 
7469 748 747 749 
7470 2423 2033 4507 
7471 2588 2945 4559 
7472 3229 3228 3393 
7473 1717 1737 4769 
7474 1256 1258 1259 
7475 1280 1260 4653 
7476 802 801 805 
7477 1902 1901 1903 
7478 1221 1220 1257 
7479 1974 1616 4589 
7480 3622 2851 4865 
7481 1836 1834 4578 
7482 818 1151 1959 
7483 1721 1719 4752 
7484 1148 1336 4637 
7485 1786 1641 1787 
7486 3438 2524 4505 
7487 2059 798 4513 
7488 3862 3863 4865 
7489 815 1035 4513 
7490 1941 1922 2142 
7491 1179 1385 1386 
7492 1906 1907 1908 
7493 1910 1961 4622 
7494 2242 2958 4542 
7495 2584 3067 4508 
7496 3209 2713 4570 
7497 1254 1253 1255 
7498 2713 3052 4570 
7499 1856 2133 2134 
7500 1813 1812 1815 
7501 1861 1862 4587 
7502 1348 1346 4549 
7503 1349 1357 4589 
7504 2548 4509 4720 
7505 2266 4596 4694 
7506 1932 2191 4584 
7507 2079 2295 4638 
7508 1984 1372 4584 
7509 750 751 752 
7510 3262 3261 3551 
7511 3508 26 5112 
7512 2859 4320 5166 
7513 1520 1861 4610 
7514 1900 1899 1901 
7515 1254 1255 1256 
7516 684 2048 4677 
7517 1386 1855 1856 
7518 4438 2529 4717 
7519 1355 1984 4651 
7520 1904 1905 1906 
7521 752 753 754 
7522 1811 1812 1813 
7523 2916 2577 4726 
7524 1252 1251 1253 
7525 1783 2305 4691 
7526 1887 1888 2200 
7527 4107 4108 4721 
7528 3239 2552 4520 
7529 994 998 4645 
7530 2483 2481 4577 
7531 1983 1808 4648 
7532 701 4418 4528 
7533 793 792 801 
7534 663 4473 4525 
7535 1977 1908 4622 
7536 672 668 4525 
7537 1372 1932 4584 
7538 2972 3015 3491 
7539 1252 1253 1254 
7540 1152 654 4527 
7541 3473 2214 5426 
7542 1141 1586 4615 
7543 789 788 790 
7544 3254 3373 3374 
7545 791 790 792 
7546 822 706 4528 
7547 803 5033 5036 
7548 1539 4403 4531 
7549 2064 1642 4685 
7550 750 749 751 
7551 1519 1520 4610 
7552 1036 1127 4681 
7553 2698 2867 3417 
7554 1902 1903 1904 
7555 651 4351 4527 
7556 2574 4610 4714 
7557 1898 1897 1899 
7558 3956 3969 4684 
7559 1811 1810 1812 
7560 1099 1101 4566 
7561 1607 1991 4607 
7562 4313 2602 4776 
7563 1250 1249 1251 
7564 4635 3017 4716 
7565 3374 3373 3375 
7566 3260 3261 3262 
7567 1872 1875 1887 
7568 1616 1349 4589 
7569 1996 2610 4631 
7570 2607 2596 4730 
7571 2970 2971 2972 
7572 1333 1355 4651 
7573 5168 510 5479 
7574 1131 1597 4600 
7575 3260 3259 3261 
7576 1606 1541 4531 
7577 1809 1810 1811 
7578 1806 1939 4648 
7579 2634 973 4536 
7580 2786 3672 4907 
7581 2966 2967 2968 
7582 1975 1653 4655 
7583 4569 2267 4759 
7584 1260 1258 4653 
7585 2232 1979 2233 
7586 4388 2715 4851 
7587 980 986 4536 
7588 1827 2089 4549 
7589 1828 2211 4599 
7590 1928 2017 4649 
7591 1250 1251 1252 
7592 3569 3566 4824 
7593 790 2262 4640 
7594 2135 1855 4631 
7595 2886 2324 4551 
7596 272 532 4799 
7597 754 753 760 
7598 1191 3633 5222 
7599 803 792 4640 
7600 976 977 1001 
7601 3245 3246 3254 
7602 1605 1333 4651 
7603 1896 1895 1897 
7604 1900 1901 1902 
7605 2968 2969 2970 
7606 1648 1646 4695 
7607 866 864 4585 
7608 1386 1385 1855 
7609 1792 1790 4736 
7610 3258 3259 3260 
7611 4610 1861 4714 
7612 752 751 753 
7613 1248 1247 1249 
7614 1296 1291 4613 
7615 2975 2472 4560 
7616 1906 1977 4646 
7617 1277 1271 4654 
7618 1271 1272 4654 
7619 4515 1605 4651 
7620 3318 2548 4720 
7621 2162 2328 4587 
7622 2857 2141 4451 
7623 3944 1264 4782 
7624 1248 1249 1250 
7625 2834 2931 4643 
7626 1809 1808 1810 
7627 1839 1758 4553 
7628 3258 3193 3259 
7629 4155 1755 4802 
7630 837 839 4580 
7631 2628 2244 4542 
7632 3565 3564 3566 
7633 2067 2068 4556 
7634 11 400 434 
7635 3295 2339 4556 
7636 1026 1010 1027 
7637 2010 2258 4611 
7638 1226 1228 1281 
7639 2608 2637 4701 
7640 216 217 4764 
7641 3254 3246 3373 
7642 2627 1277 4654 
7643 1939 1804 4666 
7644 3186 3244 3245 
7645 3950 3951 4719 
7646 4795 2997 4825 
7647 3484 3481 4581 
7648 1807 1808 1809 
7649 2134 2133 2367 
7650 2389 1999 4561 
7651 1272 4535 4654 
7652 1856 1855 2133 
7653 1345 1147 4699 
7654 1898 1899 1900 
7655 3999 1403 4623 
7656 3192 3193 3258 
7657 3153 3154 3186 
7658 1246 1245 1247 
7659 1156 1376 1377 
7660 3042 4752 4769 
7661 3205 2926 3310 
7662 1894 1893 1895 
7663 512 16 4679 
7664 1883 2061 4561 
7665 1285 2627 4613 
7666 1291 1285 4613 
7667 2810 2812 4590 
7668 1994 1904 4646 
7669 1246 1247 1248 
7670 2148 3012 4630 
7671 4491 2022 4673 
7672 3245 3244 3246 
7673 1052 1054 4591 
7674 1222 1224 2028 
7675 879 881 4592 
7676 1522 1129 4705 
7677 2629 2574 4714 
7678 3192 3191 3193 
7679 875 877 4594 
7680 1896 1897 1898 
7681 2794 2630 4715 
7682 850 853 4588 
7683 1807 1806 1808 
7684 4461 3471 5350 
7685 1343 2064 4696 
7686 3186 3154 3244 
7687 1805 1806 1807 
7688 1802 1851 4666 
7689 3151 3152 3153 
7690 3928 3932 4743 
7691 2529 2531 4717 
7692 1192 1193 1194 
7693 1327 1348 4723 
7694 2197 2355 4598 
7695 3143 3144 3151 
7696 1244 1243 1245 
7697 1611 1624 4596 
7698 2594 1137 4615 
7699 443 3836 5044 
7700 1244 1245 1246 
7701 4831 2993 4842 
7702 3213 3214 3215 
7703 1375 1972 4834 
7704 1817 1815 4595 
7705 841 843 4605 
7706 2061 1836 4578 
7707 1834 2223 4578 
7708 1921 1920 1922 
7709 2266 4694 4794 
7710 3792 2886 4551 
7711 2613 2066 4634 
7712 785 718 4748 
7713 3567 3566 3568 
7714 1902 1994 4664 
7715 1120 1342 4707 
7716 3190 3191 3192 
7717 2022 1858 4718 
7718 3153 3152 3154 
7719 3803 2091 4929 
7720 1912 1914 4609 
7721 1582 2992 4636 
7722 1304 1303 1305 
7723 1892 1891 1893 
7724 4557 2225 4731 
7725 2089 2615 4549 
7726 1805 1804 1806 
7727 1894 1895 1896 
7728 1803 1804 1805 
7729 446 3410 5501 
7730 3141 3142 3143 
7731 3215 3216 3217 
7732 3108 3917 5245 
7733 1862 2162 4587 
7734 4221 1292 4733 
7735 1870 3017 4635 
7736 2129 2131 4608 
7737 3190 3189 3191 
7738 1858 1860 4718 
7739 3432 4293 5324 
7740 3139 3140 3141 
7741 3207 2483 4577 
7742 3555 2593 4741 
7743 3441 3040 3442 
7744 3486 4289 4979 
7745 692 3070 4642 
7746 1242 1241 1243 
7747 3188 3189 3190 
7748 1336 2080 4637 
7749 3211 3212 3213 
7750 2828 2830 3177 
7751 975 974 999 
7752 2481 3206 4577 
7753 3151 3144 3152 
7754 1242 1243 1244 
7755 3137 3138 3139 
7756 1266 1235 4682 
7757 3248 2327 3249 
7758 2048 2300 4677 
7759 1070 2578 4618 
7760 2326 2327 3248 
7761 2461 2988 4711 
7762 4509 2178 4720 
7763 712 2073 4620 
7764 1803 1802 1804 
7765 3558 978 5549 
7766 4108 4104 4814 
7767 2556 2200 2631 
7768 2705 1408 2706 
7769 1801 1802 1803 
7770 1057 2070 4621 
7771 2295 3032 4638 
7772 4164 2517 4743 
7773 1585 3504 5127 
7774 3188 3131 3189 
7775 3019 4482 4754 
7776 1156 1027 1157 
7777 2175 2173 4614 
7778 2013 1900 4664 
7779 1851 1800 4690 
7780 1895 1893 4674 
7781 2086 672 4525 
7782 1832 1849 1940 
7783 3310 2926 3473 
7784 3143 3142 3144 
7785 3748 2975 4560 
7786 2382 2380 4625 
7787 4386 4710 4734 
7788 1878 1422 4626 
7789 2225 2955 4731 
7790 2577 4599 4726 
7791 998 2625 4645 
7792 716 713 4620 
7793 1888 1875 1889 
7794 2217 1917 4825 
7795 3130 3131 3188 
7796 1956 1820 4624 
7797 1074 1071 4618 
7798 713 712 4620 
7799 1240 1241 1242 
7800 1240 1239 1241 
7801 2365 2274 4632 
7802 941 936 4450 
7803 1892 1893 1894 
7804 2257 1839 4553 
7805 1194 1195 1196 
7806 1890 1889 1891 
7807 1622 3494 4626 
7808 2984 1753 4689 
7809 1598 1231 4697 
7810 1071 1070 4618 
7811 1061 1058 4621 
7812 854 856 4629 
7813 1908 1910 4622 
7814 1297 1327 4723 
7815 1422 1622 4626 
7816 2274 2273 4632 
7817 3009 1975 4655 
7818 2380 3309 4625 
7819 4923 4579 4954 
7820 3029 3028 3056 
7821 1004 1015 1016 
7822 1812 1810 4617 
7823 1058 1057 4621 
7824 3130 3129 3131 
7825 1801 1800 1802 
7826 2017 2612 4649 
7827 430 246 4820 
7828 3141 3140 3142 
7829 4865 3863 5582 
7830 1799 1800 1801 
7831 3388 2389 4561 
7832 1821 2402 4624 
7833 967 966 4633 
7834 1054 1056 4688 
7835 2680 2682 4844 
7836 2273 3036 4632 
7837 2830 2832 4687 
7838 1820 1821 4624 
7839 1601 961 4629 
7840 2305 1410 4702 
7841 1631 2058 2219 
7842 4887 2691 4918 
7843 3391 3291 3392 
7844 4546 4939 4977 
7845 2309 2310 4565 
7846 1022 1019 1023 
7847 3137 3135 3138 
7848 3128 3129 3130 
7849 2073 3023 4620 
7850 961 854 4629 
7851 757 754 4639 
7852 1308 1307 1309 
7853 1633 1632 2198 
7854 1376 1157 1926 
7855 3146 2382 4625 
7856 1292 1288 4733 
7857 4079 4089 4800 
7858 4673 2022 4718 
7859 2379 1878 4626 
7860 247 554 4820 
7861 3217 3218 3219 
7862 716 4620 4748 
7863 3139 3138 3140 
7864 1238 1237 1239 
7865 1143 1161 4658 
7866 1196 1197 1198 
7867 846 849 4647 
7868 1342 4607 4707 
7869 1238 1239 1240 
7870 3128 3127 3129 
7871 3463 4616 4876 
7872 3010 3009 4761 
7873 2263 1982 2264 
7874 845 846 4647 
7875 4575 1752 4709 
7876 2082 2678 4766 
7877 1980 845 4647 
7878 2934 2932 3075 
7879 1000 1009 1011 
7880 1799 1798 1800 
7881 2455 2456 3168 
7882 1797 1798 1799 
7883 2678 2680 4807 
7884 2619 1956 4624 
7885 1890 1891 1892 
7886 688 680 4663 
7887 1855 1385 4631 
7888 2850 2848 4709 
7889 680 674 4662 
7890 1109 1111 4710 
7891 1417 1415 4661 
7892 3022 3134 3135 
7893 2261 4656 4770 
7894 2309 1825 2310 
7895 1006 1021 4665 
7896 708 688 4663 
7897 4615 1586 4730 
7898 1904 1906 4646 
7899 1586 1143 4658 
7900 4556 2068 4698 
7901 674 2086 4662 
7902 4413 4645 4759 
7903 3026 1980 4647 
7904 1421 1417 4661 
7905 3126 3127 3128 
7906 3160 2834 4643 
7907 1415 1957 4661 
7908 1198 1199 1200 
7909 1377 1948 1949 
7910 792 790 4640 
7911 4620 3023 4748 
7912 1887 1875 1888 
7913 1009 999 1010 
7914 1236 1237 1238 
7915 1236 1235 1237 
7916 2286 1967 4727 
7917 1822 1796 4706 
7918 1795 1796 1797 
7919 1797 1796 1798 
7920 2537 4557 4731 
7921 860 862 4672 
7922 2625 1006 4665 
7923 1021 1050 4665 
7924 2193 1885 4850 
7925 3129 5026 5068 
7926 1066 3875 4757 
7927 764 757 4671 
7928 3856 2794 4959 
7929 736 796 4708 
7930 1436 1433 4670 
7931 1433 1431 4670 
7932 2576 2948 4738 
7933 4599 2211 4726 
7934 2179 2180 2827 
7935 3359 2629 4783 
7936 2725 2726 4603 
7937 3126 3059 3127 
7938 2297 2218 2839 
7939 2850 4709 5587 
7940 2827 2828 4593 
7941 1431 1601 4670 
7942 1026 1027 1156 
7943 4564 2309 4565 
7944 316 317 4827 
7945 523 3614 5536 
7946 2594 4615 4730 
7947 4861 3680 4889 
7948 1888 1889 1890 
7949 1808 1806 4648 
7950 2241 3026 4675 
7951 966 2270 4633 
7952 862 865 4672 
7953 1788 1789 1790 
7954 3219 3220 3221 
7955 754 760 4639 
7956 2958 2241 4675 
7957 1306 1305 1307 
7958 2084 860 4672 
7959 3249 3251 3617 
7960 1377 1376 1948 
7961 738 736 4708 
7962 1964 1366 4116 
7963 2517 3928 4743 
7964 402 401 463 
7965 3058 3059 3126 
7966 2725 1951 2726 
7967 3221 3222 3223 
7968 2198 1632 2222 
7969 986 988 4683 
7970 2787 2788 4742 
7971 2639 4386 4734 
7972 3545 3547 4832 
7973 4647 849 4758 
7974 2998 2999 3000 
7975 2880 2130 4803 
7976 3452 3450 5288 
7977 1288 1297 4733 
7978 3056 3028 3057 
7979 1602 4165 4725 
7980 1234 1233 1235 
7981 3009 4695 4761 
7982 102 555 4845 
7983 1234 1235 1236 
7984 988 1358 4683 
7985 2255 2996 4933 
7986 2879 3802 4745 
7987 4591 1054 4688 
7988 3223 3224 3225 
7989 1900 1902 4664 
7990 1872 1871 1874 
7991 1795 1794 1796 
7992 2848 4575 4709 
7993 2841 3021 3022 
7994 966 1032 2270 
7995 1265 1227 4703 
7996 4986 3036 5014 
7997 3058 3057 3059 
7998 2531 2674 4717 
7999 4602 2725 4603 
8000 4974 1797 5009 
8001 2820 3148 4822 
8002 2270 1032 3072 
8003 1297 4723 4733 
8004 2115 2711 4803 
8005 3563 3564 3565 
8006 3567 3568 3570 
8007 3964 3966 5451 
8008 2300 2966 4677 
8009 1793 1794 1795 
8010 427 101 4845 
8011 1967 2123 4727 
8012 760 818 4668 
8013 2081 1626 4716 
8014 3530 3541 5736 
8015 1918 2218 2296 
8016 788 764 4671 
8017 3056 3057 3058 
8018 1786 1787 1788 
8019 1064 1066 4757 
8020 1861 4587 4714 
8021 1232 1231 1233 
8022 4174 4077 4744 
8023 2961 2728 2962 
8024 401 11 2925 
8025 4240 1361 4790 
8026 3026 4647 4758 
8027 1232 1233 1234 
8028 1804 1802 4666 
8029 2211 3031 4726 
8030 818 1959 4668 
8031 2297 2840 2841 
8032 2331 2978 2979 
8033 4645 2625 4759 
8034 3788 1992 5170 
8035 1841 1635 2212 
8036 3225 3226 3227 
8037 2832 3160 4687 
8038 1791 1792 1793 
8039 3012 3013 4774 
8040 3942 982 4786 
8041 4410 4637 4766 
8042 968 976 978 
8043 1793 1792 1794 
8044 399 398 472 
8045 2331 2222 2978 
8046 4103 4105 4814 
8047 3531 66 5266 
8048 1329 1330 1363 
8049 1872 1874 1875 
8050 1213 1214 1215 
8051 1788 1790 1791 
8052 1849 1848 1871 
8053 1353 1919 1920 
8054 2310 1825 3027 
8055 1604 1232 4712 
8056 4536 986 4683 
8057 4458 3297 5298 
8058 3565 3566 3567 
8059 1156 1157 1376 
8060 4869 4526 4919 
8061 2806 3529 5332 
8062 1043 1352 1353 
8063 1427 4618 4746 
8064 2580 2685 4746 
8065 3022 3021 3134 
8066 2881 2255 4951 
8067 1230 1231 1232 
8068 1860 1526 4780 
8069 954 941 4450 
8070 1234 1279 4712 
8071 1009 1010 1026 
8072 4889 3680 4907 
8073 1230 1229 1231 
8074 1949 2179 2181 
8075 2198 2222 2331 
8076 680 4662 4663 
8077 1025 1028 1029 
8078 57 487 4848 
8079 2996 3686 4750 
8080 1179 1386 4700 
8081 1603 2020 4754 
8082 2828 3177 4593 
8083 4553 1736 4752 
8084 1959 1151 4700 
8085 1321 1319 1608 
8086 1765 2004 4732 
8087 886 884 4751 
8088 2707 2706 2708 
8089 4983 454 5052 
8090 4448 4621 4753 
8091 4794 4694 4838 
8092 2310 3027 3028 
8093 2072 2684 4753 
8094 1832 1831 1848 
8095 3454 1562 5550 
8096 3120 3119 3121 
8097 1791 1790 1792 
8098 3042 4553 4752 
8099 4753 2684 4813 
8100 1922 1920 2144 
8101 2288 2900 3008 
8102 4746 2685 4809 
8103 2712 3047 4900 
8104 3935 3936 4833 
8105 1264 1262 4782 
8106 2627 4654 4770 
8107 1332 1393 1587 
8108 4639 760 4668 
8109 1308 1309 1310 
8110 1609 1608 1917 
8111 2220 2293 2897 
8112 1357 4916 4938 
8113 570 56 4848 
8114 1957 1413 4760 
8115 757 4639 4671 
8116 1151 1179 4700 
8117 2623 2621 4779 
8118 974 967 4633 
8119 1747 4155 4857 
8120 1849 1871 1872 
8121 1309 1312 4686 
8122 4482 1166 4754 
8123 1230 1604 4729 
8124 400 399 2959 
8125 1635 1633 4762 
8126 1918 1917 2216 
8127 2596 2594 4730 
8128 737 739 4775 
8129 1608 4795 4825 
8130 5267 1773 5737 
8131 1000 999 1009 
8132 1736 1721 4752 
8133 1228 1227 1229 
8134 1890 2015 4724 
8135 1949 1948 2179 
8136 1016 1017 1018 
8137 1409 1407 1410 
8138 959 964 1620 
8139 4471 1763 4732 
8140 2169 4763 4819 
8141 2180 1948 4728 
8142 2219 2220 4498 
8143 1228 1229 1230 
8144 2169 1916 4763 
8145 4490 3274 4810 
8146 2068 1853 4787 
8147 4637 2080 4766 
8148 3410 446 5595 
8149 4732 2004 4816 
8150 4654 4535 4770 
8151 2841 2840 3021 
8152 1390 4158 4830 
8153 2093 2632 4816 
8154 1818 1792 4736 
8155 1308 1310 1640 
8156 4695 2230 4761 
8157 403 402 3243 
8158 4296 489 4858 
8159 4618 2578 4746 
8160 2198 3330 4762 
8161 1018 1019 1022 
8162 1222 2028 4840 
8163 1409 1411 1954 
8164 2578 2580 4746 
8165 2855 2141 2857 
8166 1755 4717 4802 
8167 4163 1727 4839 
8168 408 407 465 
8169 2723 1223 4749 
8170 2118 2302 2304 
8171 1769 3664 5018 
8172 2695 2171 4819 
8173 1832 1848 1849 
8174 2297 2839 2840 
8175 1226 1225 1227 
8176 1226 1227 1228 
8177 1204 1205 1206 
8178 949 4594 4773 
8179 1022 1041 1043 
8180 822 4528 4760 
8181 404 403 488 
8182 217 517 4764 
8183 3270 2928 3313 
8184 3934 4167 4871 
8185 2288 2183 2900 
8186 5078 2948 5135 
8187 1784 1783 1831 
8188 4621 2070 4753 
8189 393 9 435 
8190 2200 1888 4724 
8191 108 527 4785 
8192 482 3986 4860 
8193 1763 1765 4732 
8194 810 820 4811 
8195 1785 1786 1825 
8196 2631 2200 4724 
8197 2212 1635 4762 
8198 1166 1603 4754 
8199 3177 2830 4687 
8200 1321 1609 2272 
8201 3347 2792 3563 
8202 1041 1023 1042 
8203 1127 4600 4776 
8204 2140 1952 2141 
8205 4725 3012 4774 
8206 2882 2189 4829 
8207 2593 4227 4741 
8208 1606 4531 4763 
8209 1182 1038 4735 
8210 2070 2072 4753 
8211 3336 3220 5082 
8212 1831 1783 4691 
8213 397 10 492 
8214 1185 1124 1186 
8215 2781 4273 4854 
8216 1918 2216 2218 
8217 4168 4471 4732 
8218 966 962 1032 
8219 2057 1629 5041 
8220 3000 3001 3002 
8221 1719 1717 4769 
8222 2006 4725 4774 
8223 1219 1220 1221 
8224 4070 4072 4773 
8225 5237 2899 5472 
8226 1025 1013 1028 
8227 2514 4306 4765 
8228 1209 1210 1211 
8229 541 197 4888 
8230 1306 1307 1308 
8231 1281 1228 4729 
8232 718 716 4748 
8233 3354 2963 3355 
8234 129 130 4926 
8235 1320 1329 4795 
8236 1202 1203 1204 
8237 4052 4045 4859 
8238 1784 1831 1832 
8239 1310 1309 4686 
8240 884 1533 4751 
8241 2794 4715 4928 
8242 2455 3168 3448 
8243 2613 4634 4790 
8244 1212 1286 1406 
8245 1411 1410 1783 
8246 1785 1641 1786 
8247 3218 3232 5082 
8248 4168 4732 4816 
8249 1224 1223 1225 
8250 1872 1887 4740 
8251 1200 1201 1202 
8252 1073 1075 4797 
8253 1406 1407 1408 
8254 1224 1225 1226 
8255 2296 2218 2297 
8256 2791 2792 3347 
8257 4898 2716 4931 
8258 395 394 473 
8259 1972 3112 4834 
8260 3003 3040 3441 
8261 4634 4240 4790 
8262 4885 3271 5370 
8263 1609 1917 1918 
8264 1640 1641 1785 
8265 1215 1216 1217 
8266 5242 538 5313 
8267 4754 2020 4842 
8268 2106 1387 4879 
8269 1413 822 4760 
8270 4528 4419 4760 
8271 4446 4445 4855 
8272 4531 4404 4763 
8273 1916 1606 4763 
8274 1217 1218 1219 
8275 1960 737 4775 
8276 198 443 4888 
8277 2846 2847 4772 
8278 1226 1281 4737 
8279 3007 4831 4842 
8280 1526 1116 4780 
8281 2782 3949 4877 
8282 1640 1310 1641 
8283 2107 2108 2118 
8284 4278 1747 4886 
8285 2302 2108 2303 
8286 1376 1926 4728 
8287 2264 1982 2873 
8288 1232 1234 4712 
8289 2016 1929 4895 
8290 2028 1224 4737 
8291 811 4526 4869 
8292 4781 3468 5280 
8293 1321 1608 1609 
8294 4425 2955 4903 
8295 1367 1612 1613 
8296 1206 1205 1207 
8297 406 405 491 
8298 4050 4048 4901 
8299 849 4588 4758 
8300 1427 4746 4809 
8301 1632 1182 4735 
8302 1222 1223 1224 
8303 3112 3111 3264 
8304 4151 4154 5204 
8305 2220 2897 4498 
8306 1738 1709 4883 
8307 1185 1852 2107 
8308 1408 1407 1409 
8309 1304 1305 1306 
8310 3227 3228 3229 
8311 4448 4753 4813 
8312 2836 2163 4872 
8313 1262 1280 4782 
8314 1411 1783 1784 
8315 1888 1890 4724 
8316 2267 4413 4759 
8317 2701 2876 4924 
8318 1222 1221 1223 
8319 1435 1437 4817 
8320 1993 4613 4788 
8321 3796 3678 4924 
8322 2158 3650 5224 
8323 4770 4656 4788 
8324 5018 3664 5023 
8325 1353 1352 1919 
8326 3270 3313 3314 
8327 1793 1844 4846 
8328 3053 4515 4792 
8329 4766 2678 4807 
8330 2080 2082 4766 
8331 4717 2674 4802 
8332 2621 3424 4779 
8333 3685 2616 4927 
8334 1300 1303 1304 
8335 1940 1849 4740 
8336 2839 2218 4768 
8337 2731 3525 4914 
8338 4138 1390 4870 
8339 1532 890 4867 
8340 1031 1029 1160 
8341 2791 2710 2792 
8342 1409 1410 1411 
8343 4633 3176 4777 
8344 2140 2855 2856 
8345 2874 2873 4652 
8346 727 729 4836 
8347 2718 3545 4832 
8348 1920 1919 4704 
8349 2940 4597 5128 
8350 2629 4714 4783 
8351 2264 2873 2874 
8352 2413 4716 4767 
8353 1948 1376 4728 
8354 4818 1369 4921 
8355 271 272 4799 
8356 3802 3938 4976 
8357 3683 3233 5401 
8358 888 938 4867 
8359 3893 3892 4987 
8360 1016 1018 2101 
8361 4738 2948 5078 
8362 1043 1041 1352 
8363 5027 2919 5043 
8364 4807 2680 4844 
8365 2708 2710 2791 
8366 3513 3581 4864 
8367 1853 1510 4787 
8368 4763 4404 4819 
8369 5088 2913 5418 
8370 5060 805 5074 
8371 1314 1319 1321 
8372 982 1004 4786 
8373 1022 1023 1041 
8374 1950 1614 1952 
8375 3210 2303 3211 
8376 4600 4313 4776 
8377 2783 3113 4905 
8378 2996 4906 4933 
8379 1563 1565 4935 
8380 4866 2707 4999 
8381 2140 2141 2855 
8382 4155 4802 4857 
8383 1588 1590 1595 
8384 4535 2261 4770 
8385 1633 2198 4762 
8386 1329 2997 4795 
8387 1335 1302 4829 
8388 2993 3019 4842 
8389 1747 4857 4886 
8390 3017 3018 4767 
8391 3007 2085 4843 
8392 4651 1984 4792 
8393 1228 1230 4729 
8394 1367 1159 1612 
8395 3902 4490 4810 
8396 4780 1116 4797 
8397 4681 1127 4776 
8398 1304 1306 2103 
8399 2708 2706 2710 
8400 1984 4452 4792 
8401 1613 1614 1615 
8402 4523 4524 4798 
8403 4660 4818 4921 
8404 1035 4681 4851 
8405 4772 2847 4815 
8406 2868 4294 4896 
8407 5048 2063 5079 
8408 3235 4441 5357 
8409 2276 3166 4843 
8410 2255 4933 4951 
8411 2996 4750 4906 
8412 2222 1632 4735 
8413 4105 2854 4915 
8414 4660 1852 4818 
8415 4679 17 4942 
8416 1979 1394 4667 
8417 4158 4677 4830 
8418 3612 3611 5131 
8419 2801 4291 4902 
8420 4994 3850 5558 
8421 407 406 3181 
8422 4081 4079 4800 
8423 1406 1286 1407 
8424 962 954 4755 
8425 1116 1073 4797 
8426 4683 2266 4794 
8427 2144 1920 4704 
8428 2997 1363 2998 
8429 2794 4928 4959 
8430 319 320 4912 
8431 1045 1124 1185 
8432 1329 1363 2997 
8433 2378 3173 3404 
8434 4714 4587 4783 
8435 3425 509 5569 
8436 3455 580 5518 
8437 3856 4959 4993 
8438 4563 4564 4784 
8439 2885 3416 5017 
8440 1826 1452 4893 
8441 1219 1221 1222 
8442 3836 443 5132 
8443 4692 2305 4943 
8444 9 408 3020 
8445 3019 4754 4842 
8446 4677 2966 4830 
8447 3728 2992 4929 
8448 3503 3423 5254 
8449 2632 2109 4875 
8450 4515 4651 4792 
8451 12 404 3247 
8452 1615 1950 1951 
8453 1849 1872 4740 
8454 3002 3003 4791 
8455 3027 4747 4846 
8456 3463 4876 4923 
8457 1705 1739 4925 
8458 4109 4931 4985 
8459 1450 1515 4893 
8460 740 1583 4890 
8461 2118 2108 2302 
8462 3057 4894 4945 
8463 2421 3551 5176 
8464 2216 2455 4768 
8465 405 12 3064 
8466 4410 4766 4807 
8467 3027 1825 4747 
8468 1879 1027 4917 
8469 4104 4103 4814 
8470 4716 3017 4767 
8471 3618 4689 4837 
8472 3562 4895 4956 
8473 1477 1479 4863 
8474 2726 2727 2728 
8475 3899 2423 4841 
8476 3728 4929 4978 
8477 4170 2718 4832 
8478 2694 2613 4790 
8479 1135 810 4811 
8480 4547 1427 4809 
8481 353 354 4908 
8482 4587 2328 4783 
8483 472 398 2929 
8484 2962 2963 3119 
8485 2943 2944 3291 
8486 1224 1226 4737 
8487 3018 3150 4804 
8488 2130 2115 4803 
8489 90 421 4937 
8490 4787 1510 4817 
8491 4851 2715 4898 
8492 2302 2303 3210 
8493 1786 1788 4747 
8494 2107 1852 2108 
8495 1004 1016 4786 
8496 4613 2627 4788 
8497 1788 1791 4747 
8498 4747 1791 4846 
8499 1390 4830 4870 
8500 4811 4153 5204 
8501 3000 3002 3004 
8502 4843 3166 4956 
8503 4767 3018 4804 
8504 1212 1213 1286 
8505 2634 4536 4794 
8506 2218 2216 4768 
8507 1825 1786 4747 
8508 2674 2676 4802 
8509 1950 1952 2140 
8510 4569 4759 4812 
8511 1161 4410 4807 
8512 2997 2998 4910 
8513 4536 4683 4794 
8514 2151 2698 4850 
8515 1212 1211 1213 
8516 246 247 4820 
8517 4352 4353 4915 
8518 2955 2956 4903 
8519 2838 3662 4801 
8520 454 4243 5052 
8521 5234 1574 5252 
8522 1185 1186 1852 
8523 3916 5011 5049 
8524 2941 2943 4713 
8525 1293 1317 4920 
8526 1760 4278 4930 
8527 783 3820 4932 
8528 18 494 4942 
8529 4002 1002 4990 
8530 1510 1435 4817 
8531 1010 999 4777 
8532 3760 4235 5004 
8533 1319 1320 4795 
8534 2260 4579 4923 
8535 4132 2419 5752 
8536 2726 1951 2727 
8537 2944 2942 3580 
8538 1982 1841 4781 
8539 317 412 4827 
8540 2627 4770 4788 
8541 2847 2849 4815 
8542 1997 4585 4838 
8543 1363 1330 4756 
8544 3196 5208 5241 
8545 492 10 2932 
8546 1613 1612 1614 
8547 1215 1217 2730 
8548 243 244 4988 
8549 3213 3215 3233 
8550 2685 2687 4809 
8551 2536 4463 4944 
8552 1325 1375 4834 
8553 3305 5508 5646 
8554 1188 1190 1369 
8555 2688 2691 4887 
8556 5588 2415 5675 
8557 2459 1964 4116 
8558 2939 2940 3159 
8559 1841 2212 4781 
8560 3418 3417 5165 
8561 3341 3224 5140 
8562 1615 1614 1950 
8563 4825 2997 4910 
8564 3157 5122 5161 
8565 4665 1995 4812 
8566 2693 2813 4918 
8567 4935 3521 5170 
8568 2962 2728 2963 
8569 3004 3002 3055 
8570 2851 3862 4865 
8571 2821 2820 4822 
8572 1464 4094 5724 
8573 1176 4448 4813 
8574 954 4450 4755 
8575 128 129 4955 
8576 2883 3208 4989 
8577 1879 4948 5532 
8578 2610 3006 4873 
8579 3222 3336 5140 
8580 5176 3551 5202 
8581 4900 3047 4916 
8582 2455 3448 4768 
8583 2262 4911 4965 
8584 2856 2855 3114 
8585 1409 1954 4808 
8586 999 974 4777 
8587 3948 704 4874 
8588 577 4865 5582 
8589 535 78 4958 
8590 4327 3935 4833 
8591 1202 1204 1350 
8592 1357 1318 4916 
8593 1592 1594 1637 
8594 481 5196 5368 
8595 1194 1196 1362 
8596 2004 2093 4816 
8597 2634 4794 4838 
8598 4681 4388 4851 
8599 2706 1408 4808 
8600 1032 962 4755 
8601 1330 1332 4756 
8602 3225 3227 3230 
8603 1938 727 4836 
8604 814 823 4992 
8605 974 4633 4777 
8606 3594 4704 5308 
8607 2877 4993 5048 
8608 5247 3335 5670 
8609 2378 2375 3173 
8610 3219 3221 3231 
8611 2852 2623 4970 
8612 2916 4726 4821 
8613 3585 2422 5504 
8614 3513 4864 4903 
8615 3003 3441 4791 
8616 2171 2169 4819 
8617 101 102 4845 
8618 1630 1634 5041 
8619 5052 4243 5097 
8620 804 747 4936 
8621 1727 3934 4839 
8622 2607 4922 4964 
8623 473 394 2935 
8624 4793 3054 4881 
8625 3803 2993 4831 
8626 4258 4259 5006 
8627 2934 3075 3076 
8628 2728 2727 4771 
8629 2625 4665 4812 
8630 492 2933 2941 
8631 812 783 4932 
8632 4507 3741 4841 
8633 4278 4886 4930 
8634 3119 2963 3354 
8635 3526 3527 4984 
8636 4353 2878 4996 
8637 4446 4887 4918 
8638 2873 1982 4781 
8639 5215 1627 5218 
8640 1408 1409 4808 
8641 3994 2795 5036 
8642 56 57 4848 
8643 1332 1587 4756 
8644 1608 1319 4795 
8645 4689 2612 4837 
8646 4759 2625 4812 
8647 690 4138 4934 
8648 3667 1587 4949 
8649 4778 2705 4866 
8650 1963 1496 4969 
8651 3231 4897 5077 
8652 2332 2189 2882 
8653 2966 2968 4830 
8654 4702 1286 4835 
8655 2423 4507 4841 
8656 1208 1207 1209 
8657 3964 5451 5546 
8658 4641 2219 4868 
8659 2456 4910 4953 
8660 3564 2792 4913 
8661 4546 1136 4939 
8662 4025 4022 4950 
8663 1843 1492 4962 
8664 2612 2700 4837 
8665 1002 857 5008 
8666 1972 3111 3112 
8667 4109 4503 4931 
8668 3566 3564 4824 
8669 5106 4434 5119 
8670 4016 4012 4966 
8671 4758 2535 4847 
8672 940 894 4952 
8673 3984 2729 5017 
8674 1026 4405 4861 
8675 3344 497 5397 
8676 2803 4891 4930 
8677 3664 1769 5050 
8678 1743 1769 5018 
8679 4010 4013 4966 
8680 1209 1211 1212 
8681 3355 2963 4771 
8682 4812 1995 4904 
8683 5137 3263 5158 
8684 2987 4891 4909 
8685 4024 4025 4980 
8686 4569 4812 4904 
8687 1198 1200 1628 
8688 1766 1745 5018 
8689 4585 2634 4838 
8690 1494 1843 4969 
8691 2941 2942 2943 
8692 1022 1043 4806 
8693 4547 4809 4855 
8694 1488 1958 4957 
8695 3968 4190 5373 
8696 1016 2101 4786 
8697 4802 2676 4857 
8698 1161 4807 4844 
8699 3789 5170 5352 
8700 4809 2687 4855 
8701 1206 1208 1636 
8702 4032 4027 4980 
8703 892 1532 4952 
8704 1212 1406 4778 
8705 3112 3264 3572 
8706 2803 2804 4909 
8707 3026 4758 4847 
8708 3905 690 4968 
8709 335 336 5032 
8710 2564 4391 5037 
8711 1958 1486 4963 
8712 2085 2276 4843 
8713 1885 2151 4850 
8714 4686 1312 4789 
8715 1321 2272 4789 
8716 3937 4276 4989 
8717 4201 5638 5676 
8718 3132 3059 4945 
8719 3799 3798 5056 
8720 1312 1314 4789 
8721 3538 2599 5105 
8722 4554 4940 4973 
8723 2992 2991 4929 
8724 3535 3540 5030 
8725 1756 4212 4982 
8726 1308 1640 4805 
8727 1009 1026 4861 
8728 3636 1381 4862 
8729 3543 5378 5444 
8730 4201 2781 4854 
8731 704 4636 4874 
8732 2695 4869 4919 
8733 1998 1193 5222 
8734 2710 2706 4808 
8735 1208 1209 4778 
8736 4726 3031 4821 
8737 2789 3663 5016 
8738 1206 1207 1208 
8739 4676 1612 4849 
8740 2020 3007 4842 
8741 1484 1944 4963 
8742 1042 1045 4793 
8743 4018 4017 4950 
8744 2698 3417 3418 
8745 4749 1257 4796 
8746 3418 5165 5353 
8747 855 3631 5008 
8748 715 742 4961 
8749 472 2929 3280 
8750 807 808 4986 
8751 5435 4432 5441 
8752 3057 3028 4894 
8753 3916 4162 5011 
8754 1917 1608 4825 
8755 1529 5116 5123 
8756 2943 2942 2944 
8757 2114 2699 4967 
8758 2135 4631 4873 
8759 473 2936 2937 
8760 2933 2932 2934 
8761 3116 5084 5204 
8762 4444 5061 5076 
8763 4537 2684 4941 
8764 3863 3861 5098 
8765 538 4229 5313 
8766 2939 2938 2940 
8767 1314 1321 4789 
8768 2684 2152 4941 
8769 4031 4129 5015 
8770 1213 1215 4835 
8771 4140 482 4860 
8772 489 4266 4858 
8773 2937 2938 2939 
8774 3235 5357 5431 
8775 1028 1013 4889 
8776 3198 3532 3533 
8777 2860 3362 5028 
8778 2698 3418 4850 
8779 4045 4047 4859 
8780 5113 1823 5124 
8781 1306 1308 4805 
8782 1010 4777 4917 
8783 4658 1161 4844 
8784 4047 4049 5013 
8785 2249 2806 4997 
8786 4839 2632 4875 
8787 1185 2107 4793 
8788 1944 1482 4991 
8789 3198 3076 3532 
8790 3850 3933 5739 
8791 3569 4824 4981 
8792 1018 1022 4806 
8793 3797 1926 5262 
8794 4037 4034 5015 
8795 4513 1035 4851 
8796 183 184 4995 
8797 4816 2632 4871 
8798 3055 3002 4791 
8799 2219 4498 4868 
8800 1580 1477 4863 
8801 4057 4055 4899 
8802 3226 3341 5189 
8803 1159 1031 4849 
8804 4830 2968 4870 
8805 4201 4854 5638 
8806 3021 2840 5231 
8807 2101 1018 4806 
8808 4356 4357 4996 
8809 4675 3026 4847 
8810 3631 3632 5008 
8811 1286 1213 4835 
8812 3463 4923 4954 
8813 1300 1304 4796 
8814 4593 523 5536 
8815 1348 4549 4906 
8816 4497 3904 4987 
8817 441 302 5035 
8818 1946 3607 4956 
8819 2938 2936 3331 
8820 4167 4168 4871 
8821 978 3558 5564 
8822 2676 2719 4857 
8823 4939 2813 4977 
8824 1257 1300 4796 
8825 1791 1793 4846 
8826 492 2932 2933 
8827 2934 3076 3198 
8828 4286 3795 5718 
8829 2963 2728 4771 
8830 223 224 5077 
8831 3413 2077 5649 
8832 3539 3228 5189 
8833 1304 2103 4796 
8834 2140 2856 4823 
8835 4639 4668 4911 
8836 4916 3047 4938 
8837 4138 4870 4934 
8838 4554 1997 4940 
8839 3607 4843 4956 
8840 1186 1188 4818 
8841 4777 3176 4917 
8842 4404 811 4869 
8843 1586 4658 4922 
8844 4245 428 5010 
8845 1993 4788 4900 
8846 5644 412 5692 
8847 1957 4760 4876 
8848 1478 1514 5003 
8849 2103 1306 4805 
8850 3854 3853 5107 
8851 2233 1979 4667 
8852 1031 1160 4849 
8853 332 333 5038 
8854 4243 550 5097 
8855 3223 3225 4826 
8856 2607 4730 4922 
8857 375 376 5029 
8858 2817 2816 5057 
8859 4445 4547 4855 
8860 3537 3534 5054 
8861 2163 2536 4872 
8862 3739 4641 4868 
8863 890 888 4867 
8864 576 3627 5310 
8865 4207 2782 4877 
8866 1209 1212 4778 
8867 2319 3377 5056 
8868 1381 960 5039 
8869 1852 1186 4818 
8870 1709 1707 4883 
8871 1045 1185 4793 
8872 1799 1819 5009 
8873 690 4934 4968 
8874 1612 1159 4849 
8875 4254 549 5006 
8876 197 198 4888 
8877 2262 4671 4911 
8878 2695 4819 4869 
8879 4788 4656 4900 
8880 4668 4628 4911 
8881 1011 1009 4861 
8882 1215 2730 4835 
8883 1514 1476 5031 
8884 1735 3901 5051 
8885 4241 540 4884 
8886 1769 1742 5066 
8887 4305 1760 4891 
8888 2566 2564 5037 
8889 1739 1703 5047 
8890 3828 3829 5044 
8891 1387 3905 4879 
8892 2620 3458 4880 
8893 4357 2893 5070 
8894 5096 3570 5246 
8895 4894 1844 4945 
8896 2936 2935 4853 
8897 4631 2610 4873 
8898 2941 2933 2942 
8899 4750 1348 4906 
8900 4911 4628 4965 
8901 3230 3687 4826 
8902 2968 2970 4870 
8903 4351 2063 5048 
8904 4722 506 4852 
8905 4857 2719 4886 
8906 4616 1957 4876 
8907 3108 3101 5025 
8908 3836 3831 5044 
8909 2727 1951 4823 
8910 3533 1998 5559 
8911 4446 4855 4887 
8912 2827 4593 5536 
8913 3489 3246 5667 
8914 3099 3380 5025 
8915 1879 4917 4948 
8916 3132 4974 5009 
8917 473 2935 2936 
8918 582 4102 5032 
8919 1531 898 5042 
8920 1219 1222 4840 
8921 4005 4990 5174 
8922 2251 3859 5235 
8923 3199 2817 5696 
8924 4658 3038 4922 
8925 4443 4543 5043 
8926 3604 516 5264 
8927 1951 1950 4823 
8928 4715 2086 4928 
8929 1013 1011 4889 
8930 2086 4525 4928 
8931 2109 2111 4875 
8932 3055 4791 4955 
8933 4735 3685 4927 
8934 1795 1797 4974 
8935 2222 4735 4927 
8936 4226 2868 4896 
8937 353 4908 5164 
8938 896 940 5042 
8939 2898 5463 5556 
8940 4163 4839 4875 
8941 1352 1041 4881 
8942 395 473 4882 
8943 1929 1946 4895 
8944 1699 1741 5065 
8945 4760 4419 4876 
8946 4835 2730 4943 
8947 1472 1886 5045 
8948 4207 5717 5744 
8949 1950 2140 4823 
8950 3021 5231 5361 
8951 3428 2569 5037 
8952 3675 3312 5680 
8953 4215 2801 4902 
8954 4922 3038 4964 
8955 2687 2688 4887 
8956 4702 4835 4943 
8957 4636 2992 4874 
8958 2719 2721 4886 
8959 745 740 4890 
8960 3253 2318 5088 
8961 749 804 5046 
8962 4465 2808 5060 
8963 3048 4160 5414 
8964 4168 4816 4871 
8965 5260 3050 5538 
8966 4169 2464 5156 
8967 2628 4542 5001 
8968 4094 4050 4901 
8969 1029 1028 4960 
8970 4883 1707 4925 
8971 5117 3796 5719 
8972 1011 4861 4889 
8973 1217 1219 4840 
8974 1452 1450 4893 
8975 1587 1588 4949 
8976 3236 5221 5261 
8977 678 667 5104 
8978 2845 2783 4905 
8979 1042 4793 4881 
8980 4931 2716 4985 
8981 2730 1217 4840 
8982 3757 2385 5133 
8983 1041 1042 4881 
8984 3645 3640 5050 
8985 4808 1954 4913 
8986 1188 1369 4818 
8987 3680 2786 4907 
8988 3645 3947 5160 
8989 3642 3664 5050 
8990 4117 2731 4914 
8991 2600 2599 5054 
8992 80 414 5089 
8993 5026 1819 5068 
8994 4513 4851 4898 
8995 1740 3891 5081 
8996 2956 3513 4903 
8997 4358 4359 5070 
8998 2937 2936 2938 
8999 3221 3223 4897 
9000 517 3599 5182 
9001 2059 4513 4898 
9002 817 753 5064 
9003 4526 1523 4919 
9004 1997 4838 4940 
9005 3304 3144 5053 
9006 4907 3672 4960 
9007 4846 1844 4894 
9008 1995 4591 4904 
9009 4542 3465 5001 
9010 569 4349 4970 
9011 130 485 4926 
9012 4819 4404 4869 
9013 320 558 4912 
9014 26 27 5112 
9015 4827 412 5644 
9016 2919 2918 5061 
9017 3028 3027 4894 
9018 3225 3230 4826 
9019 2710 4808 4913 
9020 2888 2852 5095 
9021 354 578 4908 
9022 3194 3131 5068 
9023 4568 4569 4904 
9024 84 85 5118 
9025 2217 4825 4910 
9026 530 4131 5121 
9027 2921 2923 5076 
9028 1595 1590 4856 
9029 4207 4877 5717 
9030 304 564 5087 
9031 1294 1293 4920 
9032 1866 4544 4899 
9033 3422 458 5746 
9034 4656 2712 4900 
9035 1707 1705 4925 
9036 3419 2811 5080 
9037 3505 3305 5462 
9038 1523 4493 4971 
9039 4872 2536 5481 
9040 4619 3161 5439 
9041 2854 4352 4915 
9042 3142 3252 5053 
9043 1318 1993 4916 
9044 5063 2296 5147 
9045 3961 3964 5546 
9046 4886 2721 4930 
9047 4897 498 5077 
9048 3678 2701 4924 
9049 3129 3127 5026 
9050 3534 2604 5054 
9051 2179 2827 5002 
9052 3443 507 5609 
9053 4359 2924 5120 
9054 1803 1805 5086 
9055 4891 2803 4909 
9056 4870 2970 4934 
9057 2202 2881 5099 
9058 745 4890 4936 
9059 2809 3034 5080 
9060 4460 418 5012 
9061 1027 1010 4917 
9062 3382 5267 5737 
9063 1954 1411 4981 
9064 1751 3497 5483 
9065 4419 2260 4923 
9066 4940 3062 4973 
9067 4549 2615 4906 
9068 2807 3238 5085 
9069 942 902 5092 
9070 2887 2353 5524 
9071 1746 3886 5110 
9072 528 3489 5667 
9073 4954 714 4961 
9074 474 4338 5090 
9075 3331 2936 4853 
9076 801 803 5074 
9077 170 497 5111 
9078 1590 1592 4856 
9079 357 358 5098 
9080 3231 3221 4897 
9081 867 1008 5094 
9082 3663 2700 4979 
9083 2691 2693 4918 
9084 2840 2839 5093 
9085 3558 3557 5507 
9086 885 1842 5100 
9087 4296 4858 5276 
9088 4971 4493 5014 
9089 900 1531 5092 
9090 4906 2615 4933 
9091 1732 3916 5049 
9092 581 186 5168 
9093 4876 4419 4923 
9094 3253 5088 5418 
9095 4671 4639 4911 
9096 2059 4898 4931 
9097 4614 2695 4919 
9098 104 3917 5134 
9099 5097 550 5151 
9100 443 199 5132 
9101 89 90 4937 
9102 3888 2864 5179 
9103 1382 4109 4985 
9104 4838 4694 4940 
9105 3637 2269 5199 
9106 3672 2702 4947 
9107 4503 2059 4931 
9108 5005 2791 5182 
9109 2991 3803 4929 
9110 3027 4846 4894 
9111 950 883 5100 
9112 4117 4914 4983 
9113 4779 569 4970 
9114 4463 1963 4944 
9115 1992 1563 4935 
9116 4430 1357 4938 
9117 2387 3420 5133 
9118 17 18 4942 
9119 1155 812 4932 
9120 508 4286 5718 
9121 4875 2111 4967 
9122 134 462 5264 
9123 2721 2803 4930 
9124 4855 2687 4887 
9125 200 538 5132 
9126 555 103 5134 
9127 2792 2710 4913 
9128 4862 1381 5163 
9129 3408 5062 5237 
9130 1801 1803 5073 
9131 4084 4081 5157 
9132 4597 2940 5281 
9133 4525 4473 4928 
9134 4163 4875 4967 
9135 4212 1732 5072 
9136 4730 1586 4922 
9137 819 809 5119 
9138 3172 2879 5147 
9139 520 3567 5738 
9140 4501 3894 5107 
9141 2615 2802 4933 
9142 4815 2849 4885 
9143 1993 4900 4916 
9144 4362 4363 5120 
9145 4904 4591 4946 
9146 4672 865 5094 
9147 516 133 5264 
9148 2978 2222 4927 
9149 4824 1954 4981 
9150 1208 4778 4866 
9151 3462 4954 4961 
9152 806 805 5106 
9153 3000 3004 4953 
9154 747 745 4936 
9155 1100 1098 5122 
9156 187 510 5168 
9157 3223 4826 4897 
9158 1136 4446 4939 
9159 3193 3191 5124 
9160 3085 3087 5123 
9161 4568 4904 4946 
9162 4828 3344 4892 
9163 2823 2153 5109 
9164 2161 2421 5176 
9165 2459 4116 5165 
9166 4918 2813 4939 
9167 3047 4424 4938 
9168 2708 2791 5005 
9169 2841 3022 5154 
9170 504 128 4955 
9171 2601 3464 5105 
9172 2866 2607 4964 
9173 4022 4018 4950 
9174 2970 2972 4934 
9175 3549 3550 5034 
9176 3580 2942 4878 
9177 1918 2296 5063 
9178 1592 1637 4856 
9179 4688 3549 4946 
9180 2898 2293 5463 
9181 1809 1811 5137 
9182 2599 2597 5105 
9183 1741 1697 5149 
9184 3796 475 5719 
9185 3593 3654 5450 
9186 3762 5232 5392 
9187 2989 2154 5141 
9188 372 508 5117 
9189 3461 2322 5466 
9190 5102 1940 5139 
9191 3901 4147 5171 
9192 4363 2952 5186 
9193 3540 4657 5030 
9194 3494 3158 5488 
9195 557 30 5159 
9196 2152 2895 4941 
9197 1636 1208 4866 
9198 3690 1405 5487 
9199 4235 1382 5022 
9200 3189 3194 5113 
9201 1316 1585 5127 
9202 3394 3032 5693 
9203 3476 1953 5468 
9204 3479 3482 5143 
9205 4632 3036 5069 
9206 126 3444 5609 
9207 1028 4907 4960 
9208 1405 3765 5487 
9209 1748 3873 5138 
9210 78 79 4958 
9211 3176 3175 4948 
9212 1528 906 5155 
9213 2532 2859 5166 
9214 4967 2699 5011 
9215 1352 4881 5019 
9216 2123 1966 5114 
9217 2377 2374 5590 
9218 473 2937 4882 
9219 4579 714 4954 
9220 2132 2880 5141 
9221 1693 1750 5173 
9222 1317 1295 5127 
9223 349 350 5152 
9224 3763 2866 5233 
9225 4771 5315 5448 
9226 4933 2802 4951 
9227 4919 1523 4971 
9228 3462 3463 4954 
9229 4087 4056 5359 
9230 2206 2793 5142 
9231 4724 2015 4994 
9232 1832 1940 5102 
9233 3961 5546 5624 
9234 947 3584 5039 
9235 3485 3477 5143 
9236 3212 4660 4921 
9237 3340 2964 5217 
9238 2947 1941 5181 
9239 92 548 5197 
9240 119 120 5216 
9241 904 942 5155 
9242 2743 2872 5193 
9243 4928 4473 4959 
9244 4185 1400 5337 
9245 4694 3062 4940 
9246 2950 2534 5166 
9247 1175 4444 5103 
9248 3306 5168 5479 
9249 894 892 4952 
9250 4745 2272 5063 
9251 1636 3539 5225 
9252 4439 341 5145 
9253 342 499 5145 
9254 934 4554 4973 
9255 2802 3323 4951 
9256 2934 3198 4878 
9257 4380 3073 5749 
9258 2308 3630 5258 
9259 934 4973 5000 
9260 3059 3057 4945 
9261 2272 1609 5063 
9262 1490 1488 4957 
9263 1490 4957 4962 
9264 550 4245 5151 
9265 4591 4688 4946 
9266 2091 4374 4978 
9267 4276 2883 4989 
9268 4562 1955 5176 
9269 3638 3645 5160 
9270 2877 5048 5079 
9271 421 91 5197 
9272 4686 4789 4976 
9273 4012 4010 4966 
9274 4287 503 5177 
9275 4376 4117 4983 
9276 3071 4430 4998 
9277 2933 2934 4878 
9278 4789 2272 4976 
9279 1492 1490 4962 
9280 4934 2972 4968 
9281 3727 3725 5091 
9282 564 305 5205 
9283 3071 4998 5024 
9284 521 3669 5457 
9285 1382 4985 5022 
9286 2900 2183 5075 
9287 3166 3562 4956 
9288 4366 4367 5186 
9289 3038 2784 4964 
9290 142 451 5248 
9291 1496 1494 4969 
9292 419 352 5164 
9293 525 141 5248 
9294 3584 3475 5039 
9295 4628 3995 4965 
9296 3443 3121 5505 
9297 4917 3176 4948 
9298 3062 3061 4973 
9299 714 715 4961 
9300 1486 1484 4963 
9301 529 243 4988 
9302 3268 3267 4984 
9303 306 417 5205 
9304 4069 4092 5214 
9305 4027 4024 4980 
9306 3497 1751 5530 
9307 2723 4749 5040 
9308 3097 3095 5194 
9309 5017 3416 5650 
9310 31 32 5243 
9311 3892 4497 4987 
9312 4473 1152 4959 
9313 4148 1756 4982 
9314 4286 508 5200 
9315 107 4785 5395 
9316 4367 2980 5230 
9317 1428 3734 5293 
9318 2876 3456 5470 
9319 3132 4945 4974 
9320 3157 3089 5183 
9321 3644 3728 4978 
9322 4640 2262 4965 
9323 2214 3473 5453 
9324 561 3422 5746 
9325 447 4459 5492 
9326 3116 4154 5275 
9327 4257 425 5206 
9328 5011 2699 5049 
9329 2111 2114 4967 
9330 3078 3044 5196 
9331 1369 1190 5021 
9332 4552 934 5000 
9333 4614 4919 4971 
9334 3974 5420 5438 
9335 3259 3263 5185 
9336 2785 4971 5014 
9337 2700 3486 4979 
9338 2972 3491 4968 
9339 4085 4071 5214 
9340 2019 1024 5674 
9341 3995 3994 5033 
9342 1844 1795 4974 
9343 4692 4943 5007 
9344 943 910 5210 
9345 3421 2221 5514 
9346 3096 3098 5215 
9347 4459 3266 5492 
9348 1110 1108 5208 
9349 2785 4614 4971 
9350 4493 807 5014 
9351 1361 4156 5071 
9352 2404 2237 5254 
9353 4474 3855 5217 
9354 4430 4938 4998 
9355 2623 4779 4970 
9356 374 579 5200 
9357 960 947 5039 
9358 4938 4424 4998 
9359 2620 4880 5088 
9360 2942 2933 4878 
9361 4908 3658 5164 
9362 479 3161 5370 
9363 508 373 5200 
9364 808 1135 4986 
9365 3102 3104 5234 
9366 1732 5049 5072 
9367 4099 4098 5223 
9368 558 321 5240 
9369 1530 4546 4977 
9370 2305 4702 4943 
9371 3608 3080 5226 
9372 4005 4002 4990 
9373 4858 2950 5276 
9374 3231 3682 5220 
9375 2813 4590 4977 
9376 908 1528 5210 
9377 505 226 5401 
9378 3569 4981 5102 
9379 2892 2196 5224 
9380 3322 3071 5024 
9381 2747 2745 5229 
9382 66 67 5266 
9383 4973 3061 5000 
9384 5223 4098 5686 
9385 1848 1831 5144 
9386 549 4258 5006 
9387 2428 3503 5254 
9388 429 3451 5240 
9389 1033 814 4992 
9390 1588 1595 4949 
9391 1689 1768 5244 
9392 1621 4447 5157 
9393 411 3577 5406 
9394 5293 3734 5340 
9395 2852 4970 5095 
9396 4543 1530 5027 
9397 4415 183 4995 
9398 2716 4421 4985 
9399 3833 3836 5242 
9400 3070 3736 5268 
9401 548 4441 5289 
9402 322 429 5240 
9403 4581 1857 5572 
9404 2793 2208 5212 
9405 1823 1807 5158 
9406 4378 4379 5230 
9407 4959 1152 4993 
9408 4652 2019 5674 
9409 3068 3637 5199 
9410 4978 4374 5023 
9411 2046 3760 5004 
9412 2723 5040 5129 
9413 1160 1029 4960 
9414 1482 1480 4991 
9415 4251 544 5312 
9416 2954 4676 5178 
9417 1750 1691 5244 
9418 4379 3014 5271 
9419 2998 3000 4953 
9420 1119 1114 5221 
9421 2373 3561 5294 
9422 4790 1361 5071 
9423 4255 4256 5343 
9424 2046 5004 5030 
9425 2547 2249 4997 
9426 2328 2326 5207 
9427 2210 2281 5238 
9428 2878 4356 4996 
9429 4348 3882 5317 
9430 3236 3106 5251 
9431 3644 4978 5023 
9432 3754 2906 5535 
9433 2214 1947 5426 
9434 4991 1480 5003 
9435 3804 2526 5012 
9436 1429 914 5249 
9437 930 956 5274 
9438 2160 2158 5224 
9439 4773 4594 5180 
9440 4424 2714 4998 
9441 4374 1766 5023 
9442 227 3683 5401 
9443 4601 4602 5353 
9444 1411 1784 4981 
9445 1194 1362 5059 
9446 4034 4031 5015 
9447 3434 3485 5250 
9448 4998 2714 5024 
9449 1096 1529 5161 
9450 4162 4163 5011 
9451 1152 4527 4993 
9452 4267 4268 5256 
9453 1634 1777 5377 
9454 691 685 5296 
9455 857 855 5008 
9456 124 507 5459 
9457 2297 2841 5175 
9458 3978 335 5032 
9459 4881 3054 5019 
9460 4320 563 5276 
9461 5288 3450 5630 
9462 428 3921 5010 
9463 3421 5260 5538 
9464 1745 1743 5018 
9465 2178 4238 5288 
9466 3125 2628 5001 
9467 1480 1478 5003 
9468 3061 3063 5000 
9469 3178 2789 5016 
9470 3938 4686 4976 
9471 2729 2885 5017 
9472 3577 411 5443 
9473 3356 2967 5272 
9474 4049 4053 5013 
9475 3114 5115 5216 
9476 2143 4586 5239 
9477 3196 3100 5252 
9478 912 943 5249 
9479 3210 3589 5702 
9480 3990 2396 5515 
9481 506 122 5440 
9482 3597 1552 5562 
9483 2631 4724 4994 
9484 3233 3683 5480 
9485 5069 1135 5084 
9486 4744 4078 5364 
9487 3432 3431 5250 
9488 3987 3817 5389 
9489 2181 2179 5002 
9490 3103 3108 5245 
9491 449 3617 5574 
9492 2058 2057 5390 
9493 4383 4384 5271 
9494 2683 2951 5232 
9495 4259 413 5256 
9496 4785 3308 5395 
9497 5461 3175 5478 
9498 417 307 5290 
9499 2286 4727 5219 
9500 2859 2860 5028 
9501 2709 2708 5005 
9502 3457 3049 5265 
9503 1112 1574 5261 
9504 4373 922 5304 
9505 302 303 5035 
9506 3036 2785 5014 
9507 1685 1771 5291 
9508 3882 795 5344 
9509 4434 4433 5150 
9510 571 4314 5299 
9511 4446 4918 4939 
9512 1992 4935 5170 
9513 4070 4773 5180 
9514 4262 553 5407 
9515 3346 3195 5454 
9516 1210 3404 5732 
9517 4384 3030 5295 
9518 4901 4048 5533 
9519 3267 3020 5524 
9520 4985 4421 5022 
9521 5336 4711 5402 
9522 1797 1799 5009 
9523 1857 4179 5572 
9524 3587 493 5055 
9525 2965 3340 5272 
9526 4441 2920 5289 
9527 4380 2044 5297 
9528 2986 2915 5259 
9529 948 918 5279 
9530 2376 4597 5281 
9531 1530 4977 5027 
9532 4421 3536 5022 
9533 2795 4465 5036 
9534 579 375 5029 
9535 4376 4983 5052 
9536 3079 2906 5587 
9537 3163 4472 5270 
9538 308 4293 5290 
9539 5034 3550 5114 
9540 3664 3644 5023 
9541 4274 652 5293 
9542 2714 3209 5024 
9543 1629 1630 5041 
9544 1877 895 5273 
9545 4958 79 5089 
9546 4441 548 5357 
9547 3599 5005 5182 
9548 1768 1687 5291 
9549 2095 932 5274 
9550 3101 3099 5025 
9551 1121 1773 5267 
9552 1281 4729 5420 
9553 319 4912 5734 
9554 1476 1474 5031 
9555 916 1429 5279 
9556 2569 2566 5037 
9557 2113 4568 5034 
9558 3488 3279 5735 
9559 4640 4965 5033 
9560 4977 4590 5027 
9561 3114 2855 5115 
9562 4590 2919 5027 
9563 333 511 5038 
9564 1203 1370 5473 
9565 1190 1192 5021 
9566 1968 3395 5673 
9567 3628 576 5565 
9568 4393 4394 5295 
9569 4064 4044 5162 
9570 4190 533 5373 
9571 3109 4884 5148 
9572 4657 2046 5030 
9573 4800 1621 5157 
9574 3384 2971 5307 
9575 2917 3419 5289 
9576 4692 5007 5191 
9577 1703 1701 5047 
9578 1008 4744 5364 
9579 507 3443 5505 
9580 5009 1819 5026 
9581 4965 3995 5033 
9582 4884 540 5148 
9583 2063 4354 5079 
9584 803 4640 5033 
9585 544 88 5312 
9586 5031 1474 5045 
9587 1241 1239 5301 
9588 456 4255 5343 
9589 4727 3879 5219 
9590 3831 3828 5044 
9591 4444 4443 5043 
9592 2814 2283 5278 
9593 4840 2028 5007 
9594 2410 3116 5275 
9595 3125 5499 5561 
9596 4877 3949 5706 
9597 4135 1735 5051 
9598 3753 2221 5538 
9599 3127 3132 5026 
9600 4749 4796 5040 
9601 3348 3167 5345 
9602 3798 2319 5056 
9603 3 185 5517 
9604 164 2 5518 
9605 2315 2317 5303 
9606 3168 2456 5020 
9607 507 125 5609 
9608 1814 3172 5255 
9609 920 948 5304 
9610 4057 4899 5192 
9611 5079 4354 5101 
9612 2396 3990 5608 
9613 4854 4273 5626 
9614 2937 2939 5130 
9615 3065 2232 5444 
9616 898 896 5042 
9617 657 1428 5293 
9618 4796 2103 5040 
9619 1681 1772 5330 
9620 2875 3868 5136 
9621 4261 416 5318 
9622 2123 5114 5167 
9623 2969 3356 5307 
9624 1919 1352 5019 
9625 522 235 5574 
9626 4517 5603 5632 
9627 1474 1472 5045 
9628 3640 3642 5050 
9629 3305 2822 5462 
9630 2641 2638 5322 
9631 5043 2919 5061 
9632 5478 3072 5482 
9633 3815 3816 5541 
9634 751 749 5046 
9635 1106 1627 5241 
9636 4993 4527 5048 
9637 3745 3297 5492 
9638 3400 3432 5324 
9639 2103 4784 5040 
9640 4745 5063 5147 
9641 3036 4986 5069 
9642 1362 1196 5126 
9643 4982 2823 5109 
9644 3587 5055 5201 
9645 5047 1701 5065 
9646 4354 640 5101 
9647 1771 1683 5330 
9648 3077 2405 5482 
9649 4148 5109 5142 
9650 1886 1470 5334 
9651 803 5036 5074 
9652 3556 3558 5549 
9653 4946 3549 5034 
9654 3043 2842 5283 
9655 363 576 5310 
9656 4910 2998 4953 
9657 418 362 5310 
9658 3126 3128 5326 
9659 3305 3505 5508 
9660 3744 3133 5549 
9661 1247 1245 5333 
9662 4422 4423 5305 
9663 4944 1963 5498 
9664 1940 3738 5139 
9665 184 3 5517 
9666 2 165 5518 
9667 4058 4063 5359 
9668 3510 414 5282 
9669 4163 4967 5011 
9670 2699 4608 5049 
9671 4527 4351 5048 
9672 2753 2960 5371 
9673 4945 1844 4974 
9674 4080 4083 5364 
9675 2826 4376 5052 
9676 3124 3125 5561 
9677 3394 3890 5649 
9678 3408 3751 5062 
9679 2253 3035 5321 
9680 548 93 5357 
9681 650 653 5391 
9682 1198 1628 5126 
9683 5407 553 5464 
9684 3182 4517 5632 
9685 5035 303 5087 
9686 3077 5482 5485 
9687 3766 3800 5539 
9688 2816 2894 5057 
9689 1468 1512 5334 
9690 3075 4882 5130 
9691 2248 2985 5329 
9692 3550 3546 5167 
9693 236 449 5574 
9694 4667 3523 5586 
9695 4755 4450 5198 
9696 4899 4544 5192 
9697 2808 4434 5060 
9698 4858 4266 5354 
9699 3308 3107 5320 
9700 3914 2771 5658 
9701 2454 2451 5422 
9702 5391 1388 5392 
9703 2205 2989 5338 
9704 1535 4552 5336 
9705 5354 4266 5433 
9706 751 5046 5064 
9707 3169 3766 5507 
9708 3242 5391 5392 
9709 3959 3961 5624 
9710 4315 496 5403 
9711 2604 2600 5054 
9712 5007 2028 5191 
9713 1701 1699 5065 
9714 2845 4905 5442 
9715 4248 4518 5343 
9716 2826 5052 5097 
9717 2675 2950 5354 
9718 2757 2755 5381 
9719 1253 1251 5358 
9720 2948 5108 5135 
9721 951 4087 5625 
9722 3175 3072 5478 
9723 3840 3838 5383 
9724 1513 4090 5655 
9725 578 4461 5350 
9726 4642 3070 5268 
9727 4171 500 5376 
9728 3144 3142 5053 
9729 552 310 5406 
9730 2181 5002 5075 
9731 431 106 5395 
9732 1742 1762 5066 
9733 2101 4738 5078 
9734 3933 3850 5743 
9735 1636 4866 4999 
9736 3140 3138 5346 
9737 4892 572 5349 
9738 1737 3634 5446 
9739 2954 5178 5316 
9740 172 572 5397 
9741 3250 3907 5527 
9742 3694 539 5508 
9743 1202 1350 5187 
9744 4568 4946 5034 
9745 497 171 5397 
9746 5016 557 5159 
9747 542 4140 5500 
9748 2824 2398 5341 
9749 3282 3809 5526 
9750 2400 2622 5366 
9751 4399 2897 5213 
9752 7 426 5437 
9753 3188 3190 5372 
9754 3312 1965 5610 
9755 5142 2793 5171 
9756 498 223 5077 
9757 2918 2921 5061 
9758 3115 5069 5084 
9759 3577 3396 5365 
9760 22 446 5428 
9761 3194 5068 5073 
9762 4310 1396 5637 
9763 95 423 5431 
9764 316 4827 5613 
9765 753 751 5064 
9766 311 411 5406 
9767 532 4196 5442 
9768 2983 3077 5455 
9769 386 448 5439 
9770 3852 524 5645 
9771 4859 1877 5273 
9772 4713 2929 5520 
9773 2271 3171 5521 
9774 2893 4358 5070 
9775 4703 2723 5129 
9776 3115 4632 5069 
9777 3895 3265 5548 
9778 3385 3154 5386 
9779 1192 1194 5059 
9780 3859 2463 5537 
9781 1509 4854 5626 
9782 3256 3455 5195 
9783 1508 4877 5706 
9784 4834 3112 5058 
9785 1515 1448 5411 
9786 3542 4834 5058 
9787 4160 415 5414 
9788 453 4241 5529 
9789 4116 1618 5165 
9790 3220 3218 5082 
9791 1210 1207 5531 
9792 4198 537 5583 
9793 1778 3767 5477 
9794 3670 436 5750 
9795 4256 2711 5588 
9796 1135 4811 5084 
9797 5683 1279 5699 
9798 4981 1784 5102 
9799 3298 5311 5697 
9800 2113 5034 5114 
9801 4187 531 5568 
9802 3692 3691 5481 
9803 1628 1200 5187 
9804 3258 3260 5409 
9805 805 5060 5106 
9806 3861 3860 5542 
9807 562 21 5428 
9808 163 580 5569 
9809 3131 3129 5068 
9810 2844 2845 5516 
9811 1609 1918 5063 
9812 2396 2209 5427 
9813 3806 3805 5540 
9814 2730 4840 5007 
9815 2018 3857 5657 
9816 144 528 5512 
9817 419 5017 5650 
9818 649 650 5751 
9819 4112 1740 5081 
9820 3717 5683 5699 
9821 3738 2557 5246 
9822 1819 1801 5073 
9823 3722 3715 5699 
9824 2923 3084 5076 
9825 2805 2720 5433 
9826 4412 4496 5396 
9827 411 312 5467 
9828 2890 3109 5148 
9829 3437 3554 5577 
9830 2367 2133 5363 
9831 3158 2127 5497 
9832 3942 5078 5135 
9833 4912 3311 5734 
9834 3312 5610 5634 
9835 5040 4784 5129 
9836 2777 3909 5623 
9837 3219 3231 5220 
9838 3624 5600 5603 
9839 4608 2823 5072 
9840 2819 2877 5079 
9841 2322 2226 5716 
9842 3040 3583 5668 
9843 3152 3304 5386 
9844 451 143 5512 
9845 4269 4270 5515 
9846 805 801 5074 
9847 5049 4608 5072 
9848 1572 1570 5522 
9849 2288 3008 5348 
9850 3397 3395 5434 
9851 3366 3577 5443 
9852 2875 5136 5179 
9853 3327 2512 5693 
9854 4541 1175 5103 
9855 1206 1636 5225 
9856 956 4370 5669 
9857 79 80 5089 
9858 2872 5010 5193 
9859 4118 530 5679 
9860 1562 1560 5550 
9861 2837 2624 5404 
9862 303 304 5087 
9863 5021 1192 5059 
9864 1552 1550 5562 
9865 4517 3624 5603 
9866 3277 3130 5400 
9867 2979 2978 5163 
9868 4369 2826 5097 
9869 3693 3324 5618 
9870 2183 2181 5075 
9871 2811 2809 5080 
9872 3299 3066 5464 
9873 3271 4885 5698 
9874 1236 1238 5367 
9875 1751 3799 5530 
9876 1512 4901 5533 
9877 1661 1751 5483 
9878 2318 2620 5088 
9879 3112 3572 5058 
9880 1805 1823 5086 
9881 1350 1204 5225 
9882 458 327 5746 
9883 4082 4086 5628 
9884 4349 471 5095 
9885 1677 1778 5477 
9886 2694 5071 5083 
9887 4265 3911 5489 
9888 2897 2898 5213 
9889 412 318 5734 
9890 4670 1601 5325 
9891 4275 3367 5467 
9892 4432 460 5441 
9893 2873 4781 5280 
9894 3595 3594 5308 
9895 4402 4401 5701 
9896 313 4275 5467 
9897 3989 3990 5515 
9898 2763 3060 5557 
9899 3280 4713 5556 
9900 2767 2765 5484 
9901 2865 2694 5083 
9902 4256 5588 5675 
9903 2307 2308 5749 
9904 3310 3473 5426 
9905 509 162 5569 
9906 1150 817 5663 
9907 3891 4134 5263 
9908 3367 3364 5443 
9909 367 574 5441 
9910 460 366 5441 
9911 3382 2930 5662 
9912 858 2084 5415 
9913 3013 2807 5085 
9914 2819 5079 5101 
9915 4786 2101 5078 
9916 3807 3808 5563 
9917 5131 519 5201 
9918 24 559 5595 
9919 3116 3115 5084 
9920 2556 2631 5385 
9921 502 315 5613 
9922 4046 4064 5533 
9923 585 4619 5439 
9924 4200 4201 5706 
9925 4476 3301 5681 
9926 83 84 5554 
9927 4948 3175 5461 
9928 3569 5102 5139 
9929 4541 5103 5116 
9930 2075 2077 5421 
9931 2845 4698 5516 
9932 4338 4339 5090 
9933 3194 5086 5113 
9934 3478 3476 5468 
9935 3342 3345 5111 
9936 3164 3348 5501 
9937 2769 3016 5658 
9938 2201 2202 5099 
9939 1772 1679 5477 
9940 445 4187 5513 
9941 4009 4088 5498 
9942 4401 2550 5701 
9943 376 1 5544 
9944 1 13 5544 
9945 897 899 5475 
9946 3410 3165 5501 
9947 3959 5624 5721 
9948 3324 3693 5637 
9949 2950 4858 5354 
9950 2321 2322 5701 
9951 2390 3074 5429 
9952 3300 3192 5447 
9953 4 337 5545 
9954 336 4 5545 
9955 4595 2042 5462 
9956 4480 2061 5174 
9957 3853 4501 5107 
9958 1953 1554 5745 
9959 328 561 5746 
9960 3842 3840 5445 
9961 2821 4822 5529 
9962 667 670 5104 
9963 902 900 5092 
9964 3180 3367 5525 
9965 4238 2156 5579 
9966 2773 2771 5571 
9967 3367 4275 5525 
9968 4943 2730 5007 
9969 5568 531 5599 
9970 4598 3316 5752 
9971 3118 4436 5647 
9972 3942 4786 5078 
9973 865 867 5094 
9974 409 357 5098 
9975 2375 2373 5294 
9976 3725 3200 5091 
9977 4629 856 5415 
9978 4769 1737 5446 
9979 3172 5147 5175 
9980 3617 449 5635 
9981 499 4449 5091 
9982 2694 4790 5071 
9983 4771 2727 5315 
9984 2559 3278 5644 
9985 1451 1507 5744 
9986 4827 3278 5613 
9987 3416 3415 5152 
9988 2779 2777 5623 
9989 2557 3123 5096 
9990 4444 5076 5103 
9991 446 23 5595 
9992 883 885 5100 
9993 5583 537 5611 
9994 2711 2112 5588 
9995 2948 2947 5108 
9996 1512 1466 5724 
9997 4044 4039 5162 
9998 4153 4151 5204 
9999 1968 1564 5687 
10000 3272 2282 5608 
10001 721 743 5729 
10002 514 168 5627 
10003 2519 3386 5642 
10004 4970 4349 5095 
10005 2902 2819 5101 
10006 167 514 5689 
10007 3423 3293 5125 
10008 3324 2704 5618 
10009 4433 4407 5150 
10010 4337 474 5672 
10011 4817 1437 5605 
10012 3309 2379 5488 
10013 3611 519 5131 
10014 2301 5311 5610 
10015 4703 5129 5211 
10016 1439 1509 5605 
10017 5051 2793 5212 
10018 1445 1508 5676 
10019 4638 3032 5393 
10020 889 951 5625 
10021 3983 1746 5110 
10022 4401 742 5714 
10023 358 359 5582 
10024 4822 453 5529 
10025 3082 3235 5510 
10026 3183 3461 5466 
10027 4853 5331 5458 
10028 3156 4804 5534 
10029 2061 4578 5174 
10030 2978 4862 5163 
10031 4407 3045 5169 
10032 2597 2601 5105 
10033 809 806 5106 
10034 365 460 5565 
10035 350 351 5650 
10036 576 364 5565 
10037 4986 1135 5069 
10038 5103 3084 5116 
10039 3842 5445 5506 
10040 3201 3281 5626 
10041 519 3587 5201 
10042 2941 4713 5520 
10043 2110 2415 5588 
10044 27 420 5112 
10045 537 4208 5611 
10046 5611 4208 5643 
10047 2280 2396 5608 
10048 3594 3593 5146 
10049 475 370 5719 
10050 3278 3145 5573 
10051 2233 4667 5586 
10052 169 170 5111 
10053 1784 1832 5102 
10054 1238 1240 5619 
10055 1008 869 5585 
10056 3241 3324 5682 
10057 89 4937 5312 
10058 742 717 5714 
10059 3693 2475 5637 
10060 2865 5083 5125 
10061 1444 1513 5655 
10062 1508 1447 5717 
10063 1529 4541 5116 
10064 2894 4102 5629 
10065 4653 3174 5547 
10066 4148 4982 5109 
10067 3162 3163 5607 
10068 5150 4407 5169 
10069 785 4748 5432 
10070 2945 3256 5741 
10071 1842 887 5625 
10072 2402 2146 5523 
10073 85 422 5118 
10074 371 372 5117 
10075 4131 4132 5121 
10076 2153 2155 5109 
10077 1509 1441 5638 
10078 3076 3075 5130 
10079 3197 4611 5460 
10080 3800 945 5539 
10081 1280 4653 5547 
10082 3045 3046 5190 
10083 3233 3215 5319 
10084 1966 2113 5114 
10085 2681 2679 5618 
10086 1177 819 5119 
10087 3920 4175 5284 
10088 381 6 5368 
10089 4039 4038 5162 
10090 2842 2799 5678 
10091 3295 4556 5474 
10092 3206 2479 5715 
10093 3421 2909 5260 
10094 483 4118 5612 
10095 4744 1008 5585 
10096 3244 3385 5667 
10097 2411 2949 5633 
10098 2924 4362 5120 
10099 3911 501 5602 
10100 3691 4872 5481 
10101 4369 5097 5151 
10102 3084 3085 5116 
10103 3191 3189 5113 
10104 5169 3045 5190 
10105 4737 1281 5172 
10106 4208 478 5643 
10107 1354 1100 5122 
10108 5284 4175 5309 
10109 199 200 5132 
10110 4451 2954 5316 
10111 3087 3157 5123 
10112 5438 1604 5640 
10113 3263 3193 5124 
10114 103 104 5134 
10115 3224 3222 5140 
10116 3132 5009 5026 
10117 3041 3042 5446 
10118 4905 532 5442 
10119 531 4186 5599 
10120 3281 4817 5605 
10121 2890 5148 5286 
10122 2385 2387 5133 
10123 2938 3331 5281 
10124 3840 5383 5445 
10125 3871 1748 5138 
10126 4280 4570 5349 
10127 1098 1096 5161 
10128 3311 3239 5692 
10129 1562 3454 5687 
10130 3886 4111 5328 
10131 2855 2857 5115 
10132 1295 1316 5127 
10133 3958 3959 5721 
10134 574 3456 5435 
10135 5109 2155 5142 
10136 2805 5433 5489 
10137 3293 2865 5125 
10138 5513 4187 5568 
10139 1811 1824 5137 
10140 540 4242 5148 
10141 4555 3203 5659 
10142 5139 3738 5246 
10143 3278 4827 5644 
10144 3249 3617 5635 
10145 3203 4571 5596 
10146 4801 3662 5703 
10147 5122 3157 5183 
10148 5012 3622 5591 
10149 5115 493 5216 
10150 1697 1695 5149 
10151 579 5223 5686 
10152 968 978 5564 
10153 4626 3494 5488 
10154 3568 3569 5139 
10155 1610 4169 5156 
10156 3475 2979 5163 
10157 742 4402 5360 
10158 1807 1809 5158 
10159 4175 547 5309 
10160 341 342 5145 
10161 3453 3064 5552 
10162 3263 5137 5185 
10163 3372 3446 5156 
10164 5012 418 5731 
10165 3310 5426 5697 
10166 3022 3136 5154 
10167 2154 2132 5141 
10168 4926 485 5362 
10169 1196 1198 5126 
10170 959 1620 5539 
10171 3295 5474 5513 
10172 1620 964 5564 
10173 4691 4692 5153 
10174 3299 5464 5554 
10175 1001 3942 5135 
10176 3477 3479 5143 
10177 4578 4005 5174 
10178 30 31 5159 
10179 4315 2908 5299 
10180 4961 742 5360 
10181 2872 4369 5151 
10182 5643 478 5688 
10183 4415 4995 5351 
10184 2155 2206 5142 
10185 5124 1823 5158 
10186 1237 1266 5379 
10187 575 349 5152 
10188 4854 1509 5638 
10189 2888 5095 5292 
10190 976 1001 5639 
10191 5325 1601 5503 
10192 5055 2857 5374 
10193 5149 1695 5173 
10194 906 904 5155 
10195 4877 1508 5717 
10196 3637 3638 5160 
10197 3159 2940 5128 
10198 3505 3375 5508 
10199 4068 4070 5180 
10200 4901 1512 5724 
10201 2264 2874 5634 
10202 422 4252 5748 
10203 352 353 5164 
10204 4709 1752 5226 
10205 5036 4465 5074 
10206 4451 5316 5348 
10207 186 187 5168 
10208 2925 2927 5592 
10209 3134 3021 5361 
10210 5081 2814 5278 
10211 2123 5167 5188 
10212 509 3425 5607 
10213 5684 4577 5690 
10214 1177 5150 5169 
10215 4147 4148 5171 
10216 1695 1693 5173 
10217 3015 3384 5387 
10218 397 492 5520 
10219 1529 5123 5161 
10220 2926 2925 5592 
10221 463 3205 5566 
10222 3461 3462 5360 
10223 4495 1177 5169 
10224 2864 2875 5179 
10225 462 3647 5231 
10226 1032 4755 5485 
10227 2534 2532 5166 
10228 4088 4944 5498 
10229 4174 4744 5585 
10230 573 4458 5298 
10231 4059 4057 5192 
10232 3873 3982 5398 
10233 1955 2161 5176 
10234 2193 4850 5496 
10235 488 4801 5703 
10236 1243 1269 5430 
10237 503 3940 5177 
10238 5129 4564 5211 
10239 1265 4703 5211 
10240 3213 3233 5480 
10241 3209 4570 5652 
10242 4540 1354 5203 
10243 3757 5133 5514 
10244 3933 3851 5739 
10245 1354 5183 5203 
10246 3119 3354 5505 
10247 1831 4691 5144 
10248 5119 4434 5150 
10249 1824 4562 5202 
10250 3198 3533 5559 
10251 4479 2547 5184 
10252 4084 5157 5325 
10253 3228 3226 5189 
10254 4444 5043 5061 
10255 2745 2743 5193 
10256 2895 3510 5282 
10257 5185 1824 5202 
10258 2840 5093 5231 
10259 4450 2095 5198 
10260 4784 4564 5129 
10261 478 4230 5688 
10262 2952 4366 5186 
10263 5144 4691 5153 
10264 4495 5169 5190 
10265 3386 3234 5642 
10266 4462 5282 5407 
10267 485 3603 5620 
10268 2302 3210 5702 
10269 3207 4577 5684 
10270 1941 2142 5181 
10271 5309 547 5347 
10272 4594 1780 5180 
10273 91 92 5197 
10274 4081 4800 5157 
10275 3089 3091 5183 
10276 2201 5099 5270 
10277 2879 4745 5147 
10278 3721 5438 5640 
10279 1249 1270 5465 
10280 3261 3259 5185 
10281 3582 1782 5567 
10282 3449 3318 5630 
10283 4544 1516 5192 
10284 1265 5211 5253 
10285 3380 3097 5194 
10286 3596 3595 5308 
10287 5315 4852 5448 
10288 373 374 5200 
10289 4540 5203 5218 
10290 4885 2849 5698 
10291 2296 2297 5175 
10292 3044 3043 5196 
10293 5068 1819 5073 
10294 4134 4135 5263 
10295 305 306 5205 
10296 4431 4432 5258 
10297 5183 3091 5203 
10298 1873 4495 5190 
10299 3261 5185 5202 
10300 3984 5017 5601 
10301 493 119 5216 
10302 2791 3347 5182 
10303 4264 5227 5345 
10304 3172 5154 5255 
10305 4704 1919 5614 
10306 3921 3920 5284 
10307 3070 3068 5199 
10308 4697 1265 5253 
10309 1200 1202 5187 
10310 5010 3921 5193 
10311 3125 4416 5499 
10312 4697 5253 5285 
10313 484 2905 5408 
10314 3844 3842 5506 
10315 5165 1618 5353 
10316 5489 3911 5602 
10317 425 3926 5206 
10318 1193 1191 5222 
10319 4727 2123 5188 
10320 1574 1110 5208 
10321 3020 4972 5524 
10322 3551 3261 5202 
10323 5114 3550 5167 
10324 4849 1160 5178 
10325 5148 4242 5286 
10326 2939 3159 5375 
10327 4071 4069 5214 
10328 3091 3094 5203 
10329 5208 3196 5252 
10330 4135 5051 5212 
10331 1627 4540 5218 
10332 3171 5108 5521 
10333 3568 5139 5246 
10334 4264 3013 5227 
10335 5612 4118 5679 
10336 2619 4624 5553 
10337 3098 3196 5215 
10338 5657 3206 5715 
10339 4459 575 5581 
10340 547 4257 5347 
10341 3975 5144 5153 
10342 5110 2824 5341 
10343 3266 4459 5581 
10344 3490 3015 5387 
10345 3301 5090 5681 
10346 910 908 5210 
10347 3203 5596 5659 
10348 2028 4737 5191 
10349 5221 3236 5251 
10350 2964 4474 5217 
10351 2228 4318 5494 
10352 2856 4852 5315 
10353 5348 3008 5374 
10354 5203 3094 5218 
10355 2326 3248 5207 
10356 2208 2210 5212 
10357 5362 485 5620 
10358 3804 5012 5731 
10359 3503 458 5671 
10360 3758 2251 5235 
10361 4823 2856 5315 
10362 1574 5234 5261 
10363 4052 4859 5273 
10364 4564 4565 5211 
10365 432 3050 5260 
10366 3444 3443 5609 
10367 3094 3096 5218 
10368 3399 3454 5710 
10369 1108 1106 5241 
10370 5331 3268 5458 
10371 5060 4434 5106 
10372 1998 3580 5559 
10373 650 5228 5751 
10374 2356 4486 5405 
10375 5172 5153 5191 
10376 3063 2286 5219 
10377 1773 1119 5221 
10378 3080 3079 5226 
10379 2857 5055 5115 
10380 3288 2899 5237 
10381 3013 5085 5227 
10382 4239 3148 5646 
10383 4577 3206 5690 
10384 3104 3236 5234 
10385 2196 2160 5224 
10386 3136 3137 5302 
10387 2825 2747 5229 
10388 2980 4378 5230 
10389 4586 3906 5239 
10390 3844 5506 5593 
10391 3242 3403 5228 
10392 2784 2683 5232 
10393 3265 5181 5548 
10394 321 322 5240 
10395 4570 3052 5349 
10396 2281 2814 5238 
10397 4882 2937 5130 
10398 3173 3606 5732 
10399 32 410 5243 
10400 3316 5121 5752 
10401 4853 2935 5331 
10402 3835 3833 5242 
10403 1691 1689 5244 
10404 3655 3335 5247 
10405 2784 5232 5233 
10406 3217 3219 5220 
10407 5257 2835 5262 
10408 4713 3391 5556 
10409 1627 5215 5241 
10410 5138 2837 5404 
10411 5239 3906 5269 
10412 4148 5142 5171 
10413 141 142 5248 
10414 5178 4947 5316 
10415 3872 2835 5257 
10416 3077 5198 5455 
10417 5211 4565 5253 
10418 1204 1206 5225 
10419 1160 4947 5178 
10420 5346 3670 5750 
10421 2960 5206 5371 
10422 640 3495 5327 
10423 5231 3647 5361 
10424 4676 4849 5178 
10425 3493 480 5600 
10426 2308 5265 5749 
10427 3178 5016 5159 
10428 481 3386 5691 
10429 4428 2890 5286 
10430 3105 3103 5245 
10431 3450 3449 5630 
10432 5353 4602 5496 
10433 5076 3084 5103 
10434 2237 2428 5254 
10435 4565 3029 5253 
10436 5062 2367 5237 
10437 3106 3185 5251 
10438 2424 2246 5575 
10439 3137 3139 5323 
10440 3431 3434 5250 
10441 2866 4964 5233 
10442 914 912 5249 
10443 2835 3797 5262 
10444 3100 3102 5252 
10445 5130 2939 5375 
10446 5253 3029 5285 
10447 5302 3137 5323 
10448 3570 3568 5246 
10449 514 5195 5689 
10450 514 4559 5741 
10451 3543 2887 5378 
10452 5255 3136 5302 
10453 5228 650 5391 
10454 413 4267 5256 
10455 67 476 5266 
10456 2915 2916 5259 
10457 133 134 5264 
10458 3256 5195 5741 
10459 3906 775 5269 
10460 3630 4431 5258 
10461 4736 1814 5255 
10462 5086 1823 5113 
10463 1114 1112 5261 
10464 4111 4112 5328 
10465 932 930 5274 
10466 563 4296 5276 
10467 4068 5180 5399 
10468 3049 4380 5265 
10469 5055 493 5115 
10470 1341 1121 5267 
10471 3789 5352 5712 
10472 5237 2367 5665 
10473 2356 5405 5471 
10474 5393 3394 5649 
10475 5267 3382 5662 
10476 3014 4383 5271 
10477 1610 5156 5598 
10478 3889 3888 5292 
10479 4472 2201 5270 
10480 5305 956 5669 
10481 3063 4711 5336 
10482 5269 775 5287 
10483 2967 2965 5272 
10484 3179 3402 5651 
10485 895 897 5273 
10486 3926 3925 5452 
10487 1428 4642 5268 
10488 4995 581 5351 
10489 4112 5081 5278 
10490 458 3422 5671 
10491 5257 3118 5647 
10492 4059 5192 5380 
10493 3158 3494 5716 
10494 4884 3109 5509 
10495 1598 4697 5285 
10496 1388 3762 5392 
10497 4682 1598 5306 
10498 471 3889 5292 
10499 3139 3141 5356 
10500 5156 3446 5598 
10501 5180 1780 5399 
10502 3846 3844 5593 
10503 5367 3722 5699 
10504 4094 4901 5724 
10505 3835 5242 5313 
10506 3623 2410 5275 
10507 4462 2895 5282 
10508 5067 488 5703 
10509 5323 3139 5356 
10510 383 468 5472 
10511 2911 2912 5666 
10512 5375 3159 5567 
10513 2547 4997 5184 
10514 5369 3327 5693 
10515 1598 5285 5306 
10516 5111 3345 5627 
10517 5153 4692 5191 
10518 5243 410 5314 
10519 5192 1516 5380 
10520 3846 5593 5664 
10521 499 5091 5653 
10522 5466 2322 5716 
10523 5385 3852 5645 
10524 3025 2911 5666 
10525 307 308 5290 
10526 918 916 5279 
10527 1687 1685 5291 
10528 3322 5024 5209 
10529 5147 2296 5175 
10530 4242 444 5286 
10531 2283 2315 5278 
10532 5468 1953 5745 
10533 2825 5284 5309 
10534 3105 5245 5320 
10535 2920 2917 5289 
10536 775 4322 5287 
10537 5296 686 5300 
10538 4625 3309 5621 
10539 2850 3754 5698 
10540 685 686 5296 
10541 5091 3200 5653 
10542 1533 4548 5723 
10543 3754 3271 5698 
10544 652 657 5293 
10545 3655 5247 5579 
10546 3141 3143 5384 
10547 1423 4274 5340 
10548 4440 515 5629 
10549 5019 3596 5614 
10550 5356 3141 5384 
10551 4721 1533 5723 
10552 3297 3033 5298 
10553 4737 5172 5191 
10554 4652 2873 5280 
10555 686 3383 5300 
10556 3029 3056 5285 
10557 1423 5340 5355 
10558 2044 2043 5297 
10559 4314 4315 5299 
10560 4435 2528 5709 
10561 3030 4393 5295 
10562 4272 1423 5355 
10563 5017 419 5601 
10564 169 5111 5627 
10565 1269 1241 5301 
10566 5266 476 5332 
10567 3608 1663 5483 
10568 4682 5306 5335 
10569 2312 2143 5720 
10570 2940 2938 5281 
10571 4361 2825 5309 
10572 4516 2356 5471 
10573 4428 5286 5394 
10574 4720 2178 5288 
10575 2317 2824 5303 
10576 4736 5255 5302 
10577 2908 3322 5299 
10578 5301 3277 5400 
10579 4460 5012 5591 
10580 3016 5376 5658 
10581 468 3408 5472 
10582 922 920 5304 
10583 371 5117 5719 
10584 3035 4422 5305 
10585 1177 5119 5150 
10586 5285 3056 5306 
10587 88 89 5312 
10588 3060 5318 5557 
10589 3217 5220 5319 
10590 2043 4348 5317 
10591 3143 3151 5412 
10592 5024 3209 5209 
10593 3919 3918 5636 
10594 5384 3143 5412 
10595 3654 522 5450 
10596 362 363 5310 
10597 410 4249 5314 
10598 2971 2969 5307 
10599 5297 2043 5317 
10600 5434 1968 5687 
10601 4272 5355 5382 
10602 2631 4994 5558 
10603 5095 471 5292 
10604 4042 4043 5727 
10605 4964 2784 5233 
10606 2845 5442 5704 
10607 3838 3835 5313 
10608 2949 5300 5633 
10609 5118 422 5748 
10610 435 3268 5331 
10611 3925 4176 5452 
10612 5412 3151 5425 
10613 3617 3251 5570 
10614 441 5035 5491 
10615 1601 4629 5503 
10616 4856 3346 5454 
10617 3056 3058 5306 
10618 3173 2375 5294 
10619 2221 3757 5514 
10620 3263 5124 5158 
10621 5123 3157 5161 
10622 656 4272 5382 
10623 4516 5471 5576 
10624 4486 2973 5405 
10625 1266 4682 5335 
10626 3815 5541 5747 
10627 3622 4865 5591 
10628 656 5382 5388 
10629 416 3919 5318 
10630 2638 2609 5322 
10631 3982 3983 5398 
10632 2609 5321 5322 
10633 3983 5110 5341 
10634 2609 2253 5321 
10635 3635 3177 5726 
10636 1354 5122 5183 
10637 4447 4670 5325 
10638 4176 546 5469 
10639 5316 2702 5348 
10640 3128 3277 5326 
10641 4271 656 5388 
10642 2985 3306 5479 
10643 3107 3105 5320 
10644 4550 1535 5402 
10645 579 5029 5223 
10646 5452 4176 5469 
10647 3455 166 5689 
10648 3151 3153 5425 
10649 5333 3300 5447 
10650 1683 1681 5330 
10651 5463 3280 5556 
10652 5449 3186 5456 
10653 476 4189 5332 
10654 1618 4601 5353 
10655 3004 3055 5362 
10656 1818 4736 5302 
10657 1818 5302 5323 
10658 1926 1157 5584 
10659 3659 520 5738 
10660 4706 1818 5323 
10661 3398 3400 5324 
10662 1001 5560 5639 
10663 526 3460 5641 
10664 1270 1247 5333 
10665 3974 3975 5420 
10666 4184 4185 5337 
10667 5137 1824 5185 
10668 4361 5309 5347 
10669 5306 3058 5335 
10670 4729 1604 5438 
10671 3153 3186 5449 
10672 2247 2248 5329 
10673 3647 521 5361 
10674 3205 3310 5311 
10675 4229 452 5383 
10676 1239 1237 5379 
10677 3423 3503 5671 
10678 1470 1468 5334 
10679 1595 4856 5454 
10680 4518 456 5343 
10681 3799 5056 5530 
10682 3734 3732 5340 
10683 4550 5402 5417 
10684 4333 1575 5705 
10685 3215 3217 5319 
10686 795 2990 5344 
10687 5286 444 5394 
10688 3074 5344 5429 
10689 5133 2910 5514 
10690 5108 2947 5521 
10691 5067 2697 5728 
10692 3264 3111 5511 
10693 3167 4264 5345 
10694 3163 5389 5607 
10695 3138 3135 5616 
10696 1782 3532 5567 
10697 3111 3543 5511 
10698 572 4280 5349 
10699 5093 462 5231 
10700 3848 3846 5664 
10701 2207 2205 5338 
10702 3471 3470 5350 
10703 5340 3732 5355 
10704 1400 4271 5413 
10705 1953 3476 5733 
10706 3058 3126 5335 
10707 5283 381 5368 
10708 2887 4972 5378 
10709 3252 3140 5346 
10710 5337 3197 5460 
10711 3398 5324 5365 
10712 5594 2144 5597 
10713 3288 5237 5665 
10714 4271 5388 5413 
10715 515 4439 5696 
10716 2960 4361 5347 
10717 4951 3323 5713 
10718 5090 4339 5681 
10719 2398 2400 5341 
10720 3975 5153 5172 
10721 3583 1595 5454 
10722 3732 3730 5355 
10723 4548 937 5436 
10724 937 4550 5417 
10725 3624 3493 5600 
10726 93 94 5357 
10727 1777 2214 5377 
10728 4056 4058 5359 
10729 5469 546 5519 
10730 2702 2288 5348 
10731 3521 4429 5352 
10732 1273 1253 5358 
10733 3554 441 5491 
10734 2677 2675 5354 
10735 2292 2058 5390 
10736 5000 3063 5336 
10737 4078 4080 5364 
10738 4706 5323 5356 
10739 533 4191 5373 
10740 3306 2986 5351 
10741 5476 3254 5490 
10742 3186 3245 5456 
10743 3377 3253 5408 
10744 3497 3608 5483 
10745 3557 3169 5507 
10746 4455 475 5470 
10747 5355 3730 5382 
10748 5425 3153 5449 
10749 2727 4823 5315 
10750 2622 2837 5366 
10751 2755 2753 5371 
10752 937 5417 5436 
10753 3848 5664 5743 
10754 3076 5130 5375 
10755 4061 4059 5380 
10756 3812 5547 5563 
10757 3488 2928 5578 
10758 5157 4447 5325 
10759 3055 4926 5362 
10760 3160 5631 5695 
10761 5410 3046 5424 
10762 3037 4428 5394 
10763 3245 3254 5476 
10764 3190 3300 5372 
10765 4785 527 5339 
10766 3067 3299 5748 
10767 700 696 5615 
10768 3396 3398 5365 
10769 2133 2135 5363 
10770 546 4261 5519 
10771 3580 4878 5559 
10772 5154 3136 5255 
10773 3730 3155 5382 
10774 500 3914 5376 
10775 3817 509 5389 
10776 1279 1236 5367 
10777 5382 3155 5388 
10778 3032 2902 5369 
10779 2896 2757 5381 
10780 3871 5138 5404 
10781 1922 2144 5594 
10782 2247 5329 5423 
10783 2902 5327 5369 
10784 3262 4406 5648 
10785 2372 3453 5552 
10786 444 4199 5394 
10787 1822 4706 5356 
10788 4067 4068 5399 
10789 1822 5356 5384 
10790 4690 1822 5384 
10791 3446 3445 5622 
10792 952 4042 5727 
10793 3155 2974 5388 
10794 3037 5394 5486 
10795 653 1388 5391 
10796 2207 5338 5427 
10797 5357 94 5431 
10798 1516 4545 5380 
10799 106 107 5395 
10800 3254 3374 5490 
10801 5373 4191 5451 
10802 3123 2556 5385 
10803 1245 1243 5430 
10804 226 227 5401 
10805 450 4279 5652 
10806 4865 577 5591 
10807 3801 700 5543 
10808 3185 3307 5708 
10809 5456 3245 5476 
10810 3154 3152 5386 
10811 4084 5325 5503 
10812 4643 5339 5631 
10813 1266 5326 5379 
10814 4372 4373 5502 
10815 2857 4451 5374 
10816 2677 5354 5433 
10817 4347 1873 5410 
10818 3374 3505 5528 
10819 3307 5339 5707 
10820 171 172 5397 
10821 496 4396 5403 
10822 5281 3331 5590 
10823 696 691 5615 
10824 310 311 5406 
10825 4135 5238 5263 
10826 3307 5707 5708 
10827 2415 4516 5576 
10828 4318 3801 5494 
10829 2951 3242 5392 
10830 2077 4638 5393 
10831 3052 4892 5349 
10832 3321 3262 5648 
10833 4406 1273 5648 
10834 5339 527 5631 
10835 3532 3076 5375 
10836 4248 5343 5675 
10837 5388 2974 5413 
10838 3260 3321 5409 
10839 3149 4412 5396 
10840 3149 5396 5419 
10841 515 5057 5629 
10842 3383 3693 5685 
10843 5287 4322 5598 
10844 5308 4704 5614 
10845 1780 4592 5399 
10846 3606 1210 5732 
10847 1947 2263 5426 
10848 2453 4114 5416 
10849 2453 5416 5422 
10850 950 4142 5606 
10851 3850 3848 5743 
10852 3130 3188 5400 
10853 4821 3031 5403 
10854 3456 3457 5435 
10855 2624 2853 5404 
10856 4690 5384 5412 
10857 5229 3921 5284 
10858 2371 2372 5552 
10859 2451 2453 5422 
10860 1448 1446 5411 
10861 3874 4462 5407 
10862 4396 4821 5403 
10863 5402 2988 5417 
10864 3800 3766 5740 
10865 2974 3197 5413 
10866 3812 1280 5547 
10867 1024 3676 5674 
10868 415 3909 5414 
10869 5440 123 5459 
10870 5490 3374 5528 
10871 5394 4199 5486 
10872 2724 4435 5342 
10873 21 22 5428 
10874 3150 3149 5419 
10875 1851 5412 5425 
10876 4947 2702 5316 
10877 2988 3204 5417 
10878 4687 5695 5726 
10879 4711 2988 5402 
10880 3160 4643 5631 
10881 856 858 5415 
10882 3874 5407 5464 
10883 2142 1922 5594 
10884 94 95 5431 
10885 3634 2454 5495 
10886 3046 3078 5424 
10887 122 123 5440 
10888 3023 2075 5421 
10889 475 4924 5470 
10890 2301 2838 5493 
10891 3454 3397 5434 
10892 5117 508 5718 
10893 4469 2247 5423 
10894 1851 4690 5412 
10895 426 3370 5437 
10896 5101 640 5327 
10897 2209 2207 5427 
10898 4552 5000 5336 
10899 3658 3984 5601 
10900 1574 5208 5252 
10901 1251 1249 5465 
10902 1157 1879 5584 
10903 1552 3597 5745 
10904 4666 1851 5425 
10905 448 585 5439 
10906 1269 5372 5430 
10907 2720 2677 5433 
10908 3051 4885 5370 
10909 2822 4595 5462 
10910 5032 336 5545 
10911 5170 3521 5352 
10912 366 367 5441 
10913 3204 4492 5436 
10914 4496 2390 5429 
10915 5405 4249 5471 
10916 2906 2904 5535 
10917 4196 4197 5442 
10918 5417 3204 5436 
10919 2232 2233 5444 
10920 452 4216 5445 
10921 5215 3196 5241 
10922 5633 3383 5685 
10923 5121 4132 5752 
10924 1939 5449 5456 
10925 4720 5288 5630 
10926 4061 5380 5555 
10927 5035 3483 5491 
10928 3669 3670 5457 
10929 3251 3338 5570 
10930 3064 5236 5552 
10931 5445 4216 5506 
10932 3364 3366 5443 
10933 5380 4545 5555 
10934 3532 5375 5567 
10935 3355 4771 5448 
10936 4191 466 5451 
10937 3023 5421 5432 
10938 123 124 5459 
10939 4249 4247 5471 
10940 2405 3752 5482 
10941 3541 2805 5602 
10942 4748 3023 5432 
10943 3192 3258 5447 
10944 418 5310 5731 
10945 2156 3655 5579 
10946 2320 3117 5461 
10947 4924 2876 5470 
10948 4423 2983 5455 
10949 1205 1203 5473 
10950 4088 3692 5481 
10951 1939 4666 5449 
10952 1773 5221 5251 
10953 2320 5461 5478 
10954 2896 5452 5469 
10955 4364 2896 5469 
10956 1374 3585 5504 
10957 5426 2263 5697 
10958 3462 4961 5360 
10959 5674 3676 5680 
10960 5181 2142 5548 
10961 5494 3801 5543 
10962 1270 5409 5465 
10963 5383 452 5445 
10964 3066 3874 5464 
10965 5029 376 5544 
10966 3717 3719 5683 
10967 3445 4873 5622 
10968 2415 5576 5675 
10969 5234 3236 5261 
10970 438 3635 5726 
10971 312 313 5467 
10972 3752 5478 5482 
10973 1205 5473 5531 
10974 3719 3721 5640 
10975 3135 3134 5616 
10976 4666 5425 5449 
10977 4648 1939 5456 
10978 3918 4171 5636 
10979 3597 3478 5468 
10980 3651 526 5641 
10981 1983 5476 5490 
10982 3323 3037 5486 
10983 3752 2320 5478 
10984 2927 3270 5453 
10985 5057 515 5696 
10986 3809 3806 5526 
10987 3375 3694 5508 
10988 4469 5423 5747 
10989 899 952 5475 
10990 3042 4769 5446 
10991 1679 1677 5477 
10992 5020 5362 5620 
10993 4611 3276 5460 
10994 3691 3690 5487 
10995 4186 464 5499 
10996 5461 3117 5532 
10997 5482 3072 5485 
10998 510 3814 5479 
10999 4216 536 5506 
11000 3816 483 5541 
11001 5020 3004 5362 
11002 3123 5645 5700 
11003 2127 1572 5497 
11004 5471 4247 5576 
11005 4995 184 5517 
11006 1663 1661 5483 
11007 3494 3183 5466 
11008 3337 3250 5527 
11009 4270 3989 5515 
11010 2902 5101 5327 
11011 5411 1446 5655 
11012 5451 466 5546 
11013 3266 3745 5492 
11014 4086 4084 5503 
11015 5238 2814 5263 
11016 5433 4266 5489 
11017 527 3665 5631 
11018 4067 5399 5606 
11019 4199 542 5486 
11020 2246 2619 5575 
11021 3109 3282 5509 
11022 3454 5550 5710 
11023 2959 3488 5578 
11024 3907 3895 5548 
11025 4556 4698 5474 
11026 1983 4648 5476 
11027 3016 2767 5484 
11028 2374 2376 5590 
11029 3202 2844 5516 
11030 4197 445 5513 
11031 185 581 5517 
11032 580 164 5518 
11033 143 144 5512 
11034 3265 2271 5521 
11035 3242 5228 5391 
11036 4013 4009 5498 
11037 4364 5469 5519 
11038 5399 4592 5606 
11039 2928 434 5578 
11040 3614 3613 5536 
11041 466 4192 5546 
11042 4266 4265 5489 
11043 2881 4951 5713 
11044 2901 3754 5535 
11045 5198 2095 5455 
11046 1570 1925 5522 
11047 3805 3807 5540 
11048 4252 3067 5748 
11049 4571 3082 5510 
11050 539 4239 5646 
11051 4451 5348 5374 
11052 2463 3753 5537 
11053 3133 3556 5549 
11054 4394 2641 5502 
11055 3165 3164 5501 
11056 423 4244 5596 
11057 3171 3744 5560 
11058 4617 1983 5490 
11059 5566 5493 5711 
11060 3275 3041 5495 
11061 5695 438 5726 
11062 3117 3325 5532 
11063 5206 3926 5371 
11064 4648 5456 5476 
11065 5631 3665 5695 
11066 4687 3160 5695 
11067 3072 1032 5485 
11068 2825 5229 5284 
11069 4048 4046 5533 
11070 3365 5660 5673 
11071 3860 3471 5542 
11072 3402 4625 5621 
11073 5610 3298 5634 
11074 3060 4364 5519 
11075 1560 1880 5550 
11076 4043 4052 5727 
11077 2379 4626 5488 
11078 13 2953 5544 
11079 5654 5096 5700 
11080 5572 3881 5577 
11081 5645 3689 5700 
11082 3147 3180 5525 
11083 5419 2228 5494 
11084 5499 464 5561 
11085 4065 4061 5555 
11086 2765 2763 5557 
11087 3352 3156 5534 
11088 3689 437 5700 
11089 4624 2402 5553 
11090 2910 3421 5514 
11091 3081 3497 5530 
11092 5493 2838 5711 
11093 5546 4192 5624 
11094 1550 1857 5562 
11095 2146 2821 5523 
11096 3808 3812 5563 
11097 3211 3213 5480 
11098 2042 4617 5528 
11099 492 2941 5520 
11100 337 582 5545 
11101 4545 1826 5555 
11102 4852 506 5448 
11103 1207 1205 5531 
11104 3881 3437 5577 
11105 5056 3081 5530 
11106 235 236 5574 
11107 4142 4067 5606 
11108 162 163 5569 
11109 5145 499 5653 
11110 464 4198 5561 
11111 5196 3043 5368 
11112 553 83 5554 
11113 5506 536 5593 
11114 4112 5303 5328 
11115 2367 5363 5665 
11116 5474 4197 5513 
11117 3147 5525 5573 
11118 3754 2850 5587 
11119 364 365 5565 
11120 4179 3881 5572 
11121 3187 3266 5581 
11122 3365 3363 5660 
11123 3473 2926 5592 
11124 4224 3124 5583 
11125 4322 1610 5598 
11126 3349 3110 5589 
11127 4617 5490 5528 
11128 1965 2301 5610 
11129 3363 3179 5651 
11130 437 5654 5700 
11131 558 5240 5670 
11132 945 959 5539 
11133 3294 3295 5568 
11134 5464 553 5554 
11135 4098 4286 5686 
11136 5593 4204 5664 
11137 437 3659 5654 
11138 3286 3287 5612 
11139 3337 5594 5597 
11140 3121 3119 5505 
11141 2293 2292 5735 
11142 3422 3423 5671 
11143 125 126 5609 
11144 3048 2773 5571 
11145 3150 5494 5543 
11146 3299 5118 5748 
11147 3665 438 5695 
11148 5661 512 5742 
11149 23 24 5595 
11150 3145 3147 5573 
11151 3379 4392 5617 
11152 3765 1405 5740 
11153 3395 3365 5673 
11154 524 3689 5645 
11155 4247 4248 5576 
11156 4429 1938 5712 
11157 3294 5568 5599 
11158 4350 512 5661 
11159 4574 785 5589 
11160 3338 3337 5597 
11161 3676 3675 5680 
11162 4273 3201 5626 
11163 3890 3413 5649 
11164 536 4204 5593 
11165 480 4321 5600 
11166 3078 5196 5691 
11167 2263 3298 5697 
11168 4065 5555 5730 
11169 359 577 5582 
11170 5589 3110 5604 
11171 964 968 5564 
11172 3170 5611 5643 
11173 419 5164 5601 
11174 5555 1826 5730 
11175 3110 3379 5604 
11176 3857 1180 5690 
11177 3433 5725 5733 
11178 4321 566 5603 
11179 315 316 5613 
11180 2112 2110 5588 
11181 869 871 5585 
11182 2817 5057 5696 
11183 3719 5640 5683 
11184 5600 4321 5603 
11185 3627 3804 5731 
11186 4124 5661 5742 
11187 5604 3379 5617 
11188 3211 5480 5580 
11189 4442 5644 5692 
11190 2475 4310 5637 
11191 5190 3046 5410 
11192 4124 4099 5661 
11193 5603 566 5632 
11194 4083 4082 5628 
11195 4382 3170 5643 
11196 4204 439 5664 
11197 3425 3162 5607 
11198 4416 3294 5599 
11199 5660 4336 5673 
11200 4574 5589 5604 
11201 1240 1278 5619 
11202 3975 5172 5420 
11203 3361 2018 5657 
11204 4582 1538 5617 
11205 1925 4336 5660 
11206 3295 5513 5568 
11207 3363 5651 5660 
11208 3442 3040 5668 
11209 3371 3288 5665 
11210 577 4460 5591 
11211 4192 534 5624 
11212 1180 1150 5663 
11213 4140 4860 5500 
11214 2282 2280 5608 
11215 4436 1341 5647 
11216 4804 3150 5543 
11217 4698 2845 5704 
11218 3170 4224 5611 
11219 1437 1439 5605 
11220 3420 2519 5642 
11221 168 169 5627 
11222 1538 5604 5617 
11223 4592 950 5606 
11224 566 4337 5632 
11225 2930 3872 5662 
11226 5228 3403 5751 
11227 534 4193 5721 
11228 4414 3252 5750 
11229 3715 3717 5699 
11230 5725 4330 5733 
11231 3200 3199 5653 
11232 1180 5684 5690 
11233 2704 2681 5618 
11234 4224 5583 5611 
11235 3113 2779 5623 
11236 3998 4333 5705 
11237 4492 4721 5723 
11238 4392 3997 5656 
11239 3148 3305 5646 
11240 2512 3394 5693 
11241 4409 3361 5720 
11242 2771 2769 5658 
11243 1405 3800 5740 
11244 3301 3182 5672 
11245 1880 4330 5725 
11246 1538 4574 5604 
11247 887 889 5625 
11248 5200 579 5686 
11249 4370 4371 5669 
11250 2226 3158 5716 
11251 5617 4392 5656 
11252 3766 3765 5740 
11253 5656 3997 5677 
11254 3433 3430 5725 
11255 3177 4687 5726 
11256 3239 4442 5692 
11257 1564 1562 5687 
11258 655 649 5751 
11259 3851 3852 5739 
11260 2395 4476 5681 
11261 4244 551 5659 
11262 3997 3998 5677 
11263 4850 3418 5496 
11264 3460 5207 5641 
11265 4582 5617 5656 
11266 1441 1443 5638 
11267 3795 3794 5718 
11268 5624 534 5721 
11269 3430 3399 5710 
11270 2550 2321 5701 
11271 4583 794 5677 
11272 3531 3530 5736 
11273 318 319 5734 
11274 3316 3286 5679 
11275 327 328 5746 
11276 3210 3211 5580 
11277 4442 2559 5644 
11278 4336 1968 5673 
11279 351 419 5650 
11280 1554 1552 5745 
11281 5664 439 5743 
11282 1446 1444 5655 
11283 439 3933 5743 
11284 2412 2411 5633 
11285 3476 3433 5733 
11286 166 167 5689 
11287 3181 4435 5709 
11288 4241 4884 5529 
11289 4382 5643 5688 
11290 3073 2307 5749 
11291 5677 3998 5705 
11292 4092 4065 5730 
11293 5172 1281 5420 
11294 3255 4124 5742 
11295 5638 1443 5676 
11296 794 5656 5677 
11297 436 4414 5750 
11298 3298 2264 5634 
11299 3949 4200 5706 
11300 1826 4893 5730 
11301 2931 3382 5708 
11302 5381 3926 5452 
11303 3403 3241 5682 
11304 3237 4382 5688 
11305 3315 3207 5684 
11306 1443 1445 5676 
11307 3246 3244 5667 
11308 2412 5633 5685 
11309 370 371 5719 
11310 3318 4720 5630 
11311 2849 2850 5698 
11312 4330 1953 5733 
11313 794 4582 5656 
11314 978 976 5639 
11315 4583 5677 5705 
11316 1604 4712 5640 
11317 3323 5500 5713 
11318 3248 3249 5635 
11319 2799 3353 5678 
11320 4873 3006 5622 
11321 2479 2312 5715 
11322 2679 2412 5685 
11323 717 719 5714 
11324 1466 1464 5724 
11325 1447 1449 5717 
11326 5707 2931 5708 
11327 5714 719 5729 
11328 3402 5522 5651 
11329 719 721 5729 
11330 2953 4350 5722 
11331 5717 1449 5744 
11332 1449 1451 5744 
11333 3418 5353 5496 
11334 2973 5314 5405 
11335 582 5032 5545 
11336 1575 4583 5705 
11337 4643 2931 5707 
11338 2419 4598 5752 
11339 4712 1279 5683 
11340 512 4679 5742 
11341 2805 5489 5602 
11342 5576 4248 5675 
11343 5651 1925 5660 
11344 4559 2945 5741 
11345 4679 3255 5742 
11346 5661 4099 5722 
11347 3567 3570 5738 
11348 2953 5029 5544 
11349 3430 5710 5725 
11350 3309 5497 5621 
11351 4279 5209 5652 
11352 581 4995 5517 
11353 5303 2824 5328 
11354 2304 2302 5702 
11355 3872 5257 5647 
11356 2838 4801 5711 
11357 1873 5190 5410 
11358 4878 3198 5559 
11359 5640 4712 5683 
11360 1341 5267 5662 
11361 3794 5117 5718 
11362 5710 1880 5725 
11363 5596 4244 5659 
11364 3983 5366 5398 
11365 1938 4836 5712 
11366 2376 5281 5590 
11367 3043 5283 5368 
11368 4972 465 5694 
11369 3404 3173 5732 
11370 5313 4229 5383 
11371 5195 514 5741 
11372 1269 5301 5400 
11373 4860 2881 5713 
11374 3286 5612 5679 
11375 5265 4380 5749 
11376 4350 5661 5722 
11377 5484 3919 5636 
11378 5164 3658 5601 
11379 4893 4092 5730 
11380 3050 5537 5538 
11381 4972 2887 5524 
11382 3838 5313 5383 
11383 3543 5444 5511 
11384 5326 3277 5379 
11385 5300 3383 5633 
11386 5195 3455 5689 
11387 5358 3321 5648 
11388 5314 4249 5405 
11389 1919 5019 5614 
11390 5551 3078 5691 
11391 3386 5551 5691 
11392 1270 5333 5447 
11393 5146 3338 5597 
11394 3168 5020 5620 
11395 1273 5358 5648 
11396 3035 5305 5669 
11397 5366 2837 5398 
11398 5057 2894 5629 
11399 5344 2990 5429 
11400 3570 5096 5654 
11401 3199 5145 5653 
11402 5424 3078 5551 
11403 5311 3310 5697 
11404 5318 3919 5557 
11405 5534 700 5615 
11406 4184 5337 5460 
11407 3361 5657 5715 
11408 5343 4256 5675 
11409 3185 5708 5737 
11410 5378 4972 5694 
11411 484 5408 5418 
11412 5372 3300 5430 
11413 5408 3253 5418 
11414 4286 5200 5686 
11415 3247 5067 5728 
11416 5310 3627 5731 
11417 2896 5381 5452 
11418 5096 3123 5700 
11419 3205 5311 5493 
11420 3338 5450 5570 
11421 5311 2301 5493 
11422 5277 3065 5694 
11423 5527 2142 5594 
11424 4099 5223 5722 
11425 5196 481 5691 
11426 5236 2371 5552 
11427 2867 5067 5703 
11428 5251 3185 5737 
11429 4548 5436 5723 
11430 465 5277 5694 
11431 1879 5532 5584 
11432 1279 5367 5699 
11433 5235 3025 5666 
11434 3134 5457 5616 
11435 5409 3321 5465 
11436 5240 3451 5670 
11437 3451 5247 5670 
11438 3065 5378 5694 
11439 3032 5369 5693 
11440 5209 3209 5652 
11441 5708 3382 5737 
11442 3150 5419 5494 
11443 5376 3914 5658 
11444 2077 5393 5649 
11445 5352 4429 5712 
11446 3596 5308 5614 
11447 5560 3744 5639 
11448 5236 3247 5728 
11449 5444 2233 5511 
11450 2619 5540 5575 
11451 3123 5385 5645 
11452 4052 5475 5727 
11453 1773 5251 5737 
11454 5436 4492 5723 
11455 2402 5526 5553 
11456 3252 5346 5750 
11457 2821 5509 5523 
11458 5277 3181 5709 
11459 5442 4197 5704 
11460 5509 3282 5523 
11461 5537 3753 5538 
11462 5363 3371 5665 
11463 5389 509 5607 
11464 5450 522 5570 
11465 5510 423 5596 
11466 5474 4698 5704 
11467 3205 5493 5566 
11468 3454 5434 5687 
11469 5526 3806 5553 
11470 5453 3473 5592 
11471 5541 3287 5747 
11472 2927 5453 5592 
11473 5339 4643 5707 
11474 3279 5463 5735 
11475 3570 5654 5738 
11476 3287 5541 5612 
11477 5654 3659 5738 
11478 5540 3807 5575 
11479 5457 3670 5616 
11480 5532 3325 5584 
11481 3124 5561 5583 
11482 5463 2293 5735 
11483 4571 5510 5596 
11484 5561 4198 5583 
11485 3337 5527 5594 
11486 5497 1572 5621 
11487 5541 483 5612 
11488 3352 5534 5615 
11489 3016 5484 5636 
11490 3494 5466 5716 
11491 5522 1925 5651 
11492 3597 5468 5745 
11493 5423 3815 5747 
11494 4197 5474 5704 
11495 3852 5558 5739 
11496 5715 2312 5720 
11497 5475 952 5727 
11498 5500 4860 5713 
11499 3361 5715 5720 
11500 3243 5566 5711 
11501 5550 1880 5710 
11502 5663 3315 5684 
11503 3182 5632 5672 
11504 5632 4337 5672 
11505 5558 3850 5739 
11506 1180 5663 5684 
$EndElements
