$MeshFormat
4.1 0 8
$EndMeshFormat
$Entities
34 28 1 0
1 0 0 0 0 
2 2.2 0 0 0 
3 2.2 0.41 0 0 
4 0 0.41 0 0 
10 0.3 0.2 0 0 
11 0.34 0.2 0 0 
12 0.3 0.24 0 0 
13 0.26 0.2 0 0 
14 0.3 0.16 0 0 
20 0.55 0.27 0 0 
21 0.5900000000000001 0.27 0 0 
22 0.55 0.31 0 0 
23 0.51 0.27 0 0 
24 0.55 0.23 0 0 
30 0.8 0.13 0 0 
31 0.8400000000000001 0.13 0 0 
32 0.8 0.17 0 0 
33 0.76 0.13 0 0 
34 0.8 0.09 0 0 
40 1.05 0.2 0 0 
41 1.09 0.2 0 0 
42 1.05 0.24 0 0 
43 1.01 0.2 0 0 
44 1.05 0.16 0 0 
50 1.3 0.27 0 0 
51 1.34 0.27 0 0 
52 1.3 0.31 0 0 
53 1.26 0.27 0 0 
54 1.3 0.23 0 0 
60 1.55 0.13 0 0 
61 1.59 0.13 0 0 
62 1.55 0.17 0 0 
63 1.51 0.13 0 0 
64 1.55 0.09 0 0 
1 0 0 0 2.2 0 0 1 2 2 1 -2 
2 2.2 0 0 2.2 0.41 0 1 4 2 2 -3 
3 0 0.41 0 2.2 0.41 0 1 2 2 3 -4 
4 0 0 0 0 0.41 0 1 1 2 4 -1 
10 0.3 0.2 0 0.34 0.24 0 1 3 2 11 -12 
11 0.26 0.2 0 0.3 0.24 0 1 3 2 12 -13 
12 0.26 0.16 0 0.3 0.2 0 1 3 2 13 -14 
13 0.3 0.16 0 0.34 0.2 0 1 3 2 14 -11 
20 0.55 0.27 0 0.5900000000000001 0.3100000000000001 0 1 3 2 21 -22 
21 0.51 0.27 0 0.55 0.31 0 1 3 2 22 -23 
22 0.51 0.23 0 0.55 0.27 0 1 3 2 23 -24 
23 0.55 0.23 0 0.5900000000000001 0.27 0 1 3 2 24 -21 
30 0.8 0.13 0 0.8400000000000001 0.17 0 1 3 2 31 -32 
31 0.76 0.13 0 0.8 0.17 0 1 3 2 32 -33 
32 0.76 0.08999999999999997 0 0.8 0.13 0 1 3 2 33 -34 
33 0.8 0.09 0 0.8400000000000001 0.13 0 1 3 2 34 -31 
40 1.05 0.2 0 1.09 0.24 0 1 3 2 41 -42 
41 1.01 0.2 0 1.05 0.24 0 1 3 2 42 -43 
42 1.01 0.16 0 1.05 0.2 0 1 3 2 43 -44 
43 1.05 0.16 0 1.09 0.2 0 1 3 2 44 -41 
50 1.3 0.27 0 1.34 0.3100000000000001 0 1 3 2 51 -52 
51 1.26 0.27 0 1.3 0.31 0 1 3 2 52 -53 
52 1.26 0.23 0 1.3 0.27 0 1 3 2 53 -54 
53 1.3 0.23 0 1.34 0.27 0 1 3 2 54 -51 
60 1.55 0.13 0 1.59 0.17 0 1 3 2 61 -62 
61 1.51 0.13 0 1.55 0.17 0 1 3 2 62 -63 
62 1.51 0.08999999999999997 0 1.55 0.13 0 1 3 2 63 -64 
63 1.55 0.09 0 1.59 0.13 0 1 3 2 64 -61 
1 0 0 0 2.2 0.41 0 1 1 28 1 2 3 4 -13 -12 -11 -10 -23 -22 -21 -20 -33 -32 -31 -30 -43 -42 -41 -40 -53 -52 -51 -50 -63 -62 -61 -60 
$EndEntities
$Nodes
57 5841 1 5841
0 1 0 1
1
0 0 0
0 2 0 1
2
2.2 0 0
0 3 0 1
3
2.2 0.41 0
0 4 0 1
4
0 0.41 0
0 11 0 1
5
0.34 0.2 0
0 12 0 1
6
0.3 0.24 0
0 13 0 1
7
0.26 0.2 0
0 14 0 1
8
0.3 0.16 0
0 21 0 1
9
0.5900000000000001 0.27 0
0 22 0 1
10
0.55 0.31 0
0 23 0 1
11
0.51 0.27 0
0 24 0 1
12
0.55 0.23 0
0 31 0 1
13
0.8400000000000001 0.13 0
0 32 0 1
14
0.8 0.17 0
0 33 0 1
15
0.76 0.13 0
0 34 0 1
16
0.8 0.09 0
0 41 0 1
17
1.09 0.2 0
0 42 0 1
18
1.05 0.24 0
0 43 0 1
19
1.01 0.2 0
0 44 0 1
20
1.05 0.16 0
0 51 0 1
21
1.34 0.27 0
0 52 0 1
22
1.3 0.31 0
0 53 0 1
23
1.26 0.27 0
0 54 0 1
24
1.3 0.23 0
0 61 0 1
25
1.59 0.13 0
0 62 0 1
26
1.55 0.17 0
0 63 0 1
27
1.51 0.13 0
0 64 0 1
28
1.55 0.09 0
1 1 0 152
29
30
31
32
33
34
35
36
37
38
39
40
41
42
43
44
45
46
47
48
49
50
51
52
53
54
55
56
57
58
59
60
61
62
63
64
65
66
67
68
69
70
71
72
73
74
75
76
77
78
79
80
81
82
83
84
85
86
87
88
89
90
91
92
93
94
95
96
97
98
99
100
101
102
103
104
105
106
107
108
109
110
111
112
113
114
115
116
117
118
119
120
121
122
123
124
125
126
127
128
129
130
131
132
133
134
135
136
137
138
139
140
141
142
143
144
145
146
147
148
149
150
151
152
153
154
155
156
157
158
159
160
161
162
163
164
165
166
167
168
169
170
171
172
173
174
175
176
177
178
179
180
0.009989435632539527 0 0
0.02002422863216034 0 0
0.03010458214659896 0 0
0.04023071070009817 0 0
0.05040281831825334 0 0
0.06062111264195305 0 0
0.07088580259443135 0 0
0.08119710623884197 0 0
0.0915552246193972 0 0
0.1019603803432692 0 0
0.1124127802127657 0 0
0.1229126400747952 0 0
0.1334601738297694 0 0
0.1440556060938479 0 0
0.154699142330713 0 0
0.1653910115019241 0 0
0.1761314275360411 0 0
0.1869206104107236 0 0
0.1977587879835839 0 0
0.2086461722588868 0 0
0.2195829971733124 0 0
0.2305694803125714 0 0
0.2416058486712614 0 0
0.2526923271966015 0 0
0.2638291506365438 0 0
0.2750165371944069 0 0
0.2862547248324665 0 0
0.2975439403367008 0 0
0.3088844180099108 0 0
0.3202763889144969 0 0
0.331720084253362 0 0
0.3432157403894624 0 0
0.354763596474321 0 0
0.3663638894975614 0 0
0.3780168543160879 0 0
0.3897227288548639 0 0
0.4014817552245787 0 0
0.4132941771596065 0 0
0.4251602361051446 0 0
0.4370801753067579 0 0
0.4490542350294563 0 0
0.4610826666107568 0 0
0.4731657153873474 0 0
0.4853036289048568 0 0
0.497496658752101 0 0
0.5097450486025167 0 0
0.522049055933292 0 0
0.5344089314859007 0 0
0.54682493042369 0 0
0.5592973060217279 0 0
0.5718263126622336 0 0
0.5844122086150836 0 0
0.5970552544188596 0 0
0.6097557082607556 0 0
0.6225138263946209 0 0
0.6353298799989284 0 0
0.6482041248608439 0 0
0.6611368258521293 0 0
0.6741282510716649 0 0
0.6871786654070849 0 0
0.700288338182701 0 0
0.7134575363079365 0 0
0.7266865294648688 0 0
0.7399755947235903 0 0
0.7533249972222008 0 0
0.7667350157899537 0 0
0.7802059267321622 0 0
0.7937380038643175 0 0
0.8073315235581308 0 0
0.8209867662686268 0 0
0.8347040147797008 0 0
0.8484835493227763 0 0
0.8623256476112002 0 0
0.8762306027894561 0 0
0.8901986934639484 0 0
0.9042302067055019 0 0
0.9183254365274487 0 0
0.9324846644223977 0 0
0.9467081850175983 0 0
0.9609962908385431 0 0
0.9753492717763412 0 0
0.9897674271967082 0 0
1.004251049081965 0 0
1.018800435831829 0 0
1.033415884606165 0 0
1.048097708565765 0 0
1.062846183877004 0 0
1.077661635169635 0 0
1.09254434788593 0 0
1.107494641232941 0 0
1.122512822782632 0 0
1.13759919193447 0 0
1.152754073528631 0 0
1.16797776409742 0 0
1.183270567813464 0 0
1.198632828371634 0 0
1.214064835171658 0 0
1.229566910953568 0 0
1.245139378454 0 0
1.26078255749137 0 0
1.276496765005274 0 0
1.292282315095189 0 0
1.308139561657195 0 0
1.324068796006775 0 0
1.340070359192067 0 0
1.356144587087432 0 0
1.372291797708439 0 0
1.388512333088094 0 0
1.404806521214427 0 0
1.421174682078835 0 0
1.437617182342711 0 0
1.454134332913016 0 0
1.470726481062685 0 0
1.487393970914297 0 0
1.504137143482742 0 0
1.520956336717131 0 0
1.537851901025882 0 0
1.554824183359796 0 0
1.571873534294306 0 0
1.589000296868632 0 0
1.606204826353301 0 0
1.623487474810254 0 0
1.640848591136142 0 0
1.658288553388895 0 0
1.675807689174721 0 0
1.693406384562867 0 0
1.711084987318281 0 0
1.728843859489937 0 0
1.746683363990918 0 0
1.764603885516657 0 0
1.782605764710791 0 0
1.800689394365928 0 0
1.818855129698176 0 0
1.837103349488755 0 0
1.855434429092106 0 0
1.873848740482186 0 0
1.892346666779014 0 0
1.910928586141796 0 0
1.929594882742394 0 0
1.948345933453637 0 0
1.967182126082461 0 0
1.986103844936836 0 0
2.005111481369684 0 0
2.02420542931692 0 0
2.043386074627406 0 0
2.062653810123732 0 0
2.082009035466298 0 0
2.101452146706126 0 0
2.120983536333519 0 0
2.140603620890256 0 0
2.16031278386605 0 0
2.180111441835026 0 0
1 2 0 20
181
182
183
184
185
186
187
188
189
190
191
192
193
194
195
196
197
198
199
200
2.2 0.01952380952377155 0
2.2 0.03904761904754567 0
2.2 0.05857142857131769 0
2.2 0.07809523809506337 0
2.2 0.09761904761882542 0
2.2 0.1171428571425726 0
2.2 0.1366666666663299 0
2.2 0.1561904761900713 0
2.2 0.1757142857138491 0
2.2 0.1952380952375974 0
2.2 0.2147619047614049 0
2.2 0.2342857142852715 0
2.2 0.2538095238091086 0
2.2 0.2733333333329568 0
2.2 0.2928571428568123 0
2.2 0.3123809523806858 0
2.2 0.3319047619045595 0
2.2 0.3514285714283897 0
2.2 0.3709523809522634 0
2.2 0.3904761904761371 0
1 3 0 152
201
202
203
204
205
206
207
208
209
210
211
212
213
214
215
216
217
218
219
220
221
222
223
224
225
226
227
228
229
230
231
232
233
234
235
236
237
238
239
240
241
242
243
244
245
246
247
248
249
250
251
252
253
254
255
256
257
258
259
260
261
262
263
264
265
266
267
268
269
270
271
272
273
274
275
276
277
278
279
280
281
282
283
284
285
286
287
288
289
290
291
292
293
294
295
296
297
298
299
300
301
302
303
304
305
306
307
308
309
310
311
312
313
314
315
316
317
318
319
320
321
322
323
324
325
326
327
328
329
330
331
332
333
334
335
336
337
338
339
340
341
342
343
344
345
346
347
348
349
350
351
352
2.180111441835126 0.41 0
2.160312783866246 0.41 0
2.140603620890551 0.41 0
2.120983536333943 0.41 0
2.101452146706684 0.41 0
2.082009035466993 0.41 0
2.062653810124559 0.41 0
2.043386074628366 0.41 0
2.024205429318007 0.41 0
2.005111481370896 0.41 0
1.986103844938149 0.41 0
1.967182126083861 0.41 0
1.948345933455124 0.41 0
1.929594882743968 0.41 0
1.910928586143471 0.41 0
1.892346666780793 0.41 0
1.873848740484065 0.41 0
1.855434429094086 0.41 0
1.837103349490835 0.41 0
1.818855129700357 0.41 0
1.80068939436821 0.41 0
1.782605764713171 0.41 0
1.76460388551913 0.41 0
1.746683363993489 0.41 0
1.728843859492604 0.41 0
1.711084987321039 0.41 0
1.693406384565728 0.41 0
1.675807689177689 0.41 0
1.658288553391975 0.41 0
1.640848591139331 0.41 0
1.623487474813551 0.41 0
1.606204826356702 0.41 0
1.58900029687214 0.41 0
1.571873534297914 0.41 0
1.554824183363508 0.41 0
1.537851901029696 0.41 0
1.520956336721044 0.41 0
1.504137143486755 0.41 0
1.487393970918411 0.41 0
1.470726481066896 0.41 0
1.454134332917322 0.41 0
1.437617182347113 0.41 0
1.421174682083332 0.41 0
1.404806521219018 0.41 0
1.388512333092778 0.41 0
1.372291797713214 0.41 0
1.356144587092282 0.41 0
1.340070359196991 0.41 0
1.324068796011773 0.41 0
1.308139561662265 0.41 0
1.29228231510033 0.41 0
1.276496765010487 0.41 0
1.260782557496654 0.41 0
1.245139378459354 0.41 0
1.22956691095899 0.41 0
1.214064835177147 0.41 0
1.198632828377187 0.41 0
1.183270567819087 0.41 0
1.167977764103109 0.41 0
1.152754073534382 0.41 0
1.137599191940289 0.41 0
1.122512822788514 0.41 0
1.107494641238884 0.41 0
1.092544347891861 0.41 0
1.07766163517548 0.41 0
1.062846183882758 0.41 0
1.048097708571436 0.41 0
1.033415884611747 0.41 0
1.018800435837325 0.41 0
1.004251049087379 0.41 0
0.989767427202034 0.41 0
0.9753492717815764 0.41 0
0.9609962908436884 0.41 0
0.9467081850226544 0.41 0
0.9324846644273657 0.41 0
0.9183254365323295 0.41 0
0.9042302067102961 0.41 0
0.8901986934686565 0.41 0
0.8762306027940785 0.41 0
0.8623256476157384 0.41 0
0.8484835493272307 0.41 0
0.8347040147840727 0.41 0
0.8209867662729151 0.41 0
0.8073315235623373 0.41 0
0.7937380038684425 0.41 0
0.780205926736206 0.41 0
0.7667350157939177 0.41 0
0.7533249972260851 0.41 0
0.7399755947273954 0.41 0
0.7266865294685949 0.41 0
0.7134575363115856 0.41 0
0.700288338186273 0.41 0
0.6871786654105807 0.41 0
0.674128251075085 0.41 0
0.661136825855474 0.41 0
0.6482041248641137 0.41 0
0.6353298800021248 0.41 0
0.6225138263977439 0.41 0
0.6097557082638059 0.41 0
0.5970552544218375 0.41 0
0.5844122086179904 0.41 0
0.5718263126650693 0.41 0
0.5592973060244932 0.41 0
0.5468249304263846 0.41 0
0.5344089314885265 0.41 0
0.5220490559358482 0.41 0
0.5097450486050057 0.41 0
0.4974966587545226 0.41 0
0.4853036289072117 0.41 0
0.4731657153896345 0.41 0
0.4610826666129786 0.41 0
0.4490542350316122 0.41 0
0.4370801753088491 0.41 0
0.4251602361071718 0.41 0
0.4132941771615704 0.41 0
0.4014817552264796 0.41 0
0.3897227288567016 0.41 0
0.3780168543178637 0.41 0
0.3663638894992751 0.41 0
0.3547635964759737 0.41 0
0.3432157403910545 0.41 0
0.3317200842548937 0.41 0
0.3202763889159701 0.41 0
0.3088844180113244 0.41 0
0.2975439403380558 0.41 0
0.2862547248337628 0.41 0
0.2750165371956463 0.41 0
0.2638291506377426 0.41 0
0.2526923271977597 0.41 0
0.2416058486723771 0.41 0
0.2305694803136462 0.41 0
0.2195829971743464 0.41 0
0.2086461722598809 0.41 0
0.1977587879845344 0.41 0
0.1869206104116232 0.41 0
0.1761314275368915 0.41 0
0.1653910115027251 0.41 0
0.1546991423314648 0.41 0
0.1440556060945508 0.41 0
0.1334601738304229 0.41 0
0.1229126400753962 0.41 0
0.1124127802133126 0.41 0
0.1019603803437614 0.41 0
0.09155522461983345 0.41 0
0.08119710623922449 0.41 0
0.07088580259476274 0.41 0
0.06062111264223313 0.41 0
0.05040281831848725 0.41 0
0.04023071070028417 0.41 0
0.03010458214673717 0.41 0
0.02002422863225384 0.41 0
0.009989435632585586 0.41 0
1 4 0 40
353
354
355
356
357
358
359
360
361
362
363
364
365
366
367
368
369
370
371
372
373
374
375
376
377
378
379
380
381
382
383
384
385
386
387
388
389
390
391
392
0 0.4000000000000008 0
0 0.3900000000000259 0
0 0.3800000000000606 0
0 0.3700000000000953 0
0 0.3600000000001082 0
0 0.3500000000001241 0
0 0.3400000000001558 0
0 0.3300000000001905 0
0 0.3200000000002133 0
0 0.3100000000002381 0
0 0.3000000000002728 0
0 0.2900000000003075 0
0 0.2800000000003204 0
0 0.2700000000003551 0
0 0.2600000000003897 0
0 0.2500000000004243 0
0 0.2400000000004419 0
0 0.2300000000004503 0
0 0.2200000000004849 0
0 0.2100000000005195 0
0 0.2000000000005203 0
0 0.1900000000004874 0
0 0.1800000000004544 0
0 0.1700000000004476 0
0 0.1600000000004316 0
0 0.1500000000003986 0
0 0.1400000000003795 0
0 0.1300000000003759 0
0 0.1200000000003428 0
0 0.1100000000003098 0
0 0.1000000000002768 0
0 0.09000000000024383 0
0 0.08000000000021068 0
0 0.07000000000020096 0
0 0.0600000000001879 0
0 0.05000000000015475 0
0 0.04000000000012166 0
0 0.03000000000008857 0
0 0.02000000000005536 0
0 0.01000000000002221 0
1 10 0 4
393
394
395
396
0.3380422606331069 0.2123606798325482 0
0.3323606797258328 0.2235114101593688 0
0.323511410062901 0.2323606797959208 0
0.3123606797428591 0.2380422606622487 0
1 11 0 4
397
398
399
400
0.2876393201570649 0.238042260629732 0
0.2764885898131964 0.2323606797059003 0
0.2676393201885558 0.223511410041535 0
0.2619577393305791 0.2123606797207852 0
1 12 0 4
401
402
403
404
0.2619577393668931 0.1876393201674518 0
0.2676393202741671 0.1764885898406312 0
0.276488589937099 0.1676393202040792 0
0.2876393202571408 0.1619577393377514 0
1 13 0 4
405
406
407
408
0.312360679842935 0.161957739370268 0
0.3235114101868036 0.1676393202940997 0
0.3323606798114442 0.1764885899584651 0
0.3380422606694209 0.1876393202792148 0
1 20 0 4
409
410
411
412
0.5880422606366256 0.282360679821719 0
0.5823606797124335 0.2935114101778115 0
0.5735114099570008 0.3023606798728619 0
0.5623606796098904 0.3080422607054529 0
1 21 0 4
413
414
415
416
0.5376393203626071 0.3080422606965167 0
0.526488589907019 0.3023606797740663 0
0.5176393202387768 0.2935114101106581 0
0.5119577393416654 0.2823606797549053 0
1 22 0 4
417
418
419
420
0.5119577393625462 0.2576393201808304 0
0.5176393202833474 0.2464885898279957 0
0.5264885900332644 0.237639320134211 0
0.5376393204076561 0.231957739288846 0
1 23 0 4
421
422
423
424
0.5623606796649401 0.2319577393124339 0
0.5735114100652982 0.2376393202058208 0
0.5823606797275036 0.2464885898429308 0
0.5880422606452825 0.2576393202049242 0
1 30 0 4
425
426
427
428
0.8380422606331978 0.1423606798322687 0
0.8323606797101437 0.1535114101809631 0
0.8235114099607631 0.1623606798701284 0
0.8123606795888335 0.1680422607122947 0
1 31 0 4
429
430
431
432
0.7876393203329798 0.1680422606868902 0
0.7764885899311628 0.1623606797916078 0
0.7676393202686395 0.1535114101517605 0
0.76195773935776 0.1423606798044393 0
1 32 0 4
433
434
435
436
0.7619577393740777 0.1176393201453397 0
0.7676393203025268 0.1064885898015975 0
0.7764885900160892 0.09763932014668944 0
0.7876393204047434 0.09195773928979235 0
1 33 0 4
437
438
439
440
0.8123606796673807 0.09195773931322687 0
0.8235114100835159 0.0976393202190568 0
0.8323606797472831 0.1064885898701549 0
0.8380422606451343 0.1176393202044683 0
1 40 0 4
441
442
443
444
1.088042260662339 0.2123606797425817 0
1.082360679782829 0.2235114100809203 0
1.073511410198757 0.2323606796972159 0
1.062360679930407 0.2380422606013108 0
1 41 0 4
445
446
447
448
1.037639319989831 0.2380422605753944 0
1.026488589812912 0.2323606797056934 0
1.017639320143673 0.2235114099797584 0
1.011957739332971 0.2123606797281457 0
1 42 0 4
449
450
451
452
1.011957739337661 0.1876393202574183 0
1.017639320217171 0.1764885899190797 0
1.026488589801243 0.1676393203027841 0
1.037639320069593 0.1619577393986893 0
1 43 0 4
453
454
455
456
1.062360680010169 0.1619577394246056 0
1.073511410187088 0.1676393202943066 0
1.082360679856327 0.1764885900202416 0
1.088042260667029 0.1876393202718544 0
1 50 0 4
457
458
459
460
1.338042260664534 0.2823606797358248 0
1.33236067978449 0.2935114100786342 0
1.323511410195159 0.3023606796998302 0
1.312360679933285 0.3080422606003758 0
1 51 0 4
461
462
463
464
1.287639320080156 0.3080422606047429 0
1.276488589862948 0.3023606797420472 0
1.267639320182634 0.2935114100333845 0
1.261957739348269 0.2823606797752293 0
1 52 0 4
465
466
467
468
1.261957739335916 0.2576393202627885 0
1.267639320209656 0.2464885899294237 0
1.276488589794347 0.2376393203077943 0
1.28763932006554 0.2319577394000063 0
1 53 0 4
469
470
471
472
1.312360680003058 0.2319577394222951 0
1.323511410174991 0.2376393202855169 0
1.332360679843143 0.2464885900020947 0
1.338042260675305 0.2576393202973227 0
1 60 0 4
473
474
475
476
1.588042260662339 0.1423606797425817 0
1.582360679782829 0.1535114100809203 0
1.573511410198757 0.1623606796972159 0
1.562360679930407 0.1680422606013108 0
1 61 0 4
477
478
479
480
1.537639319989831 0.1680422605753944 0
1.526488589812912 0.1623606797056934 0
1.517639320143673 0.1535114099797584 0
1.511957739332971 0.1423606797281456 0
1 62 0 4
481
482
483
484
1.511957739340331 0.1176393202492002 0
1.517639320221068 0.1064885899137156 0
1.526488589783703 0.09763932031552773 0
1.537639320067609 0.09195773939933394 0
1 63 0 4
485
486
487
488
1.562360680013975 0.09195773942584214 0
1.573511410183879 0.09763932029197495 0
1.58236067986422 0.1064885900311047 0
1.588042260669042 0.1176393202780475 0
2 1 0 5353
489
490
491
492
493
494
495
496
497
498
499
500
501
502
503
504
505
506
507
508
509
510
511
512
513
514
515
516
517
518
519
520
521
522
523
524
525
526
527
528
529
530
531
532
533
534
535
536
537
538
539
540
541
542
543
544
545
546
547
548
549
550
551
552
553
554
555
556
557
558
559
560
561
562
563
564
565
566
567
568
569
570
571
572
573
574
575
576
577
578
579
580
581
582
583
584
585
586
587
588
589
590
591
592
593
594
595
596
597
598
599
600
601
602
603
604
605
606
607
608
609
610
611
612
613
614
615
616
617
618
619
620
621
622
623
624
625
626
627
628
629
630
631
632
633
634
635
636
637
638
639
640
641
642
643
644
645
646
647
648
649
650
651
652
653
654
655
656
657
658
659
660
661
662
663
664
665
666
667
668
669
670
671
672
673
674
675
676
677
678
679
680
681
682
683
684
685
686
687
688
689
690
691
692
693
694
695
696
697
698
699
700
701
702
703
704
705
706
707
708
709
710
711
712
713
714
715
716
717
718
719
720
721
722
723
724
725
726
727
728
729
730
731
732
733
734
735
736
737
738
739
740
741
742
743
744
745
746
747
748
749
750
751
752
753
754
755
756
757
758
759
760
761
762
763
764
765
766
767
768
769
770
771
772
773
774
775
776
777
778
779
780
781
782
783
784
785
786
787
788
789
790
791
792
793
794
795
796
797
798
799
800
801
802
803
804
805
806
807
808
809
810
811
812
813
814
815
816
817
818
819
820
821
822
823
824
825
826
827
828
829
830
831
832
833
834
835
836
837
838
839
840
841
842
843
844
845
846
847
848
849
850
851
852
853
854
855
856
857
858
859
860
861
862
863
864
865
866
867
868
869
870
871
872
873
874
875
876
877
878
879
880
881
882
883
884
885
886
887
888
889
890
891
892
893
894
895
896
897
898
899
900
901
902
903
904
905
906
907
908
909
910
911
912
913
914
915
916
917
918
919
920
921
922
923
924
925
926
927
928
929
930
931
932
933
934
935
936
937
938
939
940
941
942
943
944
945
946
947
948
949
950
951
952
953
954
955
956
957
958
959
960
961
962
963
964
965
966
967
968
969
970
971
972
973
974
975
976
977
978
979
980
981
982
983
984
985
986
987
988
989
990
991
992
993
994
995
996
997
998
999
1000
1001
1002
1003
1004
1005
1006
1007
1008
1009
1010
1011
1012
1013
1014
1015
1016
1017
1018
1019
1020
1021
1022
1023
1024
1025
1026
1027
1028
1029
1030
1031
1032
1033
1034
1035
1036
1037
1038
1039
1040
1041
1042
1043
1044
1045
1046
1047
1048
1049
1050
1051
1052
1053
1054
1055
1056
1057
1058
1059
1060
1061
1062
1063
1064
1065
1066
1067
1068
1069
1070
1071
1072
1073
1074
1075
1076
1077
1078
1079
1080
1081
1082
1083
1084
1085
1086
1087
1088
1089
1090
1091
1092
1093
1094
1095
1096
1097
1098
1099
1100
1101
1102
1103
1104
1105
1106
1107
1108
1109
1110
1111
1112
1113
1114
1115
1116
1117
1118
1119
1120
1121
1122
1123
1124
1125
1126
1127
1128
1129
1130
1131
1132
1133
1134
1135
1136
1137
1138
1139
1140
1141
1142
1143
1144
1145
1146
1147
1148
1149
1150
1151
1152
1153
1154
1155
1156
1157
1158
1159
1160
1161
1162
1163
1164
1165
1166
1167
1168
1169
1170
1171
1172
1173
1174
1175
1176
1177
1178
1179
1180
1181
1182
1183
1184
1185
1186
1187
1188
1189
1190
1191
1192
1193
1194
1195
1196
1197
1198
1199
1200
1201
1202
1203
1204
1205
1206
1207
1208
1209
1210
1211
1212
1213
1214
1215
1216
1217
1218
1219
1220
1221
1222
1223
1224
1225
1226
1227
1228
1229
1230
1231
1232
1233
1234
1235
1236
1237
1238
1239
1240
1241
1242
1243
1244
1245
1246
1247
1248
1249
1250
1251
1252
1253
1254
1255
1256
1257
1258
1259
1260
1261
1262
1263
1264
1265
1266
1267
1268
1269
1270
1271
1272
1273
1274
1275
1276
1277
1278
1279
1280
1281
1282
1283
1284
1285
1286
1287
1288
1289
1290
1291
1292
1293
1294
1295
1296
1297
1298
1299
1300
1301
1302
1303
1304
1305
1306
1307
1308
1309
1310
1311
1312
1313
1314
1315
1316
1317
1318
1319
1320
1321
1322
1323
1324
1325
1326
1327
1328
1329
1330
1331
1332
1333
1334
1335
1336
1337
1338
1339
1340
1341
1342
1343
1344
1345
1346
1347
1348
1349
1350
1351
1352
1353
1354
1355
1356
1357
1358
1359
1360
1361
1362
1363
1364
1365
1366
1367
1368
1369
1370
1371
1372
1373
1374
1375
1376
1377
1378
1379
1380
1381
1382
1383
1384
1385
1386
1387
1388
1389
1390
1391
1392
1393
1394
1395
1396
1397
1398
1399
1400
1401
1402
1403
1404
1405
1406
1407
1408
1409
1410
1411
1412
1413
1414
1415
1416
1417
1418
1419
1420
1421
1422
1423
1424
1425
1426
1427
1428
1429
1430
1431
1432
1433
1434
1435
1436
1437
1438
1439
1440
1441
1442
1443
1444
1445
1446
1447
1448
1449
1450
1451
1452
1453
1454
1455
1456
1457
1458
1459
1460
1461
1462
1463
1464
1465
1466
1467
1468
1469
1470
1471
1472
1473
1474
1475
1476
1477
1478
1479
1480
1481
1482
1483
1484
1485
1486
1487
1488
1489
1490
1491
1492
1493
1494
1495
1496
1497
1498
1499
1500
1501
1502
1503
1504
1505
1506
1507
1508
1509
1510
1511
1512
1513
1514
1515
1516
1517
1518
1519
1520
1521
1522
1523
1524
1525
1526
1527
1528
1529
1530
1531
1532
1533
1534
1535
1536
1537
1538
1539
1540
1541
1542
1543
1544
1545
1546
1547
1548
1549
1550
1551
1552
1553
1554
1555
1556
1557
1558
1559
1560
1561
1562
1563
1564
1565
1566
1567
1568
1569
1570
1571
1572
1573
1574
1575
1576
1577
1578
1579
1580
1581
1582
1583
1584
1585
1586
1587
1588
1589
1590
1591
1592
1593
1594
1595
1596
1597
1598
1599
1600
1601
1602
1603
1604
1605
1606
1607
1608
1609
1610
1611
1612
1613
1614
1615
1616
1617
1618
1619
1620
1621
1622
1623
1624
1625
1626
1627
1628
1629
1630
1631
1632
1633
1634
1635
1636
1637
1638
1639
1640
1641
1642
1643
1644
1645
1646
1647
1648
1649
1650
1651
1652
1653
1654
1655
1656
1657
1658
1659
1660
1661
1662
1663
1664
1665
1666
1667
1668
1669
1670
1671
1672
1673
1674
1675
1676
1677
1678
1679
1680
1681
1682
1683
1684
1685
1686
1687
1688
1689
1690
1691
1692
1693
1694
1695
1696
1697
1698
1699
1700
1701
1702
1703
1704
1705
1706
1707
1708
1709
1710
1711
1712
1713
1714
1715
1716
1717
1718
1719
1720
1721
1722
1723
1724
1725
1726
1727
1728
1729
1730
1731
1732
1733
1734
1735
1736
1737
1738
1739
1740
1741
1742
1743
1744
1745
1746
1747
1748
1749
1750
1751
1752
1753
1754
1755
1756
1757
1758
1759
1760
1761
1762
1763
1764
1765
1766
1767
1768
1769
1770
1771
1772
1773
1774
1775
1776
1777
1778
1779
1780
1781
1782
1783
1784
1785
1786
1787
1788
1789
1790
1791
1792
1793
1794
1795
1796
1797
1798
1799
1800
1801
1802
1803
1804
1805
1806
1807
1808
1809
1810
1811
1812
1813
1814
1815
1816
1817
1818
1819
1820
1821
1822
1823
1824
1825
1826
1827
1828
1829
1830
1831
1832
1833
1834
1835
1836
1837
1838
1839
1840
1841
1842
1843
1844
1845
1846
1847
1848
1849
1850
1851
1852
1853
1854
1855
1856
1857
1858
1859
1860
1861
1862
1863
1864
1865
1866
1867
1868
1869
1870
1871
1872
1873
1874
1875
1876
1877
1878
1879
1880
1881
1882
1883
1884
1885
1886
1887
1888
1889
1890
1891
1892
1893
1894
1895
1896
1897
1898
1899
1900
1901
1902
1903
1904
1905
1906
1907
1908
1909
1910
1911
1912
1913
1914
1915
1916
1917
1918
1919
1920
1921
1922
1923
1924
1925
1926
1927
1928
1929
1930
1931
1932
1933
1934
1935
1936
1937
1938
1939
1940
1941
1942
1943
1944
1945
1946
1947
1948
1949
1950
1951
1952
1953
1954
1955
1956
1957
1958
1959
1960
1961
1962
1963
1964
1965
1966
1967
1968
1969
1970
1971
1972
1973
1974
1975
1976
1977
1978
1979
1980
1981
1982
1983
1984
1985
1986
1987
1988
1989
1990
1991
1992
1993
1994
1995
1996
1997
1998
1999
2000
2001
2002
2003
2004
2005
2006
2007
2008
2009
2010
2011
2012
2013
2014
2015
2016
2017
2018
2019
2020
2021
2022
2023
2024
2025
2026
2027
2028
2029
2030
2031
2032
2033
2034
2035
2036
2037
2038
2039
2040
2041
2042
2043
2044
2045
2046
2047
2048
2049
2050
2051
2052
2053
2054
2055
2056
2057
2058
2059
2060
2061
2062
2063
2064
2065
2066
2067
2068
2069
2070
2071
2072
2073
2074
2075
2076
2077
2078
2079
2080
2081
2082
2083
2084
2085
2086
2087
2088
2089
2090
2091
2092
2093
2094
2095
2096
2097
2098
2099
2100
2101
2102
2103
2104
2105
2106
2107
2108
2109
2110
2111
2112
2113
2114
2115
2116
2117
2118
2119
2120
2121
2122
2123
2124
2125
2126
2127
2128
2129
2130
2131
2132
2133
2134
2135
2136
2137
2138
2139
2140
2141
2142
2143
2144
2145
2146
2147
2148
2149
2150
2151
2152
2153
2154
2155
2156
2157
2158
2159
2160
2161
2162
2163
2164
2165
2166
2167
2168
2169
2170
2171
2172
2173
2174
2175
2176
2177
2178
2179
2180
2181
2182
2183
2184
2185
2186
2187
2188
2189
2190
2191
2192
2193
2194
2195
2196
2197
2198
2199
2200
2201
2202
2203
2204
2205
2206
2207
2208
2209
2210
2211
2212
2213
2214
2215
2216
2217
2218
2219
2220
2221
2222
2223
2224
2225
2226
2227
2228
2229
2230
2231
2232
2233
2234
2235
2236
2237
2238
2239
2240
2241
2242
2243
2244
2245
2246
2247
2248
2249
2250
2251
2252
2253
2254
2255
2256
2257
2258
2259
2260
2261
2262
2263
2264
2265
2266
2267
2268
2269
2270
2271
2272
2273
2274
2275
2276
2277
2278
2279
2280
2281
2282
2283
2284
2285
2286
2287
2288
2289
2290
2291
2292
2293
2294
2295
2296
2297
2298
2299
2300
2301
2302
2303
2304
2305
2306
2307
2308
2309
2310
2311
2312
2313
2314
2315
2316
2317
2318
2319
2320
2321
2322
2323
2324
2325
2326
2327
2328
2329
2330
2331
2332
2333
2334
2335
2336
2337
2338
2339
2340
2341
2342
2343
2344
2345
2346
2347
2348
2349
2350
2351
2352
2353
2354
2355
2356
2357
2358
2359
2360
2361
2362
2363
2364
2365
2366
2367
2368
2369
2370
2371
2372
2373
2374
2375
2376
2377
2378
2379
2380
2381
2382
2383
2384
2385
2386
2387
2388
2389
2390
2391
2392
2393
2394
2395
2396
2397
2398
2399
2400
2401
2402
2403
2404
2405
2406
2407
2408
2409
2410
2411
2412
2413
2414
2415
2416
2417
2418
2419
2420
2421
2422
2423
2424
2425
2426
2427
2428
2429
2430
2431
2432
2433
2434
2435
2436
2437
2438
2439
2440
2441
2442
2443
2444
2445
2446
2447
2448
2449
2450
2451
2452
2453
2454
2455
2456
2457
2458
2459
2460
2461
2462
2463
2464
2465
2466
2467
2468
2469
2470
2471
2472
2473
2474
2475
2476
2477
2478
2479
2480
2481
2482
2483
2484
2485
2486
2487
2488
2489
2490
2491
2492
2493
2494
2495
2496
2497
2498
2499
2500
2501
2502
2503
2504
2505
2506
2507
2508
2509
2510
2511
2512
2513
2514
2515
2516
2517
2518
2519
2520
2521
2522
2523
2524
2525
2526
2527
2528
2529
2530
2531
2532
2533
2534
2535
2536
2537
2538
2539
2540
2541
2542
2543
2544
2545
2546
2547
2548
2549
2550
2551
2552
2553
2554
2555
2556
2557
2558
2559
2560
2561
2562
2563
2564
2565
2566
2567
2568
2569
2570
2571
2572
2573
2574
2575
2576
2577
2578
2579
2580
2581
2582
2583
2584
2585
2586
2587
2588
2589
2590
2591
2592
2593
2594
2595
2596
2597
2598
2599
2600
2601
2602
2603
2604
2605
2606
2607
2608
2609
2610
2611
2612
2613
2614
2615
2616
2617
2618
2619
2620
2621
2622
2623
2624
2625
2626
2627
2628
2629
2630
2631
2632
2633
2634
2635
2636
2637
2638
2639
2640
2641
2642
2643
2644
2645
2646
2647
2648
2649
2650
2651
2652
2653
2654
2655
2656
2657
2658
2659
2660
2661
2662
2663
2664
2665
2666
2667
2668
2669
2670
2671
2672
2673
2674
2675
2676
2677
2678
2679
2680
2681
2682
2683
2684
2685
2686
2687
2688
2689
2690
2691
2692
2693
2694
2695
2696
2697
2698
2699
2700
2701
2702
2703
2704
2705
2706
2707
2708
2709
2710
2711
2712
2713
2714
2715
2716
2717
2718
2719
2720
2721
2722
2723
2724
2725
2726
2727
2728
2729
2730
2731
2732
2733
2734
2735
2736
2737
2738
2739
2740
2741
2742
2743
2744
2745
2746
2747
2748
2749
2750
2751
2752
2753
2754
2755
2756
2757
2758
2759
2760
2761
2762
2763
2764
2765
2766
2767
2768
2769
2770
2771
2772
2773
2774
2775
2776
2777
2778
2779
2780
2781
2782
2783
2784
2785
2786
2787
2788
2789
2790
2791
2792
2793
2794
2795
2796
2797
2798
2799
2800
2801
2802
2803
2804
2805
2806
2807
2808
2809
2810
2811
2812
2813
2814
2815
2816
2817
2818
2819
2820
2821
2822
2823
2824
2825
2826
2827
2828
2829
2830
2831
2832
2833
2834
2835
2836
2837
2838
2839
2840
2841
2842
2843
2844
2845
2846
2847
2848
2849
2850
2851
2852
2853
2854
2855
2856
2857
2858
2859
2860
2861
2862
2863
2864
2865
2866
2867
2868
2869
2870
2871
2872
2873
2874
2875
2876
2877
2878
2879
2880
2881
2882
2883
2884
2885
2886
2887
2888
2889
2890
2891
2892
2893
2894
2895
2896
2897
2898
2899
2900
2901
2902
2903
2904
2905
2906
2907
2908
2909
2910
2911
2912
2913
2914
2915
2916
2917
2918
2919
2920
2921
2922
2923
2924
2925
2926
2927
2928
2929
2930
2931
2932
2933
2934
2935
2936
2937
2938
2939
2940
2941
2942
2943
2944
2945
2946
2947
2948
2949
2950
2951
2952
2953
2954
2955
2956
2957
2958
2959
2960
2961
2962
2963
2964
2965
2966
2967
2968
2969
2970
2971
2972
2973
2974
2975
2976
2977
2978
2979
2980
2981
2982
2983
2984
2985
2986
2987
2988
2989
2990
2991
2992
2993
2994
2995
2996
2997
2998
2999
3000
3001
3002
3003
3004
3005
3006
3007
3008
3009
3010
3011
3012
3013
3014
3015
3016
3017
3018
3019
3020
3021
3022
3023
3024
3025
3026
3027
3028
3029
3030
3031
3032
3033
3034
3035
3036
3037
3038
3039
3040
3041
3042
3043
3044
3045
3046
3047
3048
3049
3050
3051
3052
3053
3054
3055
3056
3057
3058
3059
3060
3061
3062
3063
3064
3065
3066
3067
3068
3069
3070
3071
3072
3073
3074
3075
3076
3077
3078
3079
3080
3081
3082
3083
3084
3085
3086
3087
3088
3089
3090
3091
3092
3093
3094
3095
3096
3097
3098
3099
3100
3101
3102
3103
3104
3105
3106
3107
3108
3109
3110
3111
3112
3113
3114
3115
3116
3117
3118
3119
3120
3121
3122
3123
3124
3125
3126
3127
3128
3129
3130
3131
3132
3133
3134
3135
3136
3137
3138
3139
3140
3141
3142
3143
3144
3145
3146
3147
3148
3149
3150
3151
3152
3153
3154
3155
3156
3157
3158
3159
3160
3161
3162
3163
3164
3165
3166
3167
3168
3169
3170
3171
3172
3173
3174
3175
3176
3177
3178
3179
3180
3181
3182
3183
3184
3185
3186
3187
3188
3189
3190
3191
3192
3193
3194
3195
3196
3197
3198
3199
3200
3201
3202
3203
3204
3205
3206
3207
3208
3209
3210
3211
3212
3213
3214
3215
3216
3217
3218
3219
3220
3221
3222
3223
3224
3225
3226
3227
3228
3229
3230
3231
3232
3233
3234
3235
3236
3237
3238
3239
3240
3241
3242
3243
3244
3245
3246
3247
3248
3249
3250
3251
3252
3253
3254
3255
3256
3257
3258
3259
3260
3261
3262
3263
3264
3265
3266
3267
3268
3269
3270
3271
3272
3273
3274
3275
3276
3277
3278
3279
3280
3281
3282
3283
3284
3285
3286
3287
3288
3289
3290
3291
3292
3293
3294
3295
3296
3297
3298
3299
3300
3301
3302
3303
3304
3305
3306
3307
3308
3309
3310
3311
3312
3313
3314
3315
3316
3317
3318
3319
3320
3321
3322
3323
3324
3325
3326
3327
3328
3329
3330
3331
3332
3333
3334
3335
3336
3337
3338
3339
3340
3341
3342
3343
3344
3345
3346
3347
3348
3349
3350
3351
3352
3353
3354
3355
3356
3357
3358
3359
3360
3361
3362
3363
3364
3365
3366
3367
3368
3369
3370
3371
3372
3373
3374
3375
3376
3377
3378
3379
3380
3381
3382
3383
3384
3385
3386
3387
3388
3389
3390
3391
3392
3393
3394
3395
3396
3397
3398
3399
3400
3401
3402
3403
3404
3405
3406
3407
3408
3409
3410
3411
3412
3413
3414
3415
3416
3417
3418
3419
3420
3421
3422
3423
3424
3425
3426
3427
3428
3429
3430
3431
3432
3433
3434
3435
3436
3437
3438
3439
3440
3441
3442
3443
3444
3445
3446
3447
3448
3449
3450
3451
3452
3453
3454
3455
3456
3457
3458
3459
3460
3461
3462
3463
3464
3465
3466
3467
3468
3469
3470
3471
3472
3473
3474
3475
3476
3477
3478
3479
3480
3481
3482
3483
3484
3485
3486
3487
3488
3489
3490
3491
3492
3493
3494
3495
3496
3497
3498
3499
3500
3501
3502
3503
3504
3505
3506
3507
3508
3509
3510
3511
3512
3513
3514
3515
3516
3517
3518
3519
3520
3521
3522
3523
3524
3525
3526
3527
3528
3529
3530
3531
3532
3533
3534
3535
3536
3537
3538
3539
3540
3541
3542
3543
3544
3545
3546
3547
3548
3549
3550
3551
3552
3553
3554
3555
3556
3557
3558
3559
3560
3561
3562
3563
3564
3565
3566
3567
3568
3569
3570
3571
3572
3573
3574
3575
3576
3577
3578
3579
3580
3581
3582
3583
3584
3585
3586
3587
3588
3589
3590
3591
3592
3593
3594
3595
3596
3597
3598
3599
3600
3601
3602
3603
3604
3605
3606
3607
3608
3609
3610
3611
3612
3613
3614
3615
3616
3617
3618
3619
3620
3621
3622
3623
3624
3625
3626
3627
3628
3629
3630
3631
3632
3633
3634
3635
3636
3637
3638
3639
3640
3641
3642
3643
3644
3645
3646
3647
3648
3649
3650
3651
3652
3653
3654
3655
3656
3657
3658
3659
3660
3661
3662
3663
3664
3665
3666
3667
3668
3669
3670
3671
3672
3673
3674
3675
3676
3677
3678
3679
3680
3681
3682
3683
3684
3685
3686
3687
3688
3689
3690
3691
3692
3693
3694
3695
3696
3697
3698
3699
3700
3701
3702
3703
3704
3705
3706
3707
3708
3709
3710
3711
3712
3713
3714
3715
3716
3717
3718
3719
3720
3721
3722
3723
3724
3725
3726
3727
3728
3729
3730
3731
3732
3733
3734
3735
3736
3737
3738
3739
3740
3741
3742
3743
3744
3745
3746
3747
3748
3749
3750
3751
3752
3753
3754
3755
3756
3757
3758
3759
3760
3761
3762
3763
3764
3765
3766
3767
3768
3769
3770
3771
3772
3773
3774
3775
3776
3777
3778
3779
3780
3781
3782
3783
3784
3785
3786
3787
3788
3789
3790
3791
3792
3793
3794
3795
3796
3797
3798
3799
3800
3801
3802
3803
3804
3805
3806
3807
3808
3809
3810
3811
3812
3813
3814
3815
3816
3817
3818
3819
3820
3821
3822
3823
3824
3825
3826
3827
3828
3829
3830
3831
3832
3833
3834
3835
3836
3837
3838
3839
3840
3841
3842
3843
3844
3845
3846
3847
3848
3849
3850
3851
3852
3853
3854
3855
3856
3857
3858
3859
3860
3861
3862
3863
3864
3865
3866
3867
3868
3869
3870
3871
3872
3873
3874
3875
3876
3877
3878
3879
3880
3881
3882
3883
3884
3885
3886
3887
3888
3889
3890
3891
3892
3893
3894
3895
3896
3897
3898
3899
3900
3901
3902
3903
3904
3905
3906
3907
3908
3909
3910
3911
3912
3913
3914
3915
3916
3917
3918
3919
3920
3921
3922
3923
3924
3925
3926
3927
3928
3929
3930
3931
3932
3933
3934
3935
3936
3937
3938
3939
3940
3941
3942
3943
3944
3945
3946
3947
3948
3949
3950
3951
3952
3953
3954
3955
3956
3957
3958
3959
3960
3961
3962
3963
3964
3965
3966
3967
3968
3969
3970
3971
3972
3973
3974
3975
3976
3977
3978
3979
3980
3981
3982
3983
3984
3985
3986
3987
3988
3989
3990
3991
3992
3993
3994
3995
3996
3997
3998
3999
4000
4001
4002
4003
4004
4005
4006
4007
4008
4009
4010
4011
4012
4013
4014
4015
4016
4017
4018
4019
4020
4021
4022
4023
4024
4025
4026
4027
4028
4029
4030
4031
4032
4033
4034
4035
4036
4037
4038
4039
4040
4041
4042
4043
4044
4045
4046
4047
4048
4049
4050
4051
4052
4053
4054
4055
4056
4057
4058
4059
4060
4061
4062
4063
4064
4065
4066
4067
4068
4069
4070
4071
4072
4073
4074
4075
4076
4077
4078
4079
4080
4081
4082
4083
4084
4085
4086
4087
4088
4089
4090
4091
4092
4093
4094
4095
4096
4097
4098
4099
4100
4101
4102
4103
4104
4105
4106
4107
4108
4109
4110
4111
4112
4113
4114
4115
4116
4117
4118
4119
4120
4121
4122
4123
4124
4125
4126
4127
4128
4129
4130
4131
4132
4133
4134
4135
4136
4137
4138
4139
4140
4141
4142
4143
4144
4145
4146
4147
4148
4149
4150
4151
4152
4153
4154
4155
4156
4157
4158
4159
4160
4161
4162
4163
4164
4165
4166
4167
4168
4169
4170
4171
4172
4173
4174
4175
4176
4177
4178
4179
4180
4181
4182
4183
4184
4185
4186
4187
4188
4189
4190
4191
4192
4193
4194
4195
4196
4197
4198
4199
4200
4201
4202
4203
4204
4205
4206
4207
4208
4209
4210
4211
4212
4213
4214
4215
4216
4217
4218
4219
4220
4221
4222
4223
4224
4225
4226
4227
4228
4229
4230
4231
4232
4233
4234
4235
4236
4237
4238
4239
4240
4241
4242
4243
4244
4245
4246
4247
4248
4249
4250
4251
4252
4253
4254
4255
4256
4257
4258
4259
4260
4261
4262
4263
4264
4265
4266
4267
4268
4269
4270
4271
4272
4273
4274
4275
4276
4277
4278
4279
4280
4281
4282
4283
4284
4285
4286
4287
4288
4289
4290
4291
4292
4293
4294
4295
4296
4297
4298
4299
4300
4301
4302
4303
4304
4305
4306
4307
4308
4309
4310
4311
4312
4313
4314
4315
4316
4317
4318
4319
4320
4321
4322
4323
4324
4325
4326
4327
4328
4329
4330
4331
4332
4333
4334
4335
4336
4337
4338
4339
4340
4341
4342
4343
4344
4345
4346
4347
4348
4349
4350
4351
4352
4353
4354
4355
4356
4357
4358
4359
4360
4361
4362
4363
4364
4365
4366
4367
4368
4369
4370
4371
4372
4373
4374
4375
4376
4377
4378
4379
4380
4381
4382
4383
4384
4385
4386
4387
4388
4389
4390
4391
4392
4393
4394
4395
4396
4397
4398
4399
4400
4401
4402
4403
4404
4405
4406
4407
4408
4409
4410
4411
4412
4413
4414
4415
4416
4417
4418
4419
4420
4421
4422
4423
4424
4425
4426
4427
4428
4429
4430
4431
4432
4433
4434
4435
4436
4437
4438
4439
4440
4441
4442
4443
4444
4445
4446
4447
4448
4449
4450
4451
4452
4453
4454
4455
4456
4457
4458
4459
4460
4461
4462
4463
4464
4465
4466
4467
4468
4469
4470
4471
4472
4473
4474
4475
4476
4477
4478
4479
4480
4481
4482
4483
4484
4485
4486
4487
4488
4489
4490
4491
4492
4493
4494
4495
4496
4497
4498
4499
4500
4501
4502
4503
4504
4505
4506
4507
4508
4509
4510
4511
4512
4513
4514
4515
4516
4517
4518
4519
4520
4521
4522
4523
4524
4525
4526
4527
4528
4529
4530
4531
4532
4533
4534
4535
4536
4537
4538
4539
4540
4541
4542
4543
4544
4545
4546
4547
4548
4549
4550
4551
4552
4553
4554
4555
4556
4557
4558
4559
4560
4561
4562
4563
4564
4565
4566
4567
4568
4569
4570
4571
4572
4573
4574
4575
4576
4577
4578
4579
4580
4581
4582
4583
4584
4585
4586
4587
4588
4589
4590
4591
4592
4593
4594
4595
4596
4597
4598
4599
4600
4601
4602
4603
4604
4605
4606
4607
4608
4609
4610
4611
4612
4613
4614
4615
4616
4617
4618
4619
4620
4621
4622
4623
4624
4625
4626
4627
4628
4629
4630
4631
4632
4633
4634
4635
4636
4637
4638
4639
4640
4641
4642
4643
4644
4645
4646
4647
4648
4649
4650
4651
4652
4653
4654
4655
4656
4657
4658
4659
4660
4661
4662
4663
4664
4665
4666
4667
4668
4669
4670
4671
4672
4673
4674
4675
4676
4677
4678
4679
4680
4681
4682
4683
4684
4685
4686
4687
4688
4689
4690
4691
4692
4693
4694
4695
4696
4697
4698
4699
4700
4701
4702
4703
4704
4705
4706
4707
4708
4709
4710
4711
4712
4713
4714
4715
4716
4717
4718
4719
4720
4721
4722
4723
4724
4725
4726
4727
4728
4729
4730
4731
4732
4733
4734
4735
4736
4737
4738
4739
4740
4741
4742
4743
4744
4745
4746
4747
4748
4749
4750
4751
4752
4753
4754
4755
4756
4757
4758
4759
4760
4761
4762
4763
4764
4765
4766
4767
4768
4769
4770
4771
4772
4773
4774
4775
4776
4777
4778
4779
4780
4781
4782
4783
4784
4785
4786
4787
4788
4789
4790
4791
4792
4793
4794
4795
4796
4797
4798
4799
4800
4801
4802
4803
4804
4805
4806
4807
4808
4809
4810
4811
4812
4813
4814
4815
4816
4817
4818
4819
4820
4821
4822
4823
4824
4825
4826
4827
4828
4829
4830
4831
4832
4833
4834
4835
4836
4837
4838
4839
4840
4841
4842
4843
4844
4845
4846
4847
4848
4849
4850
4851
4852
4853
4854
4855
4856
4857
4858
4859
4860
4861
4862
4863
4864
4865
4866
4867
4868
4869
4870
4871
4872
4873
4874
4875
4876
4877
4878
4879
4880
4881
4882
4883
4884
4885
4886
4887
4888
4889
4890
4891
4892
4893
4894
4895
4896
4897
4898
4899
4900
4901
4902
4903
4904
4905
4906
4907
4908
4909
4910
4911
4912
4913
4914
4915
4916
4917
4918
4919
4920
4921
4922
4923
4924
4925
4926
4927
4928
4929
4930
4931
4932
4933
4934
4935
4936
4937
4938
4939
4940
4941
4942
4943
4944
4945
4946
4947
4948
4949
4950
4951
4952
4953
4954
4955
4956
4957
4958
4959
4960
4961
4962
4963
4964
4965
4966
4967
4968
4969
4970
4971
4972
4973
4974
4975
4976
4977
4978
4979
4980
4981
4982
4983
4984
4985
4986
4987
4988
4989
4990
4991
4992
4993
4994
4995
4996
4997
4998
4999
5000
5001
5002
5003
5004
5005
5006
5007
5008
5009
5010
5011
5012
5013
5014
5015
5016
5017
5018
5019
5020
5021
5022
5023
5024
5025
5026
5027
5028
5029
5030
5031
5032
5033
5034
5035
5036
5037
5038
5039
5040
5041
5042
5043
5044
5045
5046
5047
5048
5049
5050
5051
5052
5053
5054
5055
5056
5057
5058
5059
5060
5061
5062
5063
5064
5065
5066
5067
5068
5069
5070
5071
5072
5073
5074
5075
5076
5077
5078
5079
5080
5081
5082
5083
5084
5085
5086
5087
5088
5089
5090
5091
5092
5093
5094
5095
5096
5097
5098
5099
5100
5101
5102
5103
5104
5105
5106
5107
5108
5109
5110
5111
5112
5113
5114
5115
5116
5117
5118
5119
5120
5121
5122
5123
5124
5125
5126
5127
5128
5129
5130
5131
5132
5133
5134
5135
5136
5137
5138
5139
5140
5141
5142
5143
5144
5145
5146
5147
5148
5149
5150
5151
5152
5153
5154
5155
5156
5157
5158
5159
5160
5161
5162
5163
5164
5165
5166
5167
5168
5169
5170
5171
5172
5173
5174
5175
5176
5177
5178
5179
5180
5181
5182
5183
5184
5185
5186
5187
5188
5189
5190
5191
5192
5193
5194
5195
5196
5197
5198
5199
5200
5201
5202
5203
5204
5205
5206
5207
5208
5209
5210
5211
5212
5213
5214
5215
5216
5217
5218
5219
5220
5221
5222
5223
5224
5225
5226
5227
5228
5229
5230
5231
5232
5233
5234
5235
5236
5237
5238
5239
5240
5241
5242
5243
5244
5245
5246
5247
5248
5249
5250
5251
5252
5253
5254
5255
5256
5257
5258
5259
5260
5261
5262
5263
5264
5265
5266
5267
5268
5269
5270
5271
5272
5273
5274
5275
5276
5277
5278
5279
5280
5281
5282
5283
5284
5285
5286
5287
5288
5289
5290
5291
5292
5293
5294
5295
5296
5297
5298
5299
5300
5301
5302
5303
5304
5305
5306
5307
5308
5309
5310
5311
5312
5313
5314
5315
5316
5317
5318
5319
5320
5321
5322
5323
5324
5325
5326
5327
5328
5329
5330
5331
5332
5333
5334
5335
5336
5337
5338
5339
5340
5341
5342
5343
5344
5345
5346
5347
5348
5349
5350
5351
5352
5353
5354
5355
5356
5357
5358
5359
5360
5361
5362
5363
5364
5365
5366
5367
5368
5369
5370
5371
5372
5373
5374
5375
5376
5377
5378
5379
5380
5381
5382
5383
5384
5385
5386
5387
5388
5389
5390
5391
5392
5393
5394
5395
5396
5397
5398
5399
5400
5401
5402
5403
5404
5405
5406
5407
5408
5409
5410
5411
5412
5413
5414
5415
5416
5417
5418
5419
5420
5421
5422
5423
5424
5425
5426
5427
5428
5429
5430
5431
5432
5433
5434
5435
5436
5437
5438
5439
5440
5441
5442
5443
5444
5445
5446
5447
5448
5449
5450
5451
5452
5453
5454
5455
5456
5457
5458
5459
5460
5461
5462
5463
5464
5465
5466
5467
5468
5469
5470
5471
5472
5473
5474
5475
5476
5477
5478
5479
5480
5481
5482
5483
5484
5485
5486
5487
5488
5489
5490
5491
5492
5493
5494
5495
5496
5497
5498
5499
5500
5501
5502
5503
5504
5505
5506
5507
5508
5509
5510
5511
5512
5513
5514
5515
5516
5517
5518
5519
5520
5521
5522
5523
5524
5525
5526
5527
5528
5529
5530
5531
5532
5533
5534
5535
5536
5537
5538
5539
5540
5541
5542
5543
5544
5545
5546
5547
5548
5549
5550
5551
5552
5553
5554
5555
5556
5557
5558
5559
5560
5561
5562
5563
5564
5565
5566
5567
5568
5569
5570
5571
5572
5573
5574
5575
5576
5577
5578
5579
5580
5581
5582
5583
5584
5585
5586
5587
5588
5589
5590
5591
5592
5593
5594
5595
5596
5597
5598
5599
5600
5601
5602
5603
5604
5605
5606
5607
5608
5609
5610
5611
5612
5613
5614
5615
5616
5617
5618
5619
5620
5621
5622
5623
5624
5625
5626
5627
5628
5629
5630
5631
5632
5633
5634
5635
5636
5637
5638
5639
5640
5641
5642
5643
5644
5645
5646
5647
5648
5649
5650
5651
5652
5653
5654
5655
5656
5657
5658
5659
5660
5661
5662
5663
5664
5665
5666
5667
5668
5669
5670
5671
5672
5673
5674
5675
5676
5677
5678
5679
5680
5681
5682
5683
5684
5685
5686
5687
5688
5689
5690
5691
5692
5693
5694
5695
5696
5697
5698
5699
5700
5701
5702
5703
5704
5705
5706
5707
5708
5709
5710
5711
5712
5713
5714
5715
5716
5717
5718
5719
5720
5721
5722
5723
5724
5725
5726
5727
5728
5729
5730
5731
5732
5733
5734
5735
5736
5737
5738
5739
5740
5741
5742
5743
5744
5745
5746
5747
5748
5749
5750
5751
5752
5753
5754
5755
5756
5757
5758
5759
5760
5761
5762
5763
5764
5765
5766
5767
5768
5769
5770
5771
5772
5773
5774
5775
5776
5777
5778
5779
5780
5781
5782
5783
5784
5785
5786
5787
5788
5789
5790
5791
5792
5793
5794
5795
5796
5797
5798
5799
5800
5801
5802
5803
5804
5805
5806
5807
5808
5809
5810
5811
5812
5813
5814
5815
5816
5817
5818
5819
5820
5821
5822
5823
5824
5825
5826
5827
5828
5829
5830
5831
5832
5833
5834
5835
5836
5837
5838
5839
5840
5841
0.008291846139864379 0.1333370463762043 0
0.008388155099996904 0.2743228750450007 0
1.596088878646603 0.1513285982383651 0
1.791619755101346 0.3943915232905407 0
0.1387578899624868 0.4008448271580303 0
0.1391437793103039 0.009397058612998945 0
0.009722780378345258 0.2228444529174289 0
1.86371532373688 0.0149602645306129 0
1.776142326416715 0.01597503857727123 0
0.2500127952476647 0.1925180507474294 0
1.937642446142496 0.3916162183436228 0
1.995221847965203 0.01621646641931786 0
0.4542991461117772 0.009566075729998531 0
0.2551969209076188 0.2234749554949701 0
1.004637877859774 0.2231869139972127 0
0.776975859967576 0.1745899861682402 0
0.8228953229270487 0.1737078927984877 0
1.719782434480374 0.3947611195205312 0
0.6289218531967746 0.01107394120300183 0
2.182818395758399 0.2060968787396322 0
0.5282977982424536 0.22618765211901 0
1.865285672021666 0.394647401736537 0
0.1805730978310255 0.4008771910561037 0
0.1815260189733824 0.009322589794155045 0
0.3458458716935525 0.1767634582368537 0
0.7201824175907501 0.3983010857899107 0
0.009266651616330609 0.1751305190591704 0
0.5727556275898287 0.225339677253083 0
0.008049499004086885 0.09453517573572147 0
0.00803903735911146 0.3164322646927747 0
1.52770101020245 0.1756410308186411 0
1.095420050171358 0.1776019483301504 0
0.8814290024740039 0.3991385626793735 0
0.5036014683532758 0.01018571197263753 0
1.277357077888994 0.2247032650745147 0
1.572856438444111 0.1748582857988947 0
0.5531991654605969 0.01096477115417268 0
1.323174231511508 0.2238659940444398 0
0.7999087650441087 0.3986028785869218 0
2.014675205947786 0.3946591203384412 0
0.4073024520564579 0.4011633566632766 0
0.7509530591390818 0.1403972605272968 0
0.5984411758820136 0.261102293441957 0
1.500391047244798 0.1375819673783126 0
1.350756738833124 0.2615207209383758 0
0.09593835602989571 0.400766038100707 0
0.09722657435495917 0.008480811564196042 0
1.206773298318262 0.01313586070257447 0
0.2247605945774326 0.4015118581928612 0
0.4075567636353236 0.009266034873101228 0
1.249109564696042 0.279096108424947 0
0.8500990536602883 0.1224093248833298 0
0.4993456595942488 0.2789233498669011 0
0.3354641024424816 0.2349420110445855 0
1.649833805210507 0.3948039020556174 0
1.086685180458497 0.2341475187705554 0
0.2640276892063025 0.1643093893715228 0
1.479257725119952 0.3955705538244308 0
1.380195470098088 0.01428966219143105 0
1.01392071988375 0.1639198846608171 0
1.300291977824344 0.01367152587676233 0
0.9393427647447121 0.3975509812580792 0
1.545959235546111 0.3949483530007896 0
0.2252589250071793 0.008860732706409911 0
1.600017263163159 0.1212831307868655 0
0.3589802288031707 0.3994555205924031 0
0.2694228439166945 0.4003333335112056 0
1.2551362409679 0.2471407730648753 0
0.504742136535813 0.2474053240189791 0
0.8446387810249908 0.150479263210734 0
0.3614123767538569 0.009618682165028106 0
0.278235248696161 0.2442432501182336 0
0.3141842208814581 0.400926372791707 0
0.2689316952768164 0.009813920160628353 0
1.027569165162685 0.2452706273972138 0
0.6676325384652796 0.3987745240651923 0
0.9394759020365633 0.01126412550490567 0
0.3145970854755245 0.009154543342238973 0
1.099404247090424 0.2073075846778888 0
1.000274207010123 0.1921242081293222 0
0.3495425905193852 0.2078467755155511 0
1.145318323528475 0.3968812799976824 0
0.6807073163873472 0.01134268593611031 0
0.3228191150347068 0.1541914482238062 0
1.145602593827907 0.01212488948098019 0
0.3078757918719103 0.249725792996484 0
2.072885516672554 0.01614300592211125 0
1.059848457015482 0.2497671811502434 0
2.183960609457352 0.2848641897463198 0
1.703168730579711 0.01664632324454814 0
1.074271670396047 0.1568462957661857 0
0.2921818650227116 0.1506415358091507 0
0.9974618007571419 0.3969575145819982 0
1.042124207994553 0.1502742069537164 0
1.34554525886373 0.2913714282204806 0
0.5960287547599152 0.2912581825064211 0
0.4538034150681821 0.3998659772438459 0
0.9978808741296802 0.01262237847873458 0
1.429885938703225 0.3956085418716095 0
1.085102991533671 0.3971403177611801 0
1.430204841946828 0.01471259281591752 0
2.183405647254374 0.1276423051495124 0
1.100270313660686 0.01350545886053855 0
0.7547125747915457 0.1069242981873298 0
1.595453924585519 0.3938268611075516 0
1.253334474975524 0.01392842349689601 0
1.040688791708845 0.3984058086631146 0
0.8415937820556516 0.3980935436763065 0
0.7599769453719892 0.3996552261372597 0
2.071346090355272 0.3942497343050287 0
1.91908911178819 0.01535771777908899 0
0.5889461402313317 0.01061701492694006 0
1.18948678559491 0.3960493593442527 0
0.06465299074748718 0.4017724404842994 0
0.06746099572754932 0.008600888721338257 0
0.00761016098626846 0.3434929248708361 0
0.008660254037854248 0.0650000000001944 0
1.055904019545569 0.01246236427988399 0
0.8967423653331364 0.01345056582846363 0
1.504331084118835 0.1085264678990262 0
0.5145401111284501 0.306055096491861 0
0.6284647391360306 0.4014923813068261 0
1.265750966750914 0.3073706697838164 0
0.7200910108848696 0.01142034426657552 0
1.649722675432191 0.01126042089793426 0
0.4906264553276556 0.3991418562287429 0
0.5733331266738807 0.3148915497754494 0
0.8343584328576079 0.09389132901995818 0
1.379032533223105 0.394371698866345 0
0.5278429510499153 0.3997938917424879 0
1.32285643844354 0.3148582857997456 0
1.585599737329614 0.09440026290689107 0
0.7752528359521726 0.0857300066490443 0
0.5907323263006361 0.3994538934474127 0
1.237167316037599 0.3966275698277237 0
1.293652468181343 0.3199409662302991 0
1.478860859617364 0.01416994605836776 0
0.5424973997704815 0.3200209243050106 0
0.8568357898706426 0.01214642509958523 0
0.8083416753916218 0.08071807718309414 0
2.130793578611883 0.01695308561953327 0
2.130823946179635 0.3939064581924552 0
1.527143561544949 0.08514171421258354 0
0.03465670729521518 0.4015751569245586 0
0.03550150286103361 0.008347137069894036 0
0.7601188059420495 0.01016366451509758 0
1.556094055903325 0.07949503514862297 0
1.331525767729466 0.3957806715841181 0
1.284389540055409 0.396360204851082 0
0.8002947460832328 0.01321272476054 0
1.597205730709432 0.01769302964379088 0
1.512626965710328 0.01657849416530574 0
2.1815473405769 0.3423801660487277 0
2.181694528132647 0.06847961761470597 0
0.008392340090286939 0.375245891625505 0
0.008660254037873046 0.0350000000001051 0
1.737851398583839 0.01485094507459558 0
1.809431281939319 0.01572985866124069 0
1.684532759993042 0.3949073025774532 0
1.512492586013392 0.3955722013582386 0
1.755583141378313 0.3946126074340417 0
1.332014793529704 0.01326623363372141 0
1.025588558483015 0.01210825443099436 0
1.115063064234679 0.3977375267484867 0
1.174229027039169 0.01288621027053131 0
1.827350703405575 0.3946359827815304 0
0.8270229714717915 0.0106649117646606 0
0.9691170287638295 0.01441818773237398 0
0.9680813492317997 0.3981806680683048 0
1.901528261563925 0.394461483499754 0
0.9112684053608296 0.3984098964140896 0
0.693593214489247 0.3995458478028294 0
1.958211005302822 0.01502804242851932 0
0.6546704753564867 0.01117473535148071 0
1.976645742798233 0.3936313200132311 0
2.035744396353696 0.01610934398725552 0
0.1178487852413222 0.4012933337213387 0
0.1170293230567725 0.009321331187492494 0
0.528941271841695 0.01126355270034327 0
0.4797045393358005 0.01020994051334573 0
0.5540574849858141 0.4004369946512472 0
0.1607703548634579 0.4001932969645137 0
0.1592516656350302 0.009989596276448236 0
0.4308107316295563 0.3991849414514226 0
0.4311202057059513 0.01029963932490132 0
0.3847668344897824 0.4004588467962405 0
0.2028370476724412 0.008928299617065236 0
0.2037301276770102 0.4009543668282283 0
0.3829974041347083 0.01006293660982514 0
0.2465996694666754 0.3982819450358201 0
0.3375252950356642 0.3993094418864986 0
0.2917232129884362 0.4001974648234357 0
0.3368374129932373 0.00972687395642418 0
0.2479254040522844 0.009414081254333661 0
0.2920503949888516 0.009278192416707715 0
2.183500532049754 0.2435266738157471 0
2.182079949818136 0.1665893555370884 0
1.546459444242819 0.01411865067123446 0
0.01011414982210762 0.2952070022027896 0
0.008533418187412007 0.1165924348170665 0
0.008660254037814395 0.2550000000004068 0
0.007652505477272795 0.1968325384937003 0
0.008329898995127039 0.1542560682757267 0
2.169444120663226 0.01663291246004519 0
2.172183348857413 0.3947131484424437 0
0.007821398707229515 0.01504671619632577 0
0.00951311907029378 0.3949743925037544 0
0.2490833480027894 0.2042885939900334 0
0.2387917161360207 0.1966180013636503 0
0.2402961459422889 0.1848694025692198 0
0.2291236899646972 0.1889127166979762 0
0.2309663946853065 0.1769220836012969 0
0.2197121711361942 0.1812744369411349 0
0.2178178350927088 0.1931650442763889 0
0.2084919925827281 0.1855315846859532 0
0.2066141474085146 0.1973839649642326 0
0.1973826640489108 0.1898257134790774 0
0.1955233267598534 0.2015939253970823 0
0.1863966491466859 0.1941724714694749 0
0.1847733105425263 0.2058163173417789 0
0.1881606664045973 0.1824749387316348 0
0.1773097373858444 0.1868082120386426 0
0.179045897372972 0.1753235415709876 0
0.168312228947386 0.1795050274162138 0
0.1700303313376231 0.1681507638268083 0
0.1593771692840917 0.1722846256025863 0
0.1610882452634174 0.1610292233479355 0
0.1505231569982968 0.1651577564135209 0
0.1487833435637648 0.1763337315462108 0
0.1522520697622964 0.1539647986310932 0
0.1627680066606877 0.1498288379851834 0
0.1539523016486598 0.1427944207461664 0
0.1644509581061891 0.1386623971653226 0
0.1434914605247312 0.1469120561224869 0
0.1451860380290209 0.1358397560209156 0
0.1347932261304927 0.1399263607120678 0
0.1364637889795176 0.1289418470641077 0
0.1261666765595732 0.1329893309481261 0
0.1278243027480341 0.1220913446115424 0
0.1177937156959535 0.1261102866972473 0
0.1160372717455504 0.1369432394090869 0
0.1192740391229193 0.1153090098836363 0
0.1293432356476127 0.1113384276385378 0
0.109402774916946 0.1191947584958758 0
0.1107765222295237 0.1085520960071536 0
0.1008311721702644 0.1123633338765241 0
0.1023327252924323 0.1018255846806148 0
0.1936577856050561 0.2131844203993433 0
0.1829699442569264 0.217368831730593 0
0.1917809226600121 0.2247018252910399 0
0.1809234790620403 0.228817037325851 0
0.1897877541925889 0.2361430641380578 0
0.1790260822311368 0.2402216100671737 0
0.187864437477174 0.2475494063534425 0
0.1771872832711075 0.2516120581109405 0
0.1860667793177728 0.2589104858203018 0
0.1753603317104188 0.2629361502560881 0
0.1665053967267698 0.2556345573280754 0
0.1647209778065891 0.2669624308717862 0
0.1559484758279369 0.2598263592889122 0
0.1542536093031129 0.2711286355379554 0
0.1454635209088743 0.2638664371320336 0
0.1437994042438504 0.275105067964073 0
0.1842101030934701 0.2701907460036666 0
0.1350676963478652 0.2678713417635946 0
0.1333250129026814 0.2788275159511722 0
0.1247868878650093 0.2718421273616988 0
0.1230214666150204 0.2826761074912738 0
0.1422166751517537 0.286511167052974 0
0.1145600973815332 0.2757670830230113 0
0.1128337035566307 0.2865339018327755 0
0.1162723056438622 0.2649763281495962 0
0.1061022171917299 0.2689081682876081 0
0.1077957563311564 0.2581914344998831 0
0.09770527656407969 0.2620793831701919 0
0.09938145288959925 0.2514097760331502 0
0.09240707453275633 0.105645423375432 0
0.09100454061659771 0.1159874219201056 0
0.09397632157611931 0.09514575633266277 0
0.1038829586759965 0.09125661041957489 0
0.08935781524696251 0.2552559171128717 0
0.09101100497125644 0.2446792855099753 0
0.08775865017734732 0.26637807446315 0
0.1949477839149557 0.2661781978107275 0
0.1931103517117868 0.2774956549944355 0
0.09553583324781634 0.084644537096546 0
0.1054353658923937 0.08072049510038358 0
0.08564292954064386 0.08853158526366051 0
0.1094495086303043 0.2475013169406498 0
0.2038607793550787 0.273433475516679 0
0.2020083962901222 0.2848046997816364 0
0.2127679052910328 0.2807331506023236 0
0.2108861266897095 0.2921083979576686 0
0.2001295310446866 0.2961589110456398 0
0.2089888808803577 0.3034575207194377 0
0.2197679095906381 0.2994268825289764 0
0.1982517055445368 0.3074349601162386 0
0.2180049398223187 0.3105690079696507 0
0.2286164243763407 0.3067925169333062 0
0.2269169200737877 0.3178923824092717 0
0.2374769376077122 0.3141671921007967 0
0.08104789470250784 0.2484953872013614 0
0.0826796787680748 0.2379778109369131 0
0.08722073866019506 0.07807687193414753 0
0.07740535726654553 0.08189557944250682 0
0.2356319259145881 0.3254351882911318 0
0.2463953864735373 0.3214831739910538 0
0.2234070414175676 0.3296256990585714 0
0.2215648206040501 0.1693163158315623 0
0.07277020094499394 0.2418167531558073 0
0.07440938019736808 0.2313288429732733 0
0.08432084853959573 0.2274875632143278 0
0.07604512214990321 0.2208397160260231 0
0.08595746238282199 0.2169789475506643 0
0.07769947533473244 0.2102767551941609 0
0.0875977964322027 0.2064461228257507 0
0.07933091203771948 0.1997106167116717 0
0.1721171746904153 0.2218053635724656 0
0.07896528983948173 0.07152458989979557 0
0.2444997754441485 0.3328162736518226 0
0.2553475762276474 0.3288211229640167 0
0.2572582054123528 0.3173996312615582 0
0.2662477845775397 0.3247978851407116 0
0.2681883147018047 0.3132818186878564 0
0.2772178250575121 0.3207453453491877 0
0.08924323567240414 0.1959057553394068 0
0.08091520953756565 0.1892311876274998 0
0.09759743649596304 0.2026461542996845 0
0.2752309546164433 0.332235116997699 0
0.286271909163337 0.3282786760884042 0
0.2882508227005335 0.3166484183928323 0
0.2973564455208442 0.3242432387564838 0
0.07105790496225457 0.1930238447883943 0
0.07263561240051564 0.1825949531972483 0
0.06921024180042049 0.07537775221666086 0
0.06764140325154505 0.08567721182374527 0
0.2993642096767705 0.3125257199781039 0
0.3084732891779225 0.3201299079142883 0
0.3064215460949697 0.3318348670199243 0
0.3176829958264188 0.3279408830216715 0
0.3196867180912101 0.3160726719329213 0
0.3289238388838697 0.3239096862727928 0
0.3309269903743572 0.3119574918418051 0
0.3406109740310086 0.3198118905224325 0
0.3422804423376872 0.3078032301106176 0
0.352162385677118 0.3155439294859151 0
0.3537047763444425 0.303710215375478 0
0.3630223121415355 0.3112892683425114 0
0.3650193467593229 0.2995189411335299 0
0.3742883494963847 0.3072544644429573 0
0.3763804456664078 0.295266073985653 0
0.3857388552644004 0.3031155619356046 0
0.3878328880725711 0.2910675101374304 0
0.3972078217715921 0.2989340121820891 0
0.3993215742354049 0.2868597727345851 0
0.4087031947527828 0.2947396078711623 0
0.4108465494238085 0.2826533437526885 0
0.4065802546155427 0.3068081343577589 0
0.4180819505524112 0.3026261970451528 0
0.4159813250460034 0.3146875298768135 0
0.4274580643406707 0.3105050745125664 0
0.401424735678352 0.2747569750900212 0
0.4129856359123394 0.2705347432560619 0
0.3722103052189005 0.3191977300453404 0
0.4035305535167887 0.2626176324624824 0
0.4151341078352836 0.2583773931464983 0
0.4253585655898988 0.3225582116331728 0
0.4368162550095906 0.3183801839748559 0
0.4056491433049165 0.2504286985733746 0
0.4170808954876325 0.2464311237064681 0
0.4077455155956732 0.2382534953681171 0
0.418875137586329 0.2341991871792765 0
0.4098186743419511 0.2260240099503553 0
0.4211658790790278 0.2217094357542106 0
0.4119775619180328 0.2137386766503073 0
0.4234540978965364 0.2097142625628848 0
0.4141540142842812 0.2015340034916063 0
0.4253283896181319 0.1974717234898644 0
0.4163281006321498 0.1892772118735396 0
0.4276232449826871 0.1850008688863498 0
0.4184501154608793 0.1770510921684053 0
0.4300725097831087 0.1728066110493901 0
0.4206472554011879 0.164866393011216 0
0.4322652701736821 0.1606294284141305 0
0.4228090496352416 0.1526981326011636 0
0.4343925680951271 0.1484812321722893 0
0.4249657773162561 0.1405684258209694 0
0.4365139559363393 0.1363575149371536 0
0.4459598260101976 0.1442561129861459 0
0.4480756840485354 0.1321314412860813 0
0.4574946710028419 0.1399453737240242 0
0.4596414629148671 0.1278826634105705 0
0.4690567471741938 0.1356986734756208 0
0.4716657613722597 0.1231667147178934 0
0.4807072584455572 0.1313897211931604 0
0.427088184542718 0.1284719301598605 0
0.4836431008255263 0.1188849150169307 0
0.4923718265544271 0.1271363922730571 0
0.4943674451525908 0.1151709912879159 0
0.5038679415500772 0.1230586807624354 0
0.5059516101341901 0.1108081146057326 0
0.5154649783312856 0.1188252816339219 0
0.4628334538605053 0.1147146958478476 0
0.5175134023586496 0.1063554395748396 0
0.5270656473391783 0.1144605071595673 0
0.4155671156810681 0.1326683515522337 0
0.4177311898337431 0.120551369659408 0
0.5249620986529273 0.1267857430226811 0
0.5366235767372834 0.122530627816632 0
0.5387305519834851 0.1102088593819144 0
0.5483009901972241 0.1182642787855964 0
0.5504345142004432 0.1060079082582542 0
0.5599937981620904 0.1140071658734762 0
0.5578550311890766 0.12627099014557 0
0.5695515902573201 0.1219940838533399 0
0.5716890039214728 0.1097241002954011 0
0.5812583109700249 0.117712272372725 0
0.5833962000808186 0.1054236909299859 0
0.5929527977465598 0.1134182081785679 0
0.5908282550377596 0.1257150242084985 0
0.6026559521072709 0.1211748741813907 0
0.600423343286565 0.1336899728648337 0
0.6122853318460461 0.1291464798047137 0
0.6098661532450569 0.1418728339917875 0
0.6219485240896877 0.137205866559146 0
0.6194389510707611 0.1499286426832826 0
0.6244834596249297 0.1243971680391234 0
0.6315453259003391 0.1452390027706683 0
0.6291496839353221 0.1578027858717897 0
0.6409325322794215 0.1534709614127163 0
0.6383981913463731 0.1659181208381185 0
0.6506695848653845 0.1613306052970854 0
0.6483249348921405 0.1738557199951201 0
0.6533865091842181 0.1485165559309416 0
0.6603462757687982 0.1693251156820923 0
0.6579428849044767 0.1817939146802282 0
0.6697241352851412 0.1775470453862312 0
0.6671943533755909 0.1900185696820035 0
0.6794233159568666 0.1855138228246956 0
0.6771122098553042 0.1979678525435978 0
0.4061930391514288 0.1247815403284614 0
0.4083510077411958 0.1126859758465877 0
0.396878217527428 0.1168585339271391 0
0.3991200507560442 0.104606922342454 0
0.3875935973937704 0.1089317895913968 0
0.5951034415081314 0.1011151300375696 0
0.4107253324398524 0.1002098018684438 0
0.4385417505646325 0.1809382782643697 0
0.4777133218157619 0.1439332569159264 0
0.4964837136441509 0.1029955626911539 0
0.689158234428171 0.1936298577884517 0
0.6867526483453805 0.2060567760718486 0
0.3899956454541211 0.09645609159695784 0
0.3782779537854497 0.1010930718861839 0
0.674190812316515 0.2107341620313799 0
0.6844372596005399 0.2184957049321697 0
0.6963632303531269 0.2141612871230959 0
0.6942222208846105 0.2265414876314849 0
0.7060860420673223 0.2222190992032908 0
0.7036513076927692 0.2347608983686106 0
0.7157968128758546 0.2303385212148613 0
0.7136087430178564 0.242821279237258 0
0.7255343909820047 0.2384779079128861 0
0.7233310433742721 0.2509723227028259 0
0.7352930001619193 0.2466376554650348 0
0.710812815194491 0.2555621909083302 0
0.7329040233245611 0.2592767437244207 0
0.7450641573874099 0.254841063782847 0
0.7426636010658846 0.2675606357210931 0
0.754918511338855 0.2630359652079429 0
0.7525697094166994 0.2758836337100552 0
0.764819296356638 0.2712713922410845 0
0.7401462001559209 0.2804610332619232 0
0.7624708320967375 0.2841978224748432 0
0.7747298109535544 0.2795757994190796 0
0.7724878100140593 0.2923213643727526 0
0.7846950348885735 0.2878767171965703 0
0.7869380310983963 0.275067442341644 0
0.796922718098443 0.2834069416969496 0
0.7991322394466631 0.2705829035025253 0
0.809146989541457 0.2789182234485233 0
0.8069366433671425 0.2917753165747046 0
0.8191602958597957 0.2871543961488551 0
0.8214181655437098 0.2743694469118943 0
0.8314382046428976 0.2826060182050491 0
0.8337149719224423 0.2698293859611395 0
0.8437279281062531 0.2780910053855568 0
0.8459930624820959 0.2653235159408682 0
0.85598438096512 0.2735592075044624 0
0.858240785858028 0.2608207669278546 0
0.8682392273249278 0.2691310173045191 0
0.8704406139002889 0.2563400047961008 0
0.8804258583187088 0.2646343897165251 0
0.8826149317223002 0.2518666918663888 0
0.8925839026086646 0.2601443859120097 0
0.8947494489786332 0.2473992131068826 0
0.8904122137014757 0.2729145758348359 0
0.9026074568386648 0.2684197531019237 0
0.9004113291446221 0.2812444573856657 0
0.9126615640630362 0.2767219475516541 0
0.8409334128494487 0.2909272201080675 0
0.9104521093149495 0.2896157271707004 0
0.9227087826161401 0.2850559986479956 0
0.6819495653470281 0.2309931941607266 0
0.9249031500546822 0.2721864960312577 0
0.934969437751021 0.2804920379460515 0
0.9327903423992587 0.2933770763704406 0
0.9450941594157692 0.288801844219533 0
0.8847835337893892 0.2391442590510664 0
0.89689689181131 0.2346991608753619 0
0.9429146778112321 0.3017612080088006 0
0.9552574797436766 0.2971527457771166 0
0.5978875200430509 0.1462218172526056 0
0.6451801655839599 0.1865903326528547 0
0.5855335292023323 0.09310632106960913 0
0.5972847870368339 0.08879221610042232 0
0.3805388973993055 0.08889009530566404 0
0.3689568066852722 0.09334557995487636 0
0.8870500275045233 0.2264712802984314 0
0.8990576377006759 0.2220558383300595 0
0.9530756502118518 0.3101958547571372 0
0.9655079043115082 0.305558708612771 0
0.940695383060924 0.3147858880931633 0
0.757262249923907 0.2502356496346385 0
0.6821530741485539 0.1727586639147281 0
0.8359482229906134 0.2569771996761122 0
0.937020190280381 0.267630773102947 0
0.4318185928800439 0.2179228356747792 0
0.4260910389183254 0.2549128748524622 0
0.3710402991246411 0.08145992123776742 0
0.3596471046980881 0.08565567841290735 0
0.3822686573586915 0.07667085893801204 0
0.8892415329666439 0.2138790760434508 0
0.9012181285934014 0.2094768929984901 0
0.9110202397765651 0.2176215942043344 0
0.9131660230112164 0.2050710575711491 0
0.9033906570205487 0.1969457374815891 0
0.9153002381129373 0.192560913717611 0
0.9055594654575434 0.1844547045544481 0
0.9174331513225981 0.1800735508058399 0
0.9080341081510428 0.172038797675215 0
0.9196261653077477 0.1676092185878717 0
0.9103923078957665 0.1596006070375345 0
0.9218374761567842 0.1551330085185907 0
0.9127589585150415 0.1471269592510335 0
0.9240587899296602 0.1426052689912709 0
0.914445922842761 0.1345763099149049 0
0.9262346618818845 0.1300086130371566 0
0.9168380213176612 0.1214679679731648 0
0.9285414875055826 0.1172097560217346 0
0.9188359447411641 0.1084238692755319 0
0.9307176933059074 0.1043162962468464 0
0.9407544672233601 0.1127630377704131 0
0.9430176776493787 0.09999112351385345 0
0.9530941880721842 0.1083010282461819 0
0.9554101696991704 0.09543339213172251 0
0.9655238925758307 0.1037867195181826 0
0.922952571259772 0.2131940522594594 0
0.9205921580509817 0.0959505526606781 0
0.9336932815005073 0.1507420493655754 0
0.9677969692096734 0.09073420268117256 0
0.9779894333710445 0.09922609386295685 0
0.3392101144315252 0.3319491653568027 0
0.8771995780870134 0.2182554100374574 0
0.8981599493761363 0.2941537773958006 0
0.9802676283719569 0.08611499809715036 0
0.9905003402974832 0.0946599351253188 0
0.9632766983961314 0.3186941894686764 0
0.9758297820901989 0.3140049035498136 0
0.967524793948139 0.2923806247588638 0
0.434689403613203 0.3304120111889451 0
0.4461705339447639 0.3262521090592085 0
0.423264199986465 0.3346538798200764 0
0.7180066334119528 0.2179369959747989 0
0.5876703112138644 0.08075638008810819 0
0.4389151440055206 0.3063221246994492 0
0.5994388012560136 0.07642410526576177 0
0.9927992440631914 0.08149290584879693 0
1.003123933767878 0.09009920298654897 0
0.394773040896105 0.1288589292218022 0
0.07076899910314076 0.06504236651251494 0
0.361747279824698 0.07381196424835952 0
0.3504571871237818 0.07793200061160772 0
0.3483585286467569 0.0897549142630953 0
0.3391788019369305 0.08202926598521108 0
0.3370644288266752 0.09382866234034296 0
0.3279007645927507 0.08609766712078094 0
0.3300192534397151 0.07433524970035436 0
0.3187703376280294 0.07841397720125615 0
0.06618712188004398 0.2247718818531966 0
0.3165795288897512 0.09013136085612959 0
0.3075589639044213 0.0824040622881502 0
0.08047421702418768 0.06118752221692308 0
0.3096783492376622 0.07074737299607076 0
0.2985482800836839 0.07475100934563426 0
0.2963989338689355 0.0863919371750311 0
0.2874060202901436 0.078737881409225 0
0.2852509466916082 0.09035510310568352 0
0.2762586973672106 0.0827100394768357 0
0.2741062501995605 0.09431345385995479 0
0.265127312085473 0.08668725797275474 0
0.2629859751881817 0.09828829307460156 0
0.2540168647384612 0.09067643445458505 0
0.251897956203237 0.1022358537331443 0
0.2429769825584188 0.09461166593001259 0
0.2453440071896833 0.08281379732577138 0
0.2344278663336546 0.08679699867775643 0
0.2320820881773051 0.09842708153500729 0
0.2232668950622996 0.09090344012869163 0
0.2258736547146918 0.07917237520178462 0
0.2146049632187876 0.0833600095762181 0
0.2213012592090147 0.1023432150824604 0
0.2165843308365584 0.0722476597555398 0
0.2059065496083858 0.07599944489976922 0
0.2783779727861586 0.07110142810032906 0
0.9735630914337056 0.3272634346307872 0
0.9862236687535108 0.3225180500679463 0
0.09924648051966815 0.1919853249831399 0
0.06280798513094515 0.1864305836070494 0
0.06440534569602792 0.1760182586722033 0
0.9577398149386877 0.08252805369971329 0
0.9086567105964087 0.09999728896939676 0
0.9104814995450305 0.08750893881325557 0
0.962748050542652 0.1167863810612728 0
0.07422434408423685 0.1721777279250327 0
0.06598251044249893 0.1656184114320133 0
0.4440429999612899 0.3382736965053752 0
0.4555321623641931 0.334108850551833 0
0.1472410093076588 0.2528256712897113 0
0.2146564282570728 0.269310778186866 0
0.05951595607217761 0.07920178983640645 0
0.05795115878946742 0.08946545840574614 0
0.409235426810216 0.1689527025697513 0
1.005403116914236 0.07684691797177852 0
1.0157887609216 0.08550378911554869 0
0.6090841971238029 0.08448532134612059 0
0.6112382604371315 0.07208543589514839 0
0.6209161909749077 0.08016832920595134 0
0.2079069306737856 0.06499481443776824 0
0.1973359827064877 0.06874003315875124 0
0.1952627989412299 0.07972762674703157 0
0.1867637418003636 0.07248044266244101 0
0.1847035656010977 0.08345000606924373 0
0.1762629878358716 0.07617834139317206 0
0.1782960426052388 0.06527751777456292 0
0.1678663808633451 0.06894738629421784 0
0.2193243911582814 0.06050161529718032 0
0.6230713709136907 0.06774103109893473 0
0.6327715138084108 0.07583496424207854 0
0.3671843281156759 0.2876866827669309 0
0.394103292638641 0.2547175638981168 0
0.1076876588237521 0.1988029202783787 0
0.898150408142915 0.09202377841046218 0
0.9003002871921282 0.0791493757383363 0
0.9128488552585493 0.07469361169708628 0
1.018076810794414 0.07217028750284105 0
1.028386347148884 0.08093555802251842 0
1.000497615097142 0.1025064729756371 0
0.1741922312054842 0.08713013931826485 0
0.1826432082860324 0.09442144152824482 0
0.2005809500335831 0.2320313148668892 0
0.5897974671706535 0.06838842657850654 0
0.578052348498819 0.07270666364415963 0
0.05621785526969806 0.1694469875433559 0
0.0577784589731506 0.1590997813650474 0
0.3329600730569044 0.3000634170422101 0
0.1698800328834198 0.05812825046856292 0
0.1595073850417003 0.06179839763948444 0
0.07579207426331236 0.1617424317128954 0
0.9839884200493187 0.3358650463155216 0
0.9966852492036836 0.3310992146759197 0
0.9989350292940387 0.3177453601557106 0
1.009363516865015 0.3263060192502704 0
1.011613194656231 0.3129746617699227 0
1.022019202745894 0.3215264673477332 0
1.02419098260562 0.3082097123261711 0
1.034661681427954 0.3167513491415254 0
1.032487222063247 0.3301420851262298 0
1.045190719552847 0.3252987016915811 0
1.047361710085271 0.3119176726136887 0
1.057882648350299 0.3204387207119963 0
1.060049300573123 0.3070557645987119 0
1.070430027918895 0.3152892956275494 0
1.072660338788431 0.3021878495003888 0
1.08309670529677 0.3105542718982502 0
1.085239557706442 0.2973939441221775 0
1.095601127557191 0.3055886841483617 0
1.097775598772202 0.2925276097566762 0
1.108137577209487 0.3008558220865672 0
1.110316426347297 0.2878527615012204 0
1.120580070542439 0.2960594633136894 0
1.12274418980611 0.283114751659607 0
1.13294394003078 0.2913373127289577 0
1.135074305995882 0.2784246725933073 0
1.145388671973731 0.286716478591466 0
1.147417504631138 0.2737999399742921 0
1.143049803561681 0.2996262721684977 0
1.155750235151955 0.2949879261821467 0
1.153338792160674 0.3080570605686938 0
1.166022268384961 0.3032896342074831 0
1.105282389630041 0.3136414860076855 0
1.163881516031932 0.3165135049259792 0
1.176386706994459 0.311639704801657 0
1.178459351428826 0.2984934319031072 0
1.188772513574531 0.306771630069559 0
1.186825195964361 0.3199416658122685 0
1.190694764081289 0.2937024539997545 0
1.137190675029679 0.2655523059076217 0
1.149462359293971 0.2609764522294252 0
1.199234765294375 0.3150547853705183 0
1.197295698915074 0.3283181747133947 0
1.067267167971798 0.3288084295492702 0
1.151076995140016 0.321319004509327 0
1.138992207251843 0.2527660404596985 0
1.151413731791957 0.2482456457982664 0
1.013830748324883 0.2997186449826127 0
0.9712451251115046 0.3406166101437279 0
1.209708564059406 0.3233668879202939 0
1.207879064543626 0.3367927333319321 0
1.140574216192683 0.2399844875043636 0
1.152824245983716 0.2354667003304591 0
1.164509939238233 0.2439084461751356 0
1.165105771735006 0.2304832578886747 0
1.155570994509052 0.2228950920080128 0
1.16688568808276 0.2182382363295642 0
1.15796602143115 0.2104215769528707 0
1.169169209489564 0.2057579370747298 0
1.159345989152208 0.1976776836301732 0
1.170912320034917 0.1929744658038113 0
1.161167154605264 0.1848829025288015 0
1.173301493183974 0.1802198017725479 0
1.162987124983673 0.1719218558178679 0
1.175466635466435 0.1672437328897452 0
1.164887596533643 0.1588456750203129 0
1.177632933944005 0.1541135170098709 0
1.167037112439425 0.1456309870453801 0
1.17974333778049 0.1407892039622384 0
1.190307277044731 0.1493535544000796 0
1.192451163765811 0.1359456038374554 0
1.203032051030675 0.1445405747959197 0
1.205202663685017 0.1310407808477868 0
1.2158475694424 0.139699057601357 0
1.169200815402787 0.1322527288670576 0
1.218017814561356 0.1261440944037905 0
1.228705930344989 0.1349056149050077 0
1.230948623771334 0.1212411802462077 0
1.241678719713838 0.1299465800970012 0
1.243929670384995 0.1162286868686456 0
1.25479732368136 0.1250400644791211 0
1.182896511641782 0.1878348446409158 0
1.207310862438984 0.1174044667703628 0
1.256977424078465 0.1112063669205958 0
1.267950224758971 0.1200871380774133 0
1.226355659244883 0.1485253621329536 0
1.270053789198456 0.1064965270554871 0
1.281115832948512 0.1152279636395523 0
1.278872102827805 0.1289995000198444 0
1.292000155982131 0.1240451089973024 0
1.294269190847249 0.1104361797219122 0
1.305165621918555 0.119241520674963 0
1.302820609674568 0.1329158801673531 0
1.315906753578793 0.1280653305201852 0
1.318305617019773 0.1143973658774889 0
1.32900598863286 0.1232680971529618 0
1.331384491355214 0.1095125502922546 0
1.342051791138644 0.1184817881373738 0
1.339676726997338 0.132109152966348 0
1.352597065148991 0.1274090485090062 0
1.350214467545545 0.140900043987205 0
1.363004668753188 0.1362483277957543 0
1.365821874163025 0.1228943293163264 0
1.375916600565907 0.1317281013840881 0
1.373417750329774 0.1449493090023694 0
1.385394616762363 0.1402970416630737 0
1.383522546055721 0.1535530377284407 0
1.388954420060953 0.12697169093234 0
1.396302923270586 0.1474818282923041 0
1.393763237742914 0.1618564033503018 0
1.405782629768948 0.1579045244018202 0
1.403721518349881 0.1705741193836282 0
1.415982996686739 0.1662969293635173 0
1.413661086304353 0.1790098257914989 0
1.418106123291085 0.1524414235927438 0
1.425858298150097 0.1747073952735547 0
1.423473879859455 0.1873993433943998 0
1.435678012117403 0.1830814543774958 0
1.433342993857582 0.1958049249413269 0
1.4210894422023 0.2001063092258893 0
1.43100000103405 0.2086228833435662 0
1.443342462129992 0.2042662572420366 0
1.440966290867835 0.2172266264684049 0
1.453441526110507 0.2128116508117072 0
1.45105585568529 0.2259195709657431 0
1.438448292872713 0.2303506703498006 0
1.448605129178262 0.23914262413719 0
1.461141851726772 0.234947361475134 0
1.458846597122465 0.2481278603116854 0
1.471573646493683 0.2438641633993782 0
1.469220363345326 0.2571287014001905 0
1.482372641722768 0.2525126625254034 0
1.456159510198036 0.2616446937151742 0
1.479612779531481 0.2662275888220005 0
1.493285183208074 0.2614750162148182 0
1.490279990254881 0.2755549565816539 0
1.504028587433941 0.270762765630942 0
1.50125401996016 0.2849161180664864 0
1.514847393468638 0.2800397247236013 0
1.487367073033968 0.2897239114336855 0
1.517589179607558 0.2659507595740412 0
1.528453882972975 0.2752525124196761 0
1.531051650950546 0.2612064714821007 0
1.542054981716768 0.2705047426628949 0
1.539561043673019 0.2844320371484608 0
1.553140752847509 0.2797143136752354 0
1.555722330745386 0.265569498414491 0
1.566762507055715 0.2747063837472019 0
1.569375862751301 0.2605748884608902 0
1.580413608075632 0.2698005310030952 0
1.58300744461512 0.2557339120030459 0
1.59400567343034 0.2647852288351705 0
1.596613934149115 0.2507831066105835 0
1.607586056725206 0.2597352625910179 0
1.610249210470946 0.2458365045929026 0
1.621203871807574 0.2546593535049951 0
1.623930155711363 0.2407580444319649 0
1.634988941147375 0.2495848722631778 0
1.637702768759414 0.2354491217316888 0
1.648836123785718 0.2449031021941827 0
1.651695121215368 0.2303130309584351 0
1.662911076609508 0.2396423838046681 0
1.665915977918675 0.2250033889164487 0
1.677606641799176 0.234536933544209 0
1.680400427301301 0.2194993434179576 0
1.692250331276709 0.2290794430988868 0
1.695114596361603 0.2139033333806401 0
1.707478959718898 0.2233001295823791 0
1.710090435486875 0.2082402456935535 0
1.722820252772114 0.2182242539144781 0
1.725238130485072 0.2024763959239242 0
1.737568838684335 0.2130487829565709 0
1.740449939909478 0.1966985546650576 0
1.755037919005434 0.2093116812698599 0
1.75638367787353 0.1913508367292706 0
1.769019956966728 0.2019706876985774 0
1.771954394125653 0.1853890614741481 0
1.784991016424645 0.1962202304051693 0
1.781993579203357 0.2129756818825577 0
1.798099262427395 0.2071859033044797 0
1.80108668130121 0.1902713697146872 0
1.814357087341211 0.201333263937664 0
1.7126077204909 0.1908954024982088 0
1.817341058365387 0.1842424949773335 0
1.83075378687055 0.1954124105077377 0
1.827692369091271 0.2126204879114183 0
1.844208325506572 0.2066914357815357 0
1.847285650775905 0.1893308902809063 0
1.860877393181977 0.2006871375019763 0
1.86395180038881 0.1831840046318127 0
1.877649060338769 0.1946306059916786 0
1.874512198823229 0.2122191021362107 0
1.891375471780205 0.2061590563923491 0
1.894521546641907 0.1884598405856468 0
1.908345380555346 0.2000455806953355 0
1.911494488108131 0.1822423730768401 0
1.92539986528627 0.1938896293449619 0
1.922205037850676 0.2117670353489526 0
1.939341643601964 0.2056043651951953 0
1.942537845841197 0.1876292331144026 0
1.956569470256032 0.1993955827900037 0
1.959764763404573 0.1813218661008119 0
1.973880091619517 0.1931459708486999 0
1.970579106168012 0.2112877859341069 0
1.987983240996751 0.2051176365238506 0
1.991265955674712 0.1868091060295308 0
1.734953974444712 0.2276274554804869 0
1.758939949258285 0.1745556191388283 0
2.005493993955863 0.1987497602603331 0
2.008735568864491 0.1803984191539433 0
2.002163117514324 0.2171608963269011 0
1.689202253091703 0.243025897462586 0
1.644580408901675 0.2587995125232335 0
2.019774077424081 0.2107629411300883 0
2.016454021820809 0.2291974712680588 0
1.606552431920695 0.2734158453642662 0
2.034117047131723 0.2228191640266999 0
2.030796012316994 0.2412991693529818 0
2.013107254694558 0.2476517076625384 0
2.027451815142967 0.2597987685132906 0
2.009737802605499 0.2661231866874717 0
2.045175731014679 0.2534682711577308 0
1.668423955084405 0.2096925369583335 0
1.565147603317321 0.2885966168515325 0
1.156478489068364 0.1371554568340642 0
1.15861144270931 0.123716503126637 0
1.391352499964432 0.1750220757498954 0
2.041830908757205 0.2720303083970374 0
1.245649330221742 0.1023757453361793 0
2.05963660062605 0.2656658898471511 0
1.145907491054496 0.1286313994673345 0
1.148000599847962 0.115195143933954 0
1.498684527035486 0.2991312420455023 0
1.484622859542144 0.3040763164162823 0
1.177686621575479 0.226043840715075 0
1.135271877716819 0.1201026501364892 0
1.136885471338179 0.1072087066698563 0
1.149208526362282 0.09959407785288892 0
1.124504665598045 0.1116540936085644 0
1.126694307333135 0.09805177642137561 0
1.113862310035185 0.103002781420475 0
2.056269516797201 0.2843141528896472 0
1.484882069818269 0.2388722849130897 0
2.074152640226667 0.2778953681648665 0
2.07743617834219 0.2592707061314803 0
1.62582386579589 0.2248441948411716 0
1.115498081558846 0.09002001475402376 0
1.103051358893358 0.09448990354291491 0
1.571618038932697 0.2464607086640409 0
1.496079518711669 0.3136852704480181 0
1.481862358777345 0.3186439776335457 0
2.070755939515604 0.2966575850137758 0
2.053020208275689 0.3031241308699984 0
1.470587451499458 0.3088896176399007 0
1.467726158961933 0.3234343135280957 0
1.456379119185356 0.3137566745826214 0
2.088725954889736 0.2901992112733305 0
1.105149868247966 0.08087152807345745 0
1.453644723124672 0.3282134673745952 0
1.442273624733027 0.318625026676782 0
1.119764573613903 0.07631206443007776 0
2.085308523431962 0.309035376065264 0
1.09232601015676 0.08579600461175856 0
1.439407950110591 0.3323062708757721 0
1.428455420133127 0.3232430534386221 0
1.425700156221849 0.337136458151905 0
1.414766670175603 0.3278800529950368 0
1.417535401023181 0.3137954922315631 0
1.403957466404142 0.3184052651572625 0
1.406792260174654 0.3044877458365085 0
1.401085121666408 0.3324218268040758 0
1.087746558449096 0.1006360774422688 0
0.8950064655185361 0.1752801206237536 0
0.4533913761173766 0.3461321282724097 0
0.4648860317972949 0.3419743157705804 0
0.07230182276041563 0.05472384785688264 0
0.4670342468198804 0.3299195775541722 0
0.4764126144949371 0.3378085116752457 0
0.6349101580790208 0.06337358114530943 0
0.6446420702071533 0.07148683227837267 0
2.103165289270023 0.3027705238888155 0
1.12275998766859 0.124687741815295 0
1.219440571244951 0.3321007583746296 0
1.094460246185754 0.07208901630936278 0
1.344524452278523 0.1046892367405281 0
1.333602868703374 0.09563193567171273 0
1.34715428152588 0.09067630315193247 0
1.335909794859218 0.08144370773031295 0
1.349653853115369 0.0763979549383933 0
0.5801557037329758 0.06036229703652836 0
0.5684227130003725 0.06466974770580251 0
1.493192172352293 0.3285395527206653 0
1.507660473527486 0.3234231998523137 0
0.04987875373975027 0.0830077711946928 0
0.04830349454184301 0.09324061618078018 0
0.1894708028427504 0.3002084746451996 0
0.1876184757457794 0.311423360004206 0
1.026129207427651 0.09416883987733229 0
1.337274566747093 0.1456163763634613 0
0.133081988905044 0.1509258683000673 0
1.143787199839242 0.1420007311909874 0
1.252596116492799 0.138827363082896 0
0.0819834591214425 0.05087545329833642 0
1.347777913310458 0.1542669797806915 0
1.335054112479621 0.1589366611869838 0
1.345424005770024 0.167465789383146 0
1.332971575081348 0.1720812490559069 0
1.34312398556948 0.1805396246056701 0
0.07127198186922581 0.2525366011385653 0
1.455777859852038 0.1998403807386152 0
0.05140762899539179 0.07277955558657648 0
0.1991934056734329 0.05784357922189464 0
0.3006481313296963 0.06312284189883871 0
0.0628804509780049 0.2456164070717821 0
0.06142240092913284 0.2563168421055259 0
0.05309151047861977 0.2493996493639324 0
0.05152074283992891 0.2600425324382113 0
0.4419396788897668 0.3502862291500943 0
0.05637791167938423 0.09970281726181753 0
0.311725801972189 0.0591569218635474 0
1.031026429333119 0.06765884431574008 0
0.1212413985716589 0.2934271671776993 0
0.1110961813260164 0.2972555059958798 0
0.1194686547717569 0.304125016904964 0
0.1093629324860287 0.3079354128362511 0
0.1177008409369867 0.3147783385342751 0
0.1076284328713343 0.3185629803312485 0
0.09931455812520834 0.3117720168244718 0
0.09760379274188327 0.322314884563897 0
0.0893707096002468 0.3155845746719083 0
0.08765789808642632 0.3260468745740046 0
0.1159408049750358 0.3253919265678542 0
0.07947279220919527 0.3193668966769247 0
0.07778986776594922 0.3297724781867134 0
0.08592511612795173 0.3364446644337523 0
0.07607728663068331 0.3401346248969405 0
0.06799589403074818 0.333493090876208 0
0.0662967466987332 0.3437861940628043 0
0.1259348717875513 0.3217256403971409 0
0.1242175724217727 0.3321768306590587 0
0.1342547701365777 0.3285710054360302 0
0.1325444652438995 0.339033172016243 0
0.1425943554989099 0.3354489093288995 0
0.1409349569203902 0.346011858576514 0
0.1511045096808825 0.3421879961536711 0
0.08417155536758406 0.3467951273441103 0
0.1308260033075814 0.3497796885244969 0
0.05827809537495693 0.3372025443405025 0
0.05659952232072124 0.3474343074252806 0
0.1493344320675914 0.3528972594978563 0
0.1593973012450094 0.3492191218560904 0
0.08115411209551547 0.3089331911858897 0
0.07132133930706648 0.3126959035227583 0
0.07297332942836214 0.3023396071661005 0
0.06318607024581205 0.3060690477196523 0
0.06458438437203001 0.3540147411762214 0
0.0549163878066836 0.3576374475865767 0
0.4047189261590021 0.1936072641409974 0
0.3525579893836098 0.0661481254650209 0
0.3637515271172962 0.06203116578982824 0
0.1807726117773525 0.1637684406295685 0
0.04673404019812367 0.1034372641201604 0
0.05480074535455166 0.1099233644576655 0
0.3983257563736021 0.23027004512677 0
0.26085379653956 0.1099026593668896 0
0.2497448839790486 0.1137836715523925 0
0.5344589021362324 0.1347169126220583 0
0.9272111566228937 0.1881778482139208 0
0.7374747475336334 0.2341109505673815 0
0.6165688284017902 0.1625230602760922 0
0.1574894884075956 0.07256549341640828 0
0.1486041729554627 0.06539355770494659 0
0.1511096488058152 0.05472097332868239 0
0.1400458736267288 0.05847043710588207 0
0.5408037925719124 0.09781404877067659 0
0.6425319218009331 0.08378998752174222 0
0.6543635360252301 0.07957878717148963 0
0.6565298819576511 0.0671287904385086 0
0.6662354431323597 0.075259837946636 0
0.6640526414341844 0.08771584851703901 0
0.675925593008986 0.08339515360190405 0
0.6737535268931832 0.0956759525854958 0
0.6855975364860294 0.09151880547793678 0
0.6877960828428212 0.07908408401830794 0
0.6834608129199293 0.1036151431770983 0
0.6974950783505589 0.08720976338554497 0
0.6996945470024432 0.07473648761596231 0
0.8164873854251706 0.3000999589575031 0
0.3668931472269499 0.1052649800841769 0
0.6684361070537876 0.06277822048326354 0
1.150934778922483 0.176718673244144 0
0.902024031466043 0.1399181188346277 0
1.850306703995399 0.1719219616835042 0
1.043050472997263 0.3388060708638212 0
0.7824578256840791 0.3007104423800136 0
0.7702210977828355 0.3051729067075815 0
0.7801994591257367 0.3135785791595754 0
0.7678977043118997 0.3180382884548923 0
0.7779277300410476 0.3264764203197177 0
0.765601221671521 0.3309391762684375 0
0.7555901207416987 0.3225100161573156 0
0.7532865751654816 0.3353861736608721 0
0.7432709373507265 0.3269970594262024 0
0.740986120814077 0.3398052387028158 0
0.7309953023657298 0.3314468913132075 0
0.7756461611068214 0.3394116602869568 0
0.7880261872541247 0.3349168151763458 0
0.7287158536592391 0.3442244573457885 0
0.7187724612598761 0.3358359710396855 0
0.721039956080138 0.3230581089953065 0
0.7088493032891831 0.3274828947539378 0
0.706562402322658 0.3402335983658363 0
0.6966892867530931 0.3318616802350327 0
0.6989563670145469 0.3191581676430497 0
0.6868381006997423 0.3235213218958472 0
0.6891016655911222 0.310854503305301 0
0.6770123390795454 0.3152254709767394 0
0.6747681382951356 0.3279158289831569 0
0.6649456996099933 0.3195873432359417 0
0.6677156695880224 0.3070487535481536 0
0.6626962525441896 0.3322523848635686 0
0.6529010968381671 0.3239335194357478 0
0.6506241588755605 0.3365100272995116 0
0.640878870812459 0.3282569351161405 0
0.6386015224406139 0.3408053997103823 0
0.6288890210141079 0.3325761844740218 0
0.6266218093806112 0.3450889328733514 0
0.6431974733941984 0.316148509931683 0
0.6944018580380251 0.3446315744711528 0
1.195325804693583 0.3418306903307777 0
0.5013298655619716 0.1354362292795816 0
1.99448038519116 0.1684236390765423 0
2.011991659436019 0.1620026885692583 0
1.997673962699334 0.1499696238382714 0
2.015238818713985 0.1435732180715422 0
2.029606736877466 0.1555514618466074 0
2.032795661548578 0.1369766710846302 0
2.047360285390856 0.1491958606030922 0
2.050533536975957 0.1304258736751535 0
2.000837937042252 0.1315859493720419 0
2.06514828235687 0.1426518915539914 0
2.068457005971407 0.1239937437055407 0
2.083070753607846 0.1362313489696168 0
2.086328089334097 0.1173632803192605 0
2.079748898316499 0.1548995922424546 0
2.053558093713468 0.1113991930898531 0
2.097692373172814 0.148520837037258 0
2.094385487000699 0.1673044955680117 0
1.983305988447915 0.1379432939796243 0
1.986477444257721 0.1195840611062395 0
1.96895952030849 0.1259602001164586 0
1.972154614875588 0.1076130798164574 0
1.95463171432956 0.1138925403405136 0
1.989546877358984 0.1012009959680403 0
1.957851395894893 0.0956743664024301 0
1.940369421138586 0.1019383526547544 0
1.897374585566676 0.1703131185402979 0
2.10640290685478 0.2847070825903238 0
0.2304878131481971 0.2954813436901926 0
0.2902010658637031 0.3049419045255565 0
0.2942292909157539 0.09803874455981605 0
0.3155590146314176 0.3397124482047689 0
0.3044379004858597 0.3435524751765175 0
0.3134229993401806 0.3511217481791841 0
1.936119847638261 0.2235721404053276 0
1.918952473428487 0.2297375671470523 0
1.932817634582179 0.2415542367550375 0
1.915664789926771 0.2477661145755573 0
1.929556205451247 0.2595675561585853 0
1.912400238167046 0.2657587537242015 0
1.9263771257519 0.2776023672991951 0
1.909143874825266 0.2837913018585973 0
1.923123830151632 0.2956501401352085 0
1.905864108833118 0.3018197184397773 0
1.891932634882402 0.2899964012130871 0
1.888654977707333 0.3079493566288216 0
1.874794204942771 0.296228432207486 0
1.871514788488539 0.3139674912445947 0
1.857758763875723 0.3023845654906149 0
1.8544643111376 0.3199590237824672 0
1.840823143691619 0.3083858118531011 0
1.844027122613214 0.2908575595158784 0
1.827256256238233 0.296944239993557 0
1.824063651870473 0.3143567819675163 0
1.810599524137394 0.302977562134154 0
1.807449930486765 0.320283449936737 0
1.794049641168621 0.3088888341053848 0
1.797181347227663 0.2917183017812405 0
1.780737526240336 0.2975984466487793 0
1.777700021287411 0.314667617132501 0
1.764424443634188 0.3035900355307152 0
1.761311523831309 0.3200660178017445 0
1.748313187759911 0.3093465581338136 0
1.919867307643855 0.3137173947415026 0
1.937206342389235 0.3075148406961076 0
1.744769250805026 0.3247648094720213 0
1.732271270689319 0.3147222189821437 0
1.803686283413898 0.1723157516211148 0
1.437841292801577 0.1710356786280673 0
0.2533932920469248 0.3401844036890846 0
0.2426072181794676 0.3441662365892633 0
0.2514319158762706 0.3514859538413222 0
0.2407268437988258 0.3554666095041247 0
1.597746542345622 0.2370982306707035 0
1.007110056182766 0.3396947767456153 0
0.0451657951476899 0.1136404042671297 0
1.360793045089589 0.08581823139144405 0
0.9825493541903191 0.07302902755280798 0
0.8879678600933087 0.08375393991116718 0
0.8901316340145624 0.07078052954975539 0
0.660351877817725 0.3449742760070712 0
0.3024729956168511 0.3550227107985585 0
0.4742545808345467 0.3498713672798803 0
0.4857940872620127 0.3457084128916745 0
1.735378710927606 0.2984375082046943 0
1.719552847520808 0.3041396641886794 0
1.716532317222613 0.3204596181992342 0
1.703881328287195 0.3097754018126115 0
1.700909284206003 0.3260679886905012 0
1.68830733322345 0.315433266516544 0
1.685359613347341 0.3315922355105537 0
1.672823960055334 0.3209244258846431 0
0.1448502038174334 0.3255310267397643 0
0.6133810800205672 0.05967318397706507 0
1.418677858582906 0.2129379440445085 0
1.435869302492256 0.2435866595452869 0
1.026284892212214 0.2950347946193309 0
0.7093963558795418 0.08288627694407281 0
0.71161216607485 0.07038548909568698 0
0.7071922607747847 0.0953490751454327 0
0.7019059957936579 0.06220802149878803 0
0.1467800633187716 0.1248381785391287 0
1.390449973272254 0.322969974360009 0
1.38753629524139 0.3369247372953438 0
1.363398163054597 0.07143201964082926 0
1.37465135277181 0.08084892801811161 0
0.3546185576695858 0.05440563627139597 0
1.783697602616366 0.2807163332474283 0
2.099903890130247 0.3214588084032152 0
0.1093682042450343 0.1880529156617809 0
0.04851218711438508 0.340677706156109 0
0.7138010317827344 0.05788973003926526 0
0.7236380497007446 0.06604803113536245 0
0.7258889168760106 0.05373769600582163 0
0.616931764833867 0.3368849966707491 0
0.6146713601973139 0.3493647561194542 0
1.800227173743236 0.2746094539076402 0
0.8777949633214537 0.07538301458126469 0
0.8799644867632344 0.06236199820567232 0
0.8676295618413864 0.0670113542148203 0
0.7857359629025021 0.3479238851980214 0
0.798183918847821 0.3433936338619272 0
1.205998863633813 0.3504496391525005 0
1.398032632571067 0.3458704895140859 0
0.6363238108463377 0.3533253580496966 0
1.376903297895488 0.06677886214626136 0
1.388472502493565 0.07592671027913898 0
1.390814650185958 0.05889568483814193 0
1.402278059199167 0.07060532439971721 0
0.04808067810869678 0.1629249961375158 0
0.04648933374140205 0.1731849976587562 0
1.211033230637484 0.3100092618958459 0
0.157733712670107 0.3598109681939205 0
0.1679149864925098 0.3560148001672006 0
0.7509676898313843 0.3481948283328918 0
1.448042568297928 0.3419374699210762 0
1.038686938261391 0.08963836784392691 0
1.376937466425455 0.3275068169854226 0
1.374046732622832 0.3414414953911227 0
1.841105290535777 0.2240457454925924 0
0.735703047802907 0.06172469696611892 0
0.0492435725617389 0.1520146019795365 0
0.05886293519535264 0.1480060911151537 0
1.943591786558863 0.08377187057713166 0
1.926178382299417 0.09018463529423919 0
1.146619059777116 0.2031921326117666 0
1.885258688608858 0.325706918579004 0
1.669762582989205 0.3366936138384466 0
1.657392090960357 0.3264569215613503 0
0.3657589351418649 0.05031609830296394 0
1.126238963954872 0.2571151000775282 0
0.1475814709260635 0.363605630084008 0
0.1788953377870864 0.3042669889135709 0
2.081850703536601 0.32790946838823 0
0.7011954056099753 0.3064772513243642 0
0.6913486118750402 0.2982143582570643 0
0.1175899745530249 0.1951973326373515 0
0.116115750772883 0.205770247298725 0
0.1262503165709877 0.2025537409088275 0
0.1246603925376444 0.2127870689883915 0
1.961047485995303 0.07736139345456561 0
1.922865420377861 0.1081861744356727 0
1.908842774060467 0.09648629376613858 0
1.007709689170721 0.06365711707089537 0
0.892384996819141 0.05771253040141205 0
1.933908236679231 0.3257067184111918 0
1.951354997091125 0.3194309696378763 0
1.420150433709827 0.2998960125194114 0
1.409472417830007 0.2907782415257292 0
1.396356240001587 0.2952245837082328 0
1.39900280928185 0.2818028030617108 0
0.3027823190588873 0.0515673330631263 0
0.313848899754858 0.04756546006051097 0
1.016010585537723 0.2866215016061159 0
1.774894801617384 0.3332723433137015 0
1.877987804125235 0.27834914399733 0
0.6621383429115388 0.09968524469125027 0
1.036413190061908 0.1027809075189493 0
0.7042757371219182 0.3529833076872746 0
0.6920878924484827 0.3574018860660577 0
2.112366821906006 0.1608218797353726 0
2.109017871633398 0.1796861892240632 0
2.115711743060966 0.1419452405325294 0
1.504702607418589 0.338513580223451 0
1.519271301554635 0.3333964264545905 0
0.06294499962890689 0.3643563114822741 0
0.05325466789995272 0.3678844725479055 0
0.04529961300516588 0.3612869525995887 0
2.118025169204819 0.3149310983902125 0
0.06483924218291427 0.2957421575689161 0
0.05510049491755159 0.299487718941709 0
0.1427143848246826 0.04771694229819129 0
0.1320323204030034 0.05153914017203538 0
0.1459525350275907 0.07607340623945873 0
0.2369318593229518 0.2080729365990835 0
2.090993445075207 0.1859735127543314 0
2.105668114635017 0.1984988823881928 0
1.943452709010989 0.2715664265682209 0
1.912003978137898 0.07841240507276158 0
1.894775860557323 0.08480438332950764 0
1.891636138848253 0.1027973176111834 0
1.87763881740925 0.09116839521075969 0
1.874507635945904 0.1090942271492329 0
1.860585612341137 0.09740603849621182 0
1.863663858243246 0.07959984781664227 0
1.846729171868112 0.08592765511161939 0
1.843671113607402 0.1035878109030509 0
1.829918793488567 0.09220872816348269 0
1.826873485280211 0.1097359892217477 0
1.813198014124066 0.09835956014251214 0
1.816189502219367 0.08090834775650621 0
1.799617760861569 0.08714565720343037 0
1.796639993522696 0.1044525185034832 0
1.783158278896385 0.09331917995780727 0
1.780277307434419 0.1105316694436734 0
1.766889573440691 0.09942447774077066 0
1.769727801054549 0.08231205482362951 0
1.753555923337702 0.08839219992181245 0
1.750737988694556 0.1053806876828304 0
1.737548796534969 0.09446969910245906 0
1.734509754144696 0.1105913615484383 0
1.721770785943332 0.1005159543904016 0
1.718772986105039 0.1161989899203484 0
1.706226288532859 0.1064504469943808 0
1.703501464966193 0.1219541003500637 0
1.691248521625413 0.1120305441265515 0
1.688225750618512 0.1269876652760615 0
1.693761471715796 0.09658860644254658 0
1.679053477650486 0.1020642673218627 0
1.681547462049123 0.0867210053732598 0
1.667092669473662 0.09246658585876585 0
1.664617650938508 0.1074307726590022 0
1.652773417627459 0.09799187196519296 0
1.655193598063823 0.08303692611535511 0
1.650513202620376 0.1126839677260382 0
1.724444192118232 0.08403404148496502 0
1.641097614126868 0.08844141107278829 0
1.643321566563554 0.07375213115078834 0
1.657310772787056 0.06795303601725304 0
1.717434027928519 0.1320349221597489 0
0.9817587037202291 0.3493078225838971 0
0.2588389679407918 0.1214475121967192 0
0.2480733842950612 0.1252999121597942 0
0.5705408269360859 0.05235665192205161 0
0.5588163012866751 0.05668454595998069 0
1.08746228899556 0.2842179932391933 0
1.33843553345236 0.06696873042859046 0
1.32454682530536 0.07213516000246757 0
0.9689331094164433 0.3540722136487921 0
1.8208666371881 0.3317552976108638 0
0.1528661325450438 0.04386632516502737 0
0.6050076656214358 0.3411832335812753 0
0.6027524168905656 0.3536302821450445 0
0.07381977335846091 0.04441616664996528 0
0.06417402777132558 0.04825590532857305 0
1.654343684298823 0.3420877605412753 0
1.642082900892447 0.3319545684688238 0
1.639144473022574 0.3478956588316425 0
1.626829815970907 0.337434407436466 0
1.645192060512774 0.315760571250932 0
0.7043321900164022 0.04968444564550078 0
0.5929846970683579 0.3449539977408003 0
0.590842992992045 0.3577986799327081 0
0.5811154610906806 0.3490250628728158 0
0.5789814874972774 0.3619889773721801 0
0.569410636554474 0.3538367092977238 0
1.630002591517725 0.07845887811241624 0
1.631784491391434 0.06429034820962144 0
0.2495247308966848 0.362748991561788 0
0.2602127742065256 0.3587883485499255 0
0.1351553365480767 0.2092169746304147 0
0.9208264728745295 0.225756239551036 0
0.9327607621575238 0.2213171962181656 0
0.4512456925050781 0.3581203302877633 0
0.8856665842972422 0.09631006242626318 0
0.483626202527405 0.3577784466993158 0
0.4951802124681109 0.353624312595876 0
0.1697026641095973 0.3456707639851557 0
0.1781982981313245 0.3522314538653033 0
0.1763845646677664 0.3629788875797566 0
0.1866960635273638 0.35919982313961 0
0.1885208306294464 0.3482818107368379 0
0.197052538858243 0.3553091678977895 0
0.6586955552041882 0.05462196041449745 0
0.04183050619034963 0.07656899573684142 0
0.04333569093858541 0.0664144814669774 0
0.8822625894833351 0.0495611417885315 0
1.713919267422265 0.3365306688214498 0
1.675802450780503 0.3048671339034287 0
0.4785722188249611 0.3257202366874787 0
1.062383097533884 0.2941156139665399 0
0.04340456688352341 0.2532091459477757 0
0.04500081707316128 0.2428831988214714 0
0.04187741593997692 0.2648019877791822 0
1.61843215545731 0.06900071471158244 0
1.081542499114048 0.07710804757720378 0
1.083597173529976 0.06332350567615931 0
1.096661091568518 0.0582507000473192 0
1.756333861203456 0.07133822816731329 0
1.722578892582294 0.2877419658526509 0
0.4398449663929552 0.362269369017897 0
1.39965056048954 0.08522005500491042 0
1.413408883368425 0.08027635169687675 0
1.416251433217059 0.06655149794860955 0
1.427074246708746 0.07562822111554429 0
1.424379578870619 0.08959845095114961 0
1.437842726574267 0.0849653021047122 0
1.43513519738494 0.09881176753137937 0
1.440536623691239 0.07106675483175236 0
1.451307601166594 0.08036085602922806 0
1.454014542023096 0.0664080476895674 0
1.464844889271496 0.07573138178172344 0
1.46195942401794 0.08941623620355336 0
1.467541021102824 0.0617221464427456 0
1.478405651552639 0.07107628425760565 0
1.914010076895308 0.16308686351332 0
1.330738218754495 0.1851121494499791 0
1.32060997601758 0.176718465158089 0
1.340846741457425 0.1934875913073738 0
1.353138792092156 0.1889877860911487 0
1.35090452449625 0.2018352836741669 0
1.363166487498053 0.1973488466968315 0
1.360859323367758 0.2101123748592002 0
1.373407755697067 0.2054246901180187 0
1.371043510920298 0.2181747470122483 0
0.7380096104122474 0.04930621280362235 0
0.7470916343366376 0.05723034473774335 0
0.08349723614448967 0.04057169968866 0
0.09167926539214406 0.04703785889680024 0
1.481110880232178 0.05708051061187645 0
1.365982713976805 0.05725085642123317 0
1.897877682648267 0.06677745947321964 0
1.849735233882079 0.06822171622646367 0
0.2388496226420605 0.366701504900935 0
0.3114124825440607 0.362604531819304 0
0.322349910836671 0.3586796295551363 0
1.52025627898501 0.2519489244746789 0
1.533522397886372 0.2472712001724005 0
1.522894083527217 0.238183688790295 0
1.535896239010057 0.2335137081293699 0
1.525480740051366 0.2246076497243792 0
1.538248749441345 0.2200099575803456 0
0.1664259884298925 0.1898761832471721 0
0.1720955273741228 0.09811695999214216 0
0.1808223260151162 0.1051316576964407 0
1.318384940097582 0.1896921059309459 0
1.308270874759229 0.1813291901588905 0
1.028793056575379 0.2824415142564244 0
1.180517564652506 0.2854964494735545 0
1.192249291968206 0.2812714438261629 0
2.096493211387676 0.340324716075421 0
0.06126040558270794 0.1969382131534389 0
0.05345157664267575 0.3097429984434914 0
0.04542153175987582 0.3032147987735304 0
0.0438139768819458 0.3134865288822463 0
1.73824065584025 0.2820145930609122 0
0.7034181852776626 0.2938356091758722 0
0.6936009433087641 0.2855948691869705 0
1.802520496043111 0.06980392379553509 0
1.948051046568972 0.3376886989329817 0
1.965566297597947 0.3314233779771099 0
1.968845194720883 0.3130836024306766 0
1.982979305828791 0.3252995203215949 0
0.4972329797154549 0.3422434570646949 0
0.5068947674696349 0.3499743711288283 0
0.5046030103161755 0.361666051885965 0
0.5158834503359951 0.3574540323670422 0
1.386196867607272 0.2861102679290828 0
1.389412753254308 0.273038745777877 0
1.363391798750344 0.3320225209565593 0
1.360381850311828 0.3459589722686203 0
0.4045953409923356 0.3189685441474522 0
0.8604394757996559 0.2480348017428295 0
0.1027017818070247 0.290588419701773 0
1.466184752188728 0.2089982315887892 0
1.468312128413151 0.1954844255011667 0
1.47866011843189 0.2046530730186764 0
1.480664449401409 0.1910171108016548 0
1.491458291334531 0.1990033130308241 0
1.470682195793849 0.1825313314706425 0
1.482882063005179 0.1780588843822397 0
1.473127397039014 0.1699780851125832 0
0.4292615494393619 0.1163231909237242 0
0.1142494226199906 0.3357463364706371 0
0.7891607556485539 0.2622631703312901 0
0.8013222811139133 0.2577940411701622 0
0.7913907676586917 0.2495200364635153 0
0.8034964458461303 0.2450603957068118 0
0.7936261390172371 0.2368194313557979 0
0.8056663281824196 0.2323795452104565 0
0.7958381270822993 0.2241737280030518 0
0.8078568437854977 0.2197490844956907 0
0.7980353329377481 0.2115804032611359 0
0.786057562875354 0.2159746786822805 0
0.8794347067935819 0.2057090639294315 0
0.867471670790805 0.2100657869185766 0
0.8696719965437062 0.1975481941349577 0
0.8575009545086023 0.2022084313950107 0
0.6192399178673379 0.3247546803893498 0
0.1332967484124886 0.2197007318432716 0
0.817685470072998 0.2279345355148285 0
0.819861616110531 0.2153251815230126 0
0.8298953718301652 0.2236558703641194 0
0.5674100287444744 0.134266275465904 0
1.200861434696771 0.1579447404657541 0
0.4547299198098261 0.1522801578414523 0
0.1138087996434099 0.08734879008082562 0
0.4222025239201073 0.2787003833076793 0
0.1952069680290494 0.3662477589901989 0
0.5822897871141047 0.04802188394448897 0
0.2327952394990528 0.1649018386541969 0
0.2233574715637165 0.1574314579289065 0
0.4691549614984419 0.3178127572872336 0
0.08408496692954659 0.1683491400558953 0
0.08566161515887168 0.1578038062079235 0
2.037416753323218 0.2043314051787364 0
0.3014034000538782 0.3007640920448537 0
0.2921934234527971 0.2931096265820095 0
0.303468300408283 0.2889190284682135 0
0.2941624570960091 0.2812058929076835 0
0.2828754941195722 0.2854314132759709 0
0.6123997806416653 0.3618237546992011 0
1.401582513146402 0.2685419243610749 0
1.392056433084 0.2599168008842316 0
0.09424897464751153 0.2236944452960388 0
0.8657881891800275 0.2818209347112215 0
0.9587482564466218 0.3451224672922714 0
0.7958849876830245 0.3564739444026213 0
0.8082268455577136 0.3521318871158504 0
0.7834106474085871 0.3609531152492084 0
1.747737258815942 0.1220899090315744 0
0.04363379398744967 0.3714218901315021 0
0.6706435172583399 0.05024829289338325 0
0.9082640793350346 0.30258455080126 0
0.8958375097625941 0.3071680274160979 0
0.9060571374148667 0.3156460016167366 0
0.8935440577140167 0.3202651365713404 0
0.9038424041419542 0.3287995935311807 0
0.8912894339295083 0.3334354781906566 0
0.8809815244348985 0.3248665728963467 0
0.8787045418747979 0.3380560537008245 0
0.8684140234265098 0.3294636732775255 0
0.8662982476377308 0.342451685453909 0
0.9015935086766127 0.3420484391921799 0
0.8558499140708818 0.3340415190387075 0
0.8544746456270139 0.3467714883026246 0
0.8764141645401583 0.3513046595553138 0
0.809942030500762 0.3388945730332072 0
0.2699798294500543 0.1175841046864104 0
1.193119110755887 0.355617860378281 0
0.300334687439072 0.3663187587291497 0
0.7190772325546396 0.091042736353386 0
0.7168645784524497 0.1034868751302215 0
1.085730459353229 0.04950507836260662 0
1.072582683523938 0.0545723738986709 0
1.171141885445271 0.1190272370032281 0
0.2588791668679261 0.3058876977893965 0
0.914230497257756 0.3373555709967437 0
0.9119693190872554 0.3507016863725124 0
0.03842779802243434 0.166719439627159 0
0.0368516323535478 0.1768942156860371 0
0.09398787790269053 0.1644914904736061 0
1.490315105624036 0.3432940572708628 0
0.1345300761872493 0.04076303645301265 0
0.1248427341062522 0.04393787998747462 0
1.456885400423868 0.05243497973612383 0
2.0518336095957 0.2164376517637653 0
2.126132335904419 0.1914464664525792 0
2.120206081801222 0.2109531990778909 0
1.930564079962353 0.3439364126180477 0
1.161820274959148 0.3299275512128323 0
1.148946509541054 0.3348254106170108 0
1.99544179681377 0.2540035121905241 0
0.8598857470481134 0.1894742514387381 0
0.9562241963883246 0.3586895193900198 0
0.4805263510346182 0.3135561774411677 0
0.4712362612300197 0.305646371382097 0
1.516191266064237 0.3491578944442718 0
1.530988069539628 0.3435954846125378 0
1.533841727829575 0.3282089782348259 0
1.54553633054864 0.3382750617900299 0
1.048977193559374 0.09822561184596729 0
1.04665095264424 0.1113377498488306 0
1.034184547924319 0.1158602003377414 0
1.159715543321116 0.3434299573556185 0
1.146773472817588 0.3485447216464308 0
1.157979277493782 0.3570429947149281 0
1.327052462512231 0.05746033001271431 0
1.313146920240667 0.06269964783114035 0
0.03572994143457237 0.3649100741141285 0
1.135929718208902 0.3397163766091041 0
1.133692687151298 0.3535563675691912 0
1.122780545819912 0.344657070200254 0
0.03713853524990542 0.1071840215729201 0
0.03556734602787628 0.1173647868621638 0
1.793306661525478 0.1207097755921053 0
0.744411992042989 0.06973456192443414 0
0.1191489307956557 0.1851997694151799 0
1.306334794747068 0.1939822662728832 0
1.296218655132627 0.1856094275248503 0
1.297875375754387 0.1729718832110855 0
1.285646226166577 0.1776850243500143 0
1.422654404768611 0.2861559106580731 0
0.1958303241362193 0.3181832741347432 0
1.421906750925652 0.1034051383510837 0
1.432476586806453 0.112394965391368 0
0.2055800564287891 0.3623647651333495 0
1.623672676423185 0.3528777896984155 0
1.611509351459617 0.3428773208381037 0
1.614512819338596 0.3270822023147142 0
1.59961799026192 0.3322365340452365 0
1.597164983131452 0.3475292315660067 0
1.786775398344721 0.2636302394014386 0
0.03407424006274992 0.3749783817723463 0
1.491748055124817 0.06592876280913552 0
0.3566628527816632 0.04271841554871551 0
1.620142522542698 0.05481898263837536 0
1.606297367787701 0.06043865079679117 0
0.04700025127948639 0.2929335722985982 0
1.946764009209033 0.06550848180242506 0
0.06569165979077583 0.03801003160588153 0
0.05610099041708484 0.04180182882396106 0
0.1226678195696824 0.05477798703339296 0
0.03577604100522926 0.3068844566491438 0
0.03420925429939639 0.3171211609180258 0
0.5671785234867617 0.3663694439531507 0
0.5576196044338155 0.3582299448424034 0
1.803192167621821 0.2575335434926726 0
1.840585124766097 0.1211632962281318 0
1.120452656686194 0.3584149298211212 0
1.109543931355037 0.349600367531521 0
0.1770689724310422 0.3153562788973746 0
0.1684053512426663 0.3082659513923209 0
1.602323212724078 0.316846589073383 0
1.587725295458187 0.3219014293935981 0
0.05992694198784017 0.2676836826247399 0
1.283566810100708 0.190183404525973 0
1.273363610362751 0.1822284067291508 0
1.275448164888697 0.1693154412676399 0
1.263129054284232 0.1739569750976984 0
1.261044594646003 0.1869943448085613 0
1.250799420342395 0.1787083968081826 0
1.248768653612616 0.1917205940034811 0
1.238510692457397 0.1834676717291654 0
1.236494067527416 0.1964331158407331 0
1.226815550849971 0.1882854205447636 0
1.224355389979334 0.2011350996734774 0
1.234431173142999 0.2093114516209287 0
1.222306694427835 0.2139533654235779 0
0.09293299173157238 0.03703035878983622 0
0.03536208695464466 0.2466368202523235 0
0.03694683978137393 0.2364439264064835 0
0.04357692767754064 0.1238057740114615 0
0.1559248205786568 0.3704873557402742 0
0.3049628290122174 0.03994913576650132 0
0.2939426122186133 0.04399623515211548 0
1.625388970114543 0.09328286204087895 0
0.572649695473888 0.0400073975302831 0
1.680617201116247 0.3494470825675159 0
0.2582945776129679 0.3700333171087977 0
0.7019779128006638 0.365754502626227 0
0.03399291141464683 0.1275177854386809 0
0.3203520422076025 0.3701401422543026 0
0.3317153394091736 0.3665476298381921 0
1.527985364247053 0.2113486525007299 0
1.540655020337379 0.2068513299581496 0
1.550870648150121 0.2153368160712043 0
0.08496060711697906 0.03031549666624299 0
1.4946353676333 0.0522770936149714 0
0.2677347647055538 0.1286042918796409 0
0.2789573673189156 0.1244303840324998 0
1.888471023356691 0.1207314321837627 0
1.725487724750104 0.2713943814010618 0
0.5174107441102772 0.3457489773185662 0
1.40880918560415 0.2044423651864319 0
1.406634788124413 0.2168470332604669 0
0.3677844097783093 0.03864127880545641 0
0.3768866511389283 0.04622541105240949 0
1.107201409381401 0.3634090608922679 0
1.096261106782981 0.3545839157154699 0
1.358699384278534 0.22276985834524 0
1.368480028978223 0.2310525386213437 0
0.07462452795251885 0.2919884434875061 0
2.130439161791363 0.1542918637657034 0
2.133739209507366 0.135398061161288 0
1.979762332404145 0.3434783233888527 0
1.997437481372526 0.3372480510638642 0
2.000318037280623 0.3191596747680357 0
2.014876411503635 0.3311864806716008 0
1.204040818062945 0.3643814054577648 0
1.217178246103252 0.3591411626244714 0
0.97950973234015 0.3628749335269105 0
1.370869981426753 0.3560853693436083 0
1.357249219102278 0.3601530198834799 0
1.346606470807721 0.3504303935207803 0
1.003643252910195 0.2912707351767518 0
1.005229302195836 0.2783689172621605 0
0.1629296165362918 0.278194047948721 0
0.268956882831718 0.3661107574580587 0
0.7499184209925398 0.04465700956698605 0
0.7596404765559482 0.054872064750592 0
1.232187914342589 0.2217233468878391 0
1.220293389383864 0.2266370537323319 0
1.210268195831117 0.2186302568516393 0
1.208373734203411 0.2313398234744392 0
1.218336714197781 0.2393426976230864 0
1.206432975072868 0.2439788075419322 0
1.216397524174326 0.2519571024608213 0
1.709977149965597 0.2770510530984489 0
1.96423426515988 0.05900463162337623 0
1.182193028896722 0.2732337116964563 0
0.3455677787168635 0.04678927882720329 0
0.2122477986802088 0.1617922570560934 0
0.2140118414659704 0.1500447004504104 0
1.403668945439871 0.2558163399139881 0
0.9307919715133541 0.2338772072799517 0
0.9426172375333834 0.2294177252699689 0
0.944705972533845 0.216887525450118 0
0.9545307150243174 0.2249964464379929 0
0.9566339108619308 0.2124647491316054 0
0.9524383325304033 0.2375195473040655 0
0.9643628173857804 0.2331067927865396 0
0.9622900310082307 0.2456238902057463 0
0.9742243557628665 0.2412274229120932 0
0.972144233700899 0.2537846720925481 0
0.984117025604206 0.2493771885142203 0
0.05154376380915157 0.3780026904088896 0
0.1458094556580564 0.3742713243751409 0
0.5567238185378151 0.06897896054962738 0
0.5471175113957727 0.06097089788127381 0
0.5492392283845627 0.04872431047030885 0
0.5375765238500079 0.05301530745020838 0
0.5354496509565373 0.06523373018226337 0
0.5259446590344062 0.05730115097402064 0
0.523831567179643 0.06949089914228025 0
0.5143443255521712 0.06157100856268975 0
0.516444106310433 0.04938850451533845 0
0.5048872622028624 0.05366638702164939 0
0.5027962301350384 0.06579460341674505 0
0.4933548978812108 0.05792580822466904 0
0.4912664832866649 0.07003045332257929 0
0.4818572992384954 0.06218000606590802 0
0.4796770109252567 0.07397852002145061 0
0.470349720634016 0.06625420845684803 0
0.4724717423000289 0.05435492311029243 0
0.4610236878078546 0.05856068329633074 0
0.4589147457822274 0.07045960164943427 0
0.4496002418567161 0.06275919774860772 0
0.4475357864270774 0.07497222546636155 0
0.438218665243015 0.0669798285195272 0
0.4402874634156097 0.05499290593224414 0
0.4289181554411199 0.05916947589904679 0
0.4954031533517301 0.04585782947522245 0
0.4309922799995438 0.04725780756119308 0
0.4196783862801321 0.05141213500915999 0
0.4175876630401419 0.06329325135952564 0
0.4630759807114007 0.0466124325956892 0
0.4361903968909529 0.0795216117530986 0
0.4571451716189399 0.08264486718070277 0
0.4079635301424578 0.0557078158553482 0
0.4096427088095587 0.04420517483805998 0
0.8654753294078864 0.07994057340065243 0
0.8555838907656664 0.07131996851991081 0
0.8575238817499005 0.05863086498420997 0
0.8454904502555346 0.06296030982107381 0
0.8473732226255533 0.05030098938941124 0
0.835107475892237 0.0549110540021657 0
0.7453308437019275 0.3142489865929658 0
0.513621741476854 0.3695162453321518 0
0.5256915070484514 0.3653808449683346 0
0.06447876198027097 0.1061773904886846 0
0.06287709226906071 0.1164166756420234 0
0.1988896722051337 0.344360168989781 0
0.8060547603407452 0.3651055854844771 0
0.8184818388345447 0.3608183402051436 0
1.95147101216807 0.1323431081741006 0
1.458918459228171 0.299483188027963 0
0.05759224758398752 0.03163344282755211 0
0.04806133664281068 0.03539998232746658 0
0.1912149034637208 0.1016670621042699 0
0.1892564950164839 0.1120079269844729 0
0.6192266671219057 0.09233601203772469 0
1.741140841023447 0.2652623666104081 0
1.24407902389389 0.2170445822382191 0
0.816225601976595 0.3735765838876593 0
0.8289498063919961 0.369141680152187 0
0.8706575054056656 0.3162721563197238 0
2.078564578859688 0.3465867652740343 0
1.542896023507125 0.3536746052268498 0
0.8477390081425968 0.1941261938302916 0
0.894951255120203 0.04529155375101836 0
0.6897593550006573 0.3701271137856851 0
0.5397374364702601 0.04091991380583702 0
0.3163207657055656 0.03574429088068515 0
0.9762113744537206 0.2287836654070481 0
1.552973111379843 0.202476649036177 0
1.563375343851196 0.2108194666615075 0
0.2345333507275264 0.1530022070671056 0
0.5598324137825963 0.3459353554504506 0
0.2037383333128201 0.373300216565577 0
0.1701852934837721 0.1084286608375588 0
0.1616143133721819 0.1016093821614714 0
0.1437002297195618 0.2157275597463169 0
2.102317831126895 0.2174263056501342 0
2.116880085717596 0.2298646870996749 0
2.133980529765799 0.2226006254793079 0
2.131394718667819 0.2421968740237169 0
1.310767172572102 0.07736055658872051 0
1.299214862166389 0.06799775886324164 0
1.301449778269227 0.05348689630076554 0
1.287688422051951 0.05864304000037162 0
1.366349826414467 0.3183003637643126 0
1.419295896165025 0.117061328330904 0
0.03381125650728131 0.07016757585046454 0
0.03531113653945035 0.06004968135418774 0
0.03229291002041923 0.08028433176354605 0
1.50756199795017 0.06310392888086953 0
1.992082548347734 0.272417694177592 0
0.122953705028571 0.2235955682168347 0
1.285404962189305 0.07329828588978657 0
1.273788543950344 0.06400290105378105 0
1.276436259786461 0.0500974382599314 0
1.262377056445775 0.05500708314029145 0
0.7401247736442588 0.03632548645626119 0
1.429866347969447 0.125878089058168 0
1.442669419200959 0.1213968318016456 0
1.44009794468942 0.1345494581827085 0
1.452640049709992 0.1302030979317815 0
1.450183511306459 0.1431647703290704 0
1.462484749185503 0.1385916901000973 0
1.465112052221722 0.1259921738338605 0
0.02736053909261839 0.2401449473752417 0
0.5553928681186531 0.3705782429887044 0
0.02894844492925704 0.2299904492750421 0
0.03851194134034685 0.2262865428773724 0
0.03051820697468598 0.2198409943458039 0
0.04008707768540767 0.2161294611220124 0
0.03192182385635628 0.2093246029964674 0
0.7620903639011084 0.04052077037857377 0
0.7720594119408788 0.04852481546938944 0
0.7743346287001993 0.03578226441636467 0
0.7842868764545718 0.0441075888683925 0
1.39458393312587 0.2469225727958974 0
0.4491100871450135 0.3700619507947467 0
1.259963500811344 0.06939073480996856 0
1.248441956515694 0.06012558001144442 0
0.9246950028337715 0.3459623924081063 0
0.9224621794987901 0.3593798373415938 0
0.909640878412544 0.3641339708264192 0
1.484822512903766 0.1658654849034744 0
1.494311257650949 0.1740282455690736 0
0.1315273928578284 0.2305306344641559 0
1.051396268944925 0.08499316568522773 0
0.1266333970782152 0.03374470092509262 0
1.548267471095089 0.3229270168592271 0
0.09546640654011369 0.1540269288646677 0
0.08722519292153459 0.1472682992818016 0
0.1039070057464133 0.1606359937672802 0
0.6610671029029612 0.04261413763837488 0
1.05917416778243 0.1068163306667633 0
1.056850951115099 0.119856109434551 0
2.09324092791925 0.3590363582652148 0
2.111244760426477 0.3527370707370773 0
0.5953419511524293 0.3330449064039547 0
0.8435732187624598 0.3383777555637267 0
0.8455968303007146 0.3254523023491664 0
1.557561400247344 0.3484122199070193 0
0.1933876804122481 0.3771690887388628 0
0.7884592597796172 0.2040237803328983 0
0.7764925863748116 0.2083118633540743 0
0.7741202472140116 0.2204462268042519 0
0.7644205160454483 0.2122513326403316 0
0.8005075156175533 0.1999682726983928 0
0.2847651207450343 0.2735662810579019 0
0.2734652207460188 0.2777364995630846 0
0.9819566121176667 0.2620463552969405 0
0.5482656973354727 0.3504398964098816 0
0.3055324746163236 0.2769683298571902 0
0.7665386726494879 0.2005025334408378 0
0.754691714201647 0.204155031675638 0
0.7565112045214661 0.1920975489639112 0
0.7448685978141593 0.1960278350045031 0
0.7469738404192701 0.1823497327338415 0
0.7353665595494874 0.1877744006515538 0
0.736760189745311 0.1750654084521034 0
0.7255972617380884 0.1796080403135869 0
0.727762256042483 0.167240638178525 0
0.7160108835340726 0.1716466877202167 0
0.7182508426534009 0.159230499839942 0
1.375658847462672 0.2755704900256418 0
1.074720257467219 0.04096712749290882 0
1.061765458892573 0.04653470330007947 0
1.633757369836219 0.04923282955201869 0
1.508611787687692 0.04785121096781953 0
1.520219843784783 0.05605822018917192 0
1.522197985316297 0.04271143407976036 0
1.532684564281729 0.05092586407368954 0
1.098938019549006 0.04435468038908891 0
2.011793287872459 0.3494879987907722 0
2.02921516386391 0.344606388481869 0
0.8371725110836593 0.04200017816867086 0
0.8257092537137001 0.04758035252460091 0
1.214112982475225 0.1920415526432218 0
0.7820571430132388 0.05675398104700473 0
0.7936215873349288 0.05233172231799934 0
0.4821758683737734 0.3019373843234009 0
0.4728031176407215 0.294124381594031 0
1.353091868902148 0.322633325880216 0
1.490705829296099 0.08033735710839573 0
0.347607815940723 0.03517883376780107 0
0.5884479592613479 0.370387160527696 0
0.5023466152267047 0.373717798322825 0
1.343627024627888 0.3645194853093115 0
1.332993477479325 0.3547414602139549 0
1.354322814758971 0.3744773782942389 0
0.850260367686134 0.1816911611921865 0
0.8618270007627697 0.1770205895721093 0
0.8852265595935966 0.03615849373980524 0
0.4377429173185077 0.3741770254188 0
0.428508840951521 0.3664238352043745 0
1.515259634542326 0.2157558631188213 0
1.519566592990998 0.2020267970557122 0
0.7964235355315943 0.03963581677012072 0
0.7064086373025456 0.1636025995383724 0
0.7086438752971407 0.1511760121978827 0
0.7204609791724934 0.1468665116385393 0
0.710905008253907 0.1389701221419353 0
0.6990437406052407 0.1431208487768905 0
0.7226863034901075 0.1345952780685149 0
0.7012416172719793 0.1312390641649927 0
0.6894853694215481 0.1352807420311653 0
0.8550436492741047 0.2149736309080278 0
0.1454933519278563 0.2048319551378471 0
1.365453280211502 0.1844321763487451 0
0.2136552349080197 0.3693555443433088 0
0.2165092863186068 0.3579524931701725 0
0.4058409368761491 0.06742087380570871 0
1.068735728592728 0.1152466842011882 0
0.8348169771597522 0.0679840283106168 0
1.622261277268193 0.03964904067780563 0
0.7136952087691445 0.184338204814792 0
1.215213893565942 0.3732798348047004 0
1.228348174571257 0.3674046189265485 0
1.652217576890154 0.3568024481983982 0
1.373507149578497 0.2902891918115682 0
0.1168458606416226 0.03704019896976271 0
0.1665782589386412 0.3192713980856731 0
1.131741384803652 0.3697535706193204 0
0.1153664071363206 0.07677112287942615 0
0.1068667736848682 0.0702599348397915 0
0.124121384507503 0.08358531688204872 0
1.590353875535361 0.3067844280672302 0
0.3789055638437708 0.03454061881436277 0
0.6872449034640342 0.1474304506728938 0
0.6776299856462016 0.1393635136682221 0
0.6728543413950978 0.03768387020274819 0
0.7382842776450822 0.162153508590337 0
0.2030473651058479 0.154324330781842 0
0.204827467846171 0.1427071143994388 0
0.2157037279214776 0.1383971834965177 0
0.1938976949840432 0.1469712079507493 0
0.204735378750433 0.1296347736276223 0
0.2172241343105951 0.125975038718055 0
1.250657860332204 0.04663942326189475 0
1.236612562743855 0.05137284357013678 0
1.234661870672065 0.06557143186339803 0
1.223066589441731 0.05639890227248264 0
1.220961235360616 0.07097558957429149 0
1.209471797452202 0.06189855689259156 0
1.20739413643432 0.07630344775751617 0
1.195983417142269 0.06732228904432469 0
1.193913734240145 0.0816148820184095 0
1.182498310991027 0.07268401494008962 0
1.184589861385574 0.05836397092758716 0
1.171091645999085 0.0637622054488773 0
1.173181540472644 0.04943363884422691 0
1.159731354096908 0.05486573568044564 0
1.186722447951247 0.0439364791332436 0
1.157673772240611 0.0691410023973924 0
1.146334167480382 0.06028693619593401 0
1.218771948282901 0.08528702682661798 0
1.180996406703891 0.08619097272739386 0
1.148322108756876 0.04596806595896039 0
1.134785113102257 0.05192329626720234 0
1.225545790583684 0.04295459294796502 0
0.04954206212763117 0.02528259698287924 0
0.04005288186408438 0.02905305732012916 0
0.7278620532435982 0.09902741029461229 0
0.5649358852538299 0.378668475172464 0
0.03855875637199928 0.03913092940682199 0
0.03057697649460629 0.03281815199909691 0
0.02904392030655499 0.0429497784730274 0
1.617198922619783 0.3114447282593241 0
1.662086410168023 0.1221567419067778 0
1.648160283317797 0.1274160126904614 0
1.6595447193428 0.136721017986749 0
1.645871802877948 0.1419296210899642 0
1.65711319097794 0.1511478269177735 0
1.643618701899682 0.1562844749958619 0
1.654739792114249 0.165628000189756 0
1.64172913574837 0.1705221019353242 0
1.668530976234486 0.1604612389174825 0
1.63031729091543 0.1480518563242267 0
1.666066513301332 0.1751691165602907 0
1.680143455031134 0.1699282032896941 0
1.636601277083944 0.1183834389479654 0
0.7423023445654375 0.2087409807198546 0
0.5005934121398816 0.07806696984007783 0
0.2122011003764359 0.3803665642989675 0
0.705764171155559 0.2810942352698877 0
0.6959890490705494 0.2728518018788136 0
0.6838604901407828 0.2773221104617218 0
0.6861206970898733 0.2647700742417786 0
0.6741386400195968 0.2691101972512047 0
0.6763818551163066 0.2566060163265048 0
0.6644465634181965 0.2609288615168764 0
0.6612657982936386 0.2751544605996024 0
0.6525139658265319 0.2652325078743573 0
0.6547628611289101 0.2527796436479895 0
0.6428705885138852 0.2570719371921664 0
0.6450940423854103 0.2446578789382566 0
0.6395766230083432 0.2705026929391085 0
0.6332506504702871 0.2489349880179613 0
0.6354638599275488 0.2365499924855296 0
0.6236474311397543 0.2408175250461585 0
0.6258645070700155 0.2284559335855237 0
0.6376656926604711 0.22418565696959 0
0.6280733168824313 0.2161010279027089 0
0.6162783562514129 0.2203675063290889 0
0.6184865818478421 0.2080240806019557 0
0.606700298532527 0.2122840057724275 0
0.6089035501537883 0.1999508818987234 0
0.5971248312696427 0.2042077283150542 0
0.5993256815243482 0.1918823621357743 0
0.5875538728356549 0.1961334304351425 0
0.5897538522362363 0.1838174788352752 0
0.5779899866798732 0.188065048828087 0
0.5801908991260449 0.1757575599942394 0
0.568432862226729 0.1800068669074393 0
0.5657299036926203 0.1926841662280955 0
0.556593347272631 0.1842970367658847 0
0.5588669718683354 0.1719665718970233 0
0.5471514723000711 0.1762888254805721 0
0.5449222275149818 0.1884916932645951 0
0.5354342916574402 0.1805352453977472 0
0.5332106668349571 0.1927298492254802 0
0.5236921717844233 0.1846888568197481 0
0.5262613096689988 0.1723557067301513 0
0.5142284964964653 0.1766297022226047 0
0.5119888831665648 0.1888920975764607 0
0.5024834609254967 0.1808658623994374 0
0.5002782932027908 0.1931075303485585 0
0.4907778384885995 0.1850883116856988 0
0.4885801152535162 0.1973259576618311 0
0.4790807339828311 0.1893077235757285 0
0.4768831205982998 0.2015472513327874 0
0.4863059289711099 0.2095574178230159 0
0.4746676308864131 0.213790672427918 0
0.4651748375026205 0.2057619737663384 0
0.462966738253848 0.2180114900573399 0
0.4724776814419959 0.2260444797290577 0
0.4607623522295579 0.2302649035002987 0
0.4702758587492974 0.2383028986081545 0
0.4585602992020348 0.2425229398251292 0
0.4680681274011629 0.250558713472297 0
0.456361520596834 0.2547754953314955 0
0.4812769604983041 0.1770804193746214 0
0.5046495898764596 0.1686187449399439 0
0.5495022603821454 0.1638343480813315 0
0.4660409686240219 0.2625973205188129 0
0.4548399071003167 0.266648766171089 0
0.47730421629379 0.2589169443988876 0
0.6051668957102514 0.2247172504616947 0
0.4695981234839786 0.1812949058759391 0
0.5098019975129435 0.2009715118433834 0
0.542492072375052 0.2000741352265238 0
0.6206850817925108 0.1956891189958125 0
0.6570902647833052 0.2403286592089209 0
0.7154854904177214 0.2894409075183352 0
0.6398692559939204 0.2118329503864598 0
0.5617459315301765 0.1593034741420869 0
0.5919502480573576 0.1715055687872816 0
0.4815308897415892 0.2332346567110176 0
1.357234834734287 0.2351807952922788 0
1.365676981359149 0.2439113489435769 0
0.7619964331716158 0.2248469133505608 0
0.0416646828234959 0.2059691637381268 0
0.03350942227919328 0.1984972490823866 0
1.25853181611606 0.1997993162383381 0
1.370710645346279 0.1582353023907861 0
1.94421141175842 0.3584265520738986 0
1.926137283139162 0.3624172246580595 0
1.775947717443277 0.1297385475011353 0
1.33617945336369 0.3383290384777102 0
1.322471814686294 0.3448543248498027 0
1.31935925742881 0.358718122975861 0
1.309045122530235 0.3493147153142387 0
1.305843688057929 0.3629308895654218 0
1.295513767563552 0.3534841928649178 0
1.112106672837571 0.2745341319956811 0
0.9701896669052156 0.2663687441986277 0
1.313550791719986 0.1417162638793698 0
1.554954506277932 0.3640171192783199 0
0.2934305480696387 0.3474146046763555 0
0.1402643041642957 0.1692791003542423 0
0.1376128259895835 0.3674268235739596 0
0.1357772793011481 0.3780129655897377 0
0.1275966781916668 0.3708103316614051 0
0.2158050150423204 0.2047819756800595 0
1.229955442379737 0.2471024174097576 0
1.22633267165557 0.2599247129393551 0
1.214883850983665 0.2646133418238583 0
1.224284469528056 0.272027136162395 0
1.898459848754187 0.253935035760571 0
0.180653929684411 0.2928918769415564 0
1.292335731831879 0.367333074732556 0
1.281986371115988 0.357659571191506 0
1.302739761373745 0.3771850007290511 0
0.1364509700330402 0.02999937691772825 0
1.821853214912299 0.1286934367923854 0
1.871660847870275 0.1273437872507049 0
0.4264718090726974 0.3782027183853234 0
0.4172046129677449 0.3705528657064066 0
0.419236315625339 0.3586624551908205 0
0.4079932512120586 0.3628680109634767 0
0.4059308167703604 0.3746599835715796 0
0.3967403648280445 0.3669930354119855 0
0.3987959323532184 0.3552171933800792 0
0.387547933584834 0.3593376948817931 0
0.3896041631744187 0.3475616697851839 0
0.3784105572220245 0.3517820016691057 0
0.3763422454093944 0.3634628162378156 0
0.3672277770085062 0.3559212664990181 0
0.365213360112011 0.3675958386290811 0
0.3742980094347466 0.3751578843819213 0
0.3560605490685382 0.3599726762186721 0
0.3540647155602312 0.3716414873486223 0
0.3580623061275065 0.3480557574563423 0
1.098529560048197 0.3407178490064049 0
0.1802716797284819 0.05442162854761709 0
0.55253516809782 0.09363306442677587 0
1.202617672272348 0.2891567085147952 0
0.1718903320950368 0.04730573424158954 0
0.1822126890136299 0.04361711944063779 0
0.1738829310297116 0.03650939675055682 0
0.1841852903436551 0.03282764378032633 0
1.093971667343105 0.3686008442586244 0
1.082950372884679 0.3596190993404585 0
0.05299540807460133 0.1902325555162145 0
0.03733018217193707 0.3546435774610757 0
0.02784653852252606 0.3584081053353562 0
0.02948318106700086 0.3484034435762681 0
1.067176750890095 0.1280060513893279 0
1.079494922590962 0.1225307828866478 0
0.9947080292867119 0.2575322035109512 0
1.408032446878892 0.1083912196840114 0
1.792690517932489 0.1396938368402928 0
1.372119285478673 0.09512128241263072 0
0.9468393340704809 0.2043772942960813 0
0.9587328925625531 0.1999746399037777 0
0.9489468201391424 0.1918922124258282 0
0.9608560922836391 0.1874969396195487 0
0.9510594263734344 0.1794166864466707 0
0.9629875890509232 0.1750189486121988 0
0.9702997732758237 0.1948112792435791 0
0.0939326574607303 0.3431391883072879 0
0.09211631304101028 0.3534601935884186 0
0.442327666784601 0.04310305890561189 0
0.4330734161465342 0.03537901236543972 0
0.4745138587737446 0.04238381318443596 0
0.4651648284054866 0.03462996340281146 0
1.913035203149416 0.350129708111409 0
0.6798940709158515 0.3617902952976077 0
0.9931485288625868 0.2828982159452794 0
1.804818747305527 0.3369457950324004 0
1.817631727643433 0.3486492017533581 0
1.800515532133898 0.3548706830183936 0
0.3229537372260696 0.05504410159377088 0
0.4720833897763009 0.3619014993350559 0
0.08240282690990672 0.3570934107919652 0
0.09050383884308397 0.3638145179620649 0
0.1002661218204349 0.3596267924533377 0
0.09877546486960567 0.3701795845599297 0
0.08882028161333511 0.3740916177374186 0
0.5823880065268296 0.1634465047962392 0
0.5844120417312409 0.03566770474331068 0
0.5747686528853114 0.02765603680705338 0
0.5630393951257512 0.03203508784132286 0
0.4814702152972775 0.3698489599852284 0
0.4699199195079146 0.3738951291745938 0
1.772550596196578 0.06519176678011729 0
1.758496325056063 0.0550162851236351 0
1.742862570896427 0.06132841207346042 0
2.055090154302675 0.1979207738700496 0
0.6497033865320729 0.2199547891441502 0
1.819086611776179 0.06344876079081195 0
1.805360880226023 0.05244715993399782 0
1.82199703919058 0.04594804570037336 0
0.7815382894442268 0.2412432076173675 0
0.1296281495725113 0.300326967825165 0
1.830379079283139 0.279545385925913 0
1.847123411258766 0.2733504314895585 0
1.833433738893878 0.2621845039808955 0
1.85028886947034 0.2557586575632455 0
1.866655334530985 0.06178207494025673 0
1.852681983217073 0.05050381113385898 0
1.915120749878695 0.06028414915554699 0
1.900952617067575 0.04859538144161153 0
0.5226647557873877 0.1392082574347757 0
0.9532157016975635 0.1669408644842454 0
0.9651100867429732 0.1625127599379822 0
0.974901367589015 0.1706101060767915 0
0.977022163012213 0.158092705073088 0
0.9672059938378746 0.149937893312468 0
0.9791006007967216 0.1455742393129964 0
0.9868161388131422 0.1662103556959713 0
1.229956652123859 0.3540780932847365 0
1.241478718154994 0.3619233193956352 0
1.242666427071045 0.3474480666838126 0
0.4154910162500787 0.07533585462774973 0
1.4132780908209 0.264411265928731 0
0.9201898997582649 0.372850804749015 0
0.334315422882097 0.3552455843290576 0
0.2298807005163903 0.1098258862165456 0
2.11903666932876 0.1230013474344736 0
2.136508598354546 0.1163246710852427 0
2.122247524710897 0.1039614212795334 0
2.139799601523355 0.09722581388884345 0
2.125520601904485 0.08489455798467475 0
2.143701591045191 0.07824546433139754 0
2.128690433584173 0.06611737938380859 0
2.110727329281571 0.07253236166822631 0
2.14762661787251 0.06006259555963866 0
2.113811499018966 0.05376344685700695 0
2.095899266909284 0.06016814904180517 0
2.092621033437916 0.07911463655097228 0
2.077847360582032 0.06676730986064562 0
0.6489468473456075 0.04654649809441433 0
0.395910120771319 0.06018097634779566 0
0.9068263739665329 0.2429104932507807 0
1.144435359140637 0.07450171791193758 0
0.7141930117198219 0.3613637278092815 0
0.9269709504599494 0.2593662085977339 0
0.5940689914492375 0.04368386404768105 0
0.7924611199540506 0.3090946945193295 0
0.489509233887981 0.3224636978285235 0
1.867006309763132 0.1656264676431224 0
0.3462484519712224 0.101600000893863 0
0.334916414543823 0.10569735738891 0
0.3441614565505032 0.1135028178441932 0
0.3327157596295027 0.1176485568064276 0
0.3420783266282474 0.1255102194997972 0
0.3304462462185944 0.1293237762044596 0
0.3211960182975891 0.1217216271649577 0
0.3394698631621652 0.1388820011619237 0
0.3514090034000767 0.133603744001506 0
0.3499497591680888 0.1458815864041155 0
0.3610133973927903 0.1413875937925062 0
0.3588949732102836 0.15351636007598 0
0.3704221065065268 0.1492446925455687 0
0.3682644947874018 0.1614052656140219 0
0.3798678677427983 0.1571657274213509 0
0.3777254242559182 0.16935785949728 0
1.945660554900446 0.1692018328569509 0
1.696311922837971 0.08086522541032687 0
1.300625728783114 0.1465629620268529 0
0.4008055426343617 0.3433845280687591 0
0.3914407529513044 0.3356222726642449 0
1.404908128009181 0.2423844152119518 0
0.0288407706713111 0.1704546551681811 0
0.03038184488044798 0.1603245715845589 0
0.02728435012879062 0.1805957543502329 0
1.949898155820321 0.2355236177721133 0
0.2710472673842333 0.3549492398342378 0
0.4617097676266233 0.2978249274780786 0
1.978576585438027 0.07097088719463172 0
1.981801694548236 0.05250571539957679 0
1.996227989395296 0.06451148415410866 0
1.820247078391579 0.166921144542282 0
0.2236761617714428 0.2766387900849172 0
0.2255658576351338 0.2650654968985362 0
0.2346937410564051 0.272560417526882 0
0.2363862209182158 0.260836781437855 0
0.2273739469695376 0.2533492884438346 0
0.2385431464553469 0.2491449801516054 0
0.2292728050311236 0.2415929962869044 0
0.2472565468728807 0.2565790482274061 0
0.3630180983597162 0.1292578298493086 0
0.1925278513199362 0.03992391516894509 0
1.490955381009825 0.212908659206501 0
1.834381295865933 0.3432035928976276 0
0.2670383391547688 0.3773130011376435 0
0.2777119315040864 0.3734034442098499 0
0.8598546694896592 0.04652171977482242 0
1.382883353950776 0.2278251066714385 0
0.9921723840858065 0.3579877261427112 0
0.6775659370644835 0.3744714041807662 0
0.667713146995856 0.3661352949011221 0
0.8857264851218795 0.2986740840120874 0
1.77346709706738 0.04639596613086071 0
0.3292704439355547 0.3777740096427074 0
0.9050194437759834 0.05317448991811105 0
0.9076271664459494 0.04064957804305935 0
0.9177905553779717 0.04857320253680824 0
0.9201324999266638 0.03519272272837364 0
0.9305722396415931 0.043819784103894 0
0.9282093963367433 0.05716937199334226 0
0.9410509553860105 0.05254377277948555 0
0.9433966623372282 0.03907183379487901 0
0.9539310103051704 0.04787760450046732 0
0.04982942127161859 0.2119469287666939 0
1.030188647682879 0.3436440368345837 0
1.040864759655694 0.3524293797836567 0
1.027906068176174 0.3573640766285049 0
1.03866147050279 0.3662294459012672 0
1.025521894590473 0.3711647245894099 0
1.051760041829656 0.3612297686544461 0
2.148510344914683 0.1477975587153046 0
2.144831424513408 0.1657648233785364 0
0.1997872843302449 0.1089529348019716 0
0.3148051033846159 0.284728281701853 0
0.3169597812670885 0.2727463488078402 0
0.3261672023799206 0.2805491433348828 0
0.3284186809954562 0.2684973743989498 0
0.3377306588482436 0.2763511958248007 0
0.339939981740592 0.2642427504068846 0
1.228262815753112 0.1752142406064938 0
0.5553472901987846 0.1386007350128807 0
0.2960980919490416 0.03241103383081385 0
0.2851356670474331 0.03650837945540836 0
0.2830464584688659 0.04788567203728272 0
0.274271439654629 0.04042331174130771 0
0.2721778795630269 0.05174856179817375 0
0.2634374282535216 0.04430389070715784 0
0.2611841996393543 0.05569302976419211 0
0.2526080998219336 0.04814912530023416 0
0.2547389917660585 0.03690276774382752 0
0.2439958923824593 0.04075071934600797 0
0.2419004152377057 0.05191826503762404 0
0.2331705305425958 0.04460329667189225 0
0.2353553239403438 0.03345388567407313 0
0.2239391325183329 0.03787245496399404 0
1.683816051133799 0.07098305637236245 0
1.698825776030325 0.06496125364614534 0
1.686152044265179 0.05486447566127233 0
1.701333776622968 0.04884740808903717 0
0.06722327057349131 0.02787753742394032 0
1.279183289956085 0.3710332673365558 0
1.252821882031288 0.1656073164802948 0
1.340947008134827 0.05240353964408768 0
0.3947117885504149 0.3787510051731172 0
1.977922276877763 0.2602189529370268 0
0.2265657364631858 0.1338618402567731 0
0.5113639611164088 0.3816049380000502 0
1.19076168626886 0.3695035236868447 0
0.02274390794152169 0.2130292222921829 0
0.4490961034987559 0.234617093311619 0
0.3189520182502654 0.1331966076297995 0
0.3097929219464516 0.1256858813434781 0
0.3119775162865505 0.1138708796950407 0
2.017554412664818 0.3137602005557011 0
1.789212794568746 0.2426623984702397 0
1.7734902680867 0.2518709463026783 0
1.807151151855226 0.237316470023413 0
1.474593075525395 0.1340935910852902 0
1.47735965920478 0.1220385962298462 0
0.349263213698831 0.2721002961579543 0
0.3514908465845094 0.2599854582135532 0
0.3606460095640707 0.2678926044425072 0
0.3630368638258297 0.2557283921728807 0
0.1254254057501867 0.3811724609570674 0
0.1945022373687741 0.02912407577200134 0
1.838070847251977 0.1405153767018853 0
0.5320754917711259 0.1469452236116586 0
1.774022187576551 0.1676104628028469 0
1.761730121225421 0.1578487407795289 0
1.745899884335374 0.1637115104649277 0
0.3722614740157821 0.26367057998541 0
0.09685634215957568 0.3807319314933857 0
0.08703663999251628 0.3843730107898925 0
0.07904129558446298 0.3777706081607751 0
0.2028867353861066 0.03621954746021686 0
1.284974177145149 0.3441603553216997 0
1.268766550222177 0.3485359374815144 0
1.27646663371148 0.334956735324876 0
1.497490804632374 0.03844627899475611 0
0.7118974884727757 0.3741699676510061 0
0.7241693378470578 0.3697660658037134 0
0.444383730563249 0.03122220460357432 0
1.974650540592423 0.2781233087638186 0
0.2182180446640098 0.2460133063792682 0
0.220091265847289 0.2344616444426921 0
0.4718234382534235 0.1691793881163211 0
0.4834926956041923 0.1649655905485499 0
2.099267138692428 0.04133985308871915 0
2.158002290674733 0.09058741274524972 0
0.04197731184706453 0.1339989297625656 0
0.03257676590838037 0.1380887196197351 0
0.05159149821680098 0.1302845566216571 0
0.02766888915553795 0.1109694913915789 0
0.02916700906877873 0.1007360779254716 0
1.059402670099737 0.05978578841748158 0
1.048522961346983 0.05100163928011799 0
1.536321375881979 0.3130727413006345 0
0.6215141915123763 0.2530748999657559 0
0.6124386877423352 0.2450279118809965 0
1.542542744875208 0.1942531574848067 0
0.596263638729216 0.03144093565203698 0
0.6058989754125392 0.03934128820885417 0
0.608108140914148 0.02707006936455882 0
0.6177676796674102 0.03499873688260465 0
1.329566226350535 0.04048928962759642 0
1.346456163522208 0.03758726125168586 0
0.09698705533062954 0.1437584044599901 0
0.0887220275978368 0.136835745714552 0
0.07887948889022309 0.1406170197843078 0
0.3007620964755452 0.117674347626777 0
0.0664759076456112 0.2853885931480391 0
0.7049769249086626 0.1076194753655385 0
2.026281282914129 0.361651085415676 0
0.6797591393916372 0.127307212663455 0
0.6679955305486078 0.131270356522612 0
1.830064581257636 0.3632397752479817 0
1.847870791778177 0.3552417812148361 0
0.7257114836586261 0.1112719038245364 0
2.113123432468909 0.2482444680386101 0
2.127966724371793 0.2609112018778137 0
2.146207095751458 0.2547185813627868 0
2.142877148125711 0.2737525678272053 0
0.9384748073619598 0.06588997748921627 0
1.338458644708518 0.2066227952389643 0
1.603901102673953 0.07522316093824645 0
1.59243501443783 0.0664844781364811 0
1.594431079159577 0.05161977759178794 0
1.581444432629905 0.05676216733690572 0
1.58292800795766 0.04251931940947638 0
1.569068581747174 0.04820586171902343 0
1.570426725945389 0.03044141828644078 0
1.557025894407565 0.0395266425702672 0
1.311496366898018 0.3340664461420289 0
0.2563012330384972 0.3810180992449647 0
1.417089467906758 0.1304046710620385 0
0.1541370800903366 0.3811298927038793 0
0.1642403812066887 0.3773679137036102 0
1.576015120053012 0.3122249627050135 0
1.191840931003747 0.09558304857452289 0
0.2496312786445047 0.2449079118069966 0
2.064086679426709 0.3343683952033047 0
2.060702171759553 0.3517215123386115 0
0.9958266803643676 0.2453966735887796 0
0.5197134238214633 0.1517614059058634 0
0.403729234561812 0.07931111889968943 0
0.08033366976397779 0.1300956852436197 0
1.125363546180167 0.3309034503386701 0
1.885455435946346 0.1388874250365489 0
1.902369213163003 0.1324632480313734 0
0.99017963155084 0.3716918560444175 0
0.1749781182822835 0.3261625957077702 0
0.6520033657201075 0.2073490124600809 0
0.9327929454167091 0.3680479124432683 0
0.125479383609096 0.07302043425294058 0
0.3879574357458835 0.04196431400344847 0
0.3900285368109982 0.0304024513843218 0
1.540575323998701 0.3685420547856801 0
1.676761837543405 0.1842014857812552 0
0.158097145041352 0.3120570488883924 0
0.1597885358094124 0.3012128453880523 0
0.6752064998418869 0.1519032572017112 0
0.83321596337915 0.3298445692325297 0
0.8353808824424478 0.3170781614243857 0
0.847868764901143 0.3125126864762887 0
0.8234314043719626 0.3213364489369169 0
0.4756857820546677 0.2701868253496689 0
1.565418013062078 0.1982520162122699 0
1.5759027688939 0.206367936649877 0
1.573829307791247 0.2193264094643889 0
1.586405784750994 0.214795892881202 0
1.58903887810577 0.2015911368471373 0
1.599287686690748 0.2101089645406673 0
1.602001915911317 0.1966253802417932 0
1.612159787781646 0.2053447786067733 0
1.614577909581441 0.1916742715749581 0
1.624215891331455 0.2007195911715156 0
1.604595760416851 0.1838105544049309 0
1.616895843657546 0.1787228546350407 0
1.346609697721456 0.2272394653452913 0
1.135269355148209 0.03804610228611657 0
0.6524684739727492 0.03291927933783292 0
0.3663329836375165 0.1736378767614951 0
0.3754681561822693 0.1815584774598553 0
0.3635874922909919 0.1845394880132226 0
0.3713268122998268 0.1947327156367435 0
0.3866915924885901 0.1773962642333578 0
1.682416714784736 0.1552574354949614 0
1.69441283379824 0.1646299439944988 0
0.3745599946213798 0.2514441149506704 0
0.3651615366924926 0.2435307785041811 0
0.3768229915343378 0.2392558974117199 0
0.3674390931694498 0.2317105930555897 0
0.106892369014896 0.3768934233351996 0
1.006819368775148 0.2543530599803271 0
1.080563173029658 0.3734309256456416 0
1.433442819510875 0.295268196133067 0
1.43598824322172 0.281609146875981 0
0.6885603655894076 0.2520970414395777 0
0.8325331864258035 0.2113091315578284 0
0.8229902873652846 0.2036240859852279 0
0.07001252444968237 0.1335886863724455 0
1.569640314973799 0.3586366183190811 0
1.567192223710035 0.3745156283140957 0
1.581738998370571 0.36888783974693 0
0.02486268306974757 0.2509261988200026 0
0.1495345074760965 0.3049969883776838 0
0.378877902212904 0.2270121012015574 0
0.3694004340168201 0.2204421867002038 0
0.3810861713162381 0.2147502195336603 0
1.713252405930507 0.2608991508703107 0
0.2793597508075988 0.1512848798704084 0
0.1383864118437994 0.1803741258421498 0
0.2875961647662406 0.2509299512643256 0
0.2312567657989339 0.2300722150539022 0
0.3202070322632866 0.2477567529504697 0
0.3342786275562694 0.1606161729378284 0
0.5236423073858273 0.3133564644476082 0
0.02643514647509256 0.3105973364511913 0
0.0278863260105066 0.3004895390862212 0
0.02484610205159718 0.3206723302907653 0
0.03258618647642825 0.32726210333844 0
0.02308790509724642 0.3309101101645628 0
1.396568515299043 0.2086056034409637 0
0.4605385329094749 0.1729697829489901 0
0.5032736330411104 0.2896836161987638 0
0.3468746991764403 0.2191818282410793 0
0.07626063598227607 0.2816228611800317 0
0.5171726721486335 0.2317051141521243 0
0.5541658914043751 0.3205835814828559 0
1.250524020690501 0.2579665734554089 0
0.8514624440825898 0.1416772483811657 0
0.8557911490822441 0.1543985648309651 0
0.8631254145547549 0.141469486035958 0
0.8696642292704018 0.1523073573569065 0
0.8756206123553431 0.1403644971182845 0
0.8824468666910895 0.151048416062903 0
0.8690031402498735 0.1306052961604894 0
0.8814232827616924 0.1292544955874181 0
0.8754345867013151 0.1197412695266206 0
0.8882476058475151 0.117846811989665 0
0.8767568847427156 0.1621465913398779 0
1.252522980703327 0.2901214266687084 0
1.241602479142611 0.2878388642211008 0
1.242547657528528 0.2984689189828946 0
1.229565704873212 0.2938245766250602 0
1.232399824296545 0.3075529824760599 0
1.244212587674984 0.31058292477039 0
0.4994601331517879 0.2582942919423145 0
0.7497836695170501 0.1192157829929372 0
0.6002094971366454 0.2767812769088148 0
0.6083132118435817 0.2882868351639039 0
0.6047991596497724 0.3009386340620941 0
0.6167527304016122 0.2975239200765935 0
0.6140627070354938 0.275909193211654 0
1.098709090328849 0.2204132110516547 0
1.109578943802918 0.2156919417126149 0
1.110094508339597 0.2035769756559873 0
1.10750755206465 0.2281480027740447 0
1.119185824637196 0.2237718510386082 0
1.117322987064835 0.2361552328133791 0
1.105703724723544 0.2406841520728742 0
1.071399173528847 0.2462396144930064 0
1.06874821218269 0.2577010632149823 0
1.057305422382232 0.2626906564155603 0
1.081278662334082 0.2546309093276861 0
1.06685955072017 0.2698533146233938 0
1.052210969324896 0.03618238505588949 0
1.037268281618069 0.04231397911419579 0
1.504017469432654 0.1499746129580912 0
1.351152584453225 0.2777629774065832 0
0.5617106195499845 0.220098349047867 0
1.316833458173642 0.201958194925717 0
1.305191732747317 0.2070608571809375 0
1.547012724229694 0.242436572384219 0
0.7656813296353407 0.1674026555430966 0
0.7179290469578135 0.2766295951648599 0
0.7637489556587629 0.0941322726232013 0
0.7505505877844469 0.09453694389905792 0
1.688682647991912 0.03923516658175233 0
1.673250478329948 0.04479610375990448 0
0.2214845272852086 0.3758583217937989 0
0.9989153768735002 0.2043103672084499 0
0.4582020120065218 0.1853553897536345 0
1.02756720787848 0.1544438603899664 0
1.014334746899962 0.1509109907606691 0
1.02375388016559 0.1417031411044238 0
1.012067902058411 0.138321292486827 0
0.154037155435682 0.2112991345492191 0
0.1522882934730069 0.2212807497091567 0
0.5732317898571421 0.2134580010783594 0
0.7957877310899832 0.07906018589937468 0
0.8504748992188832 0.1096059420227518 0
1.261517015736356 0.2369635777062163 0
0.2763452476698377 0.02913757761834869 0
1.062627613288926 0.150412123956722 0
1.086129807279619 0.1642978392119504 0
1.099769140020832 0.1643485697511479 0
1.108092024246963 0.1739990817819079 0
1.111977685581292 0.1620517604122716 0
1.104219407686223 0.152362495511134 0
1.120275436772839 0.1718603064713022 0
1.116764273761547 0.1498064818381377 0
0.5115943117677699 0.3176306412609562 0
0.02450984041648333 0.07392245603917298 0
0.2320799089570313 0.3479631278667474 0
0.7643576756014131 0.08094254862718694 0
1.583324030326765 0.1687643466098803 0
1.001980318319664 0.145698973404906 0
1.000573047864022 0.1335566440228277 0
1.010509479075486 0.1260291226755238 0
1.509956078384934 0.2427741200912525 0
1.159845749367528 0.2691531088855362 0
1.048934440760607 0.3751778268317936 0
0.5834895398206329 0.3087317209415181 0
0.173277917476288 0.1456851279427843 0
0.1749608173270363 0.1344938266075448 0
1.038574275494395 0.2902409951352932 0
0.4536814420316669 0.2097581567542481 0
1.333408447708328 0.3083487841353031 0
1.467867482042473 0.1128784378348555 0
1.482942839572484 0.1085022588386134 0
0.9908799484533404 0.2960982018663193 0
0.2010962624420632 0.1661797468690664 0
1.542124207991837 0.08027420694492388 0
1.550185800442233 0.0690787654103536 0
1.516260622331399 0.09108310044562187 0
1.600702594108051 0.1376564151749159 0
1.611253800591019 0.1298176233592727 0
1.61185837037279 0.1167737829503844 0
1.608153381529485 0.1493114797001522 0
1.576537926194431 0.08603449533942435 0
0.3365200487498541 0.0392299297893928 0
0.05021953469346963 0.3305774722015801 0
1.460779122600267 0.1747207463848585 0
1.10791431502596 0.1401062115008007 0
1.094955197336174 0.1432713720960308 0
1.098144615742844 0.1308699666094108 0
0.9564440096329325 0.03467380552957414 0
0.9668925761145962 0.04324439026216654 0
0.9637796337697413 0.05674136912654978 0
0.9764904444275992 0.05214190087407967 0
0.979706783487854 0.03848986206056444 0
1.499472142494697 0.1221714801115392 0
0.02326142180300637 0.0841649780027733 0
0.04494194222422258 0.0559662694227555 0
0.9893030055290553 0.04751465510132553 0
1.949535810485754 0.04758954952047662 0
1.754236194778513 0.2758371021777147 0
1.038104099745896 0.2494784492531642 0
1.027850171443398 0.2572552966627701 0
0.4792221903257533 0.3816967671331681 0
0.533318563986062 0.07743495710898139 0
0.5217036230769443 0.08168326387690261 0
0.1552105723744102 0.08336669177537194 0
0.1442550443327066 0.08696818478239954 0
0.2988732534669107 0.1289484708876506 0
0.8134533798622776 0.2532881233637569 0
0.1903682368757147 0.3374751942988946 0
0.09398376745759159 0.02698712839018549 0
1.888054889045417 0.2240837128425413 0
1.870845505150009 0.2307809678993467 0
0.2754624546444732 0.265774028161079 0
0.2640858527433289 0.2700188738071257 0
0.2621371966242894 0.2819275004000018 0
1.109663400411905 0.05320519981881962 0
1.111583096111201 0.03952265400349274 0
2.06964928981693 0.2103265131403762 0
0.1658307144499996 0.1280354316363543 0
0.7307288143841492 0.08667968730562216 0
0.07259699922801227 0.1126863067371925 0
1.474360433056446 0.1562087911052278 0
1.962950572727418 0.1631930673087492 0
1.981228053679512 0.241796232154893 0
1.311560858361657 0.155069962544139 0
2.074632153008142 0.0857973733804842 0
2.059843254666712 0.07337525496346294 0
2.063113262270898 0.05448888861764412 0
2.04511388091901 0.06189116955902903 0
2.04191790046737 0.0807154054904857 0
0.8275549290304882 0.2361215025534735 0
0.8397209695840235 0.2316969771487958 0
0.7885898132063494 0.1797407027654704 0
0.9412486602939697 0.171319219110988 0
0.8818166698060659 0.1936009053738752 0
0.4776152277033254 0.02966602469944563 0
1.999651293576938 0.04647562669934109 0
0.81044902532618 0.1808552409477565 0
1.869803730922866 0.04424896554149601 0
0.2701474235128878 0.3016928075256766 0
0.08444616967825641 0.2881759225409481 0
1.593342939516636 0.1072552687588449 0
0.583330990402362 0.2329688381573812 0
0.1286687781559613 0.024198184041131 0
0.1226103675691224 0.09422891173938003 0
1.248954702649266 0.2373948201333348 0
1.398786680823219 0.1959607088443803 0
1.196745910803975 0.2360339044193741 0
1.194372336789106 0.2481450581296325 0
1.055085986470387 0.2749132223039833 0
2.066207382459697 0.229036720659386 0
1.714102306821278 0.05871693126267926 0
1.715891144776106 0.04207524818067955 0
0.680371090508558 0.05843395616400327 0
0.07421615009895555 0.1024391565418754 0
0.8336008917035269 0.1670190723045522 0
0.5311519986795541 0.2047533277476221 0
0.1756209683804052 0.0260456953685212 0
0.1653028427621901 0.02938721298391237 0
0.2438066765246306 0.159920914963121 0
0.2457666375123855 0.1484971545165903 0
2.040674945580575 0.1858409001738187 0
2.058421760673601 0.1796039276290132 0
0.08580962076031652 0.01998312973536471 0
1.677642464605252 0.0289942220286612 0
0.3185890761312954 0.3813054647952545 0
0.950621458171793 0.2501054756446437 0
0.09242061511719116 0.1749209457993753 0
0.6390829993151257 0.0382987923358737 0
1.005141714107826 0.177143561750724 0
0.07735826422249743 0.3884318264347483 0
0.06931657122162449 0.3814203290233818 0
0.66526673222988 0.3784370209230487 0
0.6555542839993094 0.3704272006144484 0
0.6531158702668125 0.3827087408978052 0
0.6434470916791807 0.374760160427522 0
1.514911824074696 0.1659209084412255 0
1.514925017721325 0.178976590998585 0
0.984363021716094 0.1771849742278981 0
0.4636244823304841 0.2858850262062509 0
0.4523604255729513 0.290103084657008 0
0.2017940002766953 0.09805248017315377 0
0.9184418195966061 0.3109980240998397 0
1.744521614353326 0.04440720325205094 0
0.2809268427547523 0.1133824390724022 0
0.926636414342795 0.3325948881995968 0
0.3043242563451432 0.1478106960424463 0
0.3467155910728982 0.2841448272368015 0
0.8274989094345419 0.03576732192855294 0
0.8393444747282028 0.02897930635874749 0
0.1046318086541289 0.3867632305676474 0
2.107997017317889 0.3716848551530609 0
2.125752792924581 0.3644703016654197 0
2.129411006211311 0.3461005122023297 0
2.144166323768415 0.3584609865438003 0
2.147711395407661 0.3396204353003569 0
0.3817793904823202 0.14494018071693 0
0.3912582273800975 0.1528678475558653 0
1.573896135393462 0.3272812125175247 0
0.2581601387868563 0.2526560738505531 0
0.1109405163512366 0.1775987458796024 0
0.1209040340592704 0.1746931620835655 0
0.9693364711182401 0.1373572742016376 0
0.9574302385818341 0.1420046736993894 0
0.3699977954994867 0.02699496400943557 0
1.845469801847447 0.3729747288885507 0
1.861726297728751 0.366071393121477 0
1.865031926367337 0.3487284972895898 0
1.878824019429188 0.3608486259142608 0
2.013951429414462 0.05807493064987664 0
2.010320274239775 0.07646125027567309 0
0.9774594008342845 0.3760558098212418 0
0.9072183376861791 0.3771787549205508 0
0.8967496920606082 0.3688220629127688 0
0.02483792280276173 0.131340760395539 0
0.02425934215516189 0.1427080058194096 0
0.8259729469480297 0.3808952773131203 0
0.8390481367406927 0.377094216026727 0
1.1724499221604 0.3383369167007001 0
0.6699998152965642 0.1193768423791774 0
0.6584062202675025 0.1234303275173785 0
1.988690633648396 0.2904137199897861 0
1.015076106727262 0.3621209687899755 0
1.012672508988451 0.3759179254737279 0
0.5023762233910981 0.3088559598172563 0
1.426230931747879 0.2342459653912973 0
0.01731769761768959 0.2431012348086316 0
0.4472573663671627 0.3813270972543201 0
0.1210867647567143 0.2341185199189782 0
0.1296539787331399 0.2411586621559146 0
0.1126180887229215 0.2270650703364645 0
0.1400686433593868 0.2363793171334484 0
1.697916418491308 0.266862103390873 0
1.694600988454702 0.2827537781042453 0
1.682341174257715 0.2724661198473954 0
0.8538877951528061 0.08389179562931966 0
0.8637617334483544 0.09240597902208841 0
1.438717570104214 0.1474847643658125 0
0.1637734905257328 0.3293672866701677 0
0.9812310137686034 0.1331194280916166 0
0.2762436353173022 0.3840957427993168 0
0.2870427267309712 0.380864686041227 0
0.1006687064223623 0.04350502500067311 0
0.09984349157094444 0.05355589765179918 0
1.116131937818241 0.1830520670126308 0
1.128344484534099 0.1816890439409012 0
1.132413291521916 0.1699456018713795 0
1.054648716740801 0.1320749800773715 0
1.288327057009527 0.2194096792637943 0
1.277977356168931 0.2128857209762754 0
1.266422034304562 0.2183145195093905 0
0.9923185796608081 0.03422336595829913 0
1.002157830824729 0.04294670467190016 0
0.09842935184079878 0.1335117013196954 0
1.69665283878654 0.1502661351044728 0
1.70814630722462 0.1618022736020396 0
1.194403518176117 0.2687047315357421 0
0.1589513623067924 0.1117340077658832 0
0.1507406302598557 0.1048502193288345 0
1.262149747525557 0.3380304839433438 0
0.2050170808060165 0.02581043339208251 0
0.9370806742852701 0.3410923305372665 0
1.044846994267001 0.2674915436438246 0
0.8319266510183341 0.342861289288945 0
0.1475029117184438 0.1866257076135635 0
0.8222004445287278 0.08439239409036096 0
0.5415625857654823 0.2102700375198417 0
1.023453808293193 0.3847917383505755 0
0.593967943723597 0.2397927806129923 0
1.59938544244539 0.09454622714994033 0
1.534964268946981 0.03800018529396992 0
1.180443415547771 0.3602002676123864 0
1.176043779484026 0.3739031966921676 0
0.8036970815892476 0.378275914848802 0
1.011707945124585 0.2327091012160538 0
2.047336001710236 0.04445049441682049 0
0.8413351457975554 0.3644310801707766 0
0.8519898894499227 0.3730994466982298 0
1.004690939573482 0.02681610877992404 0
0.4678860995605892 0.3859261707389893 0
0.3387359999763911 0.02808274570752279 0
1.275032007545205 0.3140062159648205 0
1.265353874964932 0.3172963304614507 0
1.607116095374621 0.1604695641242038 0
0.5215892654668599 0.3263498993790556 0
0.2564281454061613 0.1745889632742275 0
0.02112447479461376 0.1640999801732956 0
1.58250236255594 0.1815501654025081 0
0.2531902682777952 0.2750155692981903 0
0.2511339937387706 0.2864822859170924 0
0.8366955387079514 0.1871164047977316 0
1.558162124877116 0.1786311940275618 0
1.492230295864762 0.1459573757068585 0
0.2224193340814004 0.2233525400370316 0
0.4921018773028721 0.2866977168479574 0
0.2251968836128215 0.02602328474513266 0
1.550211375508617 0.308013704874693 0
0.641263951391567 0.02572084391189391 0
0.5466434570191279 0.3308296720344098 0
1.355038595667251 0.310312842465693 0
0.7321327283282321 0.142428042879304 0
1.077235913120491 0.1350059566960027 0
0.01610493649694037 0.07904858091978741 0
0.3557960821816978 0.2365207063388583 0
2.007902567349201 0.3675609610551658 0
0.803951228397727 0.06923603811040159 0
0.2007382663572275 0.3333526349312603 0
0.2090958115580797 0.340411281042897 0
1.748939937969223 0.1478098216005161 0
1.732933938963075 0.1530686178438153 0
1.730203248891396 0.1694954921676785 0
0.3502776020334086 0.02503224390857159 0
0.444670165629816 0.259000094187578 0
0.4436713930626229 0.2711018845312675 0
1.106782761353591 0.3764787303067785 0
0.01964980805705549 0.1045519601373115 0
0.9991915586586787 0.1220044709521342 0
0.518091350052146 0.2196433059245397 0
0.5052987354328958 0.2262078657770284 0
1.015174815215807 0.0380077114541734 0
2.016311995779115 0.03955843690750237 0
1.175531496054806 0.03567958097586758 0
1.188936108896522 0.03012130083919999 0
1.202212980714157 0.03771181778671678 0
0.7543108986910588 0.1507203760555692 0
1.071685134575657 0.1022981543452475 0
1.910281568929223 0.3674048213800314 0
1.563430551449719 0.06830178761352534 0
1.617348689784287 0.1579017823735505 0
0.03174345626025984 0.0231802793588182 0
0.02311587469015293 0.02652167866036564 0
0.02413180311442607 0.01648502827017706 0
0.4671223047728505 0.02282395566084559 0
1.66251679199431 0.1892242081074073 0
1.918559967135337 0.04303245149758655 0
1.449082902155294 0.1557352743662986 0
0.2376221884253484 0.02327024839164257 0
1.530702564346533 0.07252068946853893 0
0.1765957748385404 0.1244906805374044 0
0.1854790421940676 0.1303216695320344 0
1.039858200013782 0.02865668114180007 0
1.234547153417063 0.3192512903802793 0
1.246120116782272 0.3232338810519759 0
0.733429668434616 0.1314018211848703 0
0.9903206058274568 0.1963130047327845 0
0.9872695696534308 0.2093006309342996 0
1.596634694855694 0.03678321486840574 0
0.3420131678665908 0.2523610415500388 0
2.161014401040235 0.2672977875009192 0
2.157090294067304 0.2862586533039801 0
2.139047780376053 0.2921614356048052 0
2.153104689740037 0.3043657677077743 0
1.661603476815236 0.03514330269568242 0
0.259823207751654 0.2418101237630944 0
1.515573401328873 0.07662077068610737 0
1.156760062049063 0.0848223900153813 0
0.492646804398031 0.2477999073159251 0
1.331891654154658 0.3227510423878199 0
0.8062545458236258 0.04875849393986362 0
0.808363306699359 0.03518107636340626 0
0.8530238767901009 0.1692203493933198 0
1.25492674504873 0.3569382991355622 0
1.25385146972663 0.3707407934613581 0
1.361733172810248 0.2697209631737945 0
1.150334718844016 0.03295792498107124 0
0.7730434345636078 0.07308264097004784 0
1.773970610881226 0.2371007182506672 0
1.760598156119641 0.2413217202007639 0
0.8953823991057388 0.3819053593962567 0
0.884945254515115 0.3726322642708114 0
1.099827360764539 0.193297835920815 0
1.634989843902537 0.03300002586424109 0
1.623640327737664 0.0249924253041224 0
1.178514683511251 0.1006669740080741 0
1.191872879756313 0.1096105753557488 0
1.396246888558195 0.2336526915934056 0
0.907464852822758 0.02649657642069315 0
0.9223993104600962 0.0215230889160094 0
1.806630048995927 0.1549560623136983 0
1.124058296538535 0.1924742024241178 0
1.424642686249171 0.2472339549398619 0
1.434305439866842 0.257925501747963 0
0.5529210843062092 0.38218557778706 0
0.5439526590318005 0.3747391572497064 0
0.5414205512730071 0.3870665402142166 0
0.9813647109736929 0.02503123828095181 0
1.233482589604713 0.2670340652377007 0
0.01845466502674818 0.303292869893399 0
0.8158400339617582 0.07083024877851932 0
0.7429347887889028 0.111128890292301 0
1.183966246780128 0.2390138215301953 0
1.183139595248786 0.2514782213907721 0
0.02060378545360975 0.3520914849502948 0
0.0185004354054789 0.3618433507602916 0
1.237894423638497 0.3324808442250995 0
0.8893553470758084 0.161506146595836 0
0.4992317167486398 0.3879191116174539 0
0.5097297715157394 0.3940952303769957 0
0.4786593050837004 0.3930214986247041 0
0.7779206294490717 0.1853734220051475 0
0.5857863737744332 0.3226587392476378 0
0.572849707218713 0.3278064534912157 0
0.5931332447542345 0.3141997223707813 0
0.2842731194045123 0.1412533925288675 0
0.1088459889325623 0.04960118257663776 0
1.345720418875389 0.2502108290562081 0
1.524205369909628 0.187465711306356 0
0.3272030538004838 0.3890877080524776 0
0.3384456943140226 0.3858478117898496 0
0.3478133761175184 0.3930571703000582 0
0.5615087936202215 0.2064314993293164 0
1.611608513624908 0.2182260610268657 0
0.9323320775735766 0.3839272905087176 0
0.9443308747988521 0.3767636318722898 0
0.6412082115401654 0.3868303979652635 0
0.6312395236767849 0.37856105196051 0
0.08563366705585726 0.3947116114552573 0
0.6880652492005603 0.381931556358294 0
0.1379200560946812 0.190155136423538 0
1.38224202837723 0.25201799994978 0
0.5100553878357739 0.3286980596511575 0
1.069893360700619 0.3646229257467224 0
1.073161598412358 0.3510917969869146 0
1.068453705877969 0.3791817428885486 0
0.5317535050654455 0.3788270244731793 0
1.579744637268609 0.3849529284102514 0
1.356169403526489 0.2887563953022517 0
0.02308905112515057 0.1538591166229214 0
0.03179380322602445 0.1495634766578396 0
1.307875792006046 0.3197257930379035 0
0.1349040909797282 0.07992144877775208 0
1.8527112139093 0.1532777250078472 0
1.906183677035731 0.02942848792459686 0
0.3504058420613271 0.1962191907788957 0
0.3613990443367477 0.2033892757354192 0
1.339830753874288 0.3818535296354329 0
1.353629221119451 0.3875599883541354 0
1.324360542985761 0.3828928207884286 0
0.1555165736446935 0.2014259180358288 0
0.1647061618612445 0.2075564355679192 0
0.9804371546441881 0.2747356148604591 0
1.585051436831333 0.2281247958527224 0
0.2113630791236873 0.3297470728236359 0
0.1342864345175415 0.3903146351703313 0
0.7624447321491461 0.0686416996364181 0
0.03521383800831855 0.1874115203970362 0
0.02570167781839674 0.1907324634923785 0
0.017874361692567 0.1832938969972479 0
0.02423016683753269 0.2020964614706032 0
0.01418138128311233 0.2066822604909881 0
0.8591231406151062 0.1138006097082823 0
0.2205896238158778 0.3864418926100597 0
0.2293756194052841 0.381879797913225 0
0.7643092120922171 0.02831707100654949 0
0.7775388478683556 0.02248738078805308 0
1.505316970003993 0.2049684726082261 0
1.502269345770725 0.1928624984180722 0
1.502588574918017 0.220031032284809 0
0.3072908353689231 0.2644607935904675 0
0.721950223507698 0.3832074348731511 0
0.7341830150725288 0.3782467727645795 0
0.7364826457784148 0.3653005932710602 0
0.7465347717510267 0.3737824924902688 0
0.7444290353899978 0.3864888111384722 0
0.7564449291540092 0.3812819036208761 0
0.7589687032858505 0.3692194528628523 0
0.7691337298814723 0.3774904967510551 0
0.7095353768093933 0.3870258696874209 0
0.7657318927668517 0.1786950737334039 0
0.1342662637471293 0.091067285976521 0
0.4870287667651304 0.2661730891300701 0
0.2307948852802962 0.05599767214461267 0
0.2398122063769886 0.06307054952298582 0
0.6138221668923992 0.3087649675626596 0
0.6257855385322961 0.3058288551000241 0
0.6288436512703208 0.29398466659819 0
1.290464753455107 0.2086814708768724 0
0.8235574008928606 0.1849673925024655 0
0.1624055587943714 0.3884647504146205 0
0.1724580864838852 0.3845412728435383 0
0.1976574525248867 0.1202201058169259 0
0.5644759998257407 0.01979973306706683 0
1.824193034666937 0.230686052315497 0
0.9992280289234606 0.16482100686265 0
2.162692022709996 0.3514096698167961 0
2.157746220126553 0.3705593095359391 0
1.488051259313208 0.1314439596235969 0
0.2082376233912022 0.1175244398626718 0
0.01993984230809013 0.2940947563342869 0
0.02945656763865675 0.2904288810348444 0
0.0217677349083072 0.2840966839819278 0
0.03099964298071549 0.2804025083156424 0
0.02362315986595596 0.2740848123536435 0
1.228705623096055 0.3828520903860793 0
1.211961482387878 0.3864112547964534 0
1.365882482984047 0.3844577927567366 0
2.178052687291692 0.3645017174818795 0
0.152423875862288 0.3916247815154641 0
1.136748491769471 0.1914862688134998 0
1.131468910474974 0.2049066814041942 0
1.139934200462012 0.2141193037381568 0
0.5342689234438353 0.3294437072593713 0
2.091136747779776 0.3777719654438869 0
0.3449921694031969 0.3640846297618875 0
1.762783938718882 0.2267165025353539 0
0.498544902694856 0.2370163386373983 0
1.129321730653444 0.2317865099931442 0
0.6619731338055164 0.2154306834979098 0
0.05027760310637423 0.1408913623345843 0
1.100202564041006 0.03006731338259877 0
1.11501719355578 0.02460673496501803 0
1.089249714445385 0.02260914161896463 0
0.2736309187487546 0.1433673957115187 0
1.213301074912447 0.2764318029503787 0
0.1712108677378157 0.3948079031087408 0
1.589203833957723 0.08195027102089479 0
1.504718802143577 0.0838129138645293 0
0.5763996097186465 0.0161034737980045 0
1.736098359440209 0.1367418591068448 0
0.06820063499204537 0.2748543092344353 0
0.05825875668056797 0.2784745730883092 0
0.07007125158793259 0.2640508687153828 0
0.04993438068950964 0.2716561983312341 0
0.4037658282950644 0.3854257741207637 0
1.705808550984551 0.175446747877862 0
1.115597946616493 0.248798860475 0
1.103729744014283 0.2532699919990704 0
0.413367140570577 0.0872394375089678 0
0.3463432489715152 0.3516691168643122 0
0.3489416483501975 0.33998066232901 0
0.3603165904865266 0.3359143238115859 0
1.045629610453917 0.0639619334957653 0
1.524928582787091 0.02829047892593034 0
1.386565409360473 0.2003138504665731 0
0.4352372316040725 0.02155212399555181 0
0.4238513469304896 0.02767510031444589 0
1.36877764614096 0.3048833914539359 0
0.4746892774686975 0.1567255803542901 0
0.6379930880727067 0.3025802450254315 0
0.6405088199945896 0.2907374193960184 0
0.6501359382600601 0.2989682428326157 0
0.6527027198924841 0.2866994551911644 0
0.6321916943898246 0.2818341297173082 0
1.795080164844172 0.2240862800264458 0
0.01567950902984481 0.3235986459804234 0
0.01376814660833213 0.3351672591284489 0
0.6207968715901221 0.02118762445599795 0
0.1511116315063736 0.2940470103607105 0
0.08611477302445006 0.2776756572428661 0
0.798789955077036 0.02718613334888855 0
0.809968220789787 0.02247934197939457 0
0.609996584963393 0.01442833638444004 0
0.6506189890045923 0.3949354448564133 0
0.6558726234121314 0.1359163330403328 0
0.6463046971266162 0.1278123736773655 0
0.6486578075990576 0.1155109922632892 0
0.6367812318910323 0.119653685200776 0
0.638913302140528 0.1075840344832916 0
0.6271768400132101 0.1119145906125886 0
0.6149140613660545 0.1163711675719998 0
1.556917178441282 0.05585989441798576 0
0.6846628329761693 0.1601186940680871 0
1.363150745428024 0.2567780062864609 0
1.310238185513266 0.2201933517124055 0
0.1675588713574391 0.01874746243834791 0
0.1570284686815624 0.02151084287948278 0
0.1482163818978757 0.01533052664863779 0
1.899360497601231 0.1505807979181111 0
1.916586375771802 0.1441893448362976 0
1.931206239932258 0.1558771365719958 0
0.03090186531796823 0.3374069377104408 0
2.119081190912741 0.03296434741683085 0
2.10199609356097 0.02206333505204717 0
0.6425733079803654 0.199140316167312 0
0.5291918419696842 0.1596592177865205 0
0.03259176571441266 0.2703399949440982 0
0.02499735783113664 0.2627762524843087 0
1.140722867149935 0.08728029210504773 0
1.164440990117414 0.09860775384081884 0
0.5650954098866157 0.1465832989736482 0
0.5769172181757962 0.1421764817231376 0
0.6639135657013929 0.2030216401145686 0
0.552695844891436 0.150913631684485 0
1.564586074748265 0.3933176587059057 0
0.2135159700175237 0.032278879455294 0
0.2115988294427254 0.04315145166857356 0
0.2147363546862383 0.02134534682006685 0
0.5853486059161522 0.2084579996625875 0
0.5527630159193777 0.02438611398466183 0
0.5414982298979367 0.01756612725791239 0
0.01014708747380863 0.3541120946574827 0
0.594143937047879 0.1591962680905716 0
0.6038937238853928 0.1672246848230308 0
0.161489167611657 0.2901658809967437 0
1.984530661397533 0.03272791053630027 0
1.316866893835348 0.3964499343985237 0
0.3471650462348959 0.1576496649904162 0
0.8341111222549897 0.08057522171715782 0
0.13656860341221 0.06920566522506325 0
0.2214183036685071 0.04938581650267049 0
1.62338462213298 0.1244689180098513 0
1.624740695285541 0.1098253491403284 0
1.613109391936336 0.102146030413976 0
1.609957830798489 0.08828254028946776 0
0.1464780746238914 0.02533603831131087 0
0.7275159240430904 0.2850819807353735 0
0.7252845054399338 0.2977263560345218 0
0.7374733864920353 0.2933789457664716 0
0.228355441743439 0.06755193541772488 0
0.6787885497469015 0.2439945623718537 0
1.679464548922373 0.2877675245933234 0
1.667483653496473 0.2779344259314842 0
1.670643281527849 0.2634951446679875 0
0.3919649714814965 0.3905988966415916 0
0.2282178872349265 0.1224342151475025 0
0.3276115934271049 0.03167461371235477 0
0.3296328083395145 0.02020342819275436 0
0.3183913204769412 0.0248763234180525 0
0.3070830989047566 0.02865358279794579 0
0.297323893568999 0.01998794848955362 0
1.659243454996917 0.05191582988907691 0
0.7499504207676708 0.2889039366731981 0
1.923831419179656 0.380423759988926 0
1.757456463150767 0.258348136387744 0
1.744428394388353 0.2497838042524624 0
0.04324833082431673 0.1944566707033531 0
1.542124207950027 0.1797257929900287 0
1.763458104099817 0.1415500826228422 0
1.447359764405275 0.2903945819546898 0
1.450509809600229 0.274268874092697 0
1.448179782346789 0.1790952597824331 0
1.577745917594404 0.2976522159702435 0
1.591669748619804 0.292561333805926 0
0.06001111597183043 0.1371450536412333 0
0.04849809022297083 0.2826113572359535 0
1.638519196143121 0.103434816815532 0
0.05125974890192968 0.2012754902154143 0
0.05969916781789933 0.2075913345186523 0
0.1546217118113505 0.03277934735689434 0
1.47589674405394 0.08495835482365129 0
1.485736390971404 0.09382632985556648 0
0.4016216191903194 0.09187669795885622 0
0.4224444382382004 0.09594760436758155 0
1.38407618043423 0.2135839884362536 0
0.3343202706681749 0.05089327631546525 0
0.2891473597351993 0.3699371669749645 0
1.300879703860927 0.3936132845410688 0
0.2101363446927101 0.3915672923946322 0
0.7300682515871337 0.2722513941512461 0
1.873158523259998 0.3783734043032083 0
0.67218040004916 0.2231200702815581 0
1.836675955441023 0.2442464571615655 0
1.853898918471516 0.2372487501154722 0
1.8672658614352 0.2492890080963592 0
1.634382394200153 0.1330587481463937 0
0.1149747978289541 0.3839618746607128 0
1.807805655371708 0.0347135843198268 0
1.824709096615255 0.02857449817002996 0
1.792761834215916 0.02500736139252656 0
0.6337369396974288 0.3664018740815562 0
0.1174321312799719 0.3736127113583104 0
0.1198049324585775 0.3632932308094211 0
1.170267795429514 0.2774414347315153 0
1.171803852544713 0.2653404953327733 0
0.3504611902844799 0.3275917473200708 0
0.8355270611443673 0.1993796352911794 0
1.298036222089661 0.3401214611998176 0
1.372556817102444 0.2626677661325291 0
1.085354061351861 0.1513571153474158 0
0.05184365678007249 0.3201243291967591 0
0.9870471748968115 0.3852029560098887 0
0.3992928899932811 0.03782253317691911 0
0.4011755957799131 0.0263136221936224 0
0.02148210441278909 0.09450097368828538 0
0.8943640946205007 0.1514203840742178 0
2.163746908623108 0.1593090058870684 0
2.159976098217633 0.1792312069996814 0
2.166309123307527 0.1379027739948158 0
2.181566038306413 0.1869364852432319 0
2.164807913585538 0.1990761279315081 0
2.167236138627899 0.2184575499097708 0
2.146014864863151 0.1943860366960736 0
0.4026194284997762 0.3311606383463887 0
1.494976034829318 0.0141205921682591 0
0.538595686007579 0.3424531670357715 0
0.0222680319283239 0.3416914169547836 0
0.03086046268074714 0.09055977168478362 0
0.7334543416059514 0.3912441699750642 0
1.664506454823894 0.2930568129038267 0
1.652110603820589 0.2832860511514976 0
1.648601814625469 0.2994424066657168 0
1.635474338857458 0.2894844176051921 0
0.3859734948416161 0.05350184671430854 0
1.448417915397922 0.09412499189621805 0
1.114015721872324 0.2616056169738691 0
1.101931659733037 0.2662558995694581 0
1.099814362449823 0.2794225818475887 0
1.357907266412841 0.162889388217098 0
1.488276301560621 0.2263053191882776 0
1.477035956023582 0.2185401536854731 0
1.385782057333271 0.09023351101268902 0
1.382793001526183 0.1045086053374832 0
1.396800339820813 0.09951535519029493 0
1.393434755007879 0.1133904430032822 0
1.403685822954728 0.1238762221920231 0
1.405404183655346 0.1377901052659516 0
0.0710121530917273 0.1230242259369746 0
0.8489557887372722 0.3877438139429337 0
0.8620283425274891 0.3819233876745684 0
0.8635850479575514 0.368257034886578 0
0.8611071714065839 0.3952825264122017 0
1.577392712284032 0.07092793956234367 0
1.44538320800033 0.107898173794464 0
1.349459026691334 0.3364350728363129 0
0.2809449262836429 0.05923637802064308 0
0.07099777695775125 0.3710771305829582 0
1.375675557631953 0.1924675687774722 0
1.378210357310285 0.1795967747276523 0
1.720969469464217 0.01493285054478412 0
1.011865972813352 0.3896346266677768 0
1.324141969879342 0.1504471812775905 0
0.05455930260103068 0.05200529669719773 0
0.7546549276517045 0.1731628607298891 0
0.1405828567770814 0.2976390970776647 0
0.1385682306885546 0.3079463738309069 0
0.4486451569204729 0.01949367844169209 0
0.3252625525886045 0.04335861205869663 0
1.755918412710861 0.01526838701280774 0
1.76509628763859 0.02977609667688566 0
0.657951303901896 0.3576933681490599 0
1.770479040131218 0.2695295143974486 0
0.9256239420553559 0.07028033167819669 0
0.9356975348107164 0.07895304113793163 0
0.1823939102810575 0.2814744558113924 0
1.473299990788446 0.2945444229933855 0
1.462317881333222 0.2848897435512856 0
1.691372409148949 0.2991194547442604 0
0.5312135815719747 0.08968150147114656 0
0.5195846859034033 0.09394604844860673 0
1.334451153446644 0.2323575908542874 0
0.542923717632537 0.0855255436020509 0
0.03697787322976249 0.04947543041437253 0
0.02745377495540767 0.05324128753494697 0
0.01969436244636223 0.04701198165283774 0
0.01664589162474324 0.0577702139261727 0
0.3321476883708611 0.06262673488826438 0
0.9454607506735497 0.02435928501020362 0
1.743147177684311 0.1802088258196308 0
1.579968019525032 0.01500308439423453 0
1.563609464811174 0.01465905026291701 0
0.6343993537455211 0.1321931852420317 0
1.629911231131074 0.3214716479300877 0
1.63244888274696 0.305641500450324 0
1.620274020578028 0.2959820535674857 0
1.620990819102073 0.2812001172001646 0
1.636991338962548 0.2731311552487042 0
1.393493977493961 0.3089689702307277 0
1.379975706256607 0.3135296298725976 0
1.044378862898983 0.124191584710529 0
1.031672368257255 0.130724016268003 0
1.075096442144466 0.2893735319549531 0
1.52213499836432 0.3182530910015379 0
1.524099534259593 0.3034942547191621 0
1.169916927127373 0.0774326830790249 0
2.064014201391555 0.03402850121390456 0
0.2605313511329759 0.2941069768725306 0
0.2498189319485144 0.2985617952464317 0
0.2842891238638517 0.3398227612098532 0
0.8940926071085801 0.1285190074007317 0
0.8987974712115698 0.117657998315939 0
1.462617520601251 0.01424913442262409 0
1.470908813877905 0.0307628946989762 0
1.45473369570057 0.02831490346664329 0
1.446368697495215 0.01430663836488354 0
1.438542635662011 0.02836908787876165 0
1.422837294526719 0.02897344409984107 0
1.430844921352559 0.04498581949149064 0
1.41434581761974 0.04305138611915264 0
1.407061947956928 0.02973851300559131 0
1.399573069343977 0.04363447919664496 0
1.391343522858514 0.03004186913388705 0
1.384522910038087 0.04358370709031102 0
1.37554570933973 0.03094092897263093 0
1.363569370487868 0.0212080316796462 0
1.360747333482138 0.03452518402782928 0
1.397690922086683 0.01502315791750969 0
1.326621407418517 0.1369118093058229 0
1.558280680044165 0.2514212750663995 0
1.559803607913298 0.2374513224238392 0
0.2717160721633123 0.289708901711544 0
1.043058144050563 0.1374519776370181 0
1.128008008622361 0.2444343718871856 0
1.142634591235267 0.225675650998175 0
0.8526107998209841 0.09662546654788011 0
2.089270529815594 0.09803356299652481 0
1.268692110863844 0.3968976719003552 0
1.253088660994157 0.3967061872256699 0
0.8757018496184019 0.08841379868248843 0
0.8734598455389548 0.09974805676903022 0
0.3332395778558019 0.1487569014930853 0
0.8452056282223386 0.2070023577252192 0
1.729345345087064 0.03096609478191803 0
1.133280879641695 0.1333506576884004 0
1.130643891814252 0.1483334003286956 0
1.142947759157008 0.1557125754788267 0
1.154417987820684 0.15050986491392 0
0.1527182084403716 0.2828110043636649 0
1.667160423728176 0.394919714775601 0
1.675850443995191 0.379950352407361 0
1.693040918583969 0.3798964721029903 0
1.658637746304249 0.380915433018209 0
1.641492884450743 0.3797789218663996 0
1.632636424394542 0.3946031830871157 0
1.62520772225422 0.3797159685696447 0
1.615177065584083 0.3941988212963592 0
1.607261430205515 0.3762990748078827 0
1.685300760940331 0.3656532904049703 0
1.701739518880887 0.3660720016378466 0
1.710648632612427 0.3799695901005959 0
1.719390706644752 0.3647252063117913 0
1.205207073742497 0.09043442376935024 0
1.216600506821927 0.09953062731739364 0
1.229918441567798 0.0943107819126274 0
1.085628968178587 0.346133111852154 0
1.088899922374474 0.3321311705146008 0
0.3832002952801359 0.3823207713730583 0
0.5602309527767658 0.3900634887108954 0
0.5742647495867015 0.3871592820943446 0
1.112139199098953 0.3358429459947971 0
1.933868371517936 0.1379958637454122 0
1.605004050626263 0.3019284002309083 0
1.495807879260347 0.3956238739144765 0
1.487465139350753 0.3814307706204836 0
1.471236646828536 0.3813603277363739 0
1.479271035518293 0.3679925406717864 0
1.463274271507497 0.3679147495183453 0
1.45516432113902 0.3811319743089766 0
1.447411383384615 0.36783218929425 0
1.495362018115277 0.3679906388008972 0
1.471434972628897 0.3552238531338885 0
1.43868726814075 0.3814440945863599 0
1.431327572883893 0.3675334993601657 0
1.440295873886764 0.3550620283596819 0
1.424259216381874 0.3525289363983536 0
1.414487916126279 0.3680563840165962 0
1.446428199416276 0.3955643964778448 0
1.504080219126154 0.381371049183936 0
1.520585052266722 0.3824095869564988 0
1.513405736430823 0.3663609713332591 0
1.529249808665369 0.3956599283106196 0
1.425714067166 0.2707126590195147 0
0.142049116002916 0.09755934235869973 0
0.1980939621654519 0.01862026230598055 0
1.268468022100832 0.3616431539103287 0
0.9124278703873104 0.01187955025864787 0
0.8939562915308704 0.02679925179132946 0
0.8823653080048308 0.02242241274330674 0
0.8715027124679882 0.03097036220654174 0
0.8703010321255054 0.0183012095605354 0
0.8586096090825407 0.02661600002417547 0
1.854642604143134 0.03148565725782804 0
0.1221851602958645 0.3918844335966596 0
0.6216964436919082 0.3708139250964286 0
0.6190399393135176 0.3833427876497681 0
0.6097633092153586 0.3749806546704735 0
0.607174705141732 0.3877425639278553 0
0.5980123445987915 0.3789045980539832 0
1.660719805293055 0.3100847120283162 0
1.328642612791752 0.1979707919579879 0
1.326593673558853 0.2109519148949473 0
1.336346502040182 0.2192671994175286 0
1.02386216484597 0.1073399017834386 0
1.013383531754607 0.09858928028777504 0
1.009439589190831 0.1126742929025668 0
0.01983610648662241 0.03665895668193749 0
1.358241251586283 0.09991624577121129 0
1.666983058970366 0.3649358782626869 0
1.049659566923424 0.2989383402978792 0
1.426722355377756 0.1406854569562879 0
1.737740055725906 0.3946863576200161 0
1.746308754549272 0.379257660344697 0
1.764279131149659 0.3792310979727214 0
1.755332021759131 0.3640416816482303 0
1.772639305546749 0.3641577894575213 0
1.764784755007381 0.3490622717807771 0
1.747160484313321 0.3495074524509077 0
1.782080366206484 0.3509375769176666 0
1.72883351517371 0.379449636289816 0
1.737718304927947 0.3640601515643881 0
1.728992807768602 0.3475315077604629 0
1.413127909182748 0.3959272973511161 0
1.396515771187244 0.3957542077228609 0
1.389230113688014 0.3815066328699833 0
1.405157752062771 0.3819946257037912 0
1.398831096825227 0.3688287779239212 0
1.383155647230893 0.3662797696951424 0
1.422112392849944 0.3817607404816064 0
1.494079229571969 0.1121108354772611 0
0.03880521666518932 0.3440644299993578 0
1.673428140151561 0.1316648088647968 0
1.461967863395066 0.1503927971790306 0
1.78190811699637 0.3793275618146114 0
1.368772286307247 0.109205409664362 0
1.316100452450017 0.01366530900240668 0
1.308587031507147 0.02634901470985923 0
1.29189926336861 0.02900839645983863 0
1.323693169169082 0.02575295827683617 0
1.284492139845706 0.01400249355679148 0
1.275299585693306 0.02733888218267548 0
1.269007332579044 0.01403632691582935 0
1.260949221495812 0.02699493853231595 0
1.245650343600161 0.02666415473667865 0
1.237450757121735 0.01356071197892056 0
1.221793915408229 0.01341824653830776 0
1.212681775158648 0.02565536004029784 0
1.174315688030293 0.3971266716734436 0
1.160166084365609 0.3969351273810131 0
1.152587079150067 0.3846394079776155 0
1.137946770268139 0.3844051629626163 0
1.130142025943506 0.3971733527832025 0
1.121412936433604 0.3837731379752642 0
1.884418033478465 0.2426093009304576 0
1.506920352587687 0.2567019548390462 0
1.496406807906604 0.2473001430485447 0
1.822201399206114 0.1484526071139616 0
1.809657104559624 0.1397812421735718 0
1.78997584168511 0.1609272181904189 0
1.706882351716059 0.2935133902433518 0
0.5547048720231446 0.08137499646612327 0
0.5642460184562985 0.08937538553423834 0
1.040483784542337 0.01429644270987736 0
1.011710873928812 0.01266999455545779 0
0.256316614426422 0.07886254816579395 0
0.2674101281780379 0.07500155447103386 0
0.2588878904143689 0.0670461795154345 0
0.06883698054068604 0.1443269822812703 0
1.017774108148069 0.2742850750904576 0
0.1703369979824106 0.2329842261219529 0
0.1683371250223959 0.2442734771536168 0
0.159606457476572 0.2372665895487579 0
1.099904903995322 0.3976961632097002 0
0.7351379720710702 0.3060328415161776 0
0.03875336758384494 0.09699114351881283 0
0.04097427490969825 0.1451805358094923 0
1.101026312108841 0.1079441953791331 0
1.088494428218941 0.1131036158670443 0
1.111892599409529 0.1157661366402866 0
1.476574348221232 0.2802225827674262 0
1.190239498311565 0.01505624292279257 0
0.2655363655710932 0.03301019531820461 0
0.2569078685291031 0.02590008626206143 0
0.2674812822454746 0.0217227270021363 0
0.2783117630828824 0.01793617922095454 0
0.2580144188990674 0.0154531155167419 0
1.16020362915748 0.01290269676758849 0
1.270634766088282 0.1947176225895056 0
1.510299737360863 0.3085594831779411 0
1.289724827257012 0.13779525924032 0
1.277054781730483 0.1428704468973866 0
1.28821197561126 0.1515826694782369 0
1.265831744766502 0.1339202614436919 0
1.264179188048248 0.1476744788874118 0
1.213545178497081 0.1532028632577868 0
1.210944361023519 0.1658359360793032 0
1.198514200749211 0.1710279205387353 0
1.209063070134949 0.179478470104028 0
1.196179190100427 0.1837160313041028 0
1.224369362081144 0.1623623798341748 0
1.237281649959204 0.1573074373134713 0
1.23947233089776 0.1436216074350866 0
1.188049952177683 0.1625390043976604 0
0.1144402071954898 0.2165108367868776 0
0.2335443830313467 0.3368380621673553 0
0.2237668612735642 0.3413932471816577 0
0.8409669100829431 0.01318600346662707 0
0.9535365519401977 0.01215396021730482 0
0.07683652718604361 0.02380442777549992 0
0.0778382077938809 0.01378825878645288 0
0.1920357030860701 0.1586680198464108 0
0.1717409110407544 0.285410189662068 0
1.089293528013269 0.2711470950233033 0
1.809719012908515 0.3943898171084939 0
1.818886145051702 0.3786511763604065 0
1.800696447930969 0.3758062765469207 0
1.895198587786505 0.2720829054200855 0
0.9538079967495425 0.3982279439199861 0
0.9585907414306016 0.3854719988686701 0
1.246311380193879 0.204551181018298 0
1.078887830690888 0.09066768106758741 0
1.068267747873037 0.08196939461924753 0
0.8649068416734723 0.1645979035032742 0
0.385473439514595 0.3710038679099485 0
0.3726061690929247 0.3868637864824478 0
0.3627626097498501 0.3802164458121388 0
0.8836651424686525 0.1709204678140554 0
0.174112388826486 0.1990718685416842 0
0.9370558700721304 0.1962812901681144 0
0.1010383626884011 0.3012059939360287 0
0.01930242277131736 0.1741403275727989 0
0.3094283473672565 0.3741276069571918 0
0.3083000149214776 0.3846628451699195 0
0.2984915615431007 0.3780568388161106 0
0.2976817266776972 0.3898756770746687 0
0.05462713546183934 0.1797779047114199 0
0.06454853540723582 0.2351660608127252 0
0.05633595846317059 0.2287616537287434 0
0.1637007792965434 0.09067271033024142 0
1.138156078478713 0.3261081610197938 0
1.127939369774503 0.3173531711234831 0
0.2016851430711 0.3838503619584194 0
0.1907885159741172 0.3866730787854618 0
1.360505451949681 0.149581558528984 0
0.210320754080658 0.1737576610763307 0
0.1991951008577894 0.1781414663931174 0
0.2361898018799371 0.1411412973393883 0
1.381223425730402 0.1666540984725361 0
1.069540721945949 0.3952049292026097 0
1.054758326395772 0.3979303603951687 0
0.1087776664390925 0.3664115273601465 0
0.1105557532371594 0.3561957943193867 0
0.1208153996972991 0.3528490806229188 0
0.1044025217342601 0.279829243720918 0
0.09604944626016233 0.2732065121681733 0
0.2287951681552822 0.3590487383062397 0
0.9148260104057122 0.2639065710482242 0
0.9171151261113726 0.2510945298081227 0
1.129714990346076 0.01350123173986961 0
0.5831326286769519 0.3357915248161719 0
0.571131003283897 0.3409759554382054 0
0.0195541973910156 0.2341685753276073 0
0.009617375016992417 0.2373710162672035 0
0.9253498721816876 0.3976929349007701 0
0.2478083479089024 0.3736963494894642 0
0.2467704263774395 0.3852544796886346 0
0.0338493127322403 0.258115066704615 0
0.02618320600922966 0.1211245721648428 0
0.01603985710440188 0.1251850190045029 0
0.7858559624245174 0.01132085817052782 0
0.1557891784250563 0.3225387978221316 0
0.83814014633251 0.3041524507530045 0
0.0696766197111183 0.3231001550268673 0
0.01018384316810181 0.05013288309912921 0
0.1827986769158365 0.3806325442361282 0
0.1848029623674271 0.3699732864370968 0
0.950371357933375 0.1212326070346944 0
0.3413085763770685 0.07025171379772853 0
0.9878143413740674 0.1067084328880745 0
0.975220703889535 0.111950073663737 0
0.8235363837802572 0.2615423587495772 0
1.845872454725535 0.3919897977305904 0
0.1058976803567489 0.3290747102123817 0
0.1040336682009532 0.3393517519932133 0
0.7466469161602604 0.01088984608726463 0
0.7333052553024798 0.01135668858051273 0
0.7262655561868102 0.02247082789331069 0
0.7134788098361331 0.02270309205937758 0
0.7201859214479559 0.03364469483381285 0
0.7062337940974044 0.03611125222753559 0
0.7003212771263423 0.02304843511574177 0
0.6932726732468469 0.03411294414645191 0
0.687591500695356 0.02270944842342805 0
0.7402144290993834 0.02348573579769019 0
0.02030294208332539 0.2238952993434203 0
0.05472297985923626 0.2390404273491321 0
0.1417093108187536 0.1581179933226091 0
0.1317212729475221 0.1618224431256814 0
0.1229275979892968 0.1543854066743726 0
0.1245221134488345 0.1438769446128652 0
0.1146529062259273 0.1473945959309115 0
1.349796612047964 0.01321961513522206 0
0.7918228224218875 0.06563700469842865 0
0.3234194669512083 0.1097886050197152 0
0.2651787772005036 0.3896764732869272 0
0.02586786169078648 0.06380945861333238 0
1.157953544818416 0.2820680990886021 0
0.13935951300448 0.3567389318083136 0
0.1633480371475876 0.04015098680478189 0
0.1365579788972764 0.2572448211512135 0
1.069955647506068 0.01201340983589891 0
1.061912333942171 0.02446283984698702 0
0.06106291215977337 0.06893753496115457 0
0.8581042295568736 0.3209047054036349 0
0.8603722310176503 0.3079311754966481 0
0.8731028181118164 0.30324239770155 0
0.8102048055100017 0.2074922250823727 0
1.458209835988336 0.1870982986243883 0
0.07727665074574953 0.1510471338391542 0
0.2953679121997502 0.3358577704879231 0
0.2822003093539147 0.3511243184620554 0
0.8480854701330369 0.2525226398021977 0
0.8501738455053445 0.2398066643667741 0
0.8626485930557029 0.2352908054289179 0
0.8961292892962195 0.3966767203119398 0
1.740329858516022 0.0779715454276694 0
1.348717496400238 0.2146040721916073 0
0.4200033260824244 0.1082954154105092 0
0.4315874023753076 0.1041618573727865 0
0.4410276468471322 0.1119533317901421 0
0.443115320420957 0.1001551229364856 0
0.4339427303039272 0.09207760724263103 0
0.4456353517105875 0.08736767523443482 0
0.4557477346918322 0.0948024705653512 0
0.4668858365158233 0.08978444534885648 0
0.4653301532821228 0.1018744815898664 0
0.4767497522242491 0.09813599910978378 0
0.4744997987510468 0.1107261264075941 0
0.1440720431597957 0.3848935328913822 0
0.287194121598956 0.02520873688586819 0
0.02632551421030612 0.3683235761659565 0
0.02479713890534609 0.3780073859120173 0
0.03233904735029808 0.3847068917130578 0
0.02305234062943454 0.3869972693507658 0
1.963814778752454 0.2478254596282664 0
0.4326049390466531 0.3424450339976544 0
0.4212646878013815 0.3467560793942326 0
0.5600582795300899 0.3324731771026356 0
0.4367124051387504 0.3876355405093648 0
0.06262193927040524 0.05860022903602279 0
0.6938266725073577 0.0114052233423441 0
0.6739561910768581 0.02464119027461277 0
0.6677029814723509 0.01181329385108248 0
0.6612773791271256 0.02292408395976258 0
0.4584122236455673 0.3776272858045845 0
1.161466714616121 0.2570814267151944 0
1.124806422877874 0.2700683634978701 0
0.3587919183746442 0.03124512393680043 0
0.8282139478491175 0.3992226733125597 0
0.8136414048322393 0.397540438892768 0
0.7868475369233494 0.3983757850623849 0
0.7734480766074228 0.3989486210045336 0
0.7784916717202706 0.3873751545295792 0
1.965697650694201 0.1442661959569895 0
0.09702930510826534 0.07420329655148614 0
0.8526212606394628 0.2273843238425981 0
0.1187137781893245 0.02720017364987238 0
0.1097742142222301 0.03045666778948132 0
0.1110003896121321 0.01951575232510829 0
1.20093562517642 0.3019282371132027 0
1.214372969066058 0.2958693667690929 0
0.415228474326476 0.3817471227120169 0
1.998781351636762 0.2355364276159793 0
2.153332469770914 0.3907121000132575 0
2.150339249266857 0.01693887744920763 0
2.1601290395832 0.03292719588324666 0
2.181653226680645 0.0318448892762532 0
2.167138246238025 0.05128974893157269 0
2.140259675725529 0.0321842562951148 0
0.7577239595772369 0.3097266219562431 0
0.9860725717775143 0.2369470801579487 0
0.9885334432460637 0.2239647190483857 0
1.764195664896189 0.1161860099023278 0
0.1579133064298353 0.2485060329738594 0
0.9569849382072022 0.2839891375469862 0
0.3919812318439347 0.01924220300798387 0
0.3809341053095263 0.02284159374833322 0
0.3714499638668396 0.01601694381280373 0
0.2069045973899655 0.3141860435112829 0
2.109870034458754 0.3918231148412626 0
0.4537272896091227 0.03890540511676518 0
1.383051264513147 0.2998343391676908 0
0.1263058713538461 0.2612012630965087 0
0.9382124331788467 0.1255898378015859 0
0.185136997894306 0.3219731104180626 0
0.3951133849094056 0.3110041997383126 0
0.393105385890182 0.3231905261075453 0
0.3818817015889222 0.3282342315545707 0
0.3837229970613659 0.3153327856373885 0
1.230199602864851 0.2336306090546384 0
0.3729092225804462 0.06955576341195513 0
2.05290564016122 0.3934523900314569 0
2.0624872830692 0.3783806886350284 0
2.042825470961207 0.3759095542245769 0
2.033675476890446 0.3938176114747662 0
0.3143544688777707 0.1019591846932065 0
0.6458890586532888 0.3619413981862128 0
1.916475649551808 0.3319244373807952 0
1.899131118618266 0.3379497428537659 0
0.8726088611427368 0.2435920994053346 0
0.05669545715485037 0.2891063287135875 0
0.246178341607634 0.02985653116926257 0
0.2552588818542266 0.1560115769348572 0
0.255991664910681 0.1442193990492147 0
0.1059711214291309 0.209620059927462 0
1.232312014521 0.07989390333363916 0
1.246076883008119 0.07456386467578631 0
1.257543237608431 0.08389180295724051 0
1.271831940063397 0.07864915598367192 0
1.284142228019165 0.08778683455236219 0
1.297290490325322 0.08256385828656411 0
1.308817118372853 0.09174345275068972 0
1.322254482016488 0.08658982305317907 0
1.855085597967068 0.1342211943079128 0
1.228006247632064 0.02820800361169313 0
0.7770015260991803 0.2667669689988837 0
0.7792572929855121 0.2539758421230103 0
0.7694611397819334 0.2456883964856674 0
0.07263199422294947 0.36069817454281 0
0.6793509915583039 0.3026143381031984 0
0.6697751078648648 0.2944018314058109 0
0.6816360086218016 0.2899588538225776 0
1.887302067682182 0.03749826979320797 0
1.890278949649055 0.02047715287572047 0
0.6550338721570059 0.3102808918694646 0
0.9508841410512946 0.06126798809527059 0
0.9663332652951973 0.220714622792949 0
0.6169156995865316 0.3972543884763774 0
0.09105654171125849 0.3050931823506698 0
1.132797056156762 0.06755807138355038 0
0.8717969509130291 0.1853051452815014 0
1.846167957821771 0.0142815053065415 0
0.1860910854569859 0.02021348299856977 0
0.4216224038736038 0.03963375435892382 0
0.4119240146826951 0.03240658653988817 0
0.412808332589376 0.02003723700501473 0
0.04055918928503485 0.0178114972016611 0
0.05186890990392649 0.01590712573634407 0
1.80946361851934 0.1148435913432925 0
0.5781284379284249 0.3990726187479444 0
0.6701284511242012 0.3534327007629953 0
0.6725341073427158 0.3407319156392579 0
0.9885028139677303 0.3092512834628006 0
0.5462913748472829 0.362585870306622 0
0.5368065494793857 0.3568078566030628 0
0.05992505031537 0.3268121508997222 0
0.06132158830069211 0.3747277885650379 0
0.05946644884077758 0.3847638686502783 0
0.04970894069237107 0.3881622799690146 0
0.0574115003255713 0.3945643440911602 0
0.04922435056447064 0.3984127111903497 0
0.946970847756191 0.2758470874371533 0
0.3367013810975577 0.3437944380971555 0
0.3270443970168819 0.3357887946600332 0
0.04691051818068036 0.350957403537998 0
0.5512991473103364 0.03663680840353786 0
0.5280603033450225 0.04512363762710368 0
0.5185122502445938 0.03723179266290422 0
0.5300604162422841 0.03321195010234197 0
0.5205036603002053 0.02317599185697887 0
0.5084242197201296 0.02927212352637671 0
0.5069510700024302 0.04146928631343676 0
0.4974279570880711 0.03374608233349215 0
0.6312868473133129 0.3209402698234439 0
0.02510872059583106 0.4020721839697166 0
2.056613970115958 0.09236707592748682 0
2.038699830513734 0.09903251767334136 0
2.035515924447769 0.1177659025761353 0
2.021041717288844 0.1059839051315694 0
0.7419297380844637 0.1494892656129355 0
0.4114281339798494 0.1567334058522505 0
1.070572542043834 0.06833134386586477 0
0.4386986259931566 0.1242067322240565 0
0.4563597580572872 0.02760428669921338 0
2.107499127959062 0.09157028254253355 0
0.6808238607710163 0.3995880076994309 0
0.2274191229251631 0.200577775885019 0
0.6416772609637263 0.01285808442934856 0
1.654430035850636 0.2158563938540084 0
1.640928604814354 0.2207560863151788 0
1.645242907910567 0.2068872344726922 0
0.6599889034332387 0.2278503427506917 0
1.90173489150194 0.2360305304772716 0
0.5100181745127174 0.08604187251999988 0
0.5079302936970598 0.09847823361738257 0
0.498712952258182 0.09058172148836742 0
0.489276421234623 0.08226004383964858 0
0.1912944869758024 0.28883901220331 0
0.2164401845575373 0.2576678959751039 0
0.2072854157286321 0.2503766764782204 0
0.6072478208025708 0.328692910238755 0
0.9780037216186466 0.3008565893150714 0
0.3723835984363286 0.137069895355377 0
0.3742757111322272 0.1250126198191633 0
0.8914660431970156 0.2014036816855839 0
2.054076798723643 0.01580884508501588 0
1.995618777499532 0.3946400440292355 0
1.98897277545399 0.3761074230205195 0
1.967382794813717 0.3776050054577132 0
1.212091631399835 0.2057927378124431 0
1.200124355994758 0.2105900717948646 0
1.202033357197918 0.1979571327685186 0
1.189807981619311 0.2044977583199522 0
1.188566789375186 0.2177070171031209 0
1.608895247766423 0.3582186495358713 0
0.1887369427649042 0.06157776128883415 0
1.697679088373054 0.1982054075727376 0
1.683056252269152 0.2039610198873429 0
0.6953088304062587 0.09956942612110946 0
0.6932863445789322 0.1115112020453603 0
0.4135199217542784 0.1446575721867712 0
0.9047847198182632 0.2556458243713238 0
0.2044799094772285 0.2089845192441274 0
0.948856998855782 0.2629421264185559 0
0.9681680539740056 0.2077214526380457 0
0.08073300235524825 0.3674242432963319 0
2.016243063782837 0.01958462808696123 0
0.5291519436214338 0.1020777341344585 0
0.7148105872245437 0.1153647647237473 0
0.1553853740235775 0.1320167741692057 0
0.4859059744949278 0.03817191107422175 0
0.4627256997124241 0.353992474688726 0
0.0615673855003525 0.3164240974682084 0
1.937848153311975 0.01806970868648113 0
0.7110613183747718 0.3147615185411275 0
0.7069106074742233 0.01142951579733983 0
0.8749235316930679 0.2308790993425506 0
2.180339086480391 0.2642588208471878 0
1.976400136952206 0.01509161821615236 0
1.021813460466396 0.1207404846670168 0
1.957585542061779 0.3933979313642467 0
1.949989500956005 0.3764918286203243 0
1.036788851458146 0.303515477355648 0
0.04221541162765241 0.3238541226561006 0
1.429819792281469 0.06155379207547373 0
0.6522886239435561 0.09175452719089038 0
0.1614335947531006 0.05099511127468809 0
0.04189656178264804 0.3814598918598758 0
0.0761714842484779 0.4002466555920965 0
0.10708365350061 0.401697010356398 0
0.1069927348641695 0.008996079626307532 0
0.5158565629653484 0.01060010620531862 0
0.4558078903853121 0.1977931862403822 0
0.4448238517846912 0.2016900435461194 0
0.4914687368253943 0.01040546967702741 0
0.4852588202536077 0.02050537169530812 0
1.548687293611357 0.2287325496606904 0
0.4672170875782894 0.01149725280914726 0
1.10230989637017 0.3270261356902621 0
0.9801937812632819 0.2877715715824345 0
0.6309863480826325 0.08792533957287473 0
0.4929760867977494 0.1728492129446229 0
0.4951636790314966 0.1607349191814173 0
0.5070118986162169 0.1563839626351767 0
0.4982508035498219 0.1481896597006656 0
0.5168427600748813 0.16423479003671 0
0.5103447622795499 0.1438726508343816 0
0.4471966708818415 0.2468283640550504 0
0.4383591157826233 0.2388031739452407 0
0.1275119173963001 0.008773076490381358 0
0.117221719703064 0.06482050460425193 0
0.6657665314753252 0.1436584673925397 0
0.6632538318131401 0.1563234904027766 0
0.7331702980056244 0.0742105662794609 0
0.7440861073243797 0.0835052743860422 0
0.6981838865533043 0.2603480668558125 0
0.7005702164003653 0.2477258468786416 0
0.708476044606329 0.2679734264256998 0
0.631010298073448 0.2613523223743924 0
0.6189331792733979 0.2642967905287172 0
0.6669983740449839 0.2482833377036836 0
0.8936780677688849 0.1891434436172655 0
1.544512673768062 0.2564905238648424 0
0.3889568511729862 0.1650652291268528 0
0.9725066940065537 0.1823125318944973 0
0.1379203065333189 0.118208768211887 0
0.4930181408593757 0.3657574121218096 0
0.6967824408928125 0.1555465743043828 0
0.6943642819614557 0.1681499173201924 0
0.691935978868274 0.1808093573378109 0
0.7014026192439111 0.189192180975859 0
0.703969601613234 0.1762898246178739 0
0.7109287723717979 0.1971538726775892 0
0.2896253695940426 0.06711703555564545 0
0.07534818777182352 0.03415398998310625 0
0.7298034703210258 0.1545680777899305 0
2.183806004511838 0.3042426837592725 0
2.18322064758173 0.3229882749579001 0
2.165435243707443 0.3323023843113092 0
0.4423970194753855 0.3996531970715634 0
0.4070223388836312 0.1813064292351933 0
1.250663282753085 0.1522430193697673 0
0.6303579811970451 0.2037010815872305 0
0.6324603426852015 0.1914189954691342 0
0.6231749797025792 0.1831454692303188 0
0.6350396173897656 0.1788578464820791 0
0.4190942293012908 0.4003316154337878 0
0.3434378417748901 0.05851032087276761 0
0.3535613229850617 0.1213591733058009 0
0.4506106027626278 0.1196188249759959 0
2.183585034352679 0.1082572661086182 0
2.166918070278424 0.1181051081027164 0
2.184035991657231 0.08957800511842674 0
0.9250896838848575 0.2006752412567322 0
0.708348443440606 0.2098629602016897 0
0.9348868547775093 0.2087823434658339 0
0.4515612527176767 0.222123352412044 0
0.3920997824692611 0.08390662683834732 0
0.393560927764115 0.07190169160490215 0
0.4596620492683611 0.3098942580662346 0
0.4026145545931374 0.2056595604949354 0
0.3933821882896729 0.19769576064197 0
0.4006467379946262 0.2179112462879112 0
0.4412317017458824 0.1685105422752463 0
0.08870559183316588 0.06769584190019493 0
0.4533149175608379 0.1069184216815109 0
0.5752271587669441 0.2008716909269314 0
0.6111515430526502 0.1875889368436371 0
0.613861044715117 0.1749657940650341 0
0.6069602840731226 0.1548842464918935 0
0.6146323912357495 0.2327905398106417 0
0.5710503739757773 0.1674355145338288 0
0.9290624388650246 0.24661453930781 0
1.245450657744838 0.3840707959648562 0
0.5952884854560864 0.2163699408735374 0
0.04031991579282569 0.08677543834657614 0
0.05930850441900083 0.02219937802941445 0
0.6003698005999623 0.3662541883381844 0
1.813731375869843 0.2857056766176969 0
1.860913610379545 0.2847259177703694 0
1.411212509010457 0.1917071405862051 0
0.4305665714512694 0.3544738336591788 0
0.7277190165249002 0.2259917638608967 0
0.7300379370235912 0.2134695264100651 0
0.7399030066921184 0.2214110474495603 0
0.7327281723249166 0.2006251563601799 0
0.7498122206791927 0.2293821511470461 0
0.7474446670906232 0.2420709210861737 0
0.643542122103743 0.1407170679217427 0
0.3723056308048118 0.3990248094505106 0
0.4905644674545667 0.3779499618430958 0
2.038408361916317 0.2906695808208425 0
0.4673957865758729 0.1935280051298894 0
0.7838287633400896 0.2286116790103787 0
0.601656015578517 0.1794974709150055 0
0.1925443924557643 0.401524899641797 0
0.5460743108533159 0.1304562414613054 0
2.098552661567194 0.235779391763472 0
0.04490427974400429 0.1836596441121361 0
0.1008985393757193 0.2409314663375266 0
2.067252224619051 0.3155462557409923 0
2.049901765004232 0.3216329123997886 0
0.2143418242501548 0.01041398283446634 0
0.235815828519834 0.4004771558582977 0
0.5791090879909923 0.1299770564006339 0
0.3486104389044338 0.009086553331085465 0
0.05298823603156817 0.06245056119511407 0
0.2586167688989324 0.3999061224390814 0
0.6243305153337231 0.357566443522284 0
0.303147684933109 0.4008147659710858 0
0.6718799069830549 0.2816056155206999 0
1.35544379238096 0.1759830024645637 0
0.8113349065480462 0.2660825161910731 0
0.2805926541170592 0.4008711903864566 0
0.4809808582876247 0.2463621585105516 0
0.157665334514298 0.1827510336307754 0
0.3032082104029691 0.009392955959298536 0
0.2360924434958203 0.00854110419785966 0
0.5609409746673887 0.04440362796870512 0
0.7212704860999248 0.07854213118559854 0
0.4838818595219596 0.2213040728276575 0
0.5216976877749141 0.1966595351326326 0
0.6475010249536745 0.2322545532495232 0
0.5621185444628418 0.1017007337652196 0
0.3208414615583209 0.06674405043169181 0
1.984643024576291 0.2233306959512293 0
0.6482902887559037 0.349208304566989 0
0.7521877058925766 0.2167979094971652 0
0.7596281541757801 0.2375394722172683 0
0.008660254037814371 0.3850000000000431 0
0.008399651365109053 0.02500283747555078 0
0.6370316435871746 0.05093901432294407 0
0.8833083167584785 0.311748062486191 0
0.03981699528484011 0.1561212702993503 0
0.3921670544239021 0.2670303351242482 0
0.3962111969470575 0.2425009903840894 0
0.8000481653401247 0.3303507499066884 0
0.4978590036607192 0.2051952413242244 0
0.4202077440656327 0.2905964433942109 0
0.4314438508772587 0.2867815174045169 0
0.6072067845252784 0.09668477830050214 0
0.04653336691448509 0.04562995618209589 0
0.5122145554327325 0.07377476955978254 0
0.451664984408796 0.05082901612077571 0
0.009973961192288015 0.1055921232624494 0
2.006330752652271 0.2845520940554838 0
2.023958560007609 0.278042634472197 0
0.7671200027476709 0.2584957024485379 0
0.443392525771536 0.1563582546181913 0
0.8632046090207878 0.2948687040834206 0
0.4605828353820496 0.3659331116809116 0
0.06742160169345836 0.154973471957589 0
0.6781214761536722 0.07094430389576825 0
2.152031717641846 0.2330691894623551 0
0.06784238270404641 0.2142306023239499 0
0.929332500334585 0.1756986900411829 0
1.29006300310627 0.04491472027774975 0
0.008329858620832705 0.2843049264527939 0
0.3257058454469964 0.09791713956984753 0
0.5865378812364366 0.02336044091760262 0
1.90254197516054 0.3198445947706111 0
1.427847610224171 0.1624214542014778 0
0.2642505883927436 0.336190316999755 0
1.728472331397713 0.1859548029671953 0
0.008703935255620398 0.263957936248236 0
0.9391424056393591 0.1837976577344508 0
0.773346426132406 0.3522759025264881 0
0.008425014650850975 0.1433700416737377 0
0.1735593084114302 0.274194670092287 0
0.3899939232232364 0.2791394026552099 0
0.5885916345039603 0.1379454148554386 0
0.4838917584408791 0.05016750188386566 0
0.4041664360580924 0.136717695530469 0
0.5738248683456855 0.09740426726654706 0
1.203288608641071 0.2578924964980417 0
1.993684891624338 0.3558903097975535 0
2.104317416369765 0.1106120487591361 0
1.410792817341595 0.09436786546368521 0
0.7717621711879428 0.2330626492475824 0
0.237332709521281 0.07464775703046926 0
0.03742030838770148 0.2967803903339299 0
0.9088886208274505 0.2302282668797944 0
0.1660557676935066 0.3667133764172307 0
0.5766195709234672 0.374514556798714 0
1.954440030724287 0.3013828794412192 0
0.7000385436372497 0.3780463563004754 0
0.5131057336938664 0.1311978071612962 0
0.008070868874785324 0.1643086029537593 0
0.8991656893635757 0.3554166686449896 0
1.355334786770452 0.1137660096898013 0
0.6015792367507087 0.06404981634386711 0
0.7632899204558546 0.3437815669358286 0
2.080819678125123 0.04779888311741409 0
0.1943558882069469 0.1364340452643149 0
1.153247595263914 0.1638710724342575 0
0.5449639831574105 0.07320139444359594 0
1.929376492809501 0.07200280629664799 0
0.9434113559759516 0.1588491178733299 0
0.878195579751202 0.2773864756519043 0
0.1278104050164739 0.3112307605930294 0
2.114584856303691 0.3338381012873223 0
0.6467926927301325 0.05901611278234109 0
1.70204131920681 0.3949200175028615 0
0.5919276907754144 0.05603438843824472 0
0.07433572453719121 0.3504152261491756 0
0.4269139146461863 0.07135861083078179 0
0.1658188522664662 0.07978293441699585 0
0.9610764152538807 0.3317699694919169 0
0.1839659590344377 0.1412319781388406 0
0.9315249065949243 0.1632252172495897 0
0.4576388303242594 0.3220386878989923 0
0.4875705205207597 0.3342100835523298 0
0.4240207803070489 0.2669707672491077 0
1.980187479394196 0.1562952833160772 0
0.4295152017844139 0.2985280784469926 0
0.3126507096707749 0.2966245950734134 0
0.1177408826263289 0.2544535506645501 0
1.905561723571256 0.114487122897037 0
2.162032486859483 0.07163271440540046 0
0.9349251990198556 0.3545509218482836 0
1.975302798828533 0.08928160575279967 0
0.7132498042240232 0.3020871644053909 0
0.09584180216244893 0.3327286790140894 0
1.961926981709092 0.3495386812049803 0
2.101026174145708 0.1296123505087124 0
0.9915165707030704 0.1539718078038858 0
2.132779734796071 0.3273495035400791 0
2.127073204177763 0.1719905380106539 0
0.7939800472491789 0.3702060655294355 0
1.001307307271982 0.3044626173971581 0
0.1314104015054202 0.2896116231418877 0
0.6839474907994564 0.04453439467718592 0
0.7164852154390151 0.3486049855086157 0
1.571817133898147 0.3428144442369874 0
2.091711616741346 0.2719739052697314 0
0.8155368687350042 0.2405822900512861 0
0.09017178186733463 0.05735773287206657 0
0.5759432272860668 0.08504917850754279 0
0.9553236822028214 0.154443929633259 0
1.242644052601871 0.2477985052927152 0
0.6845803452603266 0.3363090189498896 0
1.791649972921488 0.3255679605725532 0
1.773336453086296 0.3946120899273875 0
0.3305199074523542 0.256385327573031 0
0.3549801027964788 0.1668622174165899 0
0.3785461665859995 0.2834332875612964 0
1.88071333848935 0.07325853293356437 0
1.966357026152809 0.04155347566153376 0
0.3538529117568142 0.2480608931140625 0
0.7946988484524514 0.2962462388473502 0
1.977088208001929 0.1748648221134019 0
1.198717656181919 0.2237573324871195 0
2.023005821114661 0.192394884695825 0
1.626626875187354 0.1876003744409463 0
1.832904650630009 0.07464212655419893 0
0.4978686273124725 0.0217950788461195 0
0.2408638204975321 0.1060456363680949 0
1.786065828480101 0.07612770945499438 0
0.180082322966318 0.3415633725268952 0
2.048501055677249 0.2350344355815857 0
0.1123591399209395 0.09797757696960091 0
0.2699991391020604 0.06315112779144695 0
1.857682655416314 0.1154693923892075 0
1.869663678301169 0.1472120878049823 0
1.816774053024411 0.2684925573050926 0
0.08408026172693264 0.09886128936482612 0
1.928384845160601 0.1753211780797452 0
1.880704551695557 0.1769418840536011 0
0.4099959845754804 0.3510159479332755 0
0.05320418451556195 0.1200985358626227 0
1.463630778370677 0.2221455310800988 0
0.9673451370168613 0.3667240671901354 0
0.8235514441311065 0.06121194041279485 0
1.953271916824496 0.2174114482080654 0
0.3747774533943589 0.05780736180516614 0
1.905114182289286 0.217857964353022 0
0.8883285825005413 0.1400874865130304 0
0.7901938368445953 0.3219790850699223 0
0.07957635235417977 0.2596773971357526 0
0.1701821446803419 0.2971760626622792 0
1.940303751699114 0.289535785797568 0
0.271970286724305 0.1059470851148031 0
1.445617567638929 0.1914963860125748 0
1.621570331420727 0.1371430486081704 0
1.652562811496586 0.1800052210870707 0
1.120484819822554 0.2115428490109489 0
1.728445765483701 0.2556730712810785 0
1.716701960953803 0.2464878182364817 0
0.6723547469499034 0.1648539245853473 0
0.3575885075324924 0.0974879221010149 0
0.2503685950402947 0.05937264831791816 0
0.04004032978444696 0.3930049219948235 0
0.1417675879582175 0.2258983167939393 0
1.767449138893436 0.2866790886450351 0
0.2250126947588469 0.1456749600904581 0
0.1716744176436151 0.1568632654479609 0
0.5663383175065749 0.07697512364132665 0
0.3185453382031697 0.2599287317195403 0
1.51279469330444 0.229161519695688 0
0.9162769146671785 0.3241365181906793 0
0.2024247261232721 0.2205390644772851 0
0.2961756309143533 0.2692557548716489 0
0.4248976667625804 0.08371311131012667 0
0.291831636158958 0.05548758262127529 0
0.920544292168834 0.2979768460671259 0
0.2069826488866166 0.3512467817082532 0
2.071548136473929 0.104967426154356 0
0.06606959818859491 0.09593276207801832 0
1.401112708424334 0.1832825582052165 0
1.857702969019379 0.2180503106481652 0
2.149904374920929 0.2121101837021898 0
1.431031230336573 0.3092114063167617 0
0.2622445839197494 0.3475297156521269 0
0.895793601933182 0.1060410843352033 0
1.053581188123353 0.3474575333377597 0
1.240538265655736 0.1704658933407654 0
0.5407623826404566 0.3982520591596845 0
0.2438445267953918 0.1725536112204368 0
1.260698482592278 0.3844618103940012 0
0.625196774125474 0.05535184946457364 0
0.2216823633026015 0.2880440587805593 0
0.1744244772500747 0.3736756142224548 0
1.41663867651624 0.2252040471867185 0
0.0828070811178423 0.298551349796096 0
1.833696753412705 0.1782324111747967 0
0.9188572458764855 0.2383886114569954 0
0.08250986950530401 0.1787918516714632 0
0.3105539516631242 0.3084112618307797 0
0.8141059126332262 0.1946310667990826 0
0.5544440701456046 0.1964548609666643 0
0.8889953895356615 0.3466683481678285 0
0.1932066766930321 0.09071843571427766 0
2.07630978843079 0.1734203189219932 0
0.603734408609078 0.051683606880109 0
0.09258057271617134 0.2341972992412293 0
0.1905608040754204 0.05070336636773805 0
1.479429429142843 0.3327980079140535 0
1.837607907768775 0.3258450066766651 0
0.4482664300565197 0.3141765855207059 0
0.2791908664467618 0.3091114178521848 0
0.04651992490544311 0.2327155624729835 0
1.5281253070334 0.3589053337678811 0
0.41396658542564 0.3268432451548382 0
0.6900129902895058 0.06659764557957032 0
1.092792445951132 0.2454843503621745 0
1.428660341936937 0.221431356130716 0
0.7516602747299637 0.0323312920866034 0
0.09587192140670212 0.2131372261108972 0
1.811244078006596 0.2182402340483727 0
0.03894454830307492 0.2866845323347492 0
0.9691651638732778 0.02962575318369442 0
0.7264482841807399 0.3569651143345341 0
0.8254832013102973 0.2487591118044197 0
0.869956264059333 0.05447355729213666 0
1.932468731016096 0.05402886632489205 0
1.019827602263935 0.3348525428344539 0
1.388286469439983 0.1876012972019703 0
1.132365457920796 0.07909646193118479 0
0.9026066284714954 0.06618456185934501 0
1.787619400754511 0.1787890157013975 0
0.2403770206699484 0.2374378044574228 0
0.2431011320074355 0.226557985565047 0
0.7603896967503558 0.2967856120308975 0
1.185734663886585 0.1754302225906179 0
0.8881838087475817 0.2857320304461519 0
0.9324322362199255 0.03065281778115253 0
1.411826840909136 0.277330427991581 0
1.061516058559232 0.09373158780550624 0
0.3444313329034701 0.2960591209223538 0
0.2057012961071158 0.2620872297024542 0
1.881246203053077 0.2606429340483325 0
0.9358384655962906 0.138202569001264 0
0.8378277730923007 0.2443140158919621 0
0.7868769370616222 0.03179289427392928 0
0.7331593866821733 0.3187178453698638 0
1.751340388638984 0.2926508142921476 0
1.055159606981299 0.3337944561450384 0
1.161766842217782 0.04049713011579534 0
1.17436756459413 0.324905974886856 0
0.9944234543582058 0.3444769119146854 0
1.86413762662036 0.2670193488275325 0
2.164346460177232 0.2482877356870259 0
0.8045399422401207 0.3045867061496304 0
1.322767407316221 0.1636611205134189 0
1.16816179331103 0.2902961625977348 0
1.181480133501968 0.1278955216074161 0
2.026293320233656 0.1739564220660523 0
2.087800965219929 0.2048555285501021 0
1.160397292541404 0.1107388524864227 0
0.723155490478685 0.3103973058103979 0
2.018342327296282 0.1250698732229061 0
0.6755495275460567 0.3877997629041819 0
0.9701082216697954 0.07779728337234797 0
1.458546655885737 0.1032458268273905 0
2.062806368506096 0.2473078710353326 0
1.036219766273592 0.3791320426995623 0
1.819964405616863 0.2507134214741656 0
1.88388412855687 0.05536011402055937 0
0.8504794210823297 0.0359352504005911 0
1.315010554126566 0.04836074277677516 0
1.455303669265135 0.1170308998144484 0
1.446687007703297 0.2521186688567694 0
0.08252092649077308 0.109193997762317 0
0.6822652521630237 0.3490902015627019 0
1.883393175810932 0.1585965740031405 0
1.193345331304029 0.1231256961048644 0
1.78882003782841 0.05899367416944677 0
1.198437423019092 0.05281502429840484 0
0.1208097252121752 0.1047071051770195 0
0.6155451303840878 0.04733120241519711 0
0.8651537005674965 0.2226254919235977 0
0.0611697094442402 0.1265902303690009 0
1.992748465212563 0.0828471485136002 0
1.005816191686805 0.2662755947337925 0
1.145917705691938 0.3624753276357573 0
0.273210471255156 0.3436419115259546 0
1.697368536705636 0.3416922911770293 0
0.8020665847012796 0.3173763145715945 0
1.835768590545751 0.05713755127630978 0
1.093098378866794 0.3840485856504274 0
0.3555273113826529 0.1093844407936719 0
1.107488045406597 0.06715113823225947 0
0.9951495466908862 0.06850921484749338 0
0.7231016368707928 0.1925532823653194 0
0.4503304228143925 0.3020809088079076 0
1.021603151702667 0.05980136139551251 0
0.738680964052687 0.352555883163531 0
0.9509397228632884 0.3231100236878928 0
0.1529284092731023 0.09417108845616973 0
0.6047082427671997 0.1090338578344244 0
1.635954869154127 0.3649209758599731 0
1.255080985998599 0.2255970085743805 0
0.2323335524528651 0.2840076339738911 0
0.28113974684413 0.2973582126319997 0
0.04821634730788921 0.2223791476145513 0
0.238692963513061 0.1175053654263502 0
0.3802151020365437 0.3397149116319522 0
1.352186926786965 0.06206090362899918 0
1.462897627891494 0.3954894637842763 0
2.003834643037702 0.1130778568029292 0
0.3053902766451756 0.0940137660114711 0
1.140723623335196 0.3127467578391507 0
0.1008362751104049 0.1815053391290812 0
0.6922338194067439 0.05404816096323732 0
0.07575220333194629 0.09213453794624114 0
2.084068232184559 0.223132610433022 0
1.948722405883496 0.1509805629390284 0
0.7930150432649052 0.3858421702150467 0
1.472158256090663 0.09880457406393842 0
0.1823617695303249 0.1524523049268632 0
0.9935493031322988 0.2703094836015971 0
0.9455399621549689 0.146420909895051 0
1.309837366765384 0.1682288291058725 0
0.1900510403234741 0.1707593590067976 0
0.3217632198422229 0.3042746723037548 0
1.26488603825784 0.1608963063177064 0
0.9153498035460165 0.06167926161381492 0
1.464874028699366 0.3396666822680166 0
1.124486885644592 0.1598200000134092 0
1.935442240877947 0.03717783615842114 0
0.09842704409817452 0.06383229187032505 0
1.412087578074078 0.341891145502528 0
1.299212034982775 0.1599730783761882 0
0.9306449985719598 0.3063466501195502 0
1.149344352873292 0.1896231422928457 0
0.09083809654442637 0.1854149497103469 0
1.836205666027845 0.1598868710373795 0
1.708967254344525 0.09061548440137969 0
0.2125563810670398 0.0945390964030621 0
0.06948170807322669 0.2036285611150447 0
0.8869133186062157 0.3596367825974343 0
0.5216049730030607 0.388761477521206 0
0.09523983061504446 0.3905356770423176 0
0.6988256580304988 0.2016761558064223 0
1.70315198671588 0.03319313113051101 0
0.1966933469455525 0.2547530078505109 0
1.791463912484668 0.04187509943236551 0
0.07799704968637185 0.270709861328603 0
1.676443325192084 0.1170558000258421 0
0.7207258296579643 0.2636571583575399 0
1.551824331415401 0.3798433687186759 0
0.3649407745137587 0.117264362236462 0
1.671552610364203 0.06130799818161409 0
0.08104024229139527 0.1195649650391487 0
0.2830791056468321 0.1018947185093729 0
0.7487543705878129 0.3609224851099881 0
1.203739461070614 0.1042582528109939 0
0.4409125054927481 0.2944459597552195 0
0.2038885616341951 0.08706618225225206 0
0.00907562279946675 0.306550120345854 0
1.368158127898711 0.1712984571035635 0
0.3253845576122627 0.4001848527269924 0
1.561450476114339 0.2239100850564007 0
1.967239172636848 0.2295292066081124 0
2.043939249876269 0.1674446618611639 0
1.20145466349228 0.3775750250073886 0
1.218392575278109 0.3457477544372083 0
0.3031156571794896 0.1058120091479366 0
0.007681798705119749 0.2136851348306231 0
1.837988685764679 0.04000453311480105 0
0.09269695013568455 0.2946778997283063 0
0.8757002483222156 0.2902874377677226 0
0.3762697502205555 0.1130518618967298 0
0.2010749464944054 0.04700504469285638 0
1.851183642396472 0.3373909560645044 0
0.1042457838994377 0.2200734771017224 0
1.691355313155884 0.1791923911975488 0
1.444900836233213 0.3044565122819808 0
0.6273318165249944 0.04291470305246872 0
0.05801376018134847 0.2184347367195026 0
1.919700590016511 0.1261646852076191 0
0.4668884868701307 0.3997036357835969 0
1.384642137617012 0.3506599405447171 0
1.684753641616943 0.01437828480726554 0
1.017526322706202 0.3485360610029286 0
0.007829083260361278 0.08448564356106422 0
1.670706603890225 0.1460570026071813 0
1.447404615602672 0.04187085170255414 0
0.6912903709435136 0.2393521718084825 0
0.008907232599252114 0.3653499258270366 0
1.669542860672323 0.07733548738981545 0
1.329353648610383 0.3690561591012576 0
1.501478720064113 0.3535884405637716 0
0.04054006698251549 0.3339737953436714 0
0.2801372824458547 0.3623682781505811 0
0.7609843907913114 0.3565298296952932 0
2.06178823903977 0.161137833149889 0
0.2193416155933552 0.1142051547065277 0
0.2981667132249505 0.2573759643514293 0
1.630310036605005 0.1624772593240366 0
0.9228146868801119 0.08316575772995692 0
1.470274828794171 0.0476892255127158 0
1.057514084485055 0.07307134497224099 0
1.531612529155971 0.1981903485911801 0
0.6293666720706939 0.03056862289361922 0
0.4119860714871841 0.3389690531195951 0
0.1120459703330297 0.1675562592018905 0
0.3259982365839294 0.00961839441618817 0
0.6550420583932581 0.194435877277515 0
0.9285403532528481 0.3194057920723692 0
1.320685691483899 0.1006604250608126 0
1.492463806376775 0.1860940908179305 0
1.883137146467854 0.3934442065964744 0
0.1080296695542292 0.0598849460282105 0
1.394948514352471 0.2213535597288984 0
2.150643100605726 0.1274462477932604 0
0.09440194043997303 0.2840256091838307 0
1.211821663146412 0.0477996144248754 0
1.975561844143572 0.3613418538014895 0
0.0674145719469023 0.3916941306172148 0
1.324704745534016 0.3323187430165613 0
0.102356376760161 0.1711181290418059 0
0.9406841193214853 0.2419084002971427 0
0.3239122033405702 0.2924471544448068 0
0.6031847589181923 0.3992034576605841 0
0.2481572592964219 0.3101045839067607 0
1.289272992426995 0.3817463769066904 0
0.2096820530688111 0.05418840826977013 0
2.073044233919854 0.1920167624776443 0
0.2105030273112587 0.1059362201716412 0
1.220259746431912 0.1126802265799692 0
1.946718745523816 0.2536700708605777 0
1.18487101653253 0.3333704976780693 0
0.9330568103260899 0.09166975252818843 0
1.496366344220345 0.1605276981083699 0
1.232667887379512 0.1076712377028178 0
1.868116377005838 0.3313752514500236 0
2.124733840432032 0.2797680296943875 0
1.120439222332565 0.13747386174164 0
1.665188807093744 0.01684731006973601 0
0.6262683510652829 0.1703104209568014 0
1.487836807324376 0.02775295754776595 0
1.483709583749051 0.04233482683017697 0
0.3500638922783768 0.3821950550264491 0
0.0180081899509875 0.1140026001296253 0
1.58436234204045 0.2416657833096449 0
0.7205252659072762 0.2052669656649404 0
1.896096458993912 0.3556860644895896 0
1.937053789044595 0.1198808624664643 0
1.608370356993432 0.04587347988618349 0
0.7476677132267162 0.3015128240893256 0
0.8304298401109751 0.356071244465596 0
1.243953845236362 0.08857780753560758 0
1.004772819151017 0.3532488944311398 0
1.443250982562484 0.05638670758782701 0
0.9167693517372895 0.3864627573938363 0
1.019053386472901 0.02447322564309381 0
0.5864537492747541 0.3821939776180245 0
1.222084277000646 0.3179644925069729 0
0.5859438579582263 0.1503404433598753 0
1.578726995352408 0.193599630041731 0
0.3691431489384141 0.3436684502439891 0
0.7711991715605828 0.3650312515896425 0
0.574091306218707 0.1546669976484625 0
1.960630253820681 0.2658170465672278 0
0.3353195102670011 0.2882691431343092 0
0.1446102250042096 0.03674351108369413 0
1.307348677744485 0.1055949520796908 0
0.7815383851808326 0.3744830423106612 0
0.9821631541989572 0.3980895907597383 0
1.729153788253779 0.3308691860684441 0
0.5435459904234157 0.1427397956507093 0
0.9388113600543346 0.2547622743102021 0
0.9988040597314958 0.2341916650597714 0
0.2912871971100883 0.3586976396319441 0
0.3855452217108045 0.1208970675443607 0
0.5380275464446564 0.167913228831365 0
0.1707612195189826 0.008878088129879778 0
1.89327226319008 0.3761023512184366 0
1.511133075680525 0.03331101442638185 0
1.512197607132277 0.2941367885677564 0
0.102536172706516 0.2305646602470644 0
1.414037854683349 0.0151206042210496 0
1.465732448704921 0.2707303640581289 0
1.258430210525182 0.09762805785069827 0
1.881818877002968 0.3431311864963265 0
1.406600248112458 0.05637965499166134 0
0.4955009036821216 0.217108661373314 0
0.8537891500698713 0.359958301658491 0
1.711542091240181 0.07467123851792959 0
1.957446900875726 0.2837071103382243 0
0.4893615221557632 0.1398768192993532 0
0.4864452166042889 0.1524043043333671 0
0.08982878558654414 0.1264291592361021 0
0.1309528820427343 0.1009620723763481 0
0.2469584946483287 0.1369910963898285 0
0.3248988543008009 0.3473904405042225 0
1.376382711249564 0.241089948970746 0
1.530748350052087 0.01389841828206208 0
0.1226168188627775 0.3425538110803035 0
0.4660336850129357 0.1483744578948538 0
0.4243090595461423 0.3897299156588181 0
0.6699993300887764 0.2354191256310529 0
0.3956746708956323 0.1853841325525344 0
0.3406854013273065 0.374392208914685 0
0.3835743031454367 0.1328313597886777 0
0.0164107563653846 0.2584772666969745 0
2.138820393284655 0.3764215373932345 0
0.468378799450765 0.07805300478944134 0
0.1397573405384533 0.1079617470518495 0
0.9478368909767052 0.1338652986463999 0
1.282829600593274 0.1017346625377938 0
0.4632651203748097 0.1605869035292984 0
0.237136421894365 0.1295876776631881 0
2.006744448676415 0.09463900819112737 0
0.4191189347785825 0.009575965106594165 0
1.526122468306294 0.2892509912118886 0
1.22230286672657 0.2846067172121752 0
0.1984907192001817 0.2433710579752802 0
0.1282260072154782 0.4009165551203943 0
0.9604319641497088 0.2581931364710857 0
0.7066479936244454 0.3992297407771448 0
0.9387656435015692 0.3276555979070017 0
1.598853462487805 0.2234522627428989 0
1.130589220775349 0.304287445533847 0
0.7457204684749992 0.3988354396824391 0
0.3929736254131063 0.1407744249882874 0
0.7161201956421753 0.0455883080256205 0
1.041280472063319 0.07670314522045761 0
0.0404743073084434 0.2760827631568098 0
1.031278517147511 0.2692191107291496 0
1.645292190471105 0.05843907273103252 0
0.2141145847171137 0.4010863419529019 0
0.3558610801636776 0.2918342878499437 0
1.166821799468064 0.3847473231471324 0
1.15896325091363 0.3714571606673408 0
0.2919511944141062 0.1096542447843872 0
0.008564718273176081 0.1861215800072173 0
0.8533187457756488 0.2865649816162563 0
0.8716403139668328 0.3899255007187803 0
0.3706265607493773 0.3306224403959311 0
0.2392707463594719 0.3027699790736974 0
1.121103138001732 0.06068130528763133 0
1.551680900515045 0.2937112691627712 0
0.1922045854437615 0.009514105785961766 0
1.08785623941026 0.03577317153016762 0
0.09965929259310977 0.122947908521287 0
1.610159586581034 0.02979258076495705 0
0.402271320581243 0.1485897857053741 0
0.08621565889820205 0.009255791520686911 0
0.2409524082830794 0.2912787680062709 0
0.06824322095831069 0.01843365451064887 0
1.076795833261691 0.2769602635310671 0
0.2665494748045857 0.1509243791755586 0
0.3581674901440728 0.2799449370096367 0
0.4469219225576296 0.189477907978411 0
1.356249483095887 0.0479065475904533 0
1.289334854023763 0.3316970559822556 0
0.01534185559753163 0.4025464525975583 0
0.1493002998988747 0.4013170555196923 0
0.9599134751441266 0.1294379172030386 0
0.1293358921081981 0.3601496811667524 0
1.379282156271866 0.118116429939647 0
0.3695937676703183 0.2757503191588154 0
0.2867044494578099 0.262059900753951 0
1.562022100985972 0.3177746566986131 0
1.182750711946809 0.3467934474069749 0
0.8425033443293164 0.2193370485910981 0
0.4001891280837074 0.1608094884350319 0
0.8506396516495314 0.2994928697556142 0
2.184378998603569 0.1464285714282006 0
1.612177858841149 0.2320243856854971 0
1.648912420902901 0.1933388877444864 0
0.4405183705472083 0.2259497601868318 0
0.9908974255447462 0.1401438149411288 0
0.2092467930615481 0.2390876517658909 0
1.727233807005344 0.06826669181600625 0
0.9585397866558978 0.2710612106404718 0
1.025353831871117 0.3980843050920624 0
0.7730965829213682 0.0104370265696164 0
0.01554201097137439 0.009052726965125371 0
2.0846737830679 0.02965214622623925 0
0.3809100569752352 0.2715173475408886 0
2.080399492880776 0.2413761116953576 0
0.8285921037633132 0.2957185574266522 0
1.559690989387633 0.3328931387157449 0
2.03539350922133 0.3087456525210826 0
0.4429099879019521 0.2828600445154431 0
0.2480103371615064 0.07096891331306218 0
1.035630823197775 0.05540762918891872 0
0.3979616680557938 0.1731523743587869 0
1.255975572321277 0.2125229579417917 0
0.5413966675790357 0.02913693313847392 0
1.002328590845859 0.3666769219909233 0
1.438570725443342 0.2693601710838945 0
0.8259592806112174 0.3085280798664853 0
0.984425202562079 0.01247607372484585 0
0.9861274445980482 0.1199822445885158 0
1.164801085350156 0.02571380330317942 0
0.3075885062803984 0.1369218136596215 0
0.3158875039641977 0.1444444608935081 0
2.02430522455167 0.08790426532700875 0
1.188970248466916 0.3819242893312422 0
0.6101683355162559 0.2566821642627541 0
0.6018101381688672 0.248140726587504 0
0.3914786316529267 0.2096092740251846 0
0.3822439144189755 0.20232926227519 0
1.499561695483281 0.233943411097218 0
0.6213542765395437 0.2848545889401592 0
0.3841312224291611 0.1898494354666085 0
1.118082905097584 0.3090661626322346 0
2.027511226901271 0.06956163525501659 0
0.384233312785091 0.0649364164703566 0
0.9776874676047513 0.2160883429026933 0
0.9454676302528418 0.08730336992492542 0
0.5986432629897922 0.01972441986358705 0
0.9724295265102008 0.1247722198016364 0
0.7987060684553868 0.1825899105777827 0
2.095034252666074 0.2537790824903193 0
1.971204119406866 0.2958172148912915 0
0.9689783536039874 0.2793844839313071 0
0.3832290820247646 0.2592360306836527 0
0.948844303238093 0.3361911315225809 0
1.130505012880908 0.2186338076972045 0
0.1107044001408032 0.2374215883205324 0
1.170295001990685 0.3514044517416349 0
1.545449184793688 0.04683442503668169 0
0.6177744889090396 0.104304930803634 0
0.2109179038490697 0.2278465265609879 0
1.728992798156591 0.05096009689446574 0
1.249643668349952 0.33609309923115 0
0.2899307922933607 0.1208836761561606 0
0.3853726194736482 0.2470362426025825 0
2.030335191281417 0.05132609328986518 0
2.07443906494368 0.3652890200918649 0
2.046490048924229 0.3394297200958849 0
1.563988248638628 0.3030997829553023 0
0.2847151268192932 0.391558446249995 0
0.3875542581416644 0.2347536000877499 0
0.3896955830276633 0.2224237620568353 0
1.000259279975409 0.3810136334614553 0
1.221613588752815 0.3973139630375133 0
0.2511992567699244 0.2335291549721381 0
0.4536887233228929 0.278396599142922 0
0.01725627699490183 0.3712877139307331 0
1.568638134515302 0.1862579049051118 0
1.985513490222962 0.3077911898432731 0
0.6291177624233765 0.09992333271474262 0
1.299696228210832 0.2179619075081652 0
0.6601875242346474 0.1114793382304683 0
0.9480881580372037 0.07434414599611194 0
0.1487281531916874 0.2422981290173648 0
0.640666033849836 0.09567531237713398 0
0.180834477906687 0.3903595251753631 0
0.7910367526256332 0.1914031816014194 0
0.3592766569538224 0.2145060751997436 0
2.109828795589156 0.2665639616601976 0
0.04588126224216131 0.008373371990300527 0
0.6504752724465274 0.103614908206054 0
0.6718047665141299 0.1075386249476041 0
0.6817150111301451 0.1155038485734212 0
0.1084591304275078 0.1302010762794188 0
0.7242297853653932 0.1232588819029469 0
0.1366215452863145 0.3183741340790741 0
0.6913652026873984 0.1233386570394739 0
0.1023254272744016 0.3495852464750184 0
1.578041935498123 0.2833648647151044 0
0.71276283932268 0.127102997293431 0
0.8572582591972926 0.1312762256678181 0
1.265619405603066 0.03993319987358647 0
0.2247967963954442 0.2121006836121409 0
0.7030739193323658 0.1193626934387573 0
1.367877748100389 0.3700348229157527 0
2.002874453390031 0.301691700657304 0
1.295782884317058 0.09664332332150212 0
1.62216750339594 0.2130078969325175 0
0.1193143328323145 0.2442738725580408 0
1.593147986870854 0.2786465120559439 0
0.813911227028952 0.3128655026960425 0
1.117791101806756 0.3712396905183214 0
1.097059470817779 0.2324932168624775 0
1.122120639318966 0.04793806159387844 0
1.406984996097943 0.3557555858974141 0
0.3959061103774069 0.4010402249732325 0
0.5317898934236764 0.02205363508517316 0
0.1066594231523123 0.1406278656699672 0
0.3719827551383504 0.2077871628096495 0
2.043393181510014 0.3564830650349848 0
1.041902199646064 0.2785156909998414 0
1.606824989827498 0.2874782508206831 0
0.2569489992893151 0.1324834712606877 0
1.115186217691903 0.3223055586311888 0
0.1124327483154302 0.3460470034935795 0
0.1472434684558012 0.3152407282896588 0
1.091489452934947 0.2589016866813766 0
0.4781793629866905 0.08631970423254021 0
2.12054033156216 0.2973714485839504 0
0.397790030050686 0.04889711015597999 0
0.4879841457402904 0.3885478615103639 0
0.8141715947963416 0.3849132852490143 0
2.184074333304463 0.2251321401224704 0
0.9466989420750938 0.3497644797156039 0
1.017625085094215 0.2516292289978018 0
0.7714554217269838 0.06105308766372679 0
0.1610228688022603 0.2269346313418692 0
1.685241288221978 0.1410209541927046 0
0.2132405357827612 0.2162995275546309 0
1.450706279328184 0.1673621462380838 0
0.7388261461243616 0.09541906701447535 0
1.287193280049427 0.164791821407912 0
1.585527499256283 0.3371400781501757 0
2.020380301966632 0.2956746109549979 0
0.4568614576978325 0.3892804816750141 0
0.4739954279607494 0.2821189222698599 0
0.9605393588745621 0.06974040046938274 0
0.3573823633611787 0.3883168327154932 0
0.5276460821746896 0.3386793008922978 0
1.612845131921793 0.01376429420943417 0
0.3614665574263229 0.3233599065668924 0
0.1738796212747241 0.211015856962577 0
0.01673275439429632 0.06869571407606954 0
0.5075165078022725 0.2128008550480341 0
1.274872414105814 0.3839835526584373 0
0.9960805385876689 0.2157691664352021 0
1.537999449690758 0.2986624997362683 0
0.540778193135417 0.1551833233898277 0
2.021751204307586 0.3793230956986421 0
1.709157335389614 0.3518518485054436 0
0.1526694827863176 0.3323376684396966 0
0.3610720281307918 0.02080256826114143 0
1.115001992315623 0.01032268511308524 0
1.128243515394562 0.02687551126144083 0
1.584991523236125 0.02840231267938658 0
0.8143189994545942 0.01070394702694408 0
0.01708834712364348 0.3135239279424012 0
1.064842546342052 0.282000617718385 0
0.5513641749382323 0.2157608692282923 0
0.4915724911680699 0.3110392917337537 0
0.4942339001487305 0.2983660231989212 0
1.470923090394886 0.1443133608061489 0
1.254693599533605 0.3021021126548563 0
2.184860161463919 0.381650674746744 0
0.5841006936412761 0.2209370726634304 0
1.594122948235955 0.1764288042051175 0
1.67445996544122 0.248483308073237 0
0.2546933749964096 0.3908274239390855 0
2.134778426266528 0.3097751060008787 0
0.4430672051681068 0.009052237083226642 0
0.1477562988809755 0.114869590557287 0
0.2480383741227625 0.01990013283623614 0
0.8116999772674931 0.3256445952545379 0
1.629048696924495 0.1747736628265709 0
0.1279525014948563 0.06281270216212013 0
0.1612067905304864 0.3391693806673761 0
0.8113285999124576 0.0602079330920591 0
1.414703616195037 0.1418002942319486 0
0.728562064583147 0.04209550639306634 0
0.1384139455799083 0.0200606159082629 0
1.461670666262379 0.162399640064347 0
0.8216855170869454 0.3345248770856945 0
0.9449506806599823 0.3631532005585743 0
0.4880011378290816 0.09543009946017084 0
0.1275808663968145 0.2509415395952078 0
1.315699189165401 0.3724787424326115 0
2.032238551863692 0.3265602257876544 0
2.090147160338673 0.3947436310529277 0
2.149970513581123 0.3218449741730735 0
1.747749660649942 0.2226565625054732 0
1.455369408091118 0.3559265697750998 0
0.007264683562794591 0.1250059610684922 0
1.087756469416886 0.1322022203305317 0
0.3956575982473702 0.008908092831234343 0
1.078386538338902 0.3861545593327482 0
2.133306432106124 0.0483227114458768 0
0.02561176169816466 0.007853754138260201 0
0.1050711111431676 0.150630923489344 0
1.57268586827056 0.2328231841285061 0
0.111446115535329 0.3934265066751092 0
0.9731376830589875 0.0651010101070381 0
0.8201154538515457 0.3475503685324061 0
1.139953728152006 0.1803676065670391 0
1.276162238097659 0.1561885273760489 0
0.2423941236588988 0.2798087511960985 0
0.9564423478592545 0.3713919344252596 0
0.2466365733449188 0.2156990929008683 0
1.505884861725137 0.09686378601515833 0
0.8425881085643681 0.35141185990836 0
1.343290113432058 0.3158083305927241 0
0.02921555028406425 0.3939851438160238 0
1.787567953762894 0.3650199775510227 0
1.025165498614213 0.04717697460833381 0
0.3560872700872441 0.1775210411325654 0
1.747993782206297 0.02905518732314738 0
1.109846845857109 0.1279422081078624 0
0.2155540531780734 0.3210462084403836 0
0.8739636543623732 0.1738610349158602 0
1.303292876996964 0.0397909748370967 0
1.685075420697898 0.2579600475977877 0
1.270805167667984 0.09269784015620895 0
0.4521243603313529 0.1644842344367817 0
0.1310646248909354 0.173536561732597 0
0.6402778427813836 0.3997458215953363 0
0.4646458818988555 0.2743055766097672 0
1.554162872800159 0.1906561379477056 0
1.052074612068367 0.2864540800703203 0
0.3437174444039202 0.2412210915555089 0
0.1224083126448113 0.01751850476862601 0
1.362499541128084 0.3977656725541791 0
1.300056529026779 0.3288821649187394 0
0.7540472127819681 0.07635475040235902 0
0.8823538754200073 0.01017605077753036 0
0.008324370967968576 0.2459670688715571 0
1.620068615297003 0.2674495535706687 0
1.09259596222946 0.3185466032328094 0
0.5203404086710423 0.2079215675831013 0
1.204999307811512 0.397977152620315 0
0.2806356310134371 0.008238451127666446 0
0.138165155743464 0.2468743753620906 0
0.9057360329617051 0.1255114797627667 0
0.05617115314729029 0.007868803795871708 0
0.1289745908354371 0.1828126636577381 0
1.655112492835673 0.2685009456576565 0
1.58345414349823 0.3528630875504044 0
0.5939117209786499 0.3033295941809198 0
0.9952342803186298 0.1822055390131189 0
0.102345449905038 0.01566243804587224 0
1.700945248842135 0.2520740336869374 0
0.9857420216873046 0.06050793947157299 0
1.174893799311511 0.2452854050543593 0
1.755491579747719 0.3357631682602955 0
0.244579890235334 0.2681471131501422 0
0.01570211197132124 0.02035149792793886 0
1.919289716919631 0.3953006006808097 0
1.659264399742073 0.2540817761352669 0
0.4495933800192489 0.1769560226095722 0
1.189136644943337 0.2285111832509769 0
1.638967147436716 0.1835435100998497 0
1.051938261405706 0.1440998150211769 0
0.6496756788026716 0.2760144462102593 0
0.8649539043780955 0.3545236918853636 0
1.50319743109786 0.181594492705719 0
2.032350869720418 0.03370808198337606 0
0.331504576657433 0.2449921058239642 0
1.267937094747127 0.2069536617430369 0
1.535986573564674 0.3820966660923296 0
1.779786291564654 0.03180591244198194 0
0.2383253728220207 0.3779388884036516 0
0.4362414769812618 0.1935394134614239 0
0.1565581170935457 0.1217624817721213 0
0.2377217812873081 0.3900860386198329 0
1.238887474110447 0.0381234309790186 0
0.22954687086258 0.3701917504975634 0
1.634318922527291 0.01439491984205519 0
0.2231839505310663 0.3506880841080695 0
0.2341904101585141 0.219309242294679 0
1.700088651725805 0.1360375748310137 0
0.7841483617278252 0.07697648758417064 0
0.2553842641837081 0.264065173259529 0
1.370653087749076 0.04418664064293857 0
0.01750603432917949 0.1941643175084358 0
1.079576124451826 0.3240541393100141 0
1.473689374157424 0.2312087269689651 0
0.5005016061649838 0.3200006392430015 0
0.01610172226053702 0.3807783643832422 0
1.048329069069851 0.2554054674108671 0
0.434120094988691 0.2055338663721644 0
0.8413206377681909 0.1748653995491683 0
0.4859534188912533 0.1070875689482538 0
0.2958924999749351 0.1394646799101639 0
1.827979239593468 0.01286547490040186 0
1.813558886803528 0.3642434225854121 0
1.36427406548342 0.2821961463398741 0
1.027725351529987 0.03391641116296017 0
1.076275897464885 0.02595066340702727 0
0.4427539341583296 0.2138296691576978 0
1.079077539907808 0.2648657220669681 0
1.295175547230058 0.197203231625237 0
0.4297373667281895 0.2303378457678383 0
1.595056769298471 0.3638067527698643 0
1.59183147676304 0.1889342785238697 0
0.2667560737435333 0.2598077012475503 0
1.55497759074427 0.02542533279911494 0
0.4349405099108533 0.2635609155816409 0
1.178134375019629 0.2125592526254089 0
0.8821095394229048 0.1079172414457308 0
0.5667459519938521 0.008867598116856537 0
0.4330760860486628 0.2752080257893315 0
1.020320331004595 0.1315926864673498 0
0.9000580577459991 0.1634172169825042 0
0.3101691974573651 0.0179998384196822 0
0.9984621456512268 0.05587368742571155 0
0.682324439442723 0.03273636954488536 0
0.4277864264503241 0.2430488282152445 0
2.167640626353268 0.3148315020777374 0
1.951671997832552 0.03095838967295725 0
1.664784820852959 0.3499933566816645 0
0.2774864678052497 0.2554818589775746 0
0.4369805593598419 0.251258310723149 0
0.7650738564393114 0.3893671450335648 0
0.4868912613754748 0.2777200301837147 0
1.07641987104688 0.3373626548214593 0
0.8751081306679493 0.363292372915775 0
0.8725023950284834 0.04275426478476349 0
1.711267230006967 0.1472996626576284 0
0.5208071375420441 0.3768181060589844 0
0.5366972301123077 0.3675091836504239 0
0.5945491426235219 0.2289049906536186 0
1.238253974261351 0.258007960853338 0
0.9258569922491319 0.01029810223134622 0
1.776304081660444 0.1495614814561775 0
0.8615671716277515 0.1037129676039413 0
0.0167014791313644 0.2681430358848334 0
0.8445518805692918 0.0757391798430827 0
0.113351936991492 0.1574456888790976 0
0.7353383324606805 0.1194548972866528 0
1.595024941317852 0.1638038777477433 0
1.241533136777786 0.2285697825684551 0
1.221678632460714 0.3047785689015466 0
0.754536657326244 0.02058598698834353 0
0.5655618093447825 0.4012952353349816 0
0.5270056698593961 0.3510873631975124 0
0.8837167176039056 0.3861635827391295 0
1.200168732279831 0.02433611645831633 0
1.345842462791531 0.2381043024091754 0
0.6039430388102462 0.2367894366371879 0
1.066351218250025 0.1394045609798202 0
0.5181943600219139 0.4005301199281379 0
1.046185811185993 0.3877386180624398 0
0.1720834873856617 0.3358976439449462 0
2.003773019207205 0.03039703571751532 0
1.339007856402183 0.02596312507634238 0
1.180084644828482 0.199844721971558 0
0.5955546347473843 0.3900090064498478 0
1.486641042466389 0.3560556817088849 0
1.0114260718084 0.05149037390060991 0
0.5013659301903125 0.4002312396446384 0
0.9592746556297337 0.02292486278517858 0
0.6273153324537105 0.2721486154325564 0
1.25557573435056 0.314792457347197 0
1.258669699623986 0.3256374779238494 0
1.873638622836819 0.02783221576934897 0
0.5097272763788626 0.01898729357958792 0
1.085102991527782 0.01005016887990434 0
2.152994949433481 0.1087824781003708 0
1.647231580774164 0.04264766679844337 0
1.050073861473751 0.02321214260688759 0
1.70469027126175 0.2377227999802718 0
0.01668616108352802 0.147541339435307 0
0.6622884513723462 0.3892765546726813 0
0.3268023874142885 0.1414658659344304 0
0.8487800045470737 0.02195746404130703 0
1.513507490195189 0.1918638901935431 0
0.008221171364908702 0.07453832309292119 0
1.460137848090241 0.03990028612980286 0
0.1680169080403821 0.1181870774336278 0
1.542955898062141 0.05920790354036485 0
0.8729640508489307 0.3767888002569401 0
2.186097200210263 0.04984666068827904 0
0.9466986847876744 0.3882834155680235 0
1.229703136876191 0.3408329602573408 0
0.4927066378467785 0.2281707310143424 0
0.1505803340435218 0.2316762889240894 0
0.1825409521240737 0.3320210428853758 0
0.3427860953820608 0.1674753051338045 0
1.903765398278757 0.01305267171588126 0
1.959218903806219 0.3647022839914558 0
1.098581677484769 0.1190901174397575 0
0.007222510253570256 0.3266996949670372 0
0.5320191647179937 0.3899991168421823 0
0.7671351155913535 0.18939976958888 0
2.135278336762601 0.2059485224108984 0
0.6508463692760349 0.02124399290748603 0
1.538475392848662 0.02515289570936051 0
0.8296533515413054 0.02288776064405859 0
0.9792604922348882 0.2014830892608628 0
0.1763694217700793 0.01674250587662812 0
0.2877973183027468 0.1314058106387453 0
1.7195626124842 0.2325683918511359 0
0.1220025728685911 0.1649065869495341 0
1.064558580311094 0.3423726056734606 0
1.505204629820641 0.1706002770999889 0
0.9734257129088932 0.3867583686999519 0
0.9816323201238271 0.1887529435869679 0
1.1111212956907 0.1929855162025731 0
0.3175809829061343 0.3913536783921416 0
1.620198389160694 0.3664064916943575 0
1.858302549916679 0.3808113451560727 0
1.018286864900944 0.2626641887551686 0
0.883752000513117 0.1818728983796112 0
1.405705009132658 0.2289456211822401 0
1.567163185169096 0.07934339941795168 0
0.3442859819163379 0.2299790603382422 0
1.501861636831824 0.07334713418137899 0
0.7786455056985307 0.1971205475581972 0
0.6083629789687612 0.2669543436707794 0
0.01682558051815044 0.1359589834920432 0
1.419572442516657 0.05450443012527759 0
0.08637616542952899 0.4031667094950716 0
0.5304375795470909 0.2153281439632957 0
0.0564625545196499 0.4029498991531618 0
1.234737137438189 0.2786777894487318 0
1.205490800339735 0.2693944489441048 0
0.4244272103216944 0.01782801314930158 0
0.4991135095554807 0.3312222831188461 0
0.9050404027018077 0.3882953163109177 0
1.145431238165485 0.37454612597253 0
0.2302012797487891 0.01710996969967598 0
0.6982398441859654 0.3894633349383274 0
1.280959387965035 0.2017708520561501 0
0.4117712079474854 0.3921229884575118 0
0.5081889500299002 0.3389466585850361 0
1.591835047194401 0.3785003804807519 0
2.170237836360239 0.2336946577994739 0
0.1930056405915874 0.3279251202041866 0
0.01280642128408009 0.04266809843996611 0
0.143780844052759 0.3936573690723378 0
1.244989458501965 0.2683945327743267 0
1.168744945085979 0.3628016142856915 0
0.3571788245690946 0.2253900749789528 0
1.49485246968733 0.1016292017895173 0
0.1784978555694062 0.1149257681232635 0
2.08860331509477 0.01357169744007954 0
0.2505078705516799 0.182433869595753 0
0.3489896684335147 0.4024715970905597 0
1.343910496860457 0.3030127645501537 0
1.317631956272663 0.324265580897227 0
1.580281190059244 0.3987271031007788 0
0.8342639716557889 0.3889543746410087 0
0.3422604768430642 0.01834458270516967 0
1.355753245465892 0.2989929772663184 0
0.1630085459228889 0.2166486952838678 0
0.01515969493004995 0.02907642439229642 0
1.631566635223235 0.2607248894221559 0
2.121666288386546 0.3801435323445964 0
0.6009134123364447 0.009130824095885363 0
1.657818631174607 0.2034863536128201 0
1.485655011643137 0.1547558382525004 0
1.607137015540339 0.1723205432279729 0
0.5512182055922319 0.340487783359699 0
1.533946575320629 0.187095561096238 0
0.2038993267961267 0.3240733923409154 0
0.5406485804235319 0.2219979302669501 0
1.730779243622899 0.1237048097902512 0
1.061977102723378 0.3559640665093823 0
0.8261040044072669 0.07299876666188995 0
1.14023072132331 0.02450733238830746 0
0.2282079385842514 0.392521086249658 0
0.5062996006239674 0.29951525562492 0
0.5319867953607577 0.3195652043657978 0
0.1980853340913364 0.3930544750115395 0
1.23879675642792 0.3738212171075108 0
0.6030331126837031 0.3115601609959609 0
0.4874837487126631 0.2557967842311726 0
0.4969204322520408 0.2689360479248437 0
1.267414735696328 0.3743725155521362 0
1.72356057185872 0.1446283030007526 0
0.5084226615782879 0.2375530457287967 0
1.500812737635384 0.02604186746049375 0
2.168854096495597 0.2962765881401977 0
1.732082723358519 0.2414531552311232 0
1.343153578135565 0.3273963923813858 0
0.5645672784096885 0.320693438461613 0
1.377854066603577 0.05422519618172419 0
0.5406169309547956 0.00784551578995487 0
0.6599386560667024 0.297873119382689 0
0.8434537932841484 0.08852532828843354 0
0.2684375483806342 0.2488261838691924 0
0.2070052539160605 0.0170236649939323 0
1.371540887352082 0.2520881222409748 0
0.1014198577555228 0.03361811873411907 0
0.6323018707532515 0.02074923349115576 0
1.415391462952507 0.2385879525012669 0
0.01533785811485011 0.389043495025868 0
0.8705465476514475 0.400869317962071 0
1.142531245066066 0.1683026915627626 0
1.267538288226486 0.2283937574919264 0
1.352088240504224 0.02620428603381579 0
0.01564063897461893 0.08879500807401954 0
0.6952895418585027 0.04424135119792318 0
1.060050886916564 0.3704586224788471 0
1.672433266648151 0.1977947576126343 0
1.017679251435773 0.2413850374929233 0
1.833319132968739 0.3805437619011739 0
0.6288048998037769 0.3900226096264063 0
1.520746748284055 0.06660375345396015 0
0.01590252886555379 0.2784725855609177 0
0.1279291545448856 0.1926874752252205 0
0.9916040980868197 0.1297613205192446 0
0.1868058593826576 0.121563891448264 0
0.005903137093100975 0.2054399867632703 0
1.033817298564625 0.1431787155973526 0
0.9078226438083095 0.1120793768012297 0
0.3496899000176808 0.1858021652346659 0
1.648745578957179 0.02629351217961345 0
1.438668282132407 0.1595634948810856 0
1.007496715067333 0.2431826157114587 0
0.6103659006305859 0.3189653794789618 0
1.507358795723189 0.1598509764824372 0
0.6189556844523544 0.009449947190967421 0
1.037353175942559 0.2606699437753557 0
1.49631131116455 0.09090866484801767 0
0.1374636942680171 0.1999630941847227 0
0.6631297561864063 0.2865570819532247 0
1.752261112727547 0.1351435323347854 0
0.9941566367758305 0.1735130875100725 0
1.312109218244236 0.3845239565779368 0
1.191535363293671 0.2580629980967525 0
1.10611853373836 0.1841872898496154 0
0.7443193554066305 0.1299999999825746 0
1.72193493064749 0.1596806213943776 0
1.488109633537315 0.1194746926745647 0
1.719187770925122 0.1759541467286721 0
0.2634185748218834 0.2322740698726311 0
1.011525742462348 0.4012883681928716 0
1.2195175760156 0.180993711483706 0
0.2750650626826576 0.3934097649983336 0
1.2700919310653 0.3254363909192911 0
2.185416577735498 0.01448771756490561 0
0.1088739718246184 0.03966477759788952 0
0.7308224865763557 0.03215479835099488 0
2.168968792257719 0.1012415035595663 0
0.7333310620979927 0.4020394051760773 0
1.429095385089871 0.1521241153694528 0
2.115770068769697 0.01433168943011315 0
0.1473532355101951 0.1959972155467745 0
0.4018359044191835 0.01675343798219131 0
1.748064149424928 0.2361483983761282 0
1.687083954484606 0.192054828124746 0
0.1020608505093161 0.02379858448961628 0
0.755076090709243 0.1626391307222414 0
1.414165989625063 0.2512209804640315 0
0.4831421187233885 0.291330167654669 0
1.37703570504529 0.379330143420792 0
0.8418834775956734 0.1021293293256078 0
0.09460698698090389 0.01736131395765361 0
0.007319473605065845 0.4026777001686581 0
0.2218414199028807 0.365800437811825 0
1.701073749144543 0.1867419192983387 0
0.9930719025322221 0.02278463785701474 0
1.692349895057496 0.02602439052135398 0
0.3807976511681588 0.3917331527548426 0
0.8434560026798661 0.1615823432449504 0
1.058948437075569 0.3859784166331325 0
1.382411250352768 0.2648575379272086 0
0.007273929975040601 0.007276804315300319 0
1.394329302068428 0.3574789127150561 0
0.4760300027569519 0.0193302847902493 0
1.480968860966306 0.1444621527632704 0
0.7898817696144262 0.02142764822166568 0
1.122824767576047 0.03605142475614532 0
1.079231354485477 0.1107630629484793 0
1.081133374494263 0.2425726145301277 0
2.186965203959719 0.396949607510292 0
0.8153186153073673 0.04306303206500681 0
1.693533174915542 0.3545594153240819 0
1.005184490664345 0.1557948732496008 0
0.2760817012859929 0.1345666484467002 0
0.8318836873544555 0.1780787348694411 0
0.6642888895340571 0.03245264967307629 0
2.005147221782749 0.3823402416832268 0
1.173515473093714 0.2363513360540339 0
1.356491710346782 0.2479901283013377 0
1.255630627643492 0.3454091772950766 0
1.636234712781949 0.1973691592185865 0
0.4792346721484238 0.4029008399856369 0
0.4469211546753631 0.3912327232247479 0
0.007271963569480521 0.05740458962707042 0
1.345622223879696 0.3978459856374699 0
1.715233671087675 0.02766687616980064 0
0.01578675620925682 0.1581296958520797 0
0.6222692139294002 0.3150563637464968 0
0.00572016356963417 0.3350719757933337 0
1.211827164322121 0.2860165896975097 0
0.1162755376151861 0.04641071978123337 0
0.07604145441663668 0.005986938905863412 0
0.3650772463038291 0.39157334611836 0
1.094270055438462 0.1556864702821136 0
1.422421254745595 0.2583008724200204 0
1.316029971630059 0.03614859604563274 0
1.791894861167868 0.01070529707730814 0
0.01522205872070047 0.2164720801460341 0
1.570038253593332 0.05919300209642156 0
1.107530088899862 0.3886360022131667 0
1.617879711183085 0.146446950861082 0
1.407146942831976 0.1475797228920235 0
0.1021907907876968 0.3948754772750692 0
0.5169780859235001 0.3356845791652227 0
0.4891719125679673 0.0294634991384067 0
1.181222537380836 0.1147697338733902 0
1.202607787670322 0.2788828185259646 0
1.909879863686461 0.3824978523457385 0
1.030194135899873 0.0227782154251341 0
1.238791826207895 0.2389037011821706 0
0.7450931301596234 0.1023656404773877 0
1.546178466348233 0.03498789628187884 0
1.52773074519121 0.3714247750905993 0
1.178778520139962 0.02412967979311897 0
0.8182758130063336 0.02982916905205237 0
0.6418822893188164 0.2808499763437259 0
0.8041282446316844 0.388704337329073 0
1.619331167880094 0.1679495381852542 0
1.279908061104585 0.03842049799295635 0
1.604120846381561 0.1089634531845526 0
1.790915700172601 0.3397029119088905 0
0.2152143546411664 0.3467875219084726 0
0.1564505301737636 0.1926294731376797 0
0.5844327453027133 0.3919276287780863 0
1.740028662911894 0.3379061147426205 0
0.4590146166167925 0.01845850362415946 0
0.8013957567781255 0.05923423843175046 0
0.7557787784673294 0.08616165324353325 0
0.2868712352437427 0.01650888439852769 0
1.171143477799235 0.1087621102423868 0
1.435541152979801 0.3437942327413578 0
0.8624893668121975 0.03598252453590127 0
0.0200961560491597 0.3955544389432211 0
0.7408968258484573 0.1387768739577963 0
0.2525268203910419 0.1652515816295127 0
1.075214450876178 0.1457690201029456 0
0.1492665654809662 0.006321732211122417 0
2.150369175522831 0.04484424316286102 0
1.363696302039052 0.2930236204347897 0
1.192738299967665 0.193754915485612 0
0.5925020902062588 0.2501325580317402 0
1.478682200327588 0.3449185584152616 0
1.182846117804509 0.2626993264204243 0
1.172114860496504 0.2547172010667397 0
1.178725141765604 0.3864820028478212 0
1.633075886357949 0.2115685072034263 0
0.2582653880980828 0.006402701284215074 0
0.7533073394891463 0.3913666693670702 0
0.8198478712527624 0.01931302609342204 0
0.1146081470749448 0.0550990680047453 0
1.065376983418349 0.03481954382057841 0
1.282660073721884 0.3226014263126604 0
0.5990816737062943 0.3223251540100947 0
0.8689875696409448 0.1113452667171764 0
0.2651475022569063 0.1386901371635673 0
1.387195316522578 0.2395741582211045 0
0.1707888380782648 0.4036203331290577 0
1.033285125992905 0.3898859996461865 0
0.7805054366907087 0.06670064039267573 0
0.9328116496329851 0.01982967163616775 0
1.084103218420318 0.1415211369145853 0
0.8692781252003297 0.007538759045800331 0
0.2748129650025454 0.1592231415918641 0
1.612008862265495 0.1398265872993102 0
0.1636699881980283 0.1983944914334589 0
0.3081789260639753 0.3935266678799045 0
0.7468504575212201 0.1575530408670559 0
0.8036836814296584 0.1903617576633791 0
0.6344100337326235 0.3112655511483265 0
0.03151921480199617 0.01528449850247174 0
1.967151336028382 0.02657728991277674 0
2.140240372694153 0.1802543569361563 0
0.8625139564800277 0.1227292900564346 0
0.734348072897604 0.1065948154038965 0
0.2164926639687331 0.3367849692496537 0
1.650798637457586 0.3698823520371389 0
1.395546419218219 0.1352469301157233 0
0.753430279484039 0.06484410743130568 0
0.01535783314121866 0.2882354816763608 0
0.2692806338927058 0.2399028614658103 0
1.838192828540778 0.02603678187034581 0
1.204750601287386 0.1888639832277813 0
0.1315256894583775 0.01610251091777053 0
0.01507935772788305 0.09871253991199207 0
1.923378719097394 0.02913278178143551 0
0.8518141023938839 0.4003049824840619 0
1.599630570934595 0.08441684760321543 0
0.3202413743718036 0.01604738669602552 0
1.618399474966211 0.08057326952145001 0
1.935741145343888 0.3734137666766285 0
0.9042046189567543 0.1521148065824464 0
1.531324109959638 0.0626924039424744 0
2.169806739252599 0.2790929050518977 0
0.7672276067559128 0.01809865085633696 0
0.8269540640551738 0.1945338112655927 0
1.152763363997882 0.02094340021828301 0
0.4895573803833637 0.2392064399073499 0
0.1938067242117984 0.1276348971378323 0
1.758223160043748 0.04161492163385128 0
1.198355730303908 0.3887030413835451 0
0.2411639460536936 0.01554327462864724 0
1.316834050762398 0.2123651387065724 0
0.3606948001006086 0.1943273965272003 0
0.1875388108445743 0.3945920167364519 0
1.878235493199474 0.01274426575724409 0
0.01474082427633847 0.2505159742375817 0
2.045776793172922 0.02857221938682396 0
1.089315715698429 0.1227613889473402 0
0.2219470534610366 0.01675066336115035 0
2.169785928971858 0.3799483050319901 0
1.215439910852398 0.03719365149394627 0
0.006137942721848113 0.04383918901015982 0
0.2970181276335542 0.2484700859543635 0
0.5505523578429463 0.2052763917850557 0
0.3121306922486119 0.1529876809921616 0
0.06061055683121552 0.01460197015872347 0
1.762245777217549 0.128922488533983 0
1.120475067919474 0.202156911551727 0
0.8164324917776513 0.05216435040686506 0
1.136585965994851 0.09668225167183993 0
0.6586194332027328 0.4010511540073939 0
0.5496675291044526 0.391322025370176 0
1.21906378506843 0.1718848009191118 0
0.04247899405182749 0.4028553688535125 0
1.149435233551701 0.2155474734357188 0
1.769860027432993 0.214130042473819 0
0.3416676895295696 0.1504221948014231 0
0.8984954966471786 0.03556260491041324 0
0.6459280411538271 0.3070390632628799 0
0.9966729457444489 0.1120318355666157 0
1.253355094099111 0.03519992440904948 0
0.8484601108183222 0.1329804054191797 0
0.5781192606386594 0.006412720110783249 0
0.4009272041594815 0.3943401461564083 0
1.090958831380003 0.2260820661435614 0
1.127258769937215 0.08802097169097119 0
1.805086683492748 0.1277057884856583 0
0.01531235622184853 0.3457313937056674 0
0.7566819042828099 0.1827389322424258 0
0.2193670866226341 0.3950361485242901 0
2.170354674802948 0.08325925870296484 0
1.134024631845132 0.1603204282602262 0
1.364284291190945 0.008665870543859117 0
0.9668126076816723 0.3773572223355708 0
1.54032878192994 0.07029571911930482 0
0.3539512718132623 0.01659672948451924 0
1.445938994184233 0.2625685323626111 0
0.3721177830328383 0.006532792603224307 0
0.01495556959575656 0.1680298604060872 0
2.076663697154498 0.3807996700928155 0
1.228725403554936 0.3272915094201469 0
1.170299961270988 0.08878563630681276 0
0.6872039237188305 0.3921192724298598 0
0.01231667891473849 0.230238232655278 0
0.7454270815716189 0.1697460159861307 0
2.05582683013281 0.3655682104755981 0
1.780855568957946 0.2256900785493454 0
0.8217992276039712 0.390676723574405 0
$EndNodes
$Elements
29 11692 1 11692
1 1 1 153
1 1 29 
2 29 30 
3 30 31 
4 31 32 
5 32 33 
6 33 34 
7 34 35 
8 35 36 
9 36 37 
10 37 38 
11 38 39 
12 39 40 
13 40 41 
14 41 42 
15 42 43 
16 43 44 
17 44 45 
18 45 46 
19 46 47 
20 47 48 
21 48 49 
22 49 50 
23 50 51 
24 51 52 
25 52 53 
26 53 54 
27 54 55 
28 55 56 
29 56 57 
30 57 58 
31 58 59 
32 59 60 
33 60 61 
34 61 62 
35 62 63 
36 63 64 
37 64 65 
38 65 66 
39 66 67 
40 67 68 
41 68 69 
42 69 70 
43 70 71 
44 71 72 
45 72 73 
46 73 74 
47 74 75 
48 75 76 
49 76 77 
50 77 78 
51 78 79 
52 79 80 
53 80 81 
54 81 82 
55 82 83 
56 83 84 
57 84 85 
58 85 86 
59 86 87 
60 87 88 
61 88 89 
62 89 90 
63 90 91 
64 91 92 
65 92 93 
66 93 94 
67 94 95 
68 95 96 
69 96 97 
70 97 98 
71 98 99 
72 99 100 
73 100 101 
74 101 102 
75 102 103 
76 103 104 
77 104 105 
78 105 106 
79 106 107 
80 107 108 
81 108 109 
82 109 110 
83 110 111 
84 111 112 
85 112 113 
86 113 114 
87 114 115 
88 115 116 
89 116 117 
90 117 118 
91 118 119 
92 119 120 
93 120 121 
94 121 122 
95 122 123 
96 123 124 
97 124 125 
98 125 126 
99 126 127 
100 127 128 
101 128 129 
102 129 130 
103 130 131 
104 131 132 
105 132 133 
106 133 134 
107 134 135 
108 135 136 
109 136 137 
110 137 138 
111 138 139 
112 139 140 
113 140 141 
114 141 142 
115 142 143 
116 143 144 
117 144 145 
118 145 146 
119 146 147 
120 147 148 
121 148 149 
122 149 150 
123 150 151 
124 151 152 
125 152 153 
126 153 154 
127 154 155 
128 155 156 
129 156 157 
130 157 158 
131 158 159 
132 159 160 
133 160 161 
134 161 162 
135 162 163 
136 163 164 
137 164 165 
138 165 166 
139 166 167 
140 167 168 
141 168 169 
142 169 170 
143 170 171 
144 171 172 
145 172 173 
146 173 174 
147 174 175 
148 175 176 
149 176 177 
150 177 178 
151 178 179 
152 179 180 
153 180 2 
1 2 1 21
154 2 181 
155 181 182 
156 182 183 
157 183 184 
158 184 185 
159 185 186 
160 186 187 
161 187 188 
162 188 189 
163 189 190 
164 190 191 
165 191 192 
166 192 193 
167 193 194 
168 194 195 
169 195 196 
170 196 197 
171 197 198 
172 198 199 
173 199 200 
174 200 3 
1 3 1 153
175 3 201 
176 201 202 
177 202 203 
178 203 204 
179 204 205 
180 205 206 
181 206 207 
182 207 208 
183 208 209 
184 209 210 
185 210 211 
186 211 212 
187 212 213 
188 213 214 
189 214 215 
190 215 216 
191 216 217 
192 217 218 
193 218 219 
194 219 220 
195 220 221 
196 221 222 
197 222 223 
198 223 224 
199 224 225 
200 225 226 
201 226 227 
202 227 228 
203 228 229 
204 229 230 
205 230 231 
206 231 232 
207 232 233 
208 233 234 
209 234 235 
210 235 236 
211 236 237 
212 237 238 
213 238 239 
214 239 240 
215 240 241 
216 241 242 
217 242 243 
218 243 244 
219 244 245 
220 245 246 
221 246 247 
222 247 248 
223 248 249 
224 249 250 
225 250 251 
226 251 252 
227 252 253 
228 253 254 
229 254 255 
230 255 256 
231 256 257 
232 257 258 
233 258 259 
234 259 260 
235 260 261 
236 261 262 
237 262 263 
238 263 264 
239 264 265 
240 265 266 
241 266 267 
242 267 268 
243 268 269 
244 269 270 
245 270 271 
246 271 272 
247 272 273 
248 273 274 
249 274 275 
250 275 276 
251 276 277 
252 277 278 
253 278 279 
254 279 280 
255 280 281 
256 281 282 
257 282 283 
258 283 284 
259 284 285 
260 285 286 
261 286 287 
262 287 288 
263 288 289 
264 289 290 
265 290 291 
266 291 292 
267 292 293 
268 293 294 
269 294 295 
270 295 296 
271 296 297 
272 297 298 
273 298 299 
274 299 300 
275 300 301 
276 301 302 
277 302 303 
278 303 304 
279 304 305 
280 305 306 
281 306 307 
282 307 308 
283 308 309 
284 309 310 
285 310 311 
286 311 312 
287 312 313 
288 313 314 
289 314 315 
290 315 316 
291 316 317 
292 317 318 
293 318 319 
294 319 320 
295 320 321 
296 321 322 
297 322 323 
298 323 324 
299 324 325 
300 325 326 
301 326 327 
302 327 328 
303 328 329 
304 329 330 
305 330 331 
306 331 332 
307 332 333 
308 333 334 
309 334 335 
310 335 336 
311 336 337 
312 337 338 
313 338 339 
314 339 340 
315 340 341 
316 341 342 
317 342 343 
318 343 344 
319 344 345 
320 345 346 
321 346 347 
322 347 348 
323 348 349 
324 349 350 
325 350 351 
326 351 352 
327 352 4 
1 4 1 41
328 4 353 
329 353 354 
330 354 355 
331 355 356 
332 356 357 
333 357 358 
334 358 359 
335 359 360 
336 360 361 
337 361 362 
338 362 363 
339 363 364 
340 364 365 
341 365 366 
342 366 367 
343 367 368 
344 368 369 
345 369 370 
346 370 371 
347 371 372 
348 372 373 
349 373 374 
350 374 375 
351 375 376 
352 376 377 
353 377 378 
354 378 379 
355 379 380 
356 380 381 
357 381 382 
358 382 383 
359 383 384 
360 384 385 
361 385 386 
362 386 387 
363 387 388 
364 388 389 
365 389 390 
366 390 391 
367 391 392 
368 392 1 
1 10 1 5
369 5 393 
370 393 394 
371 394 395 
372 395 396 
373 396 6 
1 11 1 5
374 6 397 
375 397 398 
376 398 399 
377 399 400 
378 400 7 
1 12 1 5
379 7 401 
380 401 402 
381 402 403 
382 403 404 
383 404 8 
1 13 1 5
384 8 405 
385 405 406 
386 406 407 
387 407 408 
388 408 5 
1 20 1 5
389 9 409 
390 409 410 
391 410 411 
392 411 412 
393 412 10 
1 21 1 5
394 10 413 
395 413 414 
396 414 415 
397 415 416 
398 416 11 
1 22 1 5
399 11 417 
400 417 418 
401 418 419 
402 419 420 
403 420 12 
1 23 1 5
404 12 421 
405 421 422 
406 422 423 
407 423 424 
408 424 9 
1 30 1 5
409 13 425 
410 425 426 
411 426 427 
412 427 428 
413 428 14 
1 31 1 5
414 14 429 
415 429 430 
416 430 431 
417 431 432 
418 432 15 
1 32 1 5
419 15 433 
420 433 434 
421 434 435 
422 435 436 
423 436 16 
1 33 1 5
424 16 437 
425 437 438 
426 438 439 
427 439 440 
428 440 13 
1 40 1 5
429 17 441 
430 441 442 
431 442 443 
432 443 444 
433 444 18 
1 41 1 5
434 18 445 
435 445 446 
436 446 447 
437 447 448 
438 448 19 
1 42 1 5
439 19 449 
440 449 450 
441 450 451 
442 451 452 
443 452 20 
1 43 1 5
444 20 453 
445 453 454 
446 454 455 
447 455 456 
448 456 17 
1 50 1 5
449 21 457 
450 457 458 
451 458 459 
452 459 460 
453 460 22 
1 51 1 5
454 22 461 
455 461 462 
456 462 463 
457 463 464 
458 464 23 
1 52 1 5
459 23 465 
460 465 466 
461 466 467 
462 467 468 
463 468 24 
1 53 1 5
464 24 469 
465 469 470 
466 470 471 
467 471 472 
468 472 21 
1 60 1 5
469 25 473 
470 473 474 
471 474 475 
472 475 476 
473 476 26 
1 61 1 5
474 26 477 
475 477 478 
476 478 479 
477 479 480 
478 480 27 
1 62 1 5
479 27 481 
480 481 482 
481 482 483 
482 483 484 
483 484 28 
1 63 1 5
484 28 485 
485 485 486 
486 486 487 
487 487 488 
488 488 25 
2 1 2 11204
489 5217 3727 5421 
490 2579 2643 5410 
491 3397 2303 5585 
492 3844 3226 5130 
493 2303 3397 5493 
494 3969 1654 4730 
495 3727 4265 5421 
496 3723 4524 4681 
497 3025 3403 5642 
498 3389 639 5048 
499 4253 512 5045 
500 3577 673 5248 
501 1528 1780 3641 
502 4599 4818 4969 
503 3486 493 5020 
504 1779 1530 5253 
505 5109 3047 5438 
506 679 3450 3451 
507 882 891 4148 
508 3403 3025 4033 
509 2813 4010 4686 
510 3368 1428 5651 
511 641 198 3539 
512 3038 4181 5018 
513 2641 4784 4821 
514 667 4280 4362 
515 3791 2924 3792 
516 3400 2580 4921 
517 3670 2579 5410 
518 1428 3368 4031 
519 1394 3398 3621 
520 4010 4011 4686 
521 539 5501 5517 
522 2776 1965 3498 
523 198 199 3539 
524 2580 3400 5561 
525 4076 678 5350 
526 3321 586 3974 
527 3114 3683 5520 
528 3822 1714 3824 
529 3363 4337 5342 
530 4515 3358 4945 
531 656 3428 4721 
532 4355 3819 4955 
533 1780 3473 3641 
534 1961 1963 3742 
535 1239 4857 4931 
536 3417 1239 4776 
537 4784 2183 4821 
538 3050 567 3413 
539 4029 3456 5284 
540 639 3389 5233 
541 3213 4359 4920 
542 2870 3404 5663 
543 4902 3814 4943 
544 2145 3919 5396 
545 3718 685 3719 
546 2776 3498 3500 
547 3525 2850 4719 
548 2434 3961 3963 
549 4857 3864 4931 
550 1239 3417 4857 
551 3453 2526 4437 
552 3768 3577 5248 
553 3398 1394 3620 
554 3719 685 3721 
555 3302 5440 5617 
556 607 3419 3898 
557 2898 3949 5431 
558 3455 550 4074 
559 3545 3234 4200 
560 3940 3114 5520 
561 3456 4029 5459 
562 688 4515 4945 
563 2643 3421 3969 
564 3064 12 5237 
565 3887 3936 3937 
566 3411 4135 5422 
567 3492 690 5360 
568 3619 2998 4077 
569 3421 2643 3968 
570 2145 3859 3919 
571 678 4076 5246 
572 3308 628 3431 
573 3338 3627 3629 
574 4135 521 5422 
575 1780 3148 3473 
576 3088 20 5338 
577 672 4159 4410 
578 3586 2848 5840 
579 3338 2828 3627 
580 3870 4260 5420 
581 2859 3474 4837 
582 658 4913 4979 
583 891 4146 4148 
584 4337 664 5342 
585 2871 3302 5617 
586 3672 1289 4984 
587 2850 2848 3586 
588 3419 607 3897 
589 3075 448 5224 
590 234 235 3626 
591 3869 3870 5420 
592 4181 3038 5418 
593 3526 4596 5656 
594 3035 463 5241 
595 2448 3523 3530 
596 3347 4318 4546 
597 4828 3882 5269 
598 2489 3371 5684 
599 2899 2898 5431 
600 2835 4011 4412 
601 1880 3565 5030 
602 1934 5031 5189 
603 4940 3395 5594 
604 3470 3258 3471 
605 3501 574 4668 
606 3778 3672 4984 
607 3627 2828 3628 
608 3545 4200 5266 
609 3618 3619 4077 
610 3404 2870 3896 
611 614 3439 5436 
612 2850 3586 4719 
613 3430 687 3531 
614 3734 3795 3796 
615 4325 3858 5379 
616 607 3898 3899 
617 4011 2835 4686 
618 3119 482 5286 
619 1880 3618 4077 
620 3258 2884 3471 
621 3448 471 5424 
622 3322 4882 5213 
623 1530 3641 5253 
624 2143 3644 3645 
625 3628 2828 3642 
626 3371 2489 4900 
627 2604 3689 4927 
628 494 3609 5258 
629 550 3455 5459 
630 5195 4023 5376 
631 503 4192 5224 
632 4031 3368 4738 
633 2449 2448 3530 
634 1530 1528 3641 
635 3734 3796 3797 
636 4192 503 4974 
637 5031 3305 5189 
638 3552 591 3553 
639 1051 832 3707 
640 2998 3619 5007 
641 1848 1850 4070 
642 2850 3525 4767 
643 3741 1399 5362 
644 623 3536 4444 
645 679 3451 3452 
646 2150 2709 3546 
647 2350 3443 5736 
648 541 5400 5554 
649 5208 3378 5259 
650 3335 3062 4935 
651 4032 4031 4738 
652 3418 2781 4915 
653 3895 4253 5045 
654 3474 2859 4234 
655 4524 3723 5513 
656 3378 3943 5259 
657 3904 3486 5020 
658 3669 3334 5304 
659 5501 3429 5517 
660 2861 3969 4730 
661 4596 3101 5656 
662 539 3036 5501 
663 3742 3741 5362 
664 1714 3822 4987 
665 696 400 5285 
666 3887 3937 5183 
667 3823 547 3828 
668 3474 4234 4634 
669 607 3899 5311 
670 4615 513 5464 
671 2324 2842 3491 
672 1264 3747 5760 
673 3335 4935 5537 
674 3618 1880 5030 
675 3107 410 5324 
676 4818 4173 4969 
677 2376 3406 3710 
678 636 3478 5668 
679 3439 614 5199 
680 2663 4026 5290 
681 4026 2663 5371 
682 3058 5195 5376 
683 3733 1846 3795 
684 586 3321 5639 
685 3406 2376 5372 
686 1722 4828 5269 
687 3734 3733 3795 
688 613 4940 5594 
689 3428 656 5097 
690 3546 2709 3571 
691 1264 3746 3747 
692 687 3430 4860 
693 3498 3499 5452 
694 5218 150 5353 
695 3502 514 3510 
696 4656 3542 5124 
697 3443 2350 4070 
698 3444 4071 4158 
699 5448 4538 5496 
700 513 4615 5292 
701 3084 436 5357 
702 3440 307 5436 
703 4860 3430 5235 
704 4234 2607 4634 
705 3008 395 5343 
706 235 551 3626 
707 3858 4325 5486 
708 3526 2702 4596 
709 423 3185 3311 
710 4069 3553 5231 
711 685 3718 5071 
712 3478 636 3480 
713 3553 4069 5232 
714 307 3440 5427 
715 3490 515 4041 
716 2848 3409 5840 
717 3142 18 5365 
718 3644 2143 3678 
719 4348 3391 4752 
720 2408 3498 5452 
721 3527 641 3539 
722 4280 667 5185 
723 4251 5296 5489 
724 3068 504 3511 
725 3514 1135 3642 
726 3572 1051 3707 
727 592 3042 3432 
728 584 3043 3044 
729 3415 5218 5353 
730 671 3608 3609 
731 3986 1728 4504 
732 547 3823 3825 
733 3585 5109 5438 
734 3085 3836 5411 
735 3070 592 3071 
736 547 136 3828 
737 671 3607 3608 
738 3213 3459 4359 
739 518 4860 5235 
740 603 4020 5052 
741 5178 1372 5190 
742 2719 4188 4589 
743 3195 3844 5130 
744 3421 1654 3969 
745 3675 5178 5190 
746 3488 2574 3489 
747 1372 3797 5190 
748 548 3212 3526 
749 621 3070 3099 
750 3450 679 4862 
751 572 5101 5450 
752 3704 4062 4063 
753 4017 3232 5474 
754 5024 3454 5072 
755 1660 5024 5072 
756 2143 3645 3646 
757 4290 2443 4406 
758 3473 3148 3512 
759 4931 3864 4936 
760 5237 12 5542 
761 3083 3453 4437 
762 1961 3742 4641 
763 189 190 3721 
764 3551 1728 3986 
765 3136 532 3529 
766 5296 4037 5489 
767 5325 3387 5483 
768 3077 548 3078 
769 3864 3865 4936 
770 2781 3418 5739 
771 3050 3413 5484 
772 3063 533 3406 
773 576 3055 3056 
774 3908 3906 4248 
775 3498 1965 3499 
776 4073 370 5837 
777 3842 572 5450 
778 3100 474 5416 
779 1729 1728 3551 
780 3519 3066 5149 
781 5081 3374 5332 
782 3219 519 3220 
783 885 882 4148 
784 3798 5313 5533 
785 666 4179 4361 
786 181 182 4187 
787 3819 4888 4955 
788 3438 1429 4037 
789 3525 3694 4767 
790 3732 3798 5322 
791 520 3089 3090 
792 2924 3791 5233 
793 2606 3967 3968 
794 3542 3543 5124 
795 2122 3562 3563 
796 3047 4390 5438 
797 3798 3797 5313 
798 4020 603 5675 
799 4412 4004 4826 
800 2835 4412 4826 
801 4248 3906 5584 
802 3491 3492 5360 
803 3704 4061 4062 
804 4323 4324 5384 
805 4882 585 5213 
806 2470 4250 5043 
807 2339 4032 4738 
808 482 608 5286 
809 590 3720 4422 
810 3782 526 3913 
811 3884 3883 3939 
812 2606 2859 3967 
813 616 3308 3640 
814 504 3442 3511 
815 3457 5302 5584 
816 4032 2339 4903 
817 574 3008 4668 
818 3718 3720 5071 
819 3819 4355 5497 
820 1729 3551 3676 
821 20 582 5338 
822 3479 5308 5668 
823 3308 3431 5545 
824 4323 5384 5432 
825 5302 610 5584 
826 515 3490 5038 
827 4184 3528 5793 
828 2434 3963 5180 
829 4903 2339 5029 
830 2470 5043 5182 
831 5038 3490 5360 
832 3187 2437 3512 
833 4115 555 4478 
834 3574 4903 5029 
835 2247 2246 5198 
836 3642 1135 4928 
837 3495 3074 5352 
838 4599 3316 4818 
839 583 3063 3469 
840 448 503 5224 
841 558 3025 5642 
842 5347 3495 5352 
843 4535 5007 5412 
844 690 5038 5360 
845 5306 3390 5343 
846 3689 637 4927 
847 5196 4307 5262 
848 3478 3479 5668 
849 463 611 5241 
850 3414 5353 5594 
851 3814 4942 4943 
852 4410 4159 5666 
853 5308 247 5668 
854 532 3335 3529 
855 3792 2924 5382 
856 1417 4250 4728 
857 3491 2842 3492 
858 3913 2917 4137 
859 611 3324 3325 
860 640 3575 4980 
861 4255 3715 4256 
862 3541 1732 3542 
863 2755 5572 5631 
864 605 5221 5453 
865 1963 2776 3742 
866 541 3337 5400 
867 2641 2987 4784 
868 1271 3921 5623 
869 3466 4059 5643 
870 2919 2918 3558 
871 357 358 3633 
872 1095 1098 4550 
873 3520 3333 5778 
874 832 834 3707 
875 1847 4100 5028 
876 402 401 3328 
877 491 3120 3123 
878 5046 2377 5374 
879 3893 3424 5095 
880 7 400 696 
881 1037 5319 5592 
882 4913 3692 4979 
883 4359 602 4920 
884 5142 256 5316 
885 3967 2859 4837 
886 3089 579 3711 
887 4059 3466 5273 
888 1385 3865 4953 
889 534 3459 4843 
890 3521 670 3540 
891 396 395 3008 
892 3921 1271 5256 
893 4100 1847 5579 
894 407 406 3009 
895 4070 1850 4071 
896 2574 3488 3668 
897 414 413 3010 
898 416 415 3018 
899 1729 3676 3978 
900 690 3492 5590 
901 394 393 3019 
902 5 408 3476 
903 530 3367 4290 
904 419 418 3021 
905 5572 3423 5631 
906 1429 3438 5389 
907 417 11 3041 
908 421 12 3064 
909 3477 2978 5187 
910 3113 4764 4819 
911 10 412 3022 
912 423 422 3185 
913 530 432 3367 
914 3553 591 5231 
915 4535 689 5007 
916 465 23 3023 
917 9 531 3043 
918 1135 3514 3651 
919 411 410 3107 
920 670 3521 3557 
921 1385 4953 4985 
922 2247 3714 4255 
923 3714 3715 4255 
924 667 3632 5185 
925 19 448 3075 
926 2408 3449 4904 
927 3437 2705 5460 
928 5319 3812 5592 
929 3762 3310 5079 
930 3614 629 4189 
931 429 14 3175 
932 14 428 3180 
933 449 568 3212 
934 430 504 3068 
935 5347 4076 5350 
936 4079 489 5270 
937 592 433 3042 
938 2122 3563 3565 
939 136 137 3828 
940 407 3009 5464 
941 584 409 3043 
942 3124 485 5491 
943 3333 3520 5658 
944 4953 4228 4985 
945 480 479 3062 
946 567 17 3413 
947 4102 4602 5392 
948 5221 3345 5453 
949 3549 1208 3834 
950 2893 3669 5304 
951 467 466 3086 
952 2423 2938 4429 
953 447 446 3317 
954 505 427 3198 
955 3883 587 3939 
956 3405 3404 3896 
957 472 471 3448 
958 3683 3114 4819 
959 4442 2567 4964 
960 4188 642 4589 
961 3043 531 5495 
962 3632 667 5564 
963 509 5499 5542 
964 16 436 3084 
965 4524 2292 4681 
966 434 592 3070 
967 3120 553 3121 
968 3495 5347 5350 
969 464 463 3035 
970 469 24 3606 
971 1471 1465 3564 
972 3730 3506 5026 
973 4602 4102 5579 
974 2276 1984 3843 
975 3609 3647 5258 
976 445 18 3142 
977 24 468 3291 
978 3493 3085 5411 
979 370 495 5837 
980 453 20 3088 
981 548 450 3212 
982 27 532 3136 
983 3424 3893 5678 
984 621 435 3070 
985 3865 1385 4936 
986 2945 3616 4909 
987 4146 891 4436 
988 693 4184 5793 
989 2851 2852 3529 
990 489 4079 5496 
991 3891 2064 4712 
992 3938 2179 4883 
993 3617 2534 4376 
994 4415 4439 4941 
995 1098 3651 4550 
996 4538 489 5496 
997 2986 2669 4061 
998 21 533 3063 
999 2123 5377 5509 
1000 4318 3347 5660 
1001 3963 3357 5180 
1002 5238 3267 5363 
1003 456 520 3413 
1004 3472 2926 5309 
1005 3932 3862 5228 
1006 576 444 3055 
1007 941 1005 4428 
1008 4374 2937 4376 
1009 5220 806 5531 
1010 451 548 3077 
1011 605 3787 5221 
1012 475 474 3100 
1013 4256 3715 5626 
1014 2084 3244 5321 
1015 437 628 3308 
1016 470 526 3782 
1017 616 438 3308 
1018 3244 5301 5321 
1019 3579 2431 4202 
1020 478 519 3219 
1021 2937 3617 4376 
1022 3079 3802 5591 
1023 4370 1058 5121 
1024 3103 3359 3916 
1025 582 452 3077 
1026 3164 3943 5240 
1027 4079 688 4945 
1028 5377 3519 5509 
1029 608 3136 3940 
1030 3797 1372 5313 
1031 514 3502 3730 
1032 394 3019 5492 
1033 369 370 4073 
1034 5361 3867 5401 
1035 684 4348 4752 
1036 3302 2870 5663 
1037 3483 2660 4370 
1038 459 458 3112 
1039 2492 3644 3678 
1040 3232 4017 5451 
1041 454 579 3089 
1042 4785 2073 5036 
1043 520 455 3089 
1044 2526 3453 4700 
1045 3184 620 3312 
1046 483 482 3119 
1047 2732 5238 5363 
1048 2503 3584 5339 
1049 3529 3335 5648 
1050 3754 3370 5682 
1051 4946 1405 5277 
1052 2973 2470 5182 
1053 757 3766 4601 
1054 3689 2604 5606 
1055 3684 941 4428 
1056 3735 2725 5113 
1057 4250 1417 5043 
1058 3966 1399 5108 
1059 3454 1402 5072 
1060 519 477 3669 
1061 2623 4036 4944 
1062 932 941 3684 
1063 2705 3437 5131 
1064 3471 2884 3986 
1065 2574 2324 3491 
1066 1002 3616 4414 
1067 3117 631 3380 
1068 3814 4902 5454 
1069 3328 401 5523 
1070 614 3441 5199 
1071 4807 4962 5041 
1072 5156 3477 5187 
1073 3038 5018 5501 
1074 3112 458 5525 
1075 568 3387 5325 
1076 476 524 3334 
1077 3943 3164 5259 
1078 3459 534 5498 
1079 608 481 3136 
1080 3023 23 5517 
1081 1880 1473 3565 
1082 1212 1209 3835 
1083 3357 3963 5683 
1084 26 3334 3669 
1085 525 3524 3631 
1086 3622 2567 3625 
1087 919 921 4416 
1088 2183 2660 4821 
1089 1200 5361 5401 
1090 2437 3473 3512 
1091 554 3452 5216 
1092 2814 3622 3625 
1093 3762 5079 5614 
1094 181 4187 5618 
1095 5205 3982 5462 
1096 3635 1526 4439 
1097 583 457 3063 
1098 486 485 3124 
1099 2925 2923 3603 
1100 926 928 3624 
1101 2964 4961 5380 
1102 519 3669 5540 
1103 1098 1101 3651 
1104 3681 3201 4119 
1105 3584 2503 5603 
1106 611 462 3324 
1107 5114 4335 5475 
1108 3207 3395 4940 
1109 3936 3887 3939 
1110 635 3117 3118 
1111 3694 1726 3695 
1112 491 473 3120 
1113 3762 581 5141 
1114 4444 3536 5551 
1115 3327 3544 5217 
1116 3433 1391 5336 
1117 3597 3596 4459 
1118 591 3552 3554 
1119 3671 3672 3778 
1120 922 3596 4382 
1121 2443 4290 5750 
1122 358 604 3633 
1123 2954 3604 4659 
1124 3599 915 3601 
1125 2064 3891 4893 
1126 3798 1369 5322 
1127 1902 1613 3610 
1128 3596 922 4459 
1129 3441 614 5665 
1130 3010 413 5549 
1131 3616 1002 4909 
1132 3018 415 5548 
1133 3041 11 5554 
1134 916 913 3793 
1135 2776 3500 3741 
1136 3511 3442 5470 
1137 471 3782 5424 
1138 3800 3579 4202 
1139 4066 2422 5354 
1140 1013 3604 4399 
1141 923 920 4383 
1142 4422 3720 4916 
1143 2422 4066 5637 
1144 3021 418 5557 
1145 5400 3513 5554 
1146 2605 3647 4967 
1147 3291 3519 5149 
1148 5152 1117 5318 
1149 3523 2448 5781 
1150 3747 3748 5760 
1151 1051 3572 4273 
1152 2567 3622 4964 
1153 2263 3671 3778 
1154 2350 1848 4070 
1155 533 3448 5662 
1156 3001 5156 5187 
1157 3525 1726 3694 
1158 3575 640 4999 
1159 3022 412 5562 
1160 2973 5182 5650 
1161 3476 408 5593 
1162 4004 4001 5282 
1163 624 22 3472 
1164 1391 3433 5661 
1165 3312 3645 5703 
1166 1902 3610 3611 
1167 460 619 3472 
1168 4439 1526 4941 
1169 3175 14 5118 
1170 2623 4944 5005 
1171 3449 2408 5452 
1172 3537 5142 5316 
1173 14 3180 5118 
1174 3604 1013 4659 
1175 3744 3746 5063 
1176 581 3713 5141 
1177 3095 3846 4829 
1178 1002 4414 4416 
1179 3568 1737 3737 
1180 574 3501 4899 
1181 688 4079 5270 
1182 4391 2564 5003 
1183 2725 4429 5113 
1184 3698 2857 3904 
1185 921 1002 4416 
1186 3226 3844 5293 
1187 3730 5026 5622 
1188 25 553 3120 
1189 575 3807 4316 
1190 5243 4445 5407 
1191 3989 5294 5467 
1192 1208 1202 3834 
1193 757 3590 3766 
1194 641 3527 4409 
1195 4199 5295 5541 
1196 4063 1503 5062 
1197 4179 666 5307 
1198 3605 533 5662 
1199 1402 3454 5176 
1200 3542 1732 3543 
1201 505 3198 5658 
1202 3714 2247 5198 
1203 553 488 3184 
1204 3258 3470 5448 
1205 487 620 3184 
1206 493 3486 5516 
1207 3275 5298 5327 
1208 3284 4044 4045 
1209 234 3626 5527 
1210 3746 2642 3747 
1211 5537 3164 5648 
1212 3645 3312 3646 
1213 542 5306 5343 
1214 1837 3681 4119 
1215 3737 1737 4167 
1216 467 3086 5576 
1217 4071 2285 4158 
1218 3628 3642 4928 
1219 3452 554 5524 
1220 3489 2574 3491 
1221 3212 568 5325 
1222 3676 2994 3978 
1223 3025 3027 4033 
1224 3546 2623 5005 
1225 3036 3038 5501 
1226 2926 3472 5526 
1227 3588 3015 3728 
1228 3562 2122 3564 
1229 5379 3858 5512 
1230 2991 3652 4889 
1231 3732 3734 3798 
1232 3484 1660 4946 
1233 512 4253 5476 
1234 484 631 3117 
1235 928 943 3624 
1236 3374 5081 5275 
1237 2992 2993 3708 
1238 4546 4318 4919 
1239 3592 638 3593 
1240 3443 3445 5736 
1241 3983 588 4790 
1242 3317 446 5582 
1243 943 3550 3624 
1244 3482 5220 5531 
1245 5613 398 5763 
1246 3062 479 5598 
1247 15 530 5609 
1248 137 138 4983 
1249 4649 771 4848 
1250 3606 24 5149 
1251 190 508 3721 
1252 2660 3483 4821 
1253 3482 4038 5220 
1254 24 3291 5149 
1255 685 189 3721 
1256 4785 5036 5506 
1257 3042 15 5609 
1258 3039 3384 4959 
1259 3745 2642 3746 
1260 604 3588 5821 
1261 5158 33 5320 
1262 3931 3862 3932 
1263 1208 3549 3835 
1264 3938 4883 5646 
1265 3550 943 3693 
1266 4188 2719 5721 
1267 1100 4898 4930 
1268 3114 3113 4819 
1269 2857 3698 3703 
1270 3698 3904 5278 
1271 3812 3033 4684 
1272 3370 3754 5491 
1273 582 3077 5591 
1274 2686 3767 4570 
1275 2594 2857 3703 
1276 399 398 5613 
1277 3063 3406 5372 
1278 4257 633 5158 
1279 3058 4715 5195 
1280 635 28 3117 
1281 2109 1779 5253 
1282 1874 3932 5228 
1283 644 3917 5515 
1284 2686 3766 3767 
1285 3321 3974 4957 
1286 4281 4283 4626 
1287 2256 4265 5406 
1288 3414 3415 5353 
1289 3380 631 3397 
1290 3927 1761 3929 
1291 911 909 3602 
1292 410 584 5324 
1293 3471 3986 4504 
1294 2937 4374 4377 
1295 420 509 5542 
1296 531 424 5724 
1297 5105 531 5724 
1298 4362 4280 5442 
1299 4403 4425 4844 
1300 2987 5203 5488 
1301 935 3570 3685 
1302 3413 520 5608 
1303 4989 3319 5287 
1304 3688 2037 4044 
1305 3487 2187 5204 
1306 3917 644 5532 
1307 1399 3741 5108 
1308 3455 4074 4956 
1309 4420 4140 4436 
1310 3284 3688 4044 
1311 5538 3326 5701 
1312 4115 4478 5246 
1313 3871 4369 5192 
1314 3039 4959 5418 
1315 2449 3530 4898 
1316 3787 605 5667 
1317 4265 2256 5421 
1318 3612 2750 4637 
1319 524 3330 5146 
1320 4784 2987 5488 
1321 3828 137 4983 
1322 3469 3063 5372 
1323 1473 2122 3565 
1324 2122 1471 3564 
1325 2427 4401 4402 
1326 4944 4036 5216 
1327 3925 3923 3931 
1328 3467 4842 5405 
1329 400 502 5285 
1330 5440 3325 5617 
1331 3312 620 3558 
1332 2781 1911 3686 
1333 3164 5240 5648 
1334 4025 2909 5583 
1335 3462 3710 5569 
1336 587 3883 3888 
1337 1013 4399 4400 
1338 5338 3290 5426 
1339 3315 5035 5036 
1340 4375 1587 4377 
1341 3405 3896 5555 
1342 3887 3884 3939 
1343 5294 3130 5467 
1344 4108 5301 5479 
1345 3455 3456 5459 
1346 3710 3462 5644 
1347 440 439 5634 
1348 3362 5291 5435 
1349 2994 3676 4782 
1350 2725 2423 4429 
1351 4715 3058 5652 
1352 436 621 5357 
1353 5001 3580 5013 
1354 4159 672 5002 
1355 3388 4192 5114 
1356 2972 3913 4137 
1357 2595 5171 5207 
1358 4427 5074 5375 
1359 3704 4063 5062 
1360 3872 2262 4817 
1361 3432 3042 5415 
1362 2624 2622 3571 
1363 3334 524 5146 
1364 1992 5001 5013 
1365 3367 431 5630 
1366 3652 992 4889 
1367 3856 3858 5486 
1368 3343 4290 4406 
1369 431 3068 5630 
1370 1101 1135 3651 
1371 2310 4104 4717 
1372 497 3701 5346 
1373 3468 593 5527 
1374 242 587 3888 
1375 2622 3546 3571 
1376 3076 5056 5335 
1377 3912 2917 3913 
1378 2586 3737 4167 
1379 3085 440 5634 
1380 5048 639 5218 
1381 593 3468 5512 
1382 443 544 5652 
1383 18 576 5365 
1384 3695 3154 3696 
1385 948 950 4387 
1386 526 3912 3913 
1387 5415 3042 5609 
1388 4961 3330 5380 
1389 3766 2686 4601 
1390 426 558 5642 
1391 5041 3573 5219 
1392 3601 915 3602 
1393 3647 3681 4967 
1394 2695 4377 4557 
1395 1383 3760 4058 
1396 935 932 3684 
1397 2851 3529 5648 
1398 3536 623 5142 
1399 3643 2492 3697 
1400 3326 3371 5701 
1401 3330 4961 5146 
1402 3846 3095 4939 
1403 3198 426 5642 
1404 1526 3635 4440 
1405 4992 4375 4993 
1406 3662 683 4487 
1407 3560 600 4530 
1408 3902 4769 5451 
1409 5164 3767 5194 
1410 3315 5036 5518 
1411 4842 3467 5469 
1412 3510 514 5022 
1413 937 4992 4993 
1414 3701 497 5680 
1415 3512 3894 4995 
1416 3082 5205 5462 
1417 3055 443 5652 
1418 658 4979 5691 
1419 3731 1875 3910 
1420 1660 3484 5024 
1421 3088 5426 5719 
1422 2244 2235 4143 
1423 4800 4511 5128 
1424 3746 1264 5063 
1425 3749 2994 4782 
1426 3570 935 3684 
1427 5244 5416 5538 
1428 751 749 3849 
1429 1422 3886 4832 
1430 4316 3807 5790 
1431 1391 4324 5336 
1432 3184 3312 5703 
1433 2681 4302 4493 
1434 3154 3695 4680 
1435 4995 3894 5010 
1436 2906 4214 5227 
1437 4147 5196 5262 
1438 5295 3485 5541 
1439 3564 4649 4848 
1440 2978 3477 5786 
1441 1910 3576 3686 
1442 3576 1910 3759 
1443 4564 2447 4579 
1444 1989 2992 5068 
1445 4228 4229 5299 
1446 5166 4094 5193 
1447 3382 4564 4579 
1448 495 4105 5837 
1449 1846 3733 3910 
1450 3385 5439 5440 
1451 1209 1208 3835 
1452 4208 852 4209 
1453 3961 2434 5506 
1454 4324 1391 5384 
1455 3916 3359 5813 
1456 3467 2256 5406 
1457 1679 5164 5194 
1458 3953 3951 5170 
1459 3997 653 5099 
1460 1732 3541 4835 
1461 2256 3467 5405 
1462 912 914 4440 
1463 2573 3668 3679 
1464 3975 1094 5089 
1465 4769 3232 5451 
1466 3528 4184 5008 
1467 610 4248 5584 
1468 2607 2941 4634 
1469 3484 4946 5277 
1470 2781 3686 4915 
1471 922 4382 4383 
1472 4038 3482 5748 
1473 3708 2276 3843 
1474 4684 3033 5385 
1475 474 491 5416 
1476 579 3088 5719 
1477 1737 3568 3834 
1478 920 922 4383 
1479 3854 3856 4801 
1480 4105 495 5681 
1481 3588 3728 5821 
1482 4401 4403 4844 
1483 656 4721 5437 
1484 4401 2427 4403 
1485 627 3901 3902 
1486 4454 2493 4455 
1487 3483 4370 5121 
1488 640 4980 5558 
1489 2141 2815 3661 
1490 4021 3116 4824 
1491 2797 3679 3680 
1492 619 3400 5526 
1493 3141 2269 3666 
1494 3634 1001 4440 
1495 3388 5114 5475 
1496 3088 5338 5426 
1497 3431 4643 5545 
1498 2909 4025 5371 
1499 2187 3487 5761 
1500 3831 3067 4367 
1501 950 954 4387 
1502 1984 2418 3843 
1503 3538 617 5308 
1504 3671 2263 4878 
1505 3591 771 4065 
1506 4381 2109 5253 
1507 1517 4021 4824 
1508 2669 2668 4061 
1509 939 927 4400 
1510 4142 2244 4143 
1511 4643 2425 5545 
1512 5424 2570 5662 
1513 395 542 5343 
1514 3110 1934 5189 
1515 2573 2574 3668 
1516 4462 5087 5212 
1517 1911 1910 3686 
1518 3928 3925 3931 
1519 232 593 3857 
1520 954 4386 4387 
1521 3561 1826 5543 
1522 3703 2986 4061 
1523 2150 3546 5005 
1524 3856 3857 3858 
1525 3579 5530 5722 
1526 3579 3342 5530 
1527 796 3485 5295 
1528 3524 525 5386 
1529 828 830 4274 
1530 640 144 4999 
1531 677 4197 4198 
1532 3802 3079 5388 
1533 2939 2994 3749 
1534 678 4474 5350 
1535 2636 3941 4275 
1536 915 911 3602 
1537 5054 4224 5738 
1538 915 3599 3793 
1539 5298 1368 5327 
1540 1902 3611 3612 
1541 547 3825 3826 
1542 2941 3610 4775 
1543 2263 1412 4878 
1544 4148 4147 5368 
1545 4147 5262 5368 
1546 913 915 3793 
1547 2938 4428 4429 
1548 3544 3327 5549 
1549 3521 3522 3557 
1550 3824 1714 5563 
1551 4455 2493 4498 
1552 3573 3707 5219 
1553 1094 1095 4550 
1554 3797 3796 5190 
1555 3708 2993 5778 
1556 2919 3558 3754 
1557 3590 757 3849 
1558 771 3591 4848 
1559 3567 3298 5612 
1560 3015 3613 3728 
1561 589 3816 3817 
1562 3439 3440 5436 
1563 2642 3745 4548 
1564 3564 1465 4649 
1565 3699 646 3700 
1566 3695 1726 4680 
1567 1005 1020 4428 
1568 4634 2941 4775 
1569 4198 3247 5230 
1570 4457 4455 4498 
1571 3612 3872 4817 
1572 3994 562 3995 
1573 1745 5587 5602 
1574 3733 3731 3910 
1575 3298 5610 5612 
1576 4214 2906 5188 
1577 3167 4823 4833 
1578 955 957 3691 
1579 3977 2821 4632 
1580 3101 4596 5075 
1581 2913 4938 5157 
1582 4794 4456 4947 
1583 4192 3388 5224 
1584 1826 3561 5556 
1585 1902 3612 4637 
1586 2576 4058 4861 
1587 3548 3361 5557 
1588 5301 3244 5479 
1589 2493 4454 4456 
1590 3185 5243 5407 
1591 3696 3154 3964 
1592 2555 4977 5226 
1593 3559 2395 5493 
1594 2797 3680 4880 
1595 231 232 3857 
1596 2571 4998 5569 
1597 4679 3189 4727 
1598 3830 3067 3831 
1599 2235 2245 4143 
1600 3614 4189 5274 
1601 3983 4790 5683 
1602 3613 2638 3728 
1603 617 3538 5633 
1604 3976 3977 4632 
1605 153 4884 4940 
1606 3558 2918 5770 
1607 4197 3247 4198 
1608 2299 2928 3747 
1609 624 3472 5309 
1610 2447 4021 4820 
1611 4733 4190 4951 
1612 2925 3603 5127 
1613 4699 3520 5778 
1614 3346 5492 5519 
1615 3448 5424 5662 
1616 2993 4699 5778 
1617 3789 565 4018 
1618 553 3184 5703 
1619 3472 619 5526 
1620 4141 4143 4144 
1621 1825 3663 4853 
1622 3658 2280 3660 
1623 2572 4457 4498 
1624 3410 3666 3667 
1625 4369 1189 5192 
1626 1548 3717 4647 
1627 4273 2709 4997 
1628 1339 3567 5612 
1629 2638 3613 3941 
1630 3822 3820 4987 
1631 5018 4181 5673 
1632 3648 961 3650 
1633 5222 2561 5315 
1634 3248 4092 5583 
1635 5214 5400 5632 
1636 2564 4302 5003 
1637 959 962 3664 
1638 3027 3034 4033 
1639 4337 3363 5430 
1640 4133 3174 4176 
1641 3444 4158 5562 
1642 3608 3201 3681 
1643 5088 3356 5144 
1644 680 4045 4480 
1645 1821 2492 3678 
1646 2508 3585 5438 
1647 4102 4100 5579 
1648 589 3817 3818 
1649 5374 4121 5443 
1650 927 1013 4400 
1651 4141 4144 4436 
1652 1202 1737 3834 
1653 4717 4104 5419 
1654 4058 3760 4861 
1655 3745 1888 4548 
1656 4090 5098 5117 
1657 3675 3674 5167 
1658 4826 4004 5282 
1659 3793 3597 4459 
1660 5098 3282 5117 
1661 3964 3153 4303 
1662 3918 3945 4560 
1663 3400 4921 5526 
1664 4764 1899 4819 
1665 589 139 3816 
1666 3141 3666 3773 
1667 2643 3969 5410 
1668 916 3793 4459 
1669 3661 2815 3662 
1670 694 5081 5332 
1671 4065 4064 4917 
1672 1197 1203 4166 
1673 4162 2442 5659 
1674 2496 2497 4388 
1675 3760 1383 4727 
1676 2635 3668 4469 
1677 4386 954 4388 
1678 4823 2087 4833 
1679 4898 3530 4930 
1680 2370 2368 4456 
1681 357 3633 4890 
1682 3737 2586 3738 
1683 2492 3643 3644 
1684 3738 2586 3739 
1685 4383 2954 4659 
1686 3106 5580 5643 
1687 5492 3019 5519 
1688 1394 3621 4759 
1689 4472 5136 5265 
1690 3638 250 3689 
1691 3668 2635 3679 
1692 3322 3441 4882 
1693 2390 2391 4113 
1694 4022 2601 4650 
1695 4080 3497 5080 
1696 126 127 3955 
1697 4579 2447 4820 
1698 1428 3988 5651 
1699 1330 3547 5268 
1700 559 4198 5230 
1701 3899 3901 5311 
1702 4140 4141 4436 
1703 3923 3930 3931 
1704 3274 5152 5318 
1705 2642 2299 3747 
1706 4998 3462 5569 
1707 3555 5054 5738 
1708 3727 2363 4265 
1709 3734 3797 3798 
1710 1958 3725 4207 
1711 923 4383 4659 
1712 3539 199 5242 
1713 5341 3220 5452 
1714 957 961 3691 
1715 3069 4388 4850 
1716 241 242 3888 
1717 3725 2754 4207 
1718 3666 2269 3667 
1719 3705 3105 3706 
1720 2105 3677 4221 
1721 655 4017 5474 
1722 485 635 5491 
1723 3624 2945 4909 
1724 3361 3548 5461 
1725 562 3994 3996 
1726 3574 1477 5090 
1727 249 250 3638 
1728 4271 348 5807 
1729 677 4196 4197 
1730 3187 3512 4995 
1731 2828 2826 3642 
1732 2972 3782 3913 
1733 3630 3083 4437 
1734 5170 3951 5702 
1735 4133 4132 4743 
1736 4416 4415 4941 
1737 3008 4614 4668 
1738 3675 5167 5178 
1739 961 3648 3691 
1740 2280 3658 3769 
1741 2706 4576 4673 
1742 3174 4133 4743 
1743 4962 3573 5041 
1744 3784 2301 3785 
1745 3955 3954 4235 
1746 3180 3520 4699 
1747 5587 3461 5602 
1748 1477 4796 5090 
1749 2671 4442 4964 
1750 4258 5158 5320 
1751 3811 1548 4647 
1752 4401 4400 4402 
1753 3060 4122 5734 
1754 3356 2557 5144 
1755 3324 461 5735 
1756 506 3861 3930 
1757 5455 2287 5521 
1758 461 624 5735 
1759 3258 5448 5496 
1760 5737 3032 5756 
1761 3066 3519 5377 
1762 757 751 3849 
1763 4081 3281 5229 
1764 1291 1288 3966 
1765 3634 2671 4960 
1766 4274 4273 4997 
1767 3891 3881 4893 
1768 3668 3488 4469 
1769 633 4257 5753 
1770 2826 3514 3642 
1771 1950 5504 5511 
1772 2032 4989 5287 
1773 4403 4794 4947 
1774 3554 5046 5374 
1775 3907 3909 4448 
1776 3909 2397 4448 
1777 2494 4304 4306 
1778 3779 3276 3970 
1779 3041 3513 5553 
1780 5408 3023 5517 
1781 3610 1613 4775 
1782 2849 2099 3773 
1783 4960 2671 4964 
1784 1875 3653 3779 
1785 5146 2960 5304 
1786 4377 1587 4557 
1787 2109 4381 5733 
1788 4092 3248 5487 
1789 2365 5470 5494 
1790 3653 1875 3731 
1791 4144 4146 4436 
1792 2442 4162 5392 
1793 3861 3862 3930 
1794 5099 653 5697 
1795 1899 1898 3682 
1796 1477 3574 5029 
1797 2635 1938 3679 
1798 3912 526 5785 
1799 3857 593 3858 
1800 594 3953 3954 
1801 3791 639 5233 
1802 3636 2184 4022 
1803 2939 3749 4854 
1804 2184 3636 3849 
1805 3444 4070 4071 
1806 3945 1259 4560 
1807 3138 2301 3784 
1808 3936 3935 3937 
1809 1289 3672 5830 
1810 4895 4131 4975 
1811 2280 2141 3661 
1812 4884 3207 4940 
1813 492 3944 4026 
1814 1618 828 4274 
1815 2111 1941 4354 
1816 3580 937 4993 
1817 3103 3916 4350 
1818 4007 4009 4734 
1819 3067 3830 4393 
1820 3493 5737 5756 
1821 4832 3886 5183 
1822 2921 3754 5682 
1823 126 3955 3956 
1824 594 3952 3953 
1825 251 637 3689 
1826 3332 3808 3809 
1827 891 4420 4436 
1828 3908 4248 4925 
1829 1222 1220 4565 
1830 3916 3914 4350 
1831 3591 4065 4917 
1832 1819 1821 3678 
1833 1288 1399 3966 
1834 2786 3771 5346 
1835 2624 3571 3572 
1836 3339 2890 5225 
1837 3687 2664 3769 
1838 2695 2937 4377 
1839 939 4400 4401 
1840 3438 3717 5389 
1841 500 3637 4349 
1842 3607 671 4978 
1843 2368 2493 4456 
1844 3182 3808 3832 
1845 2797 2573 3679 
1846 4281 4626 5442 
1847 1183 1184 4117 
1848 3221 5325 5483 
1849 4009 1238 4734 
1850 937 3580 5001 
1851 4302 2564 4493 
1852 3312 3558 5770 
1853 3115 4263 4312 
1854 3855 231 3857 
1855 1329 1327 4534 
1856 1012 4458 4499 
1857 3513 3041 5554 
1858 2636 2638 3941 
1859 3764 3138 4512 
1860 2008 3907 4448 
1861 2681 3550 4302 
1862 4230 4231 5175 
1863 3673 3127 4128 
1864 749 2184 3849 
1865 4374 4375 4377 
1866 3646 2918 5772 
1867 682 3996 5250 
1868 3787 3785 4116 
1869 511 3557 5154 
1870 5171 3336 5207 
1871 2992 3843 5068 
1872 3182 2043 3808 
1873 2303 2381 5585 
1874 1761 3927 5330 
1875 1812 1813 4849 
1876 3609 3608 3647 
1877 3557 3522 5154 
1878 1001 912 4440 
1879 607 104 3897 
1880 5074 1016 5375 
1881 914 1526 4440 
1882 4207 4208 4209 
1883 3799 3800 4202 
1884 5085 4082 5096 
1885 686 146 3792 
1886 4122 3060 5446 
1887 681 3659 4908 
1888 2008 3905 3907 
1889 5229 3281 5254 
1890 2492 2481 3697 
1891 3299 4545 5502 
1892 348 4271 5500 
1893 646 3699 3701 
1894 2926 2583 3709 
1895 4480 4045 5749 
1896 3748 1265 5760 
1897 3340 4298 5472 
1898 3068 3511 3765 
1899 3929 2663 5290 
1900 3284 4045 5138 
1901 3044 3043 3047 
1902 3588 604 5672 
1903 1781 5285 5355 
1904 3802 3833 5591 
1905 926 3624 4909 
1906 4286 1602 4287 
1907 5439 3325 5440 
1908 5353 613 5594 
1909 3138 3784 4512 
1910 2921 2919 3754 
1911 3154 3153 3964 
1912 3366 3957 5794 
1913 4444 3405 4689 
1914 584 3044 3045 
1915 3889 3881 3891 
1916 1587 4375 4992 
1917 4062 5166 5193 
1918 3957 3366 5423 
1919 3126 3712 4266 
1920 5252 2487 5337 
1921 961 959 3664 
1922 5056 936 5335 
1923 3071 4385 5711 
1924 1544 5085 5096 
1925 3485 796 5758 
1926 3660 2280 3661 
1927 4100 4099 5028 
1928 2899 3827 5057 
1929 525 3631 3632 
1930 3934 3935 3936 
1931 4387 2991 4889 
1932 3602 909 4800 
1933 4545 3299 5607 
1934 662 4163 4164 
1935 3747 2928 3748 
1936 919 4416 4941 
1937 2664 3687 3788 
1938 3626 551 4851 
1939 5044 1380 5137 
1940 1094 4550 5089 
1941 3965 1291 3966 
1942 2969 5664 5729 
1943 3776 2601 4022 
1944 3920 3110 5305 
1945 3602 4800 5128 
1946 4126 4520 4872 
1947 3572 3571 4273 
1948 2534 3617 4977 
1949 3702 3905 4479 
1950 943 944 3693 
1951 4208 4807 5041 
1952 3620 5803 5819 
1953 5593 2977 5786 
1954 3680 4525 4880 
1955 3547 1330 5809 
1956 2244 4142 4673 
1957 944 992 3693 
1958 3905 2008 4479 
1959 4287 1602 4288 
1960 3480 636 3638 
1961 2394 1956 3756 
1962 703 705 4056 
1963 2974 4164 5659 
1964 625 3726 4942 
1965 1292 1296 3990 
1966 3677 3563 4221 
1967 1724 2298 3800 
1968 3653 3276 3779 
1969 230 231 3855 
1970 3565 3563 3677 
1971 4457 2572 4499 
1972 4164 2974 5472 
1973 1455 1461 3763 
1974 2690 3694 3695 
1975 625 142 3726 
1976 5566 3836 5634 
1977 1602 4286 4677 
1978 4286 3168 4677 
1979 3512 3148 3894 
1980 5447 1324 5478 
1981 621 3099 3408 
1982 2298 3579 3800 
1983 5039 4520 5070 
1984 4985 4228 5299 
1985 3160 4758 4816 
1986 3713 581 4970 
1987 3110 3920 4353 
1988 2750 3612 4817 
1989 3663 3073 4853 
1990 830 1051 4274 
1991 2034 5260 5280 
1992 1773 1772 4267 
1993 3585 2508 5699 
1994 594 128 3952 
1995 3527 3238 4409 
1996 254 623 3839 
1997 4802 3293 5576 
1998 5416 3326 5538 
1999 2577 4352 5773 
2000 1458 4004 4412 
2001 2992 3708 3843 
2002 892 889 4305 
2003 3406 533 3605 
2004 5400 3337 5632 
2005 3636 4022 4650 
2006 3934 617 3935 
2007 3056 3055 3058 
2008 3650 961 3664 
2009 2448 4564 5781 
2010 2288 3301 4799 
2011 1203 1210 4166 
2012 3941 1697 4275 
2013 520 3090 3091 
2014 86 87 4163 
2015 1187 1201 4812 
2016 1813 3942 4849 
2017 3771 2786 5782 
2018 4728 3620 5819 
2019 5311 3901 5745 
2020 1894 3736 3755 
2021 3635 3634 4440 
2022 3664 4733 4951 
2023 4527 3948 5297 
2024 4207 2754 4208 
2025 1383 4679 4727 
2026 3720 590 5071 
2027 1894 1893 3736 
2028 1001 3634 4960 
2029 3077 3078 3079 
2030 2594 3703 3704 
2031 2644 3743 3744 
2032 3666 2849 3773 
2033 5260 3306 5280 
2034 2213 4268 4269 
2035 1449 1406 3999 
2036 3514 3515 3651 
2037 3138 3764 4477 
2038 2814 3625 4972 
2039 1772 3758 4267 
2040 3781 892 4305 
2041 3898 2404 3899 
2042 4238 1012 4499 
2043 3293 4802 5092 
2044 2924 2925 5382 
2045 1711 3702 4479 
2046 2663 3929 5704 
2047 3702 1711 4217 
2048 1293 1291 3965 
2049 1100 2710 4898 
2050 576 3056 3057 
2051 3166 4155 4864 
2052 3706 3105 4166 
2053 2497 4386 4388 
2054 3571 2709 4273 
2055 3688 4895 4975 
2056 148 639 3791 
2057 3740 2576 4861 
2058 3499 1965 4912 
2059 2664 1759 3769 
2060 1852 2285 4071 
2061 746 748 4194 
2062 3785 2301 4116 
2063 2312 2092 3755 
2064 3716 3137 3729 
2065 4385 3071 5209 
2066 3932 1874 4971 
2067 245 617 3934 
2068 4801 3856 5486 
2069 3115 4312 4370 
2070 139 140 3816 
2071 3928 3931 3932 
2072 3848 1222 4565 
2073 1850 1852 4071 
2074 4021 1517 4820 
2075 5580 3466 5643 
2076 3593 638 5234 
2077 1956 1957 3756 
2078 3681 1837 4967 
2079 3787 4116 5221 
2080 3587 518 5235 
2081 705 709 4056 
2082 1458 4003 4004 
2083 3801 3290 3833 
2084 638 3592 5649 
2085 104 105 3897 
2086 5183 3937 5646 
2087 4411 5004 5091 
2088 3685 3570 4673 
2089 3813 625 3814 
2090 632 4662 5807 
2091 3652 4391 5003 
2092 3691 3069 4850 
2093 3126 1697 4894 
2094 3069 2496 4388 
2095 538 4256 5626 
2096 3764 4160 4477 
2097 3540 670 5060 
2098 1178 1176 3739 
2099 5047 732 5162 
2100 5087 2847 5212 
2101 4520 2012 4872 
2102 3189 3576 4727 
2103 578 155 3761 
2104 3381 5455 5521 
2105 3105 3705 4117 
2106 1212 3835 5808 
2107 860 5378 5393 
2108 3758 1772 4239 
2109 1235 1458 4012 
2110 3220 519 3449 
2111 1327 1339 4534 
2112 3790 1329 4534 
2113 3606 3066 5785 
2114 3701 3699 4847 
2115 3818 3817 3819 
2116 1595 1593 4288 
2117 866 5348 5366 
2118 3105 1197 4166 
2119 1846 3794 3795 
2120 1265 3748 5685 
2121 2644 1692 3743 
2122 2246 2725 5198 
2123 2596 4610 5408 
2124 636 249 3638 
2125 4296 564 4762 
2126 241 3888 4809 
2127 3502 3503 3730 
2128 3567 1339 5638 
2129 2494 4306 4307 
2130 1296 3777 3990 
2131 3279 3840 3841 
2132 2887 3716 3729 
2133 240 241 4809 
2134 250 251 3689 
2135 4298 3340 5571 
2136 4987 3820 5497 
2137 989 5039 5070 
2138 3682 3683 4819 
2139 138 589 4983 
2140 3758 4239 4336 
2141 1759 2280 3769 
2142 3397 3559 5493 
2143 2395 3559 5601 
2144 2410 2374 4402 
2145 4266 3712 4343 
2146 3961 3962 3963 
2147 2811 3230 4966 
2148 5374 2377 5734 
2149 3830 1303 4393 
2150 4263 3115 4600 
2151 127 594 3955 
2152 2092 1894 3755 
2153 3503 3506 3730 
2154 3193 3160 4816 
2155 262 652 3962 
2156 3664 962 4733 
2157 581 271 4970 
2158 3116 4056 4824 
2159 1455 3763 3829 
2160 898 893 4338 
2161 2096 2479 3794 
2162 3861 506 4573 
2163 1220 1547 4565 
2164 3719 3721 3722 
2165 2099 1694 3773 
2166 3657 2710 4806 
2167 600 3560 5816 
2168 1290 1292 3990 
2169 4938 1614 5157 
2170 645 157 3770 
2171 128 129 3952 
2172 3014 2111 4354 
2173 4011 4012 4412 
2174 571 4103 4162 
2175 3774 1143 4827 
2176 3360 5315 5499 
2177 3643 3697 4654 
2178 3725 1958 4713 
2179 948 4387 4889 
2180 1184 3105 4117 
2181 2104 1881 2918 
2182 3826 3825 3827 
2183 3894 3301 5010 
2184 4610 2596 5693 
2185 3893 2089 4737 
2186 2821 3977 4661 
2187 496 3903 4252 
2188 3677 2105 4720 
2189 1103 3757 4404 
2190 3804 1449 3999 
2191 2627 1531 3783 
2192 141 625 3813 
2193 3429 5408 5517 
2194 4576 2244 4673 
2195 2213 4267 4268 
2196 673 3577 5503 
2197 1910 1908 3759 
2198 1756 1426 3799 
2199 3595 296 5302 
2200 3570 2706 4673 
2201 1531 3780 3783 
2202 1258 1261 4054 
2203 1837 4119 4357 
2204 2939 4854 4994 
2205 3475 599 5768 
2206 1498 1503 5000 
2207 2600 3964 4303 
2208 4458 4457 4499 
2209 2887 3729 3985 
2210 1602 1595 4288 
2211 1845 2096 3794 
2212 5389 3717 5774 
2213 2690 3695 3696 
2214 3962 652 3963 
2215 1908 2420 3759 
2216 4312 1058 4370 
2217 2707 3893 4737 
2218 2478 3785 3786 
2219 803 4525 4840 
2220 1176 1832 3739 
2221 4231 2294 4232 
2222 4229 2306 4230 
2223 3554 5374 5443 
2224 3959 570 3960 
2225 1875 1678 3910 
2226 2478 3784 3785 
2227 4977 3617 5226 
2228 5378 4379 5393 
2229 1224 1222 3848 
2230 4000 2752 4002 
2231 4086 4085 4692 
2232 3875 3881 3889 
2233 1406 1389 3999 
2234 2601 3776 4308 
2235 4126 2785 4503 
2236 2586 1178 3739 
2237 895 930 4138 
2238 3772 4217 4497 
2239 1233 1235 4012 
2240 1834 1444 4233 
2241 3296 5162 5186 
2242 662 86 4163 
2243 4142 3685 4673 
2244 3904 665 5278 
2245 3850 543 3853 
2246 5348 4364 5366 
2247 1458 1237 4003 
2248 3937 3935 3938 
2249 2576 3740 4054 
2250 5432 1238 5723 
2251 4131 2760 4786 
2252 729 4110 4111 
2253 3639 4615 5464 
2254 2307 2306 4229 
2255 5504 3463 5511 
2256 3981 746 4194 
2257 1331 1329 3790 
2258 3930 3862 3931 
2259 2459 2468 3806 
2260 491 3123 3326 
2261 536 125 3956 
2262 992 3652 5003 
2263 889 938 4305 
2264 3743 1888 3745 
2265 1853 1823 2143 
2266 3874 3875 3889 
2267 5664 4301 5729 
2268 4217 1711 4497 
2269 3712 3126 4354 
2270 4128 1466 4653 
2271 1103 3976 4632 
2272 3839 4444 4689 
2273 260 570 3959 
2274 147 3791 3792 
2275 3810 4131 4786 
2276 3206 4020 5050 
2277 4134 4176 4781 
2278 1941 3712 4354 
2279 3843 2418 5068 
2280 4304 4305 4306 
2281 2710 3657 4898 
2282 2347 3290 3801 
2283 4143 2245 4144 
2284 3853 543 3854 
2285 3226 2679 5130 
2286 1380 3674 5137 
2287 3679 1938 3680 
2288 3826 4112 5826 
2289 1186 1183 4117 
2290 1456 4108 4109 
2291 2037 3688 4975 
2292 4764 3113 4771 
2293 3339 5044 5137 
2294 616 5566 5634 
2295 3673 4128 4653 
2296 4425 4403 4947 
2297 4604 2353 5086 
2298 1832 1174 3803 
2299 1188 1186 4755 
2300 2295 2294 4231 
2301 3301 3894 4799 
2302 4085 3522 4692 
2303 3845 3846 4939 
2304 1180 2586 4167 
2305 1395 1438 3989 
2306 3918 2644 3945 
2307 1146 1067 3915 
2308 1729 3978 4522 
2309 1898 1901 3682 
2310 5565 3584 5603 
2311 1674 3779 3970 
2312 3915 3914 3916 
2313 1819 1818 1821 
2314 3719 3722 3724 
2315 748 1117 4194 
2316 2213 1773 4267 
2317 1694 1645 4664 
2318 3796 2479 3873 
2319 3167 3763 4754 
2320 4101 4161 4346 
2321 143 640 3726 
2322 3874 546 3875 
2323 3920 1168 4353 
2324 1901 2101 2395 
2325 1160 4263 4600 
2326 697 1781 4297 
2327 2660 3115 4370 
2328 3004 404 5746 
2329 1810 1811 1812 
2330 1609 2262 4949 
2331 3391 4348 5776 
2332 1782 4758 4929 
2333 2793 3774 4827 
2334 3810 2590 4131 
2335 3416 3417 5689 
2336 2181 2400 2580 
2337 2195 1886 3970 
2338 3053 3549 3834 
2339 3565 3677 5030 
2340 2483 2485 2489 
2341 955 3691 4850 
2342 1296 1390 3777 
2343 3794 2479 3795 
2344 1808 1809 1810 
2345 2581 2583 2926 
2346 82 3594 5535 
2347 2418 4176 5068 
2348 2978 5107 5187 
2349 3813 3814 3815 
2350 2298 2394 3342 
2351 507 3589 5599 
2352 3658 3125 3769 
2353 3724 2054 5755 
2354 2313 3280 3921 
2355 1426 1425 3799 
2356 1444 1442 4233 
2357 4103 571 4161 
2358 3279 2248 3840 
2359 935 3685 4138 
2360 5136 2386 5265 
2361 1381 1224 3848 
2362 536 3956 3957 
2363 2627 3783 3971 
2364 2583 2585 3709 
2365 1261 2576 4054 
2366 3978 4129 4522 
2367 1817 1818 1819 
2368 3772 1667 4261 
2369 1957 2181 3756 
2370 3845 1457 3846 
2371 2726 4068 4332 
2372 2625 3866 3867 
2373 3774 3775 4901 
2374 3831 4367 4863 
2375 506 226 4573 
2376 4155 2759 4864 
2377 3478 3480 4892 
2378 892 3781 4338 
2379 2623 2620 4036 
2380 1899 3682 4819 
2381 3305 5031 5600 
2382 3738 3739 4023 
2383 3682 2395 3683 
2384 2585 2869 3709 
2385 5470 3442 5494 
2386 1577 1574 4262 
2387 3065 3911 3912 
2388 2370 4456 4794 
2389 1821 2481 2492 
2390 4334 1015 4973 
2391 1905 2917 3911 
2392 3165 4174 4584 
2393 1456 4107 4108 
2394 1012 4238 4518 
2395 3808 2043 3809 
2396 1146 3915 3916 
2397 1503 4063 5000 
2398 4790 3357 5683 
2399 3583 3584 5565 
2400 3839 623 4444 
2401 3594 82 5599 
2402 3334 5146 5304 
2403 3568 3053 3834 
2404 1817 1815 1818 
2405 125 126 3956 
2406 3948 4527 5702 
2407 3555 3004 5054 
2408 4055 703 4056 
2409 2932 2458 3863 
2410 145 146 686 
2411 1724 1956 2298 
2412 1600 3837 4547 
2413 3933 3934 3936 
2414 1896 1898 1899 
2415 87 571 4163 
2416 743 746 3981 
2417 2869 2870 2871 
2418 229 543 3850 
2419 1667 3772 4497 
2420 3945 3744 5063 
2421 2017 3561 5543 
2422 4443 4068 4696 
2423 2104 2918 2919 
2424 1771 1449 3804 
2425 1689 1724 3800 
2426 3360 5222 5315 
2427 3442 3175 5155 
2428 4854 766 4994 
2429 3788 1076 4495 
2430 3499 5341 5452 
2431 2588 1250 3829 
2432 2610 4157 4452 
2433 3755 4764 4771 
2434 3276 2195 3970 
2435 3587 3588 5468 
2436 1364 1331 3790 
2437 239 546 3874 
2438 3944 492 4613 
2439 1697 3941 4894 
2440 726 724 4110 
2441 2940 2079 3871 
2442 5208 1655 5595 
2443 1185 1187 4812 
2444 261 262 3962 
2445 4227 2331 4228 
2446 3083 3630 5243 
2447 2918 3646 5770 
2448 2298 1956 2394 
2449 458 583 5525 
2450 549 3946 3947 
2451 3838 253 3839 
2452 143 144 640 
2453 2199 797 4055 
2454 3547 3410 5627 
2455 2202 4443 4696 
2456 4024 492 4026 
2457 1297 1293 3965 
2458 2625 2166 3866 
2459 499 3665 5773 
2460 4713 1061 4906 
2461 2664 3788 4495 
2462 3950 3948 3951 
2463 551 236 3892 
2464 1823 1819 3678 
2465 1810 1809 1811 
2466 267 595 4060 
2467 1387 1457 3845 
2468 3125 3687 3769 
2469 4243 2694 4768 
2470 404 403 5746 
2471 147 148 3791 
2472 674 3656 5184 
2473 752 3776 4539 
2474 510 3692 4913 
2475 4352 2577 5466 
2476 2585 2603 2869 
2477 1805 1802 4193 
2478 2134 2131 4030 
2479 4057 2284 4665 
2480 2676 3322 4165 
2481 148 149 639 
2482 225 506 3922 
2483 2621 3868 4035 
2484 4289 4288 4761 
2485 4400 4399 4402 
2486 3923 3922 3930 
2487 2481 2483 3697 
2488 3922 506 3930 
2489 3066 3606 5149 
2490 3651 3515 4550 
2491 1893 1896 3736 
2492 3327 5217 5687 
2493 4525 3680 4840 
2494 3721 508 3722 
2495 3469 5372 5722 
2496 1812 1811 1813 
2497 2776 3741 3742 
2498 543 230 3855 
2499 4132 1014 4743 
2500 4239 2666 4336 
2501 156 645 3761 
2502 2143 3646 5772 
2503 5372 2431 5722 
2504 2839 4057 4665 
2505 1808 1807 1809 
2506 1237 1241 4003 
2507 4232 4233 4911 
2508 2580 2400 2581 
2509 3121 553 3122 
2510 1412 1416 4878 
2511 4323 5432 5723 
2512 1903 1905 3911 
2513 1756 3799 4202 
2514 1321 1379 4328 
2515 1969 4139 4140 
2516 3933 244 3934 
2517 1901 2395 3682 
2518 3550 3693 4302 
2519 1795 2606 4259 
2520 1315 1402 4300 
2521 2248 1704 3840 
2522 4399 2410 4402 
2523 4068 4067 4332 
2524 1007 997 4347 
2525 3994 3993 3996 
2526 3818 3819 3820 
2527 3116 2199 4055 
2528 3380 3397 5585 
2529 2215 3971 4566 
2530 4101 4103 4161 
2531 2181 2580 3756 
2532 2311 2313 3921 
2533 2270 2134 4030 
2534 3416 5689 5713 
2535 3615 176 5624 
2536 3832 2007 4804 
2537 602 4270 4920 
2538 1250 1252 3829 
2539 3373 2477 3917 
2540 253 254 3839 
2541 3576 3759 4727 
2542 637 252 3838 
2543 3911 2917 3912 
2544 3795 2479 3796 
2545 3182 3832 4804 
2546 3744 3743 3745 
2547 1201 4050 4812 
2548 3976 3975 3977 
2549 2824 2827 4222 
2550 1892 1893 1894 
2551 3744 3745 3746 
2552 549 131 3946 
2553 1424 1425 1426 
2554 3773 1694 4664 
2555 1076 3788 4088 
2556 4119 2629 4357 
2557 492 222 4613 
2558 3761 645 3844 
2559 3875 3876 3877 
2560 1518 2080 3985 
2561 1221 1223 4013 
2562 2374 2427 4402 
2563 3736 1899 4764 
2564 3780 1531 4338 
2565 3877 3878 3882 
2566 146 147 3792 
2567 893 892 4338 
2568 1814 1812 1815 
2569 1441 1443 3918 
2570 930 935 4138 
2571 729 726 4110 
2572 549 3948 3950 
2573 3885 3884 3886 
2574 3875 546 3876 
2575 1837 1778 4967 
2576 1249 2752 4000 
2577 1757 1756 1954 
2578 2001 1157 4129 
2579 818 820 4130 
2580 4307 4306 5262 
2581 4388 954 4850 
2582 1425 1689 3799 
2583 4176 2418 4781 
2584 1622 4303 4646 
2585 3612 3611 3872 
2586 158 497 3770 
2587 1896 1899 3736 
2588 1361 1367 4496 
2589 1067 1123 3915 
2590 1755 1756 1757 
2591 3395 3073 3663 
2592 2017 1805 4193 
2593 3739 1832 4023 
2594 2461 2459 3806 
2595 244 245 3934 
2596 2262 3872 4949 
2597 651 113 3973 
2598 586 111 3974 
2599 2262 4174 4817 
2600 3880 3884 3885 
2601 796 4015 4016 
2602 2332 2331 4227 
2603 1991 4005 4006 
2604 4114 4216 4529 
2605 601 3958 5728 
2606 141 142 625 
2607 4083 4266 4343 
2608 1147 4049 4577 
2609 1692 1713 3743 
2610 264 588 3983 
2611 1257 1258 4054 
2612 1421 1423 1424 
2613 3047 3043 5495 
2614 1531 898 4338 
2615 1806 1807 1808 
2616 4064 1960 4917 
2617 2431 3579 5722 
2618 2483 2489 3697 
2619 4049 3147 4577 
2620 1186 4117 4755 
2621 2438 3675 3873 
2622 3659 681 5529 
2623 3788 3687 4418 
2624 3877 3876 3878 
2625 3992 3993 3994 
2626 3990 3778 4984 
2627 3700 646 5370 
2628 653 123 3991 
2629 1089 3975 3976 
2630 4088 3788 4418 
2631 1955 1954 2376 
2632 573 121 3997 
2633 1965 1964 4912 
2634 1424 1423 1425 
2635 1713 1715 1888 
2636 3662 2815 4150 
2637 2160 5217 5421 
2638 1928 1927 2151 
2639 1266 1383 4058 
2640 151 152 613 
2641 2489 2485 4900 
2642 676 3690 5033 
2643 4456 4454 4947 
2644 1889 1891 1892 
2645 4157 4156 4452 
2646 3992 2823 3993 
2647 2069 2347 3801 
2648 5053 3803 5236 
2649 4741 1762 4751 
2650 2590 3810 4130 
2651 2091 1894 2092 
2652 1991 1228 4005 
2653 154 155 578 
2654 1718 1198 4180 
2655 1926 1925 1927 
2656 1410 1412 2263 
2657 1657 3098 4015 
2658 3452 3451 4944 
2659 1223 1226 4013 
2660 1755 1426 1756 
2661 587 243 3933 
2662 2438 2931 3674 
2663 2120 2121 2438 
2664 1252 1255 3829 
2665 4216 1079 4529 
2666 3971 3783 4566 
2667 4611 1585 4774 
2668 2273 4125 4126 
2669 3960 570 3961 
2670 3799 1689 3800 
2671 2096 2097 2120 
2672 852 4208 5041 
2673 1764 2070 3914 
2674 1470 1472 4106 
2675 3162 4384 4385 
2676 1969 895 4138 
2677 140 141 3813 
2678 3946 650 3949 
2679 1821 2480 2481 
2680 2644 3744 3945 
2681 3868 2621 4034 
2682 655 99 4017 
2683 4901 3775 4934 
2684 1924 1923 1925 
2685 1757 1954 1955 
2686 2665 2676 4521 
2687 1866 1867 4086 
2688 142 143 3726 
2689 1928 2151 2152 
2690 2900 3296 5186 
2691 3958 259 3959 
2692 251 252 637 
2693 2479 2120 3873 
2694 221 492 4024 
2695 1886 1672 3970 
2696 2179 3938 5173 
2697 722 718 4107 
2698 587 3933 3939 
2699 1419 1428 4031 
2700 1929 710 4038 
2701 2458 2456 3863 
2702 5090 4796 5291 
2703 1917 5057 5359 
2704 3996 682 5730 
2705 248 249 636 
2706 2833 4019 4405 
2707 2820 2823 3992 
2708 565 107 4018 
2709 176 3615 5522 
2710 1443 1663 3918 
2711 2926 3709 5309 
2712 3851 3853 3919 
2713 1718 4180 4181 
2714 1969 4138 4139 
2715 1405 3830 3831 
2716 2613 2837 4034 
2717 4013 4007 4734 
2718 3871 2625 4369 
2719 4218 4219 4531 
2720 2704 2703 2705 
2721 4094 2652 4593 
2722 1502 2666 4575 
2723 3168 3837 4677 
2724 1926 1927 1928 
2725 509 3360 5499 
2726 4258 4257 5158 
2727 4093 4094 4593 
2728 3805 3999 4981 
2729 518 3587 5468 
2730 1843 1845 3794 
2731 4129 1157 4522 
2732 3984 2254 4745 
2733 4289 4761 4810 
2734 4287 4288 4289 
2735 3777 2263 3778 
2736 3776 773 4308 
2737 1307 1305 1405 
2738 138 139 589 
2739 2294 1834 4233 
2740 4010 1242 4011 
2741 2282 2152 2893 
2742 2890 3804 3805 
2743 4270 4268 4920 
2744 1299 1297 1923 
2745 274 550 4028 
2746 1804 1806 4136 
2747 3808 3157 3832 
2748 1014 4091 4723 
2749 3899 2404 3900 
2750 1085 1103 4404 
2751 156 157 645 
2752 2657 2243 4201 
2753 4012 1458 4412 
2754 2827 3379 4222 
2755 2299 2092 2311 
2756 4190 2254 4951 
2757 129 3950 3952 
2758 3352 2863 3353 
2759 741 743 3981 
2760 601 258 3958 
2761 1112 1045 4090 
2762 1717 1152 4046 
2763 1174 1172 3803 
2764 1663 2644 3918 
2765 1892 1891 1893 
2766 2341 2066 2890 
2767 1789 2607 4633 
2768 1397 1395 3989 
2769 4091 972 4483 
2770 1631 1762 4027 
2771 1390 1410 3777 
2772 594 3954 3955 
2773 2124 2123 3998 
2774 155 156 3761 
2775 2311 2312 2313 
2776 1754 1426 1755 
2777 3763 2588 3829 
2778 1246 1249 4000 
2779 2080 2887 3985 
2780 1820 1819 1823 
2781 3837 4295 4547 
2782 3150 4091 4483 
2783 549 3947 3948 
2784 3167 4754 4823 
2785 1888 1715 1889 
2786 4046 2635 4469 
2787 3277 3654 3655 
2788 1806 1822 4136 
2789 1472 1879 4106 
2790 1676 1678 1875 
2791 3987 1397 3989 
2792 2273 4126 4503 
2793 648 3874 3889 
2794 259 260 3959 
2795 3301 3300 5249 
2796 1845 2095 2096 
2797 1379 1319 4299 
2798 1481 1484 4040 
2799 1524 4039 4424 
2800 2037 4042 4044 
2801 771 763 4065 
2802 3181 4243 4768 
2803 1456 722 4107 
2804 3890 3889 3891 
2805 1924 1925 1926 
2806 2143 1823 3678 
2807 3127 1966 4128 
2808 1667 1577 4262 
2809 612 4098 4346 
2810 254 255 623 
2811 647 3850 3851 
2812 2928 2311 3921 
2813 3770 497 3771 
2814 1824 1823 1853 
2815 2315 2316 3943 
2816 1867 1995 4086 
2817 3277 3653 3654 
2818 1078 4047 4048 
2819 4015 3098 4016 
2820 2676 4165 4521 
2821 960 958 4518 
2822 2487 2486 4655 
2823 2884 2883 3986 
2824 3497 4080 5649 
2825 4001 4000 4002 
2826 4584 1588 4621 
2827 245 246 617 
2828 2331 2307 4229 
2829 1735 1843 1846 
2830 2752 3167 4833 
2831 3759 2420 3760 
2832 3863 3864 4857 
2833 4005 1242 4010 
2834 648 3890 3892 
2835 1428 3987 3988 
2836 1713 1888 3743 
2837 2758 3490 4041 
2838 4050 2940 4051 
2839 4219 1733 4531 
2840 2306 2295 4231 
2841 2354 4052 4053 
2842 4139 3685 4142 
2843 4081 1679 5194 
2844 2313 2314 2315 
2845 3704 3703 4061 
2846 242 243 587 
2847 157 158 3770 
2848 1958 848 4713 
2849 3449 519 5540 
2850 1263 1266 4058 
2851 3865 2467 4226 
2852 808 1657 4015 
2853 2438 3674 3675 
2854 3283 3284 5138 
2855 1816 1815 1817 
2856 2315 2314 2316 
2857 1152 1108 4046 
2858 5285 4732 5355 
2859 1201 2058 4050 
2860 3980 741 3981 
2861 1299 1923 1924 
2862 3003 2195 3275 
2863 4026 3944 5290 
2864 2313 2312 2314 
2865 2066 1771 3804 
2866 3631 2674 4276 
2867 3351 2863 3352 
2868 1052 1007 4347 
2869 158 159 497 
2870 2869 2603 2870 
2871 3275 3276 3277 
2872 2481 2482 2483 
2873 3937 3938 5646 
2874 1663 1692 2644 
2875 3810 818 4130 
2876 2998 2137 4077 
2877 4322 4321 4323 
2878 2675 4397 4461 
2879 1760 2183 3979 
2880 2151 2407 2408 
2881 2785 4126 4872 
2882 2311 2092 2312 
2883 647 228 3850 
2884 4059 266 4060 
2885 612 4096 4097 
2886 1966 1962 4128 
2887 3846 1457 3847 
2888 1441 3918 4560 
2889 4044 4043 4045 
2890 1091 1094 3975 
2891 2341 2890 3339 
2892 276 659 4074 
2893 252 253 3838 
2894 1892 1894 2091 
2895 759 1960 4064 
2896 3694 2689 4767 
2897 1305 1303 3830 
2898 1671 1653 1672 
2899 997 4220 4347 
2900 2254 1559 4745 
2901 2273 4124 4125 
2902 120 573 4069 
2903 648 238 3874 
2904 1078 799 4047 
2905 4303 3153 4646 
2906 2649 2647 4536 
2907 2607 4234 4633 
2908 3157 2361 3832 
2909 2100 2018 4358 
2910 2347 2639 3290 
2911 710 707 4038 
2912 219 654 4092 
2913 3116 4055 4056 
2914 1924 3067 4393 
2915 4067 986 4332 
2916 1846 1843 3794 
2917 3914 2070 4350 
2918 2120 2438 3873 
2919 2037 1921 4042 
2920 3174 1989 5068 
2921 3757 1103 4632 
2922 612 91 4096 
2923 4160 4123 4477 
2924 140 3813 3816 
2925 3851 3850 3853 
2926 1991 4006 4007 
2927 691 5448 5670 
2928 1299 1924 4393 
2929 629 3614 5624 
2930 1176 1174 1832 
2931 2070 2069 3801 
2932 1490 1493 4083 
2933 3241 4604 5086 
2934 852 838 4209 
2935 208 209 4215 
2936 1744 1746 4014 
2937 1699 4384 4490 
2938 3657 2449 4898 
2939 3562 3564 4848 
2940 1469 4404 4674 
2941 4758 3160 4929 
2942 1920 1855 4075 
2943 3578 4255 4256 
2944 3802 3801 3833 
2945 4072 3269 4073 
2946 2620 2621 4036 
2947 2354 2286 4052 
2948 4232 2294 4233 
2949 2968 2966 2970 
2950 3121 3643 4654 
2951 2058 2077 4050 
2952 2816 3087 4150 
2953 4042 4043 4044 
2954 2467 2454 4226 
2955 257 258 601 
2956 2438 2121 2931 
2957 2837 3868 4034 
2958 2120 2097 2121 
2959 4806 1829 5014 
2960 3880 3883 3884 
2961 2752 2588 3167 
2962 5629 3152 5635 
2963 1764 2069 2070 
2964 266 267 4060 
2965 2096 2120 2479 
2966 1451 1518 3985 
2967 3878 3879 3880 
2968 2886 2081 4078 
2969 724 1456 4110 
2970 3859 3851 3919 
2971 4069 573 5546 
2972 2657 4201 4294 
2973 2302 1871 4446 
2974 599 3475 5465 
2975 649 224 3922 
2976 2727 3398 3620 
2977 1255 1256 1257 
2978 2241 2247 4254 
2979 4223 4224 5054 
2980 1252 1254 1255 
2981 96 638 4080 
2982 3574 2888 4903 
2983 1172 1170 1877 
2984 243 244 3933 
2985 4269 4268 4270 
2986 2299 2311 2928 
2987 2091 2092 2299 
2988 1405 1305 3830 
2989 209 528 4215 
2990 2456 2467 3863 
2991 4890 3436 5145 
2992 1678 1735 3910 
2993 1672 1674 3970 
2994 1255 1455 3829 
2995 4098 4101 4346 
2996 1339 1325 4327 
2997 3696 4741 4751 
2998 2320 4072 4105 
2999 2096 2095 2097 
3000 1249 1250 2588 
3001 797 701 4055 
3002 649 3922 3923 
3003 3087 3995 4150 
3004 1172 1877 3803 
3005 1744 4014 4225 
3006 3776 4022 4539 
3007 2085 3065 3066 
3008 2079 2117 3871 
3009 1683 1204 1760 
3010 2131 2129 4030 
3011 1193 1192 1195 
3012 2468 2932 3416 
3013 2200 2199 2444 
3014 2352 2957 4124 
3015 2871 2870 3302 
3016 2070 3801 3802 
3017 4007 4006 4008 
3018 1456 4109 4110 
3019 1455 1257 1460 
3020 2159 1886 2195 
3021 2477 2478 3917 
3022 2466 2727 4250 
3023 3933 3936 3939 
3024 1428 1404 3987 
3025 2343 2001 4129 
3026 4608 3972 4667 
3027 2298 3342 3579 
3028 2498 1944 4242 
3029 3654 3731 3732 
3030 1246 1248 1249 
3031 776 4636 4815 
3032 1810 1812 1814 
3033 3383 3973 5446 
3034 1463 1462 1464 
3035 1119 1467 4123 
3036 1461 1460 1462 
3037 755 760 4203 
3038 132 650 3946 
3039 2077 2940 4050 
3040 1206 1198 1718 
3041 4315 3177 4392 
3042 2916 2794 4246 
3043 2917 1907 4137 
3044 1671 1672 1886 
3045 130 549 3950 
3046 739 741 3980 
3047 4093 1970 4094 
3048 2117 2625 3871 
3049 1503 1500 4118 
3050 1979 2359 4127 
3051 3759 3760 4727 
3052 3863 2467 3864 
3053 3636 3590 3849 
3054 3045 3044 3046 
3055 4254 2247 4255 
3056 284 527 4170 
3057 4369 3867 5314 
3058 1488 1970 4093 
3059 258 259 3958 
3060 1628 1631 4027 
3061 1454 1764 3914 
3062 2890 2066 3804 
3063 1934 1760 3979 
3064 3409 2849 3410 
3065 1282 3268 4716 
3066 2944 2118 4205 
3067 1513 1774 4275 
3068 3647 3608 3681 
3069 2907 5161 5165 
3070 4007 4008 4009 
3071 3786 3785 3787 
3072 1998 2199 2200 
3073 1804 1802 1805 
3074 1245 1246 4000 
3075 3589 507 5571 
3076 1683 3110 4353 
3077 1245 4000 4001 
3078 1404 1397 3987 
3079 838 840 4209 
3080 2888 2041 4292 
3081 3486 2593 4149 
3082 1258 1260 1261 
3083 2249 2248 3278 
3084 1073 1076 4088 
3085 2990 2089 3893 
3086 701 702 703 
3087 4235 2471 5794 
3088 228 229 3850 
3089 3332 3809 5051 
3090 1164 1162 1204 
3091 2478 3786 3917 
3092 1360 1361 4496 
3093 1195 1192 1935 
3094 1191 1188 1192 
3095 114 606 3973 
3096 112 651 3974 
3097 2166 2634 3866 
3098 4242 4241 4481 
3099 287 597 4172 
3100 3947 3946 3949 
3101 2329 2010 3462 
3102 1392 1387 3845 
3103 2085 1932 3065 
3104 1010 1058 4312 
3105 3278 3279 3836 
3106 3764 1841 4160 
3107 1164 1683 4353 
3108 3416 2932 3417 
3109 2456 2454 2467 
3110 238 239 3874 
3111 2159 2195 3003 
3112 1242 1233 4012 
3113 3980 3981 3982 
3114 1261 1262 1263 
3115 652 263 3983 
3116 4096 4095 4104 
3117 1683 1760 1934 
3118 4262 1574 4611 
3119 1841 1432 4160 
3120 1998 797 2199 
3121 1263 1265 1266 
3122 2357 4464 4549 
3123 4173 3509 4969 
3124 3732 3733 3734 
3125 1230 1242 4005 
3126 1164 1204 1683 
3127 3375 2657 4294 
3128 1903 1464 1905 
3129 1959 4132 4133 
3130 2318 3269 4072 
3131 820 827 4130 
3132 3805 3804 3999 
3133 1806 1805 1807 
3134 1944 1742 4242 
3135 1892 2091 4548 
3136 1055 1146 4089 
3137 3280 2315 3378 
3138 763 761 4065 
3139 2445 2444 2447 
3140 278 521 4135 
3141 606 4121 4122 
3142 1659 1920 4066 
3143 2889 2888 3574 
3144 698 697 699 
3145 2823 2824 4222 
3146 588 265 4059 
3147 1925 1923 3104 
3148 2135 2190 4320 
3149 3209 4334 4973 
3150 750 753 4120 
3151 2466 2465 2727 
3152 224 225 3922 
3153 93 634 4095 
3154 124 536 3991 
3155 1257 1256 1258 
3156 1410 2263 3777 
3157 1644 1643 1645 
3158 122 653 3997 
3159 1649 1653 1671 
3160 2666 4239 4575 
3161 2200 2444 2445 
3162 296 3595 5804 
3163 4310 4309 4740 
3164 2137 1878 4077 
3165 4404 3757 4674 
3166 1964 1962 1966 
3167 2883 3551 3986 
3168 2727 2465 3398 
3169 3852 3851 3859 
3170 2624 3572 3573 
3171 700 699 701 
3172 1228 1230 4005 
3173 988 986 4067 
3174 229 230 543 
3175 2468 2458 2932 
3176 1416 1420 1421 
3177 3667 2269 4657 
3178 657 4028 4029 
3179 1964 1966 1967 
3180 1043 1112 4087 
3181 1387 1381 1457 
3182 1367 4183 4496 
3183 2223 2224 4282 
3184 571 4162 4163 
3185 1412 1415 1416 
3186 1266 1267 1268 
3187 1959 978 4132 
3188 2091 2642 4548 
3189 1804 1805 1806 
3190 1195 1935 1936 
3191 2593 2214 4149 
3192 4320 4321 4322 
3193 2135 2134 2188 
3194 1967 1966 1968 
3195 232 233 593 
3196 1263 1262 1265 
3197 4185 4186 4189 
3198 2031 2352 4124 
3199 816 1140 4225 
3200 4048 4106 4711 
3201 1419 1404 1428 
3202 1649 1652 1653 
3203 4230 2306 4231 
3204 3578 4254 4255 
3205 2433 3281 4081 
3206 3817 3815 4888 
3207 2129 2127 2575 
3208 227 228 647 
3209 4110 4109 4111 
3210 1170 1168 3920 
3211 1486 1508 4249 
3212 1802 1801 4193 
3213 1180 1178 2586 
3214 239 240 546 
3215 235 236 551 
3216 237 238 648 
3217 1724 1725 1956 
3218 2634 3465 3866 
3219 2396 3354 4168 
3220 1266 1265 1267 
3221 4299 1317 4300 
3222 1774 2636 4275 
3223 4662 4271 5807 
3224 1672 1673 1674 
3225 2429 2177 2703 
3226 2459 2458 2468 
3227 2906 2386 5188 
3228 1395 1392 1438 
3229 3816 3815 3817 
3230 2117 2166 2625 
3231 753 755 4203 
3232 100 627 4017 
3233 709 707 710 
3234 131 132 3946 
3235 108 656 4018 
3236 3875 3877 3881 
3237 1438 1392 3845 
3238 129 130 3950 
3239 4040 1484 4249 
3240 707 708 4038 
3241 4384 3162 4490 
3242 225 226 506 
3243 697 696 1781 
3244 498 696 697 
3245 4153 2100 4358 
3246 2457 2456 2458 
3247 3840 1861 3841 
3248 3436 2637 4151 
3249 2634 3464 3465 
3250 1421 1422 1423 
3251 580 3004 3446 
3252 3446 3004 3555 
3253 1674 1675 1676 
3254 703 704 705 
3255 700 701 797 
3256 3777 3778 3990 
3257 1882 1419 4031 
3258 2077 2079 2940 
3259 1888 1889 4548 
3260 2118 1453 4205 
3261 2313 2315 3280 
3262 1249 1248 1250 
3263 4124 2957 4125 
3264 703 702 704 
3265 2483 2484 2485 
3266 3331 3157 3332 
3267 3709 2869 5058 
3268 1268 1267 1269 
3269 1674 1676 3779 
3270 1249 2588 2752 
3271 994 1015 4272 
3272 1424 1426 1754 
3273 1647 1648 1649 
3274 958 1012 4518 
3275 113 114 3973 
3276 111 112 3974 
3277 1255 1254 1256 
3278 1706 1704 2248 
3279 705 706 707 
3280 4283 2239 4341 
3281 635 3118 3370 
3282 1268 1269 1270 
3283 2455 2454 2456 
3284 2102 2396 4168 
3285 711 710 712 
3286 263 264 3983 
3287 3144 2675 4461 
3288 3854 3855 3856 
3289 2453 2452 2454 
3290 806 739 3980 
3291 2347 2424 2639 
3292 4299 4300 4301 
3293 698 699 700 
3294 657 273 4028 
3295 718 716 4107 
3296 123 124 3991 
3297 705 704 706 
3298 121 122 3997 
3299 2439 3247 4197 
3300 1978 1979 4127 
3301 654 220 4024 
3302 2735 2737 4114 
3303 2129 2575 4030 
3304 265 266 4059 
3305 4281 4282 4283 
3306 2133 2135 4320 
3307 4201 2243 4514 
3308 1967 1968 2336 
3309 1645 1646 1647 
3310 2862 1364 2863 
3311 1452 2601 4308 
3312 4107 2591 4108 
3313 2316 2317 2851 
3314 5326 5629 5635 
3315 1901 1916 2101 
3316 2253 2251 2425 
3317 4279 4278 4280 
3318 3165 4584 4621 
3319 2021 2023 4503 
3320 1638 1637 1639 
3321 1416 1421 4682 
3322 1425 1427 1689 
3323 1089 1091 3975 
3324 160 161 646 
3325 737 739 806 
3326 823 1119 4123 
3327 2133 2134 2135 
3328 4397 2398 4461 
3329 1665 1141 1861 
3330 220 221 4024 
3331 1182 1180 4167 
3332 4047 1470 4106 
3333 2685 1973 4237 
3334 4169 283 4170 
3335 2210 2281 4191 
3336 2213 4269 4358 
3337 997 982 4220 
3338 1484 1486 4249 
3339 1479 1481 4040 
3340 1601 4703 4897 
3341 1689 1690 1724 
3342 701 699 702 
3343 99 100 4017 
3344 2848 2099 2849 
3345 4003 4001 4004 
3346 713 712 714 
3347 1087 1089 3976 
3348 1905 1906 1907 
3349 2133 2131 2134 
3350 2069 2346 2347 
3351 2378 2041 2888 
3352 2793 2916 3774 
3353 3410 2849 3666 
3354 2054 3724 5471 
3355 5012 4230 5175 
3356 5168 2416 5172 
3357 203 630 4184 
3358 1070 1516 4211 
3359 2576 1263 4058 
3360 1410 1411 1412 
3361 3927 3925 3928 
3362 1504 3126 4266 
3363 715 714 716 
3364 2818 2820 3992 
3365 2615 2613 4034 
3366 629 178 4185 
3367 4238 4237 4518 
3368 107 108 4018 
3369 1140 1744 4225 
3370 3278 2248 3279 
3371 4236 960 4518 
3372 1676 1677 1678 
3373 1261 1260 1262 
3374 1463 1464 1903 
3375 1932 1903 3911 
3376 1461 1462 1463 
3377 1160 1105 4263 
3378 1760 2182 2183 
3379 1045 1050 4090 
3380 1091 1093 1094 
3381 2361 2007 3832 
3382 716 717 2591 
3383 1455 1460 1461 
3384 1094 1093 1095 
3385 283 284 4170 
3386 4171 286 4172 
3387 1115 1474 4156 
3388 1678 1734 1735 
3389 3156 2361 3157 
3390 2639 2640 3344 
3391 223 224 649 
3392 4156 1474 4452 
3393 3964 2600 4741 
3394 273 274 4028 
3395 758 759 4064 
3396 1184 1196 1197 
3397 3563 2904 4221 
3398 4262 4611 4774 
3399 745 752 4539 
3400 2632 3200 4253 
3401 2300 3097 4116 
3402 1197 1196 1202 
3403 286 287 4172 
3404 4323 4321 4324 
3405 4083 1493 4266 
3406 2463 2461 2465 
3407 1255 1257 1455 
3408 4177 2432 4178 
3409 3230 4739 4966 
3410 5291 4796 5435 
3411 2181 2399 2400 
3412 3956 3955 4235 
3413 3277 3276 3653 
3414 4049 2288 4799 
3415 4191 2281 4192 
3416 1098 1097 1099 
3417 1489 1490 4083 
3418 130 131 549 
3419 135 136 547 
3420 132 133 650 
3421 707 706 708 
3422 1800 1799 1801 
3423 4342 2665 4521 
3424 1800 1801 1802 
3425 1133 2626 4326 
3426 1462 1460 3740 
3427 2224 2239 4282 
3428 550 275 4074 
3429 782 1452 4308 
3430 3409 3410 3547 
3431 1641 1642 1643 
3432 1764 2068 2069 
3433 1738 2592 4118 
3434 4019 2154 4405 
3435 612 4097 4098 
3436 3699 2683 4847 
3437 4305 938 4306 
3438 1454 1723 1764 
3439 2009 1955 2010 
3440 3163 3197 4773 
3441 5150 3598 5159 
3442 2621 4035 4036 
3443 4624 5252 5337 
3444 1270 1269 1272 
3445 1735 1846 3910 
3446 3774 2916 3775 
3447 709 710 711 
3448 1803 1802 1804 
3449 1754 1755 2089 
3450 723 722 724 
3451 4048 4047 4106 
3452 3952 3951 3953 
3453 2151 1927 2407 
3454 1101 1099 1102 
3455 218 219 4092 
3456 1282 1682 3268 
3457 2685 4237 4238 
3458 117 118 591 
3459 1179 1178 1180 
3460 3167 2588 3763 
3461 1197 1202 1203 
3462 748 747 749 
3463 748 749 750 
3464 648 3889 3890 
3465 1704 1665 3840 
3466 1739 1453 2118 
3467 3275 2195 3276 
3468 1095 1097 1098 
3469 723 1688 4340 
3470 1050 4089 4090 
3471 1557 2254 4190 
3472 711 712 713 
3473 3176 4526 4580 
3474 1098 1099 1101 
3475 2153 2152 2282 
3476 1644 1645 1694 
3477 3865 4226 4953 
3478 127 128 594 
3479 725 724 726 
3480 753 754 755 
3481 1866 4086 4692 
3482 498 697 698 
3483 4120 753 4203 
3484 4212 208 4215 
3485 4161 89 4346 
3486 260 261 570 
3487 2451 2332 2452 
3488 3197 4636 4773 
3489 750 751 753 
3490 3561 2017 5604 
3491 1635 1636 1637 
3492 4888 2052 4955 
3493 1452 785 1453 
3494 237 648 3892 
3495 275 276 4074 
3496 92 4095 4096 
3497 110 111 586 
3498 112 113 651 
3499 114 115 606 
3500 746 747 748 
3501 1798 1799 1800 
3502 750 749 751 
3503 1806 1808 1822 
3504 5010 3301 5249 
3505 727 726 728 
3506 746 745 747 
3507 91 92 4096 
3508 2243 2232 4514 
3509 1792 1793 1794 
3510 4327 1323 4328 
3511 755 756 758 
3512 262 263 652 
3513 1639 1640 1641 
3514 755 754 756 
3515 1058 1000 4195 
3516 753 751 754 
3517 3218 3702 4217 
3518 3087 3992 3994 
3519 629 4185 4189 
3520 2645 2204 4426 
3521 1794 1793 1795 
3522 713 714 715 
3523 1936 1935 2197 
3524 1319 1317 4299 
3525 1018 1070 4211 
3526 2309 2307 2331 
3527 1101 1102 1127 
3528 2689 2687 4635 
3529 264 265 588 
3530 2755 2329 3418 
3531 4403 2427 4794 
3532 2609 2608 4182 
3533 2756 2758 4041 
3534 2436 775 4175 
3535 1794 1795 1796 
3536 1493 1504 4266 
3537 733 732 734 
3538 4276 2674 4489 
3539 730 728 732 
3540 1798 1796 1799 
3541 1230 1233 1242 
3542 2253 2425 4643 
3543 2119 2118 2433 
3544 4025 4024 4026 
3545 1877 1170 3920 
3546 1735 1842 1843 
3547 2239 2226 4542 
3548 2305 3271 3273 
3549 878 4293 4420 
3550 2340 2432 4177 
3551 119 120 4069 
3552 1177 1176 1178 
3553 1905 1907 2917 
3554 124 125 536 
3555 654 4024 4025 
3556 2127 2124 3998 
3557 2952 2433 4081 
3558 1409 4471 4472 
3559 4068 2726 4696 
3560 840 4206 4209 
3561 1457 1381 3848 
3562 1905 1464 1906 
3563 122 123 653 
3564 2297 2295 2306 
3565 1127 1102 1128 
3566 1038 1041 4204 
3567 120 121 573 
3568 1107 1938 2635 
3569 545 402 3328 
3570 715 716 718 
3571 221 222 492 
3572 761 4064 4065 
3573 1669 2665 4342 
3574 1241 1245 4003 
3575 1641 1643 1644 
3576 267 268 595 
3577 2240 2241 4254 
3578 1633 1634 1635 
3579 1130 1133 4326 
3580 1796 1795 4259 
3581 4174 1605 4584 
3582 1878 1880 4077 
3583 1203 1202 1208 
3584 1470 1471 1472 
3585 2875 3768 4294 
3586 4449 1703 4635 
3587 1472 1473 1878 
3588 735 734 765 
3589 3351 3352 3561 
3590 2318 2998 3269 
3591 510 218 4092 
3592 720 718 722 
3593 798 1465 1470 
3594 1452 1453 1739 
3595 570 261 3962 
3596 1962 1466 4128 
3597 1181 1180 1182 
3598 4277 4278 4279 
3599 3378 2315 3943 
3600 3156 3157 3331 
3601 3763 1461 4754 
3602 2354 4053 4085 
3603 2189 2188 4210 
3604 1175 1174 1176 
3605 1123 1454 3915 
3606 4045 4043 5749 
3607 2820 2822 2823 
3608 1792 1790 1793 
3609 3098 1659 4066 
3610 1619 1620 1668 
3611 2939 2902 2994 
3612 1091 1092 1093 
3613 108 109 656 
3614 2420 1906 4482 
3615 1127 1128 1468 
3616 1155 1134 1156 
3617 2785 2021 4503 
3618 1462 3740 4482 
3619 2141 2142 2815 
3620 1668 1921 2037 
3621 1960 1479 4040 
3622 3712 1939 4343 
3623 2827 2828 3338 
3624 2046 2047 2756 
3625 1036 1038 4204 
3626 96 97 638 
3627 2823 2822 2824 
3628 2848 2849 3409 
3629 1123 1145 1454 
3630 270 271 581 
3631 1739 2118 2119 
3632 1315 1313 1402 
3633 3729 2302 4446 
3634 1716 1717 2046 
3635 2135 2188 2189 
3636 1082 1083 1469 
3637 1241 1244 1245 
3638 2767 1118 4309 
3639 1650 4218 4531 
3640 1133 1132 1134 
3641 720 723 4340 
3642 723 724 725 
3643 2445 2447 4564 
3644 1973 1971 4237 
3645 98 99 655 
3646 277 278 4135 
3647 1468 1128 4326 
3648 720 722 723 
3649 498 7 696 
3650 1484 1485 1486 
3651 1298 1297 1299 
3652 1529 1837 4357 
3653 2735 4114 4529 
3654 2444 3116 4021 
3655 754 757 4601 
3656 2815 2816 4150 
3657 783 786 4199 
3658 822 821 1107 
3659 705 707 709 
3660 2648 2650 4395 
3661 100 101 627 
3662 4098 4097 4099 
3663 1963 1962 1964 
3664 1898 1900 1901 
3665 1665 1861 3840 
3666 1997 797 1998 
3667 1484 1483 1485 
3668 716 2591 4107 
3669 1173 1172 1174 
3670 3333 3708 5778 
3671 1226 1228 1991 
3672 1325 1323 4327 
3673 725 726 727 
3674 758 756 759 
3675 2205 2206 4247 
3676 1085 1087 1103 
3677 1261 1263 2576 
3678 1509 4083 4343 
3679 282 283 4169 
3680 3766 2999 3767 
3681 2119 2433 2952 
3682 2816 2818 3087 
3683 1657 1658 1659 
3684 4240 1576 4241 
3685 2229 2227 4307 
3686 1235 1237 1458 
3687 4320 2190 4321 
3688 1821 1818 2480 
3689 4288 1593 4761 
3690 4075 2927 4076 
3691 827 1618 1619 
3692 743 745 746 
3693 2637 2076 4151 
3694 2827 2826 2828 
3695 1933 1932 2085 
3696 1659 1855 1920 
3697 2757 2756 3329 
3698 1529 1528 1530 
3699 1486 1487 1489 
3700 1777 1939 1940 
3701 1153 1152 1716 
3702 1103 1087 3976 
3703 272 273 657 
3704 782 785 1452 
3705 701 703 4055 
3706 2408 2407 3498 
3707 1184 1182 1196 
3708 1801 2082 2579 
3709 4219 4948 4986 
3710 2824 2826 2827 
3711 650 133 4112 
3712 647 3852 4573 
3713 712 710 1929 
3714 2901 2343 2902 
3715 1906 1464 4482 
3716 1133 1134 1155 
3717 1706 2248 2249 
3718 659 277 4135 
3719 1940 1941 2110 
3720 2075 1834 2294 
3721 782 783 785 
3722 1939 1511 4343 
3723 580 404 3004 
3724 1788 1789 1790 
3725 815 805 821 
3726 2591 717 3005 
3727 3725 4713 4906 
3728 2446 2445 2448 
3729 727 728 730 
3730 3722 508 3723 
3731 285 286 4171 
3732 4195 996 4272 
3733 1191 1192 1193 
3734 4293 4140 4420 
3735 1573 1576 4240 
3736 1105 1057 4263 
3737 95 96 4080 
3738 1578 1584 4245 
3739 3332 3157 3808 
3740 3087 2818 3992 
3741 761 758 4064 
3742 2060 2403 4251 
3743 770 769 790 
3744 106 107 565 
3745 1117 750 4120 
3746 1000 996 4195 
3747 4042 3208 4043 
3748 1041 4087 4204 
3749 1778 1530 1779 
3750 1486 1485 1487 
3751 1266 1268 1383 
3752 202 203 4184 
3753 791 790 798 
3754 178 179 4185 
3755 3607 3201 3608 
3756 4228 2331 4229 
3757 2863 1364 3790 
3758 730 732 733 
3759 733 734 735 
3760 2877 4309 4310 
3761 1183 1182 1184 
3762 4424 4039 4426 
3763 1489 1487 1490 
3764 4006 4005 4010 
3765 1043 1045 1112 
3766 764 763 769 
3767 1879 1878 2137 
3768 1108 1107 4046 
3769 103 104 607 
3770 1014 4723 4743 
3771 2110 2111 3011 
3772 2080 2081 2886 
3773 1959 4134 4220 
3774 1476 1469 1758 
3775 2320 2318 4072 
3776 1069 823 4123 
3777 683 3662 5712 
3778 2647 4039 4536 
3779 2867 3758 4336 
3780 978 976 4132 
3781 2687 1639 4449 
3782 1635 1637 1638 
3783 1631 1632 1633 
3784 2592 2214 2593 
3785 4568 3176 4580 
3786 4180 2628 4181 
3787 3786 3787 4084 
3788 1638 1639 2687 
3789 1025 1022 4315 
3790 3408 3099 3487 
3791 3323 3658 3659 
3792 2201 2010 2329 
3793 647 3851 3852 
3794 2050 1779 2051 
3795 1815 1812 4849 
3796 1786 1787 1788 
3797 2138 2137 2318 
3798 2758 3489 3490 
3799 2594 2593 2857 
3800 4304 2494 4513 
3801 1788 1787 1789 
3802 4319 663 4351 
3803 792 776 793 
3804 2794 2796 4246 
3805 274 275 550 
3806 3837 2722 4295 
3807 3837 1600 4677 
3808 2101 2155 2303 
3809 3854 543 3855 
3810 759 1479 1960 
3811 4250 2727 4728 
3812 1959 4133 4134 
3813 1130 1132 1133 
3814 1878 1473 1880 
3815 1055 1067 1146 
3816 4078 3257 4079 
3817 3200 3201 3607 
3818 760 758 761 
3819 3993 2823 4222 
3820 1472 1471 1473 
3821 1311 1309 1660 
3822 1147 1930 4049 
3823 3654 3653 3731 
3824 93 94 634 
3825 1930 2288 4049 
3826 1470 1465 1471 
3827 2396 3125 3323 
3828 1541 4329 4330 
3829 90 612 4346 
3830 1759 1758 2141 
3831 1481 1483 1484 
3832 1957 2180 2181 
3833 2433 2944 3281 
3834 2220 2223 4277 
3835 1529 1530 1778 
3836 2572 2357 4549 
3837 1156 1529 4357 
3838 1273 1276 4451 
3839 1050 1055 4089 
3840 2770 2767 4309 
3841 741 742 743 
3842 762 761 763 
3843 2600 4027 4741 
3844 2887 2886 3358 
3845 2936 2212 4191 
3846 2674 2144 4489 
3847 3200 2631 3201 
3848 807 793 823 
3849 2815 2142 2816 
3850 294 564 4296 
3851 204 205 4200 
3852 1114 1108 1152 
3853 774 767 776 
3854 2149 2787 3208 
3855 1077 1080 1082 
3856 1304 1303 1305 
3857 1119 1120 1450 
3858 769 763 771 
3859 1467 1450 1871 
3860 1509 1489 4083 
3861 4341 2239 4542 
3862 1156 1528 1529 
3863 3972 3971 4667 
3864 1925 3104 4669 
3865 1940 1939 1941 
3866 1641 1644 4449 
3867 4177 4178 4179 
3868 2340 2051 2432 
3869 4039 1524 4536 
3870 1778 1779 2050 
3871 1746 2305 4014 
3872 1095 1096 1097 
3873 207 208 4212 
3874 2740 2845 2846 
3875 2470 2466 4250 
3876 1650 1752 4218 
3877 1760 1204 2182 
3878 1317 1315 4300 
3879 2737 2740 4114 
3880 1408 1418 4471 
3881 2318 2137 2998 
3882 2322 2320 4105 
3883 2102 2198 2396 
3884 788 794 796 
3885 2722 2718 4295 
3886 2678 1885 2679 
3887 2146 2778 2927 
3888 798 790 1465 
3889 779 781 782 
3890 664 173 4316 
3891 4157 2610 4639 
3892 4805 2797 4880 
3893 219 220 654 
3894 560 397 3006 
3895 1676 1875 3779 
3896 743 744 745 
3897 2283 2282 2960 
3898 823 824 1119 
3899 1493 1494 1504 
3900 2288 3300 3301 
3901 773 779 4308 
3902 4269 4270 4271 
3903 1226 1991 4013 
3904 1490 1492 1493 
3905 739 740 741 
3906 211 663 4317 
3907 4263 1057 4312 
3908 2148 2884 3257 
3909 1270 1273 4451 
3910 2319 3426 4264 
3911 735 765 767 
3912 2141 1758 2142 
3913 2651 2648 4395 
3914 2581 2582 2583 
3915 712 1929 4486 
3916 1882 4031 4032 
3917 2444 2199 3116 
3918 808 1656 1657 
3919 1777 1511 1939 
3920 1843 1844 1845 
3921 737 738 739 
3922 2592 2593 2594 
3923 2778 3283 4115 
3924 693 202 4184 
3925 2796 3133 4246 
3926 2704 2705 3404 
3927 1493 1492 1494 
3928 1885 1804 4136 
3929 2300 2302 3097 
3930 799 798 4047 
3931 982 980 4220 
3932 2059 3166 4183 
3933 2188 2134 2270 
3934 179 692 4185 
3935 1500 1506 4118 
3936 2050 2051 2340 
3937 4319 4351 4352 
3938 2670 2867 4336 
3939 507 84 4298 
3940 3012 3011 3430 
3941 1619 1618 1620 
3942 4098 4099 4100 
3943 1907 1908 1909 
3944 1107 821 1938 
3945 2629 1155 4357 
3946 2132 2131 2133 
3947 2575 2127 3998 
3948 1582 1985 4284 
3949 1070 1071 1515 
3950 3982 3981 4194 
3951 1156 1527 1528 
3952 1522 1829 4806 
3953 1656 809 4533 
3954 1786 1749 1787 
3955 4278 2223 4282 
3956 2452 2332 4227 
3957 1854 1853 1881 
3958 3216 3218 4217 
3959 2110 1941 2111 
3960 1936 2197 3299 
3961 1041 1043 4087 
3962 2756 2047 2758 
3963 92 93 4095 
3964 1518 1662 2080 
3965 596 282 4169 
3966 996 994 4272 
3967 3203 2284 4057 
3968 765 766 4773 
3969 298 299 4248 
3970 1128 1129 1130 
3971 2286 2495 4052 
3972 2046 1717 2047 
3973 1645 1643 1646 
3974 840 842 4206 
3975 1276 1681 2161 
3976 1855 2146 4075 
3977 1058 4195 5121 
3978 2301 2300 4116 
3979 2324 2322 2842 
3980 2679 1885 4136 
3981 774 776 792 
3982 1504 1505 1697 
3983 2312 3755 4771 
3984 3659 3658 3660 
3985 1776 1511 1777 
3986 1130 1131 1132 
3987 2502 2505 4391 
3988 4201 2875 4294 
3989 1668 1620 1921 
3990 1203 1208 1209 
3991 4061 2668 4062 
3992 1245 1244 1246 
3993 1738 2140 2214 
3994 1635 1638 4450 
3995 2018 2213 4358 
3996 4144 2245 4145 
3997 2130 2129 2131 
3998 1872 1871 2300 
3999 1631 1633 1762 
4000 3329 2756 4041 
4001 1073 1075 1076 
4002 2622 2620 2623 
4003 4261 1667 4262 
4004 3011 2111 3013 
4005 963 960 4236 
4006 1961 1466 1962 
4007 1171 1170 1172 
4008 716 714 717 
4009 801 799 1078 
4010 708 736 737 
4011 2837 3566 3656 
4012 3924 3923 3925 
4013 3013 3015 3587 
4014 1716 1152 1717 
4015 1018 1019 1070 
4016 1952 2398 4397 
4017 4163 4162 4164 
4018 2457 2458 2459 
4019 1738 2214 2592 
4020 1089 1090 1091 
4021 2107 1841 2108 
4022 2842 2322 4105 
4023 752 773 3776 
4024 1672 1653 1673 
4025 3097 3137 3345 
4026 1506 1738 4118 
4027 527 285 4171 
4028 4140 4139 4141 
4029 2994 2902 3978 
4030 2376 1954 2431 
4031 1657 1659 3098 
4032 2495 3494 3690 
4033 2463 2465 2466 
4034 1639 1637 1640 
4035 3186 2340 4177 
4036 3665 499 5333 
4037 1762 1633 4450 
4038 3957 4235 5794 
4039 293 294 4296 
4040 4131 2590 4975 
4041 1163 1162 1164 
4042 84 85 4298 
4043 2772 2770 2877 
4044 1432 1069 4160 
4045 4277 2223 4278 
4046 2378 2888 2889 
4047 3176 2649 4536 
4048 4134 4133 4176 
4049 2167 2570 2972 
4050 3228 2044 4670 
4051 301 302 4260 
4052 1510 1509 1511 
4053 2067 2066 2341 
4054 2465 2461 3806 
4055 2862 2863 3351 
4056 3821 3820 3822 
4057 2993 4127 4699 
4058 1169 1168 1170 
4059 1797 1796 1798 
4060 3323 3125 3658 
4061 4171 4172 4173 
4062 2534 2535 4376 
4063 2619 2618 2620 
4064 2901 2902 2939 
4065 2212 2210 4191 
4066 1757 1955 2009 
4067 1921 2149 4042 
4068 1288 1286 1399 
4069 3208 2787 3450 
4070 794 808 4015 
4071 3065 1932 3911 
4072 2227 2494 4307 
4073 1082 1080 1083 
4074 3146 4304 4513 
4075 2396 2198 3125 
4076 1774 1773 2018 
4077 2793 2794 2916 
4078 2081 2148 4078 
4079 1516 1515 1693 
4080 2646 2651 4335 
4081 1069 4123 4160 
4082 1541 1539 4329 
4083 2473 3372 4257 
4084 173 174 4316 
4085 1889 1890 1891 
4086 599 167 4344 
4087 792 793 807 
4088 2128 2127 2129 
4089 606 115 4121 
4090 1508 1489 1509 
4091 2485 2486 2487 
4092 210 211 4317 
4093 807 823 1069 
4094 4313 2774 4314 
4095 500 171 4337 
4096 4280 4278 4281 
4097 1638 2688 4450 
4098 1703 2114 4635 
4099 2625 3867 4369 
4100 2857 3486 3904 
4101 1468 4326 4706 
4102 2264 2108 2265 
4103 3307 717 4486 
4104 1179 1180 1181 
4105 2858 2632 4253 
4106 1367 1371 4183 
4107 1774 2018 2076 
4108 2703 2177 4867 
4109 2740 2846 4114 
4110 2613 2612 2837 
4111 3009 572 3842 
4112 2867 2866 3213 
4113 2929 3540 4149 
4114 3957 3956 4235 
4115 1504 1494 1505 
4116 1995 2286 2354 
4117 1791 1790 1792 
4118 4657 3003 4658 
4119 90 91 612 
4120 2455 2456 2457 
4121 4317 663 4318 
4122 661 169 4349 
4123 3971 2215 4667 
4124 2076 2100 4151 
4125 2167 2972 4137 
4126 8 580 3229 
4127 1795 2115 2606 
4128 3257 2884 3258 
4129 2447 2444 4021 
4130 1015 993 2729 
4131 3903 2692 4870 
4132 1942 1886 2159 
4133 2088 2086 2123 
4134 3166 2838 4155 
4135 2218 2220 4277 
4136 276 277 659 
4137 1505 1513 4275 
4138 3587 3015 3588 
4139 699 697 4297 
4140 1736 1693 2102 
4141 2198 1693 4418 
4142 3895 2858 4253 
4143 1071 1073 4088 
4144 1840 1432 1841 
4145 1659 1658 1855 
4146 1907 1906 1908 
4147 1323 1321 4328 
4148 3562 2904 3563 
4149 4114 2846 4216 
4150 1492 1502 4575 
4151 2877 2770 4309 
4152 1076 1075 1077 
4153 2744 2774 4313 
4154 1838 2350 4311 
4155 350 351 4285 
4156 1513 1773 1774 
4157 1321 1319 1379 
4158 1409 1408 4471 
4159 1930 2287 2288 
4160 2796 3132 3133 
4161 2107 2833 4405 
4162 2102 1693 2198 
4163 3985 3729 4446 
4164 4324 4321 4622 
4165 815 821 822 
4166 1609 1607 2262 
4167 4636 3197 4815 
4168 2927 2778 4115 
4169 1801 2579 4193 
4170 1619 1668 2590 
4171 728 726 729 
4172 3687 2198 4418 
4173 3435 3436 3633 
4174 5266 598 5833 
4175 4282 2239 4283 
4176 3247 2163 4168 
4177 1153 1716 1728 
4178 1644 1703 4449 
4179 2495 3690 4052 
4180 1306 1305 1307 
4181 1731 1748 1749 
4182 171 172 4337 
4183 2406 2405 2608 
4184 1107 2635 4046 
4185 2867 3213 3214 
4186 1871 1450 4446 
4187 1983 2060 4251 
4188 4218 2658 4219 
4189 2080 1662 2081 
4190 822 1107 1108 
4191 1119 1450 1467 
4192 1302 1300 1303 
4193 1070 1019 1071 
4194 1450 1120 1451 
4195 2146 2927 4075 
4196 1840 1841 2107 
4197 2214 2929 4149 
4198 1657 1656 1658 
4199 1506 1719 1738 
4200 2846 2845 2903 
4201 2929 3521 3540 
4202 2453 2454 2455 
4203 2472 2265 2473 
4204 1181 1182 1183 
4205 1022 1021 4315 
4206 1789 2158 2607 
4207 2046 2756 2757 
4208 167 168 4344 
4209 1628 1630 1631 
4210 2076 2018 2100 
4211 765 734 766 
4212 1515 1071 4088 
4213 2824 2825 2826 
4214 1479 1480 1481 
4215 1731 1612 1748 
4216 2757 3329 3470 
4217 1061 4156 4157 
4218 3958 3959 5035 
4219 5007 3619 5412 
4220 2698 2702 3221 
4221 4318 663 4319 
4222 2107 2108 2264 
4223 759 1478 1479 
4224 169 170 4349 
4225 976 1014 4132 
4226 5404 5556 5610 
4227 1202 1196 1737 
4228 2454 2452 4226 
4229 3097 2302 3137 
4230 1114 1152 1153 
4231 1971 4236 4237 
4232 1645 1647 4664 
4233 2638 2637 3435 
4234 2194 2192 2596 
4235 2670 2866 2867 
4236 5106 4433 5140 
4237 2627 3971 3972 
4238 4039 2645 4426 
4239 1481 1482 1483 
4240 719 718 720 
4241 4097 4096 4104 
4242 3372 2477 3373 
4243 1840 2107 4405 
4244 3206 2154 4019 
4245 1624 1626 2600 
4246 1904 1903 1932 
4247 2626 1155 2629 
4248 3886 3884 3887 
4249 1635 1634 1636 
4250 3950 3951 3952 
4251 3590 2999 3766 
4252 5468 3588 5672 
4253 717 714 4486 
4254 1490 1491 1492 
4255 2151 2408 4904 
4256 3901 3900 3902 
4257 1498 1500 1503 
4258 1119 824 1120 
4259 2784 3772 4261 
4260 1161 1160 1162 
4261 2126 2124 2127 
4262 2059 2304 2838 
4263 4547 2711 4595 
4264 1972 1971 1973 
4265 724 722 1456 
4266 4151 2100 4152 
4267 994 993 1015 
4268 2820 2821 2822 
4269 2080 2886 2887 
4270 2620 2618 2621 
4271 4196 2949 4197 
4272 1887 2330 2405 
4273 217 218 510 
4274 796 794 4015 
4275 630 204 4200 
4276 2953 2952 2999 
4277 4247 2206 4335 
4278 3287 3288 3422 
4279 201 202 693 
4280 1467 1871 1872 
4281 980 1959 4220 
4282 2505 2564 4391 
4283 179 180 692 
4284 3435 2637 3436 
4285 2580 2581 4921 
4286 1752 2056 4218 
4287 2632 2631 3200 
4288 1082 1469 1476 
4289 2630 2629 2631 
4290 2148 3257 4078 
4291 3852 3861 4573 
4292 1777 2105 4221 
4293 1575 1578 4245 
4294 1005 1006 1018 
4295 1453 2090 4205 
4296 2326 2328 2390 
4297 1995 2354 4086 
4298 1633 1632 1634 
4299 2949 2439 4197 
4300 2163 2102 4168 
4301 2149 3208 4042 
4302 87 88 571 
4303 1909 1911 2167 
4304 966 963 4236 
4305 1742 4240 4242 
4306 1308 1307 1309 
4307 1515 4088 4418 
4308 400 399 502 
4309 2473 2476 2477 
4310 1295 1293 1297 
4311 2281 2208 4247 
4312 2617 2615 2618 
4313 2957 2956 4082 
4314 1488 1496 1970 
4315 1872 2300 2301 
4316 2300 1871 2302 
4317 4194 1117 5152 
4318 1099 4839 4859 
4319 2026 2028 2273 
4320 2056 2658 4218 
4321 2451 2452 2453 
4322 1539 1542 4329 
4323 1474 1860 1887 
4324 2056 2578 2658 
4325 236 237 3892 
4326 1554 1557 4190 
4327 3206 4019 4020 
4328 4664 1647 4746 
4329 669 304 4687 
4330 791 798 799 
4331 2887 3358 3716 
4332 4272 1015 4334 
4333 4185 692 4186 
4334 993 988 4067 
4335 1424 1754 4682 
4336 2352 2955 2956 
4337 998 1007 1008 
4338 770 790 791 
4339 1713 1714 1715 
4340 2303 2380 2381 
4341 798 1470 4047 
4342 2636 2076 2637 
4343 401 7 498 
4344 1974 1973 1975 
4345 598 207 4212 
4346 3141 3773 4664 
4347 823 793 824 
4348 2264 2265 2472 
4349 2305 3273 4014 
4350 403 402 545 
4351 1472 1878 1879 
4352 574 396 3008 
4353 1807 1805 2017 
4354 1580 1582 4284 
4355 2439 2163 3247 
4356 2405 3270 4159 
4357 3161 721 4340 
4358 1978 1977 1979 
4359 1976 1975 1977 
4360 984 997 998 
4361 133 134 4112 
4362 1008 1021 1022 
4363 2305 2338 3271 
4364 1083 1085 4404 
4365 3878 3876 3879 
4366 1647 1646 1648 
4367 1020 1018 4211 
4368 2031 2351 2352 
4369 2837 2612 3566 
4370 1195 2628 4180 
4371 976 974 1014 
4372 4267 3214 4268 
4373 1466 1278 4653 
4374 1025 4315 4392 
4375 1057 1010 4312 
4376 1572 1573 4240 
4377 1008 1007 1021 
4378 3926 3925 3927 
4379 2204 1859 4426 
4380 764 769 770 
4381 2670 2865 2866 
4382 1701 1838 4311 
4383 1785 1749 1786 
4384 998 997 1007 
4385 4213 4212 4214 
4386 2631 2629 4119 
4387 2208 2205 4247 
4388 1453 785 2090 
4389 3087 3994 3995 
4390 2138 2318 2320 
4391 1010 1000 1058 
4392 4220 4134 4347 
4393 3823 3822 3824 
4394 1476 1758 1759 
4395 4101 4100 4102 
4396 1979 1980 2355 
4397 2472 2473 4257 
4398 1162 1160 4600 
4399 1967 2336 2337 
4400 2641 2212 2936 
4401 2992 1988 2993 
4402 2309 2331 2332 
4403 1879 2137 2138 
4404 2968 2970 2971 
4405 2059 2838 3166 
4406 3091 3094 3287 
4407 1728 1716 4504 
4408 1641 1640 1642 
4409 2191 2189 2192 
4410 4176 3174 5068 
4411 974 972 4091 
4412 1845 2094 2095 
4413 2723 3168 3169 
4414 2183 2182 2660 
4415 3109 721 3161 
4416 980 978 1959 
4417 3852 3859 3860 
4418 1727 1913 2083 
4419 2028 2031 4124 
4420 855 1059 1061 
4421 2611 2609 2612 
4422 2723 2722 3168 
4423 1981 3177 4315 
4424 3171 3169 3172 
4425 2206 2646 4335 
4426 3303 2858 3895 
4427 968 966 1971 
4428 4526 3176 4536 
4429 2241 2246 2247 
4430 2210 2208 2281 
4431 2237 2238 2240 
4432 3772 3216 4217 
4433 5128 2268 5148 
4434 941 942 1005 
4435 2676 3144 3322 
4436 1557 1559 2254 
4437 3079 3078 3080 
4438 2837 3656 3868 
4439 2433 2118 2944 
4440 782 781 783 
4441 1882 4032 4292 
4442 398 397 560 
4443 1893 1895 1896 
4444 1018 1006 1019 
4445 2435 2436 4381 
4446 1759 2141 2280 
4447 762 763 764 
4448 281 282 596 
4449 1483 1488 4093 
4450 278 279 521 
4451 284 285 527 
4452 4206 1958 4207 
4453 3633 3436 4890 
4454 2473 2477 3372 
4455 2818 2819 2820 
4456 1195 1936 2628 
4457 1390 1407 1410 
4458 1887 2405 2406 
4459 1435 4502 4572 
4460 3372 3373 3374 
4461 2113 2319 4264 
4462 2605 2340 3186 
4463 972 969 4483 
4464 1699 1727 4384 
4465 4658 5447 5478 
4466 1177 1178 1179 
4467 3005 3307 3461 
4468 2600 1626 4027 
4469 2406 2608 2609 
4470 1371 1375 4183 
4471 1988 1978 4127 
4472 2893 2152 4904 
4473 991 988 993 
4474 1375 2059 4183 
4475 1342 3525 4719 
4476 1649 1648 1652 
4477 1280 1278 1466 
4478 8 404 580 
4479 1991 4007 4013 
4480 2622 2623 3546 
4481 1971 966 4236 
4482 2790 2792 2793 
4483 1502 2653 2666 
4484 1622 1624 4303 
4485 3422 3541 3542 
4486 1115 1430 1474 
4487 2729 4067 4068 
4488 2721 2722 2723 
4489 1608 1607 1609 
4490 846 848 1958 
4491 745 744 752 
4492 1626 1628 4027 
4493 1184 1197 3105 
4494 2201 2329 2755 
4495 769 771 4649 
4496 5093 4279 5185 
4497 287 288 597 
4498 2599 2597 3429 
4499 3577 2655 3578 
4500 1697 1505 4275 
4501 2046 2757 4504 
4502 1513 1772 1773 
4503 2619 2620 2622 
4504 2110 3011 3012 
4505 2721 2718 2722 
4506 2240 2238 2241 
4507 1375 1377 2059 
4508 984 982 997 
4509 3702 3458 3905 
4510 1505 1512 1513 
4511 3216 3217 3218 
4512 3012 3430 3531 
4513 1082 1476 4495 
4514 1631 1630 1632 
4515 3426 3427 3467 
4516 743 742 744 
4517 2665 2675 2676 
4518 2197 3705 3706 
4519 3296 5047 5162 
4520 1167 1165 1168 
4521 2065 1771 2066 
4522 1059 1115 4156 
4523 3907 3908 3909 
4524 768 767 774 
4525 85 662 4298 
4526 3905 3906 3907 
4527 755 758 760 
4528 2223 2222 2224 
4529 977 976 978 
4530 5103 601 5728 
4531 1968 1966 3127 
4532 3715 2949 4196 
4533 4502 2724 4572 
4534 1061 1059 4156 
4535 290 291 514 
4536 3218 3457 3458 
4537 163 496 4252 
4538 2194 2596 2597 
4539 2352 2351 2955 
4540 1777 1940 2105 
4541 1976 1977 1978 
4542 3707 834 5219 
4543 760 761 762 
4544 1979 2355 2359 
4545 2667 2669 2670 
4546 1611 1609 1612 
4547 1465 790 4649 
4548 1570 1571 1572 
4549 1606 1605 1607 
4550 610 298 4248 
4551 1576 1575 4245 
4552 2407 1927 4669 
4553 2498 4242 4481 
4554 4214 4212 4215 
4555 2214 2140 2929 
4556 1454 3914 3915 
4557 2273 2028 4124 
4558 979 978 980 
4559 1561 1565 1566 
4560 3177 1983 4251 
4561 2182 1204 4600 
4562 2231 2232 2243 
4563 406 572 3009 
4564 2396 3323 3354 
4565 1156 1134 1527 
4566 609 3010 3096 
4567 1972 1973 1974 
4568 1566 1565 1567 
4569 1887 2406 4452 
4570 2857 2593 3486 
4571 1570 1569 1571 
4572 3426 3425 3427 
4573 1303 1300 4393 
4574 749 747 2184 
4575 1803 1804 1885 
4576 2403 2402 3403 
4577 3524 2674 3631 
4578 1974 1975 1976 
4579 741 740 742 
4580 1896 1897 1898 
4581 1567 1569 1570 
4582 748 750 1117 
4583 1005 1018 1020 
4584 1070 1515 1516 
4585 2108 1841 3764 
4586 2237 2236 2238 
4587 2816 2817 2818 
4588 2398 2840 3439 
4589 981 980 982 
4590 4141 4139 4142 
4591 932 933 941 
4592 2827 3338 3379 
4593 2297 2306 2307 
4594 4496 3166 4864 
4595 1307 1405 4946 
4596 1975 1973 2685 
4597 2641 2936 2987 
4598 2608 2405 4159 
4599 2617 2618 2619 
4600 2956 2955 2958 
4601 4174 3165 4817 
4602 162 163 4252 
4603 3760 2420 4861 
4604 660 293 4296 
4605 983 982 984 
4606 2352 2956 2957 
4607 2784 3216 3772 
4608 2356 2358 2365 
4609 1720 1866 4553 
4610 2411 2410 4398 
4611 2554 4373 4374 
4612 4138 3685 4139 
4613 2757 3471 4504 
4614 2279 2218 4277 
4615 1572 1571 1573 
4616 1746 1986 2305 
4617 513 407 5464 
4618 2659 2784 4261 
4619 2784 3215 3216 
4620 2650 2698 4395 
4621 2654 2240 2655 
4622 2891 2509 4389 
4623 1740 2274 2934 
4624 754 751 757 
4625 1087 1088 1089 
4626 2611 2612 2613 
4627 1825 4853 4891 
4628 1738 1719 2140 
4629 2658 2578 3369 
4630 4758 2290 4816 
4631 930 931 932 
4632 968 1971 1972 
4633 1742 1572 4240 
4634 1517 713 4666 
4635 2583 2584 2585 
4636 779 782 4308 
4637 215 216 658 
4638 2234 2236 2237 
4639 1584 1580 4284 
4640 1800 1802 1803 
4641 4398 2410 4399 
4642 1021 1981 4315 
4643 1607 1605 4174 
4644 85 86 662 
4645 3663 1825 5032 
4646 4907 3243 4922 
4647 975 974 976 
4648 2224 2225 2226 
4649 4281 4278 4282 
4650 1730 1612 1731 
4651 3013 3014 3015 
4652 4428 1020 4429 
4653 1128 1102 1129 
4654 1141 1110 4684 
4655 2051 1779 2109 
4656 3604 4398 4399 
4657 1516 1693 1736 
4658 203 204 630 
4659 2746 2744 4313 
4660 2473 2265 2476 
4661 1159 1105 1160 
4662 3172 4286 4287 
4663 115 116 4121 
4664 2218 2219 2220 
4665 3096 3327 3463 
4666 1830 1447 1831 
4667 1969 4140 4293 
4668 1081 1069 1432 
4669 2206 2645 2646 
4670 1193 1195 4180 
4671 4363 3076 4463 
4672 177 178 629 
4673 1250 1251 1252 
4674 4408 641 4409 
4675 1776 1777 4221 
4676 2838 2304 2876 
4677 1573 1575 1576 
4678 2875 2655 3577 
4679 2406 2610 4452 
4680 1600 4547 4595 
4681 3218 3458 3702 
4682 2231 2230 2232 
4683 1528 1527 1780 
4684 2205 2204 2206 
4685 1979 1977 1980 
4686 1887 1860 2330 
4687 2217 2216 2218 
4688 6 396 574 
4689 2405 2330 3270 
4690 1056 1104 4578 
4691 2319 3425 3426 
4692 1510 1511 1776 
4693 1474 1430 1860 
4694 2200 2445 2446 
4695 1132 1131 1147 
4696 3864 2467 3865 
4697 2060 2276 2402 
4698 2224 2226 2239 
4699 2220 2221 2222 
4700 1983 1984 2060 
4701 2363 4264 4265 
4702 4384 2083 4385 
4703 2477 2476 2478 
4704 2355 1980 2356 
4705 1175 1176 1177 
4706 2429 2703 2704 
4707 4351 499 4352 
4708 2659 2783 2784 
4709 2666 2667 4336 
4710 1168 1165 4353 
4711 3239 2746 4313 
4712 622 301 4260 
4713 1817 1819 1820 
4714 598 4212 4213 
4715 1669 1862 2665 
4716 1624 2600 4303 
4717 1476 2664 4495 
4718 4421 590 4422 
4719 1985 1701 4311 
4720 1504 1697 3126 
4721 1909 2167 4137 
4722 1801 1799 2082 
4723 1852 2112 2113 
4724 2738 2736 4419 
4725 2336 1968 3164 
4726 1327 1325 1339 
4727 1130 1129 1131 
4728 1741 1572 1742 
4729 684 193 4348 
4730 1831 2215 2216 
4731 2228 2230 2231 
4732 1981 1982 1983 
4733 2288 2287 3300 
4734 2499 2500 2501 
4735 1557 1558 1559 
4736 2497 2498 2499 
4737 3880 3879 3883 
4738 1459 1432 1840 
4739 3170 3169 3171 
4740 2365 2366 2367 
4741 4152 4153 4154 
4742 3152 2154 3206 
4743 842 846 4206 
4744 1485 1483 4093 
4745 2113 2112 2319 
4746 1736 2102 2163 
4747 1997 1998 2284 
4748 1192 1188 4755 
4749 1907 1909 4137 
4750 1128 1130 4326 
4751 1097 1096 1100 
4752 2501 2502 4391 
4753 75 667 4362 
4754 2059 1377 2304 
4755 1026 1524 4424 
4756 2554 4372 4373 
4757 292 293 660 
4758 1486 1489 1508 
4759 1921 1922 2149 
4760 1701 1702 1838 
4761 206 207 598 
4762 1692 1712 1713 
4763 1582 1583 1701 
4764 649 3923 3924 
4765 876 875 884 
4766 873 4291 4331 
4767 2226 2227 2228 
4768 1024 1022 1025 
4769 1981 1983 3177 
4770 2501 2500 2502 
4771 1076 1077 4495 
4772 2363 2113 4264 
4773 2673 2144 2674 
4774 1151 4608 4667 
4775 174 575 4316 
4776 3907 3906 3908 
4777 2638 3435 3728 
4778 2060 2402 2403 
4779 1021 1052 1981 
4780 3732 3731 3733 
4781 1975 2685 4464 
4782 1596 1590 1605 
4783 874 873 875 
4784 2553 2880 4372 
4785 2357 1980 4464 
4786 827 828 1618 
4787 2499 2498 2500 
4788 2089 1755 4737 
4789 2539 2553 4372 
4790 1095 1093 1096 
4791 4464 2685 4549 
4792 872 871 873 
4793 2758 3488 3489 
4794 1483 1482 1488 
4795 1014 974 4091 
4796 2446 2448 2449 
4797 528 210 4317 
4798 1850 1851 1852 
4799 1575 1577 1578 
4800 1943 1742 1944 
4801 1578 1579 1580 
4802 1852 1851 2112 
4803 2718 2715 4295 
4804 1578 1580 1584 
4805 2509 2506 4389 
4806 1245 4001 4003 
4807 1112 4090 5117 
4808 2851 2317 2852 
4809 3758 3214 4267 
4810 930 932 935 
4811 2497 1944 2498 
4812 1481 1480 1482 
4813 2220 2222 2223 
4814 2268 1126 4371 
4815 1101 1127 1135 
4816 1085 1086 1087 
4817 3201 2631 4119 
4818 1532 1533 4356 
4819 1794 1796 1797 
4820 1980 1977 4464 
4821 5484 3422 5801 
4822 1508 1509 1510 
4823 2039 2911 4339 
4824 4186 4187 4188 
4825 2435 775 2436 
4826 2365 2358 2366 
4827 1580 1581 1582 
4828 2316 2314 2317 
4829 895 929 930 
4830 2103 1881 2104 
4831 1554 1556 1557 
4832 2347 2346 2424 
4833 2496 1944 2497 
4834 1838 1839 1848 
4835 2206 2204 2645 
4836 1573 1574 1575 
4837 1258 1259 1260 
4838 73 522 4365 
4839 1005 942 1006 
4840 1252 1253 1254 
4841 2505 2504 2506 
4842 870 869 871 
4843 2636 2637 2638 
4844 939 4401 4844 
4845 3905 3458 3906 
4846 649 3924 4613 
4847 1754 2989 4682 
4848 71 668 4368 
4849 1348 3154 4680 
4850 1717 4046 4469 
4851 1479 1478 1480 
4852 1989 1988 2992 
4853 2688 2687 2689 
4854 1083 1084 1085 
4855 406 405 572 
4856 3475 2694 4243 
4857 174 175 575 
4858 739 738 740 
4859 1952 2255 2398 
4860 3218 3217 3457 
4861 2811 2853 3230 
4862 1567 1568 1569 
4863 4002 2752 4833 
4864 1703 1694 2099 
4865 1559 1560 1561 
4866 1026 1025 1027 
4867 2742 2738 4419 
4868 209 210 528 
4869 2502 2504 2505 
4870 1766 2278 2659 
4871 546 240 4809 
4872 2579 2082 2643 
4873 4453 1062 4454 
4874 1490 1487 1491 
4875 1646 1643 4612 
4876 1511 1509 4343 
4877 1674 1673 1675 
4878 2136 1914 2154 
4879 1552 1554 4190 
4880 3680 1938 4840 
4881 2149 2150 2787 
4882 2203 1859 2204 
4883 1091 1090 1092 
4884 1155 1156 4357 
4885 2507 2506 2509 
4886 4186 692 4187 
4887 609 414 3010 
4888 704 2595 4333 
4889 2167 2168 2570 
4890 2993 1988 4127 
4891 3213 2866 3459 
4892 2505 2506 2507 
4893 1024 1025 1026 
4894 759 756 1478 
4895 2720 2718 2721 
4896 609 3096 3267 
4897 1269 1267 1271 
4898 2333 2044 3228 
4899 2486 2490 4655 
4900 4347 4134 4781 
4901 3115 2182 4600 
4902 632 350 4285 
4903 3169 3168 4286 
4904 1831 1447 2215 
4905 2656 2243 2657 
4906 3091 3090 3092 
4907 1454 1145 1723 
4908 3096 3010 3327 
4909 1023 1022 1024 
4910 4085 4053 5154 
4911 1582 1701 1985 
4912 1686 2038 2039 
4913 3322 3144 3441 
4914 5004 2979 5091 
4915 1246 1247 1248 
4916 4206 4207 4209 
4917 2678 2679 3226 
4918 1431 1669 4342 
4919 691 4538 5448 
4920 4240 4241 4242 
4921 1848 1849 1850 
4922 1850 1849 1851 
4923 663 212 4351 
4924 2991 2501 3652 
4925 2285 2113 2363 
4926 2217 2218 2279 
4927 4382 2954 4383 
4928 1446 1151 1447 
4929 2279 4277 4279 
4930 949 1062 4453 
4931 2114 2099 2848 
4932 2667 2670 4336 
4933 1561 1564 1565 
4934 2891 4389 4390 
4935 2218 2216 2219 
4936 700 797 1997 
4937 2108 3764 4512 
4938 817 818 3810 
4939 3991 3365 5697 
4940 2154 1914 4405 
4941 1024 1026 4424 
4942 2507 2509 2510 
4943 2023 2026 4503 
4944 2190 2189 2191 
4945 2070 3802 4350 
4946 1460 1257 4054 
4947 3781 3780 4338 
4948 1838 1702 1839 
4949 2934 2274 2935 
4950 4123 1467 4477 
4951 3216 3215 3217 
4952 2030 2045 4559 
4953 2075 2294 2295 
4954 1451 3985 4446 
4955 1789 1787 2158 
4956 541 3018 3337 
4957 1811 1809 1826 
4958 1701 1583 1702 
4959 2009 2010 2201 
4960 846 1958 4206 
4961 708 706 736 
4962 3178 2657 3375 
4963 737 736 738 
4964 294 295 564 
4965 172 173 664 
4966 1774 2076 2636 
4967 1987 1978 1988 
4968 1126 1137 4371 
4969 4098 4100 4101 
4970 211 212 663 
4971 2676 2675 3144 
4972 1492 1491 1502 
4973 1270 4451 4679 
4974 2224 2222 2225 
4975 3146 3781 4304 
4976 4269 4271 4662 
4977 1764 1723 2068 
4978 1797 1798 1945 
4979 3738 4023 5195 
4980 2441 2954 4382 
4981 1795 1793 2115 
4982 1570 1741 4345 
4983 2081 2139 2148 
4984 2241 2242 2246 
4985 2228 2229 2230 
4986 297 298 610 
4987 2535 2554 4376 
4988 39 666 4361 
4989 2665 1862 2675 
4990 197 641 4408 
4991 1566 1567 4345 
4992 2132 2133 2389 
4993 172 664 4337 
4994 2666 2653 2667 
4995 4232 4911 4968 
4996 2510 2509 2511 
4997 2670 2669 2865 
4998 1848 1839 1849 
4999 2039 2474 2911 
5000 2069 2068 2346 
5001 2618 2615 4034 
5002 1542 1684 1686 
5003 2148 2883 2884 
5004 2402 2276 3333 
5005 1831 2216 2217 
5006 163 164 496 
5007 4101 4102 4103 
5008 1582 1581 1583 
5009 1142 1141 1665 
5010 2060 1984 2276 
5011 2900 2343 2901 
5012 2018 1773 2213 
5013 1666 1665 1704 
5014 2824 2822 2825 
5015 2220 2219 2221 
5016 981 982 983 
5017 2502 2503 2504 
5018 2476 2265 4512 
5019 2673 2674 3524 
5020 2367 2368 2369 
5021 2607 2158 2941 
5022 884 894 895 
5023 2639 2424 2640 
5024 2319 2475 3425 
5025 1838 1848 2350 
5026 1983 1982 1984 
5027 213 499 4351 
5028 2246 2423 2725 
5029 1133 1155 2626 
5030 878 876 4293 
5031 1788 1790 1791 
5032 1727 2083 4384 
5033 1855 1856 2146 
5034 977 978 979 
5035 2646 2648 2651 
5036 836 838 852 
5037 4571 1775 4597 
5038 2515 2512 4441 
5039 3155 2361 3156 
5040 166 167 599 
5041 2232 2233 2234 
5042 2748 2746 3239 
5043 2655 2240 4254 
5044 3355 2557 3356 
5045 186 590 4421 
5046 2772 2877 2878 
5047 979 980 981 
5048 2237 2240 2654 
5049 2690 2689 3694 
5050 1791 1792 1919 
5051 2262 1607 4174 
5052 3256 3411 3412 
5053 2161 2162 3016 
5054 415 414 609 
5055 3500 2407 4669 
5056 2414 2411 4398 
5057 1071 1072 1073 
5058 626 3341 3544 
5059 168 169 661 
5060 2039 2038 2474 
5061 2389 2133 4320 
5062 2729 993 4067 
5063 2105 1940 4551 
5064 2744 2742 2774 
5065 2130 2131 2132 
5066 83 84 507 
5067 1542 1686 4329 
5068 2778 2779 3283 
5069 4126 4125 4520 
5070 830 832 1051 
5071 1111 1110 1141 
5072 300 301 622 
5073 80 81 600 
5074 2545 4363 4463 
5075 2146 2185 2778 
5076 814 805 815 
5077 3544 3341 3727 
5078 5602 3461 5625 
5079 975 976 977 
5080 3961 570 3962 
5081 77 78 525 
5082 213 214 499 
5083 846 847 848 
5084 395 394 542 
5085 2197 1935 3705 
5086 4372 2880 4373 
5087 2905 2039 4339 
5088 941 933 942 
5089 170 171 500 
5090 2784 2783 3215 
5091 1418 1740 4471 
5092 1518 1519 1662 
5093 1580 1579 1581 
5094 2192 2189 4210 
5095 4453 4454 4455 
5096 4386 2991 4387 
5097 1452 1739 2601 
5098 1578 1577 1579 
5099 1536 1538 1763 
5100 1137 1532 4371 
5101 2367 2366 2368 
5102 848 849 855 
5103 2369 2370 2371 
5104 1822 1808 4838 
5105 2902 2343 4129 
5106 2110 3012 4551 
5107 2596 2192 4210 
5108 1077 1079 1080 
5109 868 867 869 
5110 884 895 1969 
5111 2552 2556 2557 
5112 1446 1447 1830 
5113 1062 947 4425 
5114 1570 1572 1741 
5115 870 871 872 
5116 984 998 2726 
5117 2630 2631 2632 
5118 2490 2951 3376 
5119 2403 3403 4033 
5120 715 718 719 
5121 1513 1512 1772 
5122 2761 2063 4430 
5123 1382 1381 1387 
5124 1008 1022 1023 
5125 168 661 4344 
5126 3104 3965 3966 
5127 3072 2831 3073 
5128 2626 2629 2630 
5129 1529 1778 1837 
5130 3236 4571 4597 
5131 1021 1007 1052 
5132 2443 2373 4406 
5133 3168 2722 3837 
5134 2510 2511 2512 
5135 212 213 4351 
5136 75 76 667 
5137 2203 2204 2205 
5138 5249 3300 5349 
5139 3439 2840 3440 
5140 569 3476 3477 
5141 1029 1027 1429 
5142 1741 1742 1943 
5143 3635 4439 4465 
5144 932 931 933 
5145 1342 1726 3525 
5146 1575 1574 1577 
5147 1132 1147 4577 
5148 3268 1682 3423 
5149 2050 2340 2605 
5150 4141 4142 4143 
5151 1505 1494 1512 
5152 2553 2560 2879 
5153 2234 2235 2236 
5154 1073 1074 1075 
5155 4374 4373 4375 
5156 882 880 891 
5157 1604 1768 1782 
5158 1451 1475 1518 
5159 4381 2436 4914 
5160 2612 2609 4182 
5161 3133 3132 3134 
5162 723 725 1688 
5163 1469 1083 4404 
5164 4511 2268 5128 
5165 820 826 827 
5166 2226 2225 2227 
5167 3172 3169 4286 
5168 1683 1934 3110 
5169 194 577 4348 
5170 991 993 994 
5171 1686 2039 2905 
5172 170 500 4349 
5173 1981 1052 1982 
5174 3899 3900 3901 
5175 2119 2952 2953 
5176 2063 1999 4430 
5177 884 875 894 
5178 2031 2032 2351 
5179 2511 2891 2892 
5180 346 347 602 
5181 1388 1387 1392 
5182 34 35 603 
5183 2880 2879 3580 
5184 868 869 870 
5185 4471 2934 4472 
5186 1536 1537 1538 
5187 3398 2465 3806 
5188 2564 2507 4493 
5189 3582 3518 3585 
5190 803 801 4525 
5191 2654 2655 2875 
5192 2398 2255 2840 
5193 1943 1944 2496 
5194 3784 2476 4512 
5195 3231 2388 5654 
5196 577 195 4407 
5197 343 344 534 
5198 37 38 535 
5199 2698 3221 4395 
5200 3353 2863 3790 
5201 1113 1108 1114 
5202 719 720 721 
5203 2559 2515 4441 
5204 2537 2539 4372 
5205 2774 2742 4419 
5206 4183 3166 4496 
5207 866 867 868 
5208 4152 4154 5364 
5209 73 74 522 
5210 2161 3016 3189 
5211 855 856 1059 
5212 2290 2291 4468 
5213 2826 2825 3514 
5214 1608 1609 1611 
5215 71 72 668 
5216 3616 4413 4414 
5217 2659 2278 2783 
5218 2646 2645 2647 
5219 2867 3214 3758 
5220 2516 2563 4413 
5221 2499 2991 4386 
5222 69 70 501 
5223 794 795 808 
5224 2904 1776 4221 
5225 1933 2085 2086 
5226 2552 3355 4378 
5227 727 730 731 
5228 704 702 2595 
5229 808 809 1656 
5230 2369 2368 2370 
5231 1928 2152 2153 
5232 1731 1749 1785 
5233 349 350 632 
5234 31 32 633 
5235 1150 1063 1151 
5236 947 945 4425 
5237 509 3021 3360 
5238 1538 1539 1541 
5239 4329 2905 4330 
5240 1203 1209 1210 
5241 1573 1571 1574 
5242 809 811 4533 
5243 2875 3577 3768 
5244 2606 2115 2859 
5245 2534 2533 2535 
5246 4439 4438 4465 
5247 2715 2713 4295 
5248 2499 2501 2991 
5249 1354 1622 4646 
5250 1909 1908 1910 
5251 2717 2715 2718 
5252 2843 4378 4379 
5253 1567 1570 4345 
5254 1831 2217 4489 
5255 2371 2370 2372 
5256 4152 2100 4153 
5257 2291 2912 4468 
5258 2698 2699 2702 
5259 984 2726 4332 
5260 866 865 867 
5261 1639 1641 4449 
5262 1569 1568 1585 
5263 1923 1297 3965 
5264 873 871 4291 
5265 1137 1436 1532 
5266 2953 2999 3590 
5267 930 929 931 
5268 190 191 508 
5269 4304 3781 4305 
5270 1693 1515 4418 
5271 2539 2541 2553 
5272 2028 2029 2031 
5273 872 873 874 
5274 3652 2501 4391 
5275 3599 3597 3793 
5276 2268 4371 5148 
5277 721 720 4340 
5278 541 416 3018 
5279 775 774 4175 
5280 3189 3016 3576 
5281 303 304 669 
5282 1533 1535 1536 
5283 192 193 684 
5284 1676 1675 1677 
5285 2550 2551 2552 
5286 2723 3169 3170 
5287 408 407 513 
5288 1023 1024 1046 
5289 2514 2516 4413 
5290 194 195 577 
5291 1059 1060 1115 
5292 3263 2908 3596 
5293 41 494 4380 
5294 1941 1939 3712 
5295 2135 2189 2190 
5296 2879 2560 3017 
5297 3557 511 5740 
5298 1606 1607 1608 
5299 1268 1270 4679 
5300 2250 2249 2251 
5301 1785 1786 1918 
5302 4413 2563 4414 
5303 3856 3855 3857 
5304 1686 1684 2038 
5305 3318 3171 5134 
5306 2228 2227 2229 
5307 2740 2844 2845 
5308 1852 2113 2285 
5309 2614 2613 2615 
5310 89 90 4346 
5311 2748 3239 3240 
5312 2685 4238 4549 
5313 1596 1605 1606 
5314 2748 3240 4394 
5315 3596 2908 4382 
5316 305 306 618 
5317 1115 1116 1430 
5318 1276 2161 4451 
5319 1567 1565 1568 
5320 2554 2537 4372 
5321 1784 4932 4965 
5322 2441 2440 2954 
5323 2356 2357 2358 
5324 2535 2537 2554 
5325 1533 1536 4356 
5326 811 813 817 
5327 1557 1556 1558 
5328 2634 2988 3464 
5329 4499 2572 4549 
5330 874 875 876 
5331 889 887 938 
5332 341 342 665 
5333 2512 2511 4441 
5334 2412 2415 3343 
5335 557 3399 3548 
5336 2908 2441 4382 
5337 2683 1945 4777 
5338 1647 1649 4746 
5339 39 40 666 
5340 2553 2879 2880 
5341 1559 1558 1560 
5342 188 189 685 
5343 2945 2566 3616 
5344 3222 2761 3223 
5345 2495 3074 3494 
5346 1538 1537 1539 
5347 735 767 768 
5348 2531 2533 2534 
5349 1705 1704 1706 
5350 2553 2541 2560 
5351 1527 1134 4577 
5352 2550 2552 4378 
5353 2417 2414 2440 
5354 2506 2504 2508 
5355 509 419 3021 
5356 2511 2509 2891 
5357 1783 2055 2290 
5358 2128 2129 2130 
5359 2552 2551 2556 
5360 2342 2001 2343 
5361 2531 2532 2533 
5362 3475 4243 4244 
5363 2552 2557 3355 
5364 1026 1027 1028 
5365 1384 4462 4517 
5366 867 1514 4411 
5367 2528 2527 2529 
5368 2284 1998 4665 
5369 393 569 3019 
5370 185 186 4421 
5371 1198 1193 4180 
5372 2920 2919 2921 
5373 1473 1471 2122 
5374 3847 1457 3848 
5375 2225 2222 4513 
5376 2481 2480 2482 
5377 569 5 3476 
5378 1028 1027 1029 
5379 3547 5809 5840 
5380 2360 2007 2361 
5381 2231 2243 2656 
5382 1035 1033 1548 
5383 2506 2508 4389 
5384 2529 2530 2531 
5385 2528 2529 2555 
5386 2497 2499 4386 
5387 2237 2654 4514 
5388 1046 1024 4424 
5389 420 419 509 
5390 2513 2512 2514 
5391 871 1121 4291 
5392 3805 4981 5017 
5393 642 184 4423 
5394 1611 1612 1730 
5395 3111 2546 4427 
5396 2371 2372 2373 
5397 983 984 4332 
5398 864 865 866 
5399 3578 2655 4254 
5400 3045 3046 3516 
5401 1270 1272 1273 
5402 2545 3111 4363 
5403 804 803 805 
5404 5314 3867 5361 
5405 871 869 1121 
5406 4048 4805 4880 
5407 4407 196 4408 
5408 2420 4482 4861 
5409 308 309 614 
5410 3576 3016 3686 
5411 2088 2123 2124 
5412 2843 2550 4378 
5413 880 878 4420 
5414 3059 5053 5236 
5415 2417 2440 2441 
5416 788 789 794 
5417 827 1619 4130 
5418 571 88 4161 
5419 3170 3171 3318 
5420 3013 2111 3014 
5421 2505 2507 2564 
5422 2610 2609 2611 
5423 2286 2421 2495 
5424 186 187 590 
5425 4363 3111 4364 
5426 2373 2375 4406 
5427 1924 1926 3067 
5428 557 3041 3399 
5429 807 1069 1081 
5430 4430 1999 4581 
5431 2502 2500 2503 
5432 842 844 846 
5433 774 792 4175 
5434 2573 2324 2574 
5435 870 872 4434 
5436 2954 2440 3604 
5437 3616 2566 4413 
5438 413 10 626 
5439 2193 2192 2194 
5440 2371 2373 2443 
5441 2524 2523 2525 
5442 1633 1635 4450 
5443 875 873 4331 
5444 861 1520 4433 
5445 973 972 974 
5446 2535 2536 2537 
5447 2525 2528 4442 
5448 1909 1910 1911 
5449 2373 2372 2374 
5450 2528 2567 4442 
5451 88 89 4161 
5452 2321 2320 2322 
5453 2354 4085 4086 
5454 768 774 775 
5455 711 713 1517 
5456 3360 3021 3361 
5457 891 880 4420 
5458 3417 2932 4857 
5459 4415 2563 4438 
5460 185 4421 4423 
5461 2291 2293 2912 
5462 503 3317 4974 
5463 2232 2234 4514 
5464 1561 1560 1564 
5465 193 194 4348 
5466 626 3022 3341 
5467 4414 2563 4415 
5468 2546 2548 4427 
5469 764 770 4470 
5470 3083 3064 3453 
5471 339 340 493 
5472 2525 2527 2528 
5473 3109 3161 3381 
5474 2646 2647 2648 
5475 3263 3596 3597 
5476 1450 1451 4446 
5477 934 1004 4511 
5478 2514 2512 2515 
5479 1761 1646 4612 
5480 2232 2230 2233 
5481 2947 2435 4381 
5482 2323 2322 2324 
5483 5268 3547 5627 
5484 41 42 494 
5485 1536 1763 4356 
5486 4358 4269 4662 
5487 1814 1815 1816 
5488 2671 2524 4442 
5489 3609 494 5720 
5490 3171 3172 5112 
5491 2560 2541 4463 
5492 2974 2724 3211 
5493 2800 2802 3265 
5494 311 312 585 
5495 2522 2523 2524 
5496 2217 4276 4489 
5497 346 602 4359 
5498 2107 2264 2833 
5499 342 343 4360 
5500 195 196 4407 
5501 4703 3205 4897 
5502 343 534 4360 
5503 1216 1214 1732 
5504 3012 3532 4551 
5505 2566 2514 4413 
5506 2335 3255 3256 
5507 1532 1436 1533 
5508 1173 1174 1175 
5509 4745 1566 4760 
5510 1104 1205 4578 
5511 2026 2027 2028 
5512 345 346 4359 
5513 3207 3073 3395 
5514 4295 2713 4547 
5515 786 787 788 
5516 2729 4068 4443 
5517 2084 1696 3243 
5518 2522 2521 2523 
5519 2563 2518 4438 
5520 196 197 4408 
5521 949 947 1062 
5522 1205 1835 2013 
5523 2720 2721 2881 
5524 4415 4438 4439 
5525 2514 2515 2516 
5526 2319 2112 2475 
5527 1348 3153 3154 
5528 967 966 968 
5529 2252 2251 2253 
5530 1393 1392 1395 
5531 1960 4040 4871 
5532 1678 1677 1734 
5533 5044 3339 5225 
5534 2510 2512 2513 
5535 1995 2093 2286 
5536 313 314 672 
5537 2161 1681 2162 
5538 3076 2560 4463 
5539 783 784 786 
5540 2793 2792 2794 
5541 2412 3343 4406 
5542 2525 2526 2527 
5543 2390 2328 2391 
5544 2567 2555 3625 
5545 951 949 4453 
5546 2520 2521 2522 
5547 1536 1535 1537 
5548 1671 1886 1942 
5549 767 765 4636 
5550 2820 2819 2821 
5551 1459 1840 1914 
5552 895 894 929 
5553 1749 1748 4588 
5554 1963 1964 1965 
5555 2045 2335 4559 
5556 2513 2514 2566 
5557 2537 2538 2539 
5558 2511 2892 4441 
5559 1210 1209 1211 
5560 2516 2517 2518 
5561 3271 2338 3272 
5562 2172 2173 4546 
5563 1081 1432 1459 
5564 1051 4273 4274 
5565 1859 1046 4426 
5566 2568 2524 2671 
5567 1590 1588 4584 
5568 1464 1462 4482 
5569 1622 1623 1624 
5570 4414 4415 4416 
5571 2520 2519 2521 
5572 2516 2518 2563 
5573 315 316 529 
5574 1686 2905 4329 
5575 3422 3288 3541 
5576 2548 2550 2843 
5577 2529 2527 2530 
5578 2494 2225 4513 
5579 2521 3630 4437 
5580 2136 2154 3152 
5581 1485 4093 4593 
5582 2627 3972 4494 
5583 2161 3189 4451 
5584 2226 2228 4542 
5585 2375 2412 4406 
5586 2535 2533 2536 
5587 2518 2519 2520 
5588 1919 1792 4625 
5589 2375 2374 2410 
5590 626 10 3022 
5591 2531 2530 2532 
5592 4227 4228 4953 
5593 1150 1151 1446 
5594 863 861 4433 
5595 877 876 878 
5596 2516 2515 2517 
5597 3343 2415 3386 
5598 2241 2238 2242 
5599 2518 2520 4438 
5600 3924 3944 4613 
5601 1628 1629 1630 
5602 2548 2843 4427 
5603 2654 4201 4514 
5604 3057 3056 3059 
5605 1790 1789 4633 
5606 2915 3392 3393 
5607 2216 2215 4566 
5608 2539 2540 2541 
5609 4790 588 5273 
5610 1626 1627 1628 
5611 2518 2517 2519 
5612 864 863 865 
5613 2126 2127 2128 
5614 2524 2525 4442 
5615 665 342 4360 
5616 3125 2198 3687 
5617 67 68 673 
5618 1624 1625 1626 
5619 3630 2519 4445 
5620 4635 2114 4767 
5621 2616 2615 2617 
5622 2166 2633 2634 
5623 3924 3925 3926 
5624 3425 2475 3869 
5625 2398 3439 4461 
5626 2692 1919 4789 
5627 2656 2657 3178 
5628 1474 1887 4452 
5629 4022 2184 4539 
5630 2519 2517 4445 
5631 2472 4257 4258 
5632 1398 1409 4462 
5633 557 417 3041 
5634 2221 3145 3146 
5635 1274 1272 1655 
5636 1096 1093 4627 
5637 2717 2718 2720 
5638 1987 1988 1989 
5639 1914 1840 4405 
5640 971 969 972 
5641 2440 2414 4398 
5642 2525 2523 2526 
5643 2545 2546 3111 
5644 1945 1798 4628 
5645 1220 1218 1547 
5646 2393 2063 2761 
5647 1961 1962 1963 
5648 2816 2142 2817 
5649 2374 2372 2427 
5650 3015 3014 3613 
5651 2517 2515 2559 
5652 1047 1039 1110 
5653 2305 1986 2338 
5654 2929 2930 3521 
5655 2542 2544 2545 
5656 1425 1423 1427 
5657 2550 2549 2551 
5658 4238 4499 4549 
5659 927 925 1013 
5660 958 956 1012 
5661 2517 2559 4445 
5662 936 870 4434 
5663 3697 2489 4654 
5664 2522 2524 2568 
5665 1762 4450 4751 
5666 3532 3531 3533 
5667 3080 3078 3101 
5668 4438 2520 4465 
5669 2373 2374 2375 
5670 2114 2850 4767 
5671 1851 1849 2397 
5672 2375 2411 2412 
5673 1735 1734 1842 
5674 1669 1670 1862 
5675 800 799 801 
5676 867 865 1514 
5677 1375 1376 1377 
5678 2416 2414 2417 
5679 1026 1028 1524 
5680 2528 2555 2567 
5681 184 185 4423 
5682 2907 2441 2908 
5683 2056 2577 2578 
5684 1617 4811 4868 
5685 1431 1434 1669 
5686 2234 2233 2235 
5687 2695 2860 2937 
5688 4014 3273 4876 
5689 2568 2671 3634 
5690 2521 2519 3630 
5691 973 974 975 
5692 879 878 880 
5693 516 3064 3083 
5694 197 198 641 
5695 3190 3191 3433 
5696 312 313 4410 
5697 868 870 936 
5698 2548 2549 2550 
5699 183 184 642 
5700 1171 1172 1173 
5701 1688 725 4396 
5702 2568 3635 4465 
5703 2236 2235 2244 
5704 862 863 864 
5705 2144 1830 4489 
5706 785 783 4199 
5707 3365 3991 5423 
5708 1863 1952 4397 
5709 1012 956 4458 
5710 2585 2602 2603 
5711 1685 1699 4490 
5712 466 465 556 
5713 393 5 569 
5714 23 464 539 
5715 441 17 567 
5716 418 417 557 
5717 13 440 540 
5718 449 19 568 
5719 426 425 558 
5720 11 416 541 
5721 2537 2536 2538 
5722 2726 998 4552 
5723 1996 1830 2144 
5724 902 2814 4467 
5725 2545 2544 2546 
5726 1921 1620 1922 
5727 3835 3549 5124 
5728 802 801 803 
5729 727 731 4396 
5730 15 432 530 
5731 2164 2163 2439 
5732 4431 863 4433 
5733 3014 4354 4894 
5734 2117 2165 2166 
5735 1008 1023 4552 
5736 953 951 1525 
5737 314 315 4417 
5738 2522 2568 4465 
5739 1977 1975 4464 
5740 3146 3780 3781 
5741 3450 2787 3451 
5742 9 424 531 
5743 1491 1487 4593 
5744 2621 2618 4034 
5745 2818 2817 2819 
5746 896 1523 2695 
5747 3813 3815 3816 
5748 1872 2301 3138 
5749 1904 1932 1933 
5750 2737 2739 2740 
5751 1231 1224 1381 
5752 443 442 544 
5753 3618 3535 3619 
5754 1124 1126 2268 
5755 2955 2351 3306 
5756 1642 1836 2661 
5757 2158 1787 4588 
5758 1077 1082 4495 
5759 2672 2144 2673 
5760 2191 2192 2193 
5761 2948 2439 2949 
5762 3604 2440 4398 
5763 1740 1937 2274 
5764 2758 2047 3488 
5765 3550 2945 3624 
5766 1740 2934 4471 
5767 865 863 4431 
5768 1867 1869 1995 
5769 2375 2410 2411 
5770 516 421 3064 
5771 337 338 670 
5772 2546 2547 2548 
5773 2554 4374 4376 
5774 3262 2908 3263 
5775 1211 1209 1212 
5776 1354 1621 1622 
5777 3534 3533 3535 
5778 43 44 671 
5779 1976 1978 1987 
5780 1525 951 4453 
5781 1004 1124 4511 
5782 1731 1785 4567 
5783 4339 5168 5172 
5784 900 898 1531 
5785 3598 3597 3599 
5786 2523 2521 4437 
5787 848 847 849 
5788 317 318 674 
5789 3147 1527 4577 
5790 2565 2496 3069 
5791 914 913 916 
5792 1889 1892 4548 
5793 2570 2168 2571 
5794 2749 2748 4394 
5795 917 916 918 
5796 2536 2533 4492 
5797 919 918 920 
5798 1708 1563 4507 
5799 2006 2004 2007 
5800 881 880 882 
5801 846 844 847 
5802 920 918 922 
5803 912 911 913 
5804 2681 2566 2945 
5805 1782 1768 1783 
5806 921 920 923 
5807 2976 2749 2979 
5808 3751 3320 3752 
5809 914 916 917 
5810 3287 3094 3288 
5811 857 1139 4506 
5812 912 913 914 
5813 914 917 1526 
5814 917 918 919 
5815 3268 4693 4716 
5816 2568 3634 3635 
5817 2345 1870 2724 
5818 3017 2560 3076 
5819 919 920 921 
5820 2542 2545 4463 
5821 2356 1980 2357 
5822 924 923 925 
5823 910 912 1001 
5824 921 924 1002 
5825 855 849 856 
5826 910 909 911 
5827 3600 3599 3601 
5828 921 923 924 
5829 1371 1374 1375 
5830 2539 2538 2540 
5831 2246 2242 2423 
5832 910 911 912 
5833 2532 2562 3199 
5834 2520 2522 4465 
5835 2647 2645 4039 
5836 3137 2302 3729 
5837 862 861 863 
5838 1800 1803 4628 
5839 1384 1398 4462 
5840 876 884 4293 
5841 2469 2466 2470 
5842 3648 3069 3691 
5843 2979 2749 4394 
5844 1396 1395 1397 
5845 2417 2441 2907 
5846 1027 1025 4392 
5847 902 1990 2814 
5848 1046 4424 4426 
5849 1757 2009 4737 
5850 3005 717 3307 
5851 3838 3839 4689 
5852 1506 1507 1719 
5853 2541 2540 2542 
5854 2881 2721 4563 
5855 1429 1027 4392 
5856 2412 2413 2415 
5857 905 907 908 
5858 1089 1088 1090 
5859 2413 2411 2414 
5860 862 864 1016 
5861 1151 1063 4608 
5862 1310 1309 1311 
5863 2215 1447 4667 
5864 1065 1150 4561 
5865 2556 2558 2959 
5866 615 3443 3444 
5867 899 901 902 
5868 877 878 879 
5869 3260 2272 3319 
5870 3211 2724 4502 
5871 3566 2612 4182 
5872 2034 1708 4507 
5873 1003 4544 4608 
5874 2344 4907 4922 
5875 1163 1164 1165 
5876 27 480 532 
5877 3749 3163 4854 
5878 3000 3001 3002 
5879 1752 1946 2056 
5880 1398 1408 1409 
5881 2221 3146 4513 
5882 1699 1700 1727 
5883 21 472 533 
5884 965 963 966 
5885 3714 2949 3715 
5886 422 516 3185 
5887 1500 1501 1506 
5888 908 909 910 
5889 1794 1797 4625 
5890 2695 1523 2860 
5891 2385 2906 3347 
5892 2460 2459 2461 
5893 2412 2411 2413 
5894 900 1531 2627 
5895 860 861 862 
5896 1858 1046 1859 
5897 1211 1213 1391 
5898 2381 2382 2383 
5899 2231 2656 4542 
5900 869 867 4411 
5901 2526 2523 4437 
5902 1585 1765 1766 
5903 2938 3684 4428 
5904 1716 2046 4504 
5905 853 850 4505 
5906 4544 3972 4608 
5907 2912 2293 2913 
5908 2406 2609 2610 
5909 2348 3234 3545 
5910 2561 2536 4492 
5911 2865 2986 3233 
5912 2747 2746 2748 
5913 2169 1776 2904 
5914 2023 2025 2026 
5915 3926 3927 3929 
5916 1569 1585 4611 
5917 1918 1786 4617 
5918 2202 1859 2203 
5919 2290 2055 2291 
5920 2989 2089 2990 
5921 2548 2547 2549 
5922 3341 3022 4158 
5923 422 421 516 
5924 412 411 615 
5925 1766 2147 2278 
5926 896 2695 4557 
5927 432 431 3367 
5928 714 712 4486 
5929 2937 2860 3617 
5930 861 859 1520 
5931 1059 856 1060 
5932 1165 1164 4353 
5933 2814 1990 3622 
5934 1418 1695 1740 
5935 3141 4664 4746 
5936 1071 1019 1072 
5937 2541 2542 4463 
5938 859 857 4506 
5939 1720 1865 1866 
5940 2413 2414 2416 
5941 2393 2761 3222 
5942 1758 1469 4674 
5943 918 916 4459 
5944 1525 4453 4455 
5945 1830 1831 4489 
5946 883 882 885 
5947 558 425 3024 
5948 2081 1662 2139 
5949 2196 3140 4618 
5950 1514 4431 4432 
5951 2173 2385 4546 
5952 2159 3003 4657 
5953 1498 1499 1500 
5954 1839 1702 2008 
5955 807 1081 4435 
5956 902 901 903 
5957 2974 3211 3340 
5958 2207 2205 2208 
5959 1972 1974 3150 
5960 1115 1060 1116 
5961 2532 2530 2562 
5962 1416 1415 1420 
5963 2855 2856 2864 
5964 585 312 4410 
5965 1780 3147 3148 
5966 1030 1029 1031 
5967 2546 2544 2547 
5968 4211 1516 4645 
5969 2723 3170 4563 
5970 1028 1029 1030 
5971 1952 1953 2255 
5972 899 900 901 
5973 2667 2668 2669 
5974 1863 1951 1952 
5975 1137 1435 1436 
5976 3020 2904 3562 
5977 2171 1769 2711 
5978 908 907 909 
5979 2733 1549 3474 
5980 902 903 1990 
5981 1860 1430 4342 
5982 2387 2253 2388 
5983 2200 2446 4665 
5984 65 66 538 
5985 2542 2543 2544 
5986 779 780 781 
5987 986 983 4332 
5988 4175 792 4435 
5989 3034 3438 4037 
5990 2368 2366 2493 
5991 2551 2549 4485 
5992 2680 2002 3204 
5993 3978 2902 4129 
5994 725 727 4396 
5995 3297 5206 5356 
5996 1583 1581 1711 
5997 1514 865 4431 
5998 74 75 4362 
5999 879 880 881 
6000 2149 1922 2150 
6001 1403 1397 1404 
6002 1412 1411 1415 
6003 2358 2357 2572 
6004 2532 3199 4492 
6005 922 918 4459 
6006 4144 4145 4146 
6007 2533 2532 4492 
6008 1430 1116 1431 
6009 4237 4236 4518 
6010 1488 1495 1496 
6011 2462 2461 2463 
6012 3237 3236 3238 
6013 313 672 4410 
6014 2513 2566 2681 
6015 1502 2652 2653 
6016 1440 1419 1882 
6017 2157 2035 3227 
6018 3199 2562 3309 
6019 1562 4537 4562 
6020 3656 674 5641 
6021 2026 2273 4503 
6022 3263 3597 3598 
6023 3622 1990 3623 
6024 2389 4320 4322 
6025 2907 2908 3262 
6026 72 73 4365 
6027 319 320 554 
6028 903 904 905 
6029 1169 1170 1171 
6030 2333 3228 3304 
6031 70 71 4368 
6032 1663 1691 1692 
6033 2221 2219 3145 
6034 1414 1404 1419 
6035 1496 1497 1498 
6036 897 899 4467 
6037 903 905 4475 
6038 1463 1903 1904 
6039 4117 3705 4755 
6040 874 876 877 
6041 860 859 861 
6042 1161 1162 1163 
6043 1083 1080 1084 
6044 899 902 4467 
6045 353 354 695 
6046 391 392 694 
6047 2833 2264 4447 
6048 1451 1120 1475 
6049 3060 2889 3061 
6050 672 314 4417 
6051 881 882 883 
6052 2265 2108 4512 
6053 2696 2649 3176 
6054 2217 2279 4276 
6055 4881 1748 4949 
6056 886 885 887 
6057 1147 1148 1930 
6058 1855 1658 1856 
6059 1430 1431 4342 
6060 1533 1534 1535 
6061 1908 1906 2420 
6062 2661 2662 2663 
6063 2538 2536 2561 
6064 1574 1571 4611 
6065 2507 2510 4493 
6066 3027 3029 3034 
6067 1065 1063 1150 
6068 63 64 677 
6069 2500 2498 4481 
6070 2031 2029 2032 
6071 2650 2697 2698 
6072 4475 908 4541 
6073 2234 2237 4514 
6074 1930 1931 2287 
6075 905 906 907 
6076 903 901 904 
6077 3457 3217 3595 
6078 897 898 899 
6079 2222 2221 4513 
6080 38 39 4361 
6081 888 887 889 
6082 1043 1044 1045 
6083 2681 2945 3550 
6084 556 465 3023 
6085 905 908 4475 
6086 433 15 3042 
6087 45 46 512 
6088 2611 2613 2614 
6089 335 336 511 
6090 2544 2543 4491 
6091 431 430 3068 
6092 315 529 4417 
6093 2556 2551 2558 
6094 1273 1272 1274 
6095 3623 4475 4541 
6096 3671 2990 3672 
6097 4048 4711 4805 
6098 1159 1160 1161 
6099 1023 1858 4552 
6100 2079 2116 2117 
6101 2598 2597 2599 
6102 2547 2544 4491 
6103 910 1001 4541 
6104 926 925 927 
6105 2436 4175 4831 
6106 792 807 4435 
6107 3583 3582 3584 
6108 896 897 1523 
6109 409 9 3043 
6110 2712 2711 2713 
6111 3581 3518 3582 
6112 2694 1918 4768 
6113 318 319 4460 
6114 2377 2041 2378 
6115 2475 2112 4554 
6116 1298 1299 1300 
6117 2873 3502 3510 
6118 4261 4262 4774 
6119 1143 3774 4901 
6120 1077 1075 1079 
6121 924 925 926 
6122 1542 1543 1684 
6123 1124 2268 4511 
6124 3598 3599 3600 
6125 1990 903 4475 
6126 1153 1728 1729 
6127 1788 1791 4617 
6128 321 322 679 
6129 3517 3046 3518 
6130 2549 2547 2569 
6131 884 1969 4293 
6132 2648 2647 2649 
6133 2542 2540 2543 
6134 773 778 779 
6135 3393 3392 3394 
6136 2015 1708 2034 
6137 2652 1491 4593 
6138 354 355 4500 
6139 390 391 4501 
6140 1523 897 4467 
6141 1167 1168 1169 
6142 2167 1911 2168 
6143 2478 2476 3784 
6144 1638 2687 2688 
6145 441 567 3048 
6146 817 3810 4786 
6147 4507 1563 4648 
6148 3146 3145 3780 
6149 3270 2330 4165 
6150 2853 2854 2855 
6151 899 898 900 
6152 1524 4526 4536 
6153 1004 1003 1063 
6154 2765 1654 3421 
6155 1045 1049 1050 
6156 333 334 676 
6157 2115 1793 4633 
6158 61 62 559 
6159 1839 2008 4448 
6160 2977 2976 2978 
6161 944 946 992 
6162 1552 4190 4733 
6163 2876 2304 3264 
6164 1539 1540 1542 
6165 2764 3252 3253 
6166 2942 2158 4588 
6167 40 41 4380 
6168 1087 1086 1088 
6169 2264 2472 4447 
6170 858 859 860 
6171 811 817 4533 
6172 827 826 828 
6173 1139 853 4505 
6174 2687 4449 4635 
6175 2757 3470 3471 
6176 1637 1636 4708 
6177 1579 1577 1667 
6178 1727 1912 1913 
6179 1913 2186 2187 
6180 3034 3029 3438 
6181 1525 4457 4458 
6182 1851 2397 4554 
6183 4419 4791 4852 
6184 928 940 943 
6185 226 227 4573 
6186 1136 1125 1680 
6187 3621 3398 5835 
6188 2472 4258 4447 
6189 3977 3975 5089 
6190 801 1078 4525 
6191 3696 3964 4741 
6192 897 893 898 
6193 430 429 504 
6194 1843 1842 1844 
6195 2959 2558 3513 
6196 1524 1028 4526 
6197 3433 3191 3434 
6198 4056 709 4824 
6199 3204 2002 4623 
6200 1589 1588 1590 
6201 4434 872 4519 
6202 1053 2021 2785 
6203 2236 2244 4576 
6204 3444 3443 4070 
6205 1943 2496 2565 
6206 2648 2649 2650 
6207 2745 2744 2746 
6208 2148 2139 2883 
6209 47 48 675 
6210 752 772 773 
6211 2209 2208 2210 
6212 3333 2276 3708 
6213 4226 2452 4227 
6214 1421 1420 1422 
6215 883 885 886 
6216 1050 1054 1055 
6217 331 332 537 
6218 857 853 1139 
6219 1669 1434 1670 
6220 3967 3421 3968 
6221 4345 1741 4592 
6222 3589 2896 3594 
6223 2941 2942 3610 
6224 1785 2693 4567 
6225 953 1525 4458 
6226 1525 4455 4457 
6227 1554 1555 1556 
6228 2747 2748 2749 
6229 59 60 681 
6230 890 889 892 
6231 1126 1136 1137 
6232 3724 3722 4681 
6233 427 426 3198 
6234 2656 4341 4542 
6235 3573 3572 3707 
6236 2673 3524 3560 
6237 3627 3303 3629 
6238 323 324 561 
6239 355 356 643 
6240 389 390 644 
6241 3623 1990 4475 
6242 894 875 4331 
6243 1591 1590 1596 
6244 2558 2551 4485 
6245 329 330 678 
6246 2448 2445 4564 
6247 4027 1762 4741 
6248 1366 1362 1588 
6249 1685 1698 1699 
6250 2474 2038 3162 
6251 1799 1796 4259 
6252 854 858 1017 
6253 1520 859 4506 
6254 1984 1982 2418 
6255 2358 2572 4498 
6256 2077 2078 2079 
6257 2811 2812 2853 
6258 2028 2027 2029 
6259 325 326 680 
6260 2227 2225 2494 
6261 1552 1553 1554 
6262 2187 2325 2326 
6263 1619 2590 4130 
6264 1274 1655 3673 
6265 928 927 939 
6266 2191 2193 3190 
6267 1446 1830 1996 
6268 913 911 915 
6269 934 906 1003 
6270 1810 1814 4838 
6271 3235 2349 3236 
6272 886 887 888 
6273 1207 1439 4867 
6274 2675 1862 4397 
6275 822 1108 1113 
6276 327 328 555 
6277 1352 1350 1613 
6278 615 411 3107 
6279 901 900 4494 
6280 2809 2810 2811 
6281 1085 1084 1086 
6282 2228 2231 4542 
6283 877 879 1992 
6284 3614 2881 3615 
6285 881 883 937 
6286 3740 1460 4054 
6287 2714 2713 2715 
6288 410 409 584 
6289 896 893 897 
6290 1121 869 4411 
6291 3283 2779 3284 
6292 1604 1782 4703 
6293 2868 2858 3303 
6294 1644 1694 1703 
6295 1358 1356 2750 
6296 2510 2513 4493 
6297 3507 3505 3508 
6298 1041 1042 1043 
6299 3190 2193 3191 
6300 904 901 4494 
6301 434 433 592 
6302 2775 2632 2858 
6303 57 58 566 
6304 2146 1856 2185 
6305 2345 2724 2974 
6306 1006 942 1545 
6307 2242 2238 4576 
6308 1269 1271 4532 
6309 1747 1730 2106 
6310 2569 2547 4491 
6311 964 1551 1552 
6312 1053 2785 4735 
6313 1849 1839 4448 
6314 2778 2185 2779 
6315 2540 2538 4508 
6316 817 813 818 
6317 1598 1595 1602 
6318 848 855 4713 
6319 334 335 4466 
6320 1565 1564 4603 
6321 55 56 683 
6322 1942 2159 2269 
6323 967 968 969 
6324 2711 1769 4595 
6325 1518 1475 1519 
6326 49 50 552 
6327 905 904 906 
6328 3170 3807 4563 
6329 568 19 3075 
6330 358 359 604 
6331 386 387 605 
6332 51 52 682 
6333 888 889 890 
6334 1634 1632 1733 
6335 2688 2689 2690 
6336 2654 2875 4201 
6337 3503 2874 3504 
6338 1940 2110 4551 
6339 2601 1739 4650 
6340 53 54 562 
6341 2397 3909 4958 
6342 950 952 954 
6343 2549 2569 4485 
6344 2503 2500 4481 
6345 2565 3069 3648 
6346 2619 2622 2624 
6347 1585 1568 1765 
6348 946 945 947 
6349 2783 2278 3460 
6350 2984 2985 3000 
6351 1862 1670 1863 
6352 1583 1711 4479 
6353 1073 1072 1074 
6354 900 2627 4494 
6355 2743 2742 2744 
6356 2985 2983 3346 
6357 890 893 896 
6358 1476 1759 2664 
6359 1280 1466 1961 
6360 3818 3820 3821 
6361 4127 2359 4699 
6362 2900 2901 3296 
6363 944 940 945 
6364 3369 2578 3665 
6365 1597 1599 1601 
6366 2196 2106 3140 
6367 948 947 949 
6368 971 972 973 
6369 2211 2210 2212 
6370 361 362 518 
6371 383 384 517 
6372 1707 2014 2016 
6373 4853 2829 4891 
6374 950 949 951 
6375 3377 2694 3475 
6376 3057 3192 3305 
6377 957 959 961 
6378 1048 4568 4580 
6379 1562 1707 4537 
6380 998 1008 4552 
6381 3638 3689 5606 
6382 2538 2561 4508 
6383 2864 2856 2982 
6384 2450 2332 2451 
6385 907 906 934 
6386 1803 2677 4628 
6387 1023 1046 1858 
6388 2710 1096 4627 
6389 1194 1193 1198 
6390 2716 2715 2717 
6391 2693 1918 2694 
6392 1302 1303 1304 
6393 2335 3256 4559 
6394 1383 1268 4679 
6395 840 841 842 
6396 1375 1374 1376 
6397 1346 1344 1549 
6398 1533 1436 1534 
6399 1125 1065 4561 
6400 2614 2615 2616 
6401 2194 2597 2598 
6402 886 888 1587 
6403 2805 3718 3719 
6404 1003 906 4544 
6405 1707 2016 4537 
6406 1702 1583 4479 
6407 2682 1945 2683 
6408 3179 2763 3637 
6409 985 983 986 
6410 808 795 809 
6411 1604 1767 1768 
6412 3000 2985 3001 
6413 858 857 859 
6414 4153 4358 4662 
6415 838 839 840 
6416 330 331 4474 
6417 2112 1851 4554 
6418 931 929 1068 
6419 2235 2233 2245 
6420 1601 1603 1604 
6421 1642 2661 4612 
6422 2691 1919 2692 
6423 1613 1350 4638 
6424 222 223 4613 
6425 2963 2961 2964 
6426 668 4365 4366 
6427 2040 1883 2041 
6428 965 966 967 
6429 842 843 844 
6430 3613 3014 4894 
6431 4146 4145 4147 
6432 1996 2144 2672 
6433 747 745 4539 
6434 4494 3972 4544 
6435 3528 3527 3539 
6436 1295 1297 1298 
6437 695 354 4500 
6438 391 694 4501 
6439 324 325 4480 
6440 1300 1299 4393 
6441 926 927 928 
6442 3256 3255 3411 
6443 2913 2914 2915 
6444 2138 2320 2321 
6445 3516 3046 3517 
6446 3173 1989 3174 
6447 2543 2540 4508 
6448 2291 2292 2293 
6449 2938 3570 3684 
6450 1952 1951 1953 
6451 2170 2804 2805 
6452 3494 3074 3495 
6453 1546 2019 3196 
6454 874 877 4519 
6455 845 851 1994 
6456 328 329 4478 
6457 2274 1937 2348 
6458 2659 4261 4774 
6459 1622 1621 1623 
6460 1137 1136 1435 
6461 382 383 4515 
6462 2513 2681 4493 
6463 2255 1953 2256 
6464 326 327 4484 
6465 615 3107 3443 
6466 987 986 988 
6467 1376 1384 4517 
6468 1938 821 4840 
6469 1196 1182 4167 
6470 1143 4729 4827 
6471 908 910 4541 
6472 1736 2163 2164 
6473 4948 3251 4986 
6474 943 940 944 
6475 2171 2711 2712 
6476 3474 1549 4837 
6477 1783 2054 2055 
6478 2861 1364 2862 
6479 2684 2683 3699 
6480 4223 3203 4224 
6481 934 1003 1004 
6482 2423 2706 2938 
6483 2342 2343 2900 
6484 2203 2205 2207 
6485 2929 2140 2930 
6486 1276 1277 1681 
6487 3237 3238 3527 
6488 1753 1651 4555 
6489 568 3075 3387 
6490 890 892 893 
6491 2650 2649 2696 
6492 1624 1623 1625 
6493 969 968 4483 
6494 1740 1695 1937 
6495 2385 3347 4546 
6496 836 837 838 
6497 2308 2307 2309 
6498 558 3024 3025 
6499 2119 2953 4650 
6500 4551 3532 4720 
6501 2915 3391 3392 
6502 2839 2449 3657 
6503 2362 2212 2641 
6504 3245 2700 3246 
6505 3517 3518 3581 
6506 2975 2749 2976 
6507 3509 4173 5399 
6508 2982 2983 2984 
6509 2903 2845 3149 
6510 1340 1337 1654 
6511 227 647 4573 
6512 2721 2723 4563 
6513 2366 2358 4498 
6514 1199 1198 1206 
6515 363 364 687 
6516 2689 4635 4767 
6517 1626 1625 1627 
6518 1113 1114 1157 
6519 3012 3531 3532 
6520 2745 2746 2747 
6521 381 382 688 
6522 2807 2808 2809 
6523 1628 1627 1629 
6524 1862 1863 4397 
6525 844 843 845 
6526 1539 1537 1540 
6527 1630 1629 1650 
6528 2260 2271 3316 
6529 2714 2716 2882 
6530 2026 2025 2027 
6531 944 945 946 
6532 450 449 3212 
6533 1766 1765 2147 
6534 3780 3145 3783 
6535 2269 2159 4657 
6536 1467 1872 4477 
6537 1703 2099 2114 
6538 1004 1063 1065 
6539 968 1972 4483 
6540 2741 2738 2742 
6541 1581 1579 4497 
6542 3870 2475 4554 
6543 928 939 940 
6544 3128 3093 3129 
6545 1679 4081 5229 
6546 845 843 850 
6547 2855 2854 2856 
6548 1055 1066 1067 
6549 1797 2682 4625 
6550 2712 2713 2714 
6551 2948 2949 3714 
6552 2043 810 4926 
6553 2495 2421 3074 
6554 1915 1914 2136 
6555 3581 3582 3583 
6556 3543 3835 5124 
6557 1872 3138 4477 
6558 1549 1344 4695 
6559 2397 1849 4448 
6560 995 994 996 
6561 2698 2697 2699 
6562 1092 1521 1522 
6563 3438 3029 3717 
6564 1004 1065 1124 
6565 2702 2699 4596 
6566 3025 3026 3027 
6567 3027 3028 3029 
6568 1437 1413 1614 
6569 3461 3307 5625 
6570 3140 2106 4725 
6571 3657 4806 5014 
6572 2975 2976 2977 
6573 794 789 795 
6574 2090 785 4199 
6575 2677 1885 2678 
6576 2164 2439 2948 
6577 1134 1132 4577 
6578 1431 1433 1434 
6579 3443 3107 3445 
6580 872 874 4519 
6581 4662 632 5289 
6582 2097 2095 2098 
6583 2865 2669 2986 
6584 1377 1376 4517 
6585 2056 1946 2577 
6586 847 844 4509 
6587 877 1992 4519 
6588 3048 567 3049 
6589 2483 2482 2484 
6590 2680 3204 3205 
6591 2724 1870 4572 
6592 791 799 800 
6593 3554 3552 5046 
6594 4321 2190 4622 
6595 3235 3236 3237 
6596 4354 3126 4894 
6597 3346 2983 4619 
6598 2672 2673 4530 
6599 1124 1125 1126 
6600 522 74 4362 
6601 60 61 4476 
6602 990 988 991 
6603 2790 2793 4827 
6604 364 365 4528 
6605 1211 1212 1213 
6606 842 841 843 
6607 2656 3178 4341 
6608 948 949 950 
6609 1028 1030 4526 
6610 952 951 953 
6611 854 857 858 
6612 428 427 505 
6613 2984 2983 2985 
6614 1030 1031 1032 
6615 843 841 4540 
6616 1230 1232 1233 
6617 1972 3150 4483 
6618 1400 1386 1401 
6619 4208 2754 4807 
6620 1560 1558 1721 
6621 946 947 948 
6622 355 643 4500 
6623 644 390 4501 
6624 4146 4147 4148 
6625 2982 2856 2983 
6626 1228 1229 1230 
6627 3984 4745 4760 
6628 1032 1031 1033 
6629 2392 2063 2393 
6630 4292 4032 4903 
6631 668 72 4365 
6632 1605 1590 4584 
6633 973 975 989 
6634 1205 2013 4578 
6635 2175 2174 2847 
6636 2286 2093 2421 
6637 2667 2653 2668 
6638 3869 2475 3870 
6639 501 70 4368 
6640 805 803 4840 
6641 1304 1305 1306 
6642 1730 1731 4567 
6643 700 1997 4688 
6644 2114 2848 2850 
6645 4505 850 4540 
6646 2873 3510 4556 
6647 1660 1309 4946 
6648 2747 2749 2975 
6649 1546 3196 4523 
6650 2714 2715 2716 
6651 2706 2242 4576 
6652 804 805 814 
6653 783 781 784 
6654 925 923 4659 
6655 3170 3318 3807 
6656 2763 2196 4618 
6657 1860 4342 4521 
6658 2913 2293 2914 
6659 3028 3026 3030 
6660 2219 2216 4566 
6661 1233 1234 1235 
6662 1204 1162 4600 
6663 1820 1823 1824 
6664 3007 2878 3336 
6665 2238 2236 4576 
6666 674 318 4460 
6667 2323 2324 2573 
6668 1772 1512 4239 
6669 1213 1212 1214 
6670 956 953 4458 
6671 2321 2322 2323 
6672 4234 2115 4633 
6673 1876 1433 1999 
6674 2740 2739 2844 
6675 3091 3092 3094 
6676 1226 1227 1228 
6677 1858 1859 2202 
6678 2446 2839 4665 
6679 365 366 490 
6680 2713 2711 4547 
6681 1537 1535 4523 
6682 2720 2881 3614 
6683 535 38 4361 
6684 1976 1987 4606 
6685 1926 1928 4367 
6686 48 49 4473 
6687 955 953 956 
6688 2062 1999 2063 
6689 56 57 4487 
6690 1993 775 2435 
6691 379 380 489 
6692 1947 1753 1948 
6693 2278 2147 4556 
6694 3885 1722 5269 
6695 3027 3026 3028 
6696 1410 1407 1411 
6697 1606 1608 1610 
6698 1876 2062 2732 
6699 1067 1122 1123 
6700 2696 3176 4568 
6701 3473 2947 3641 
6702 504 429 3175 
6703 2493 2366 4498 
6704 840 839 841 
6705 2437 2435 2947 
6706 50 51 4488 
6707 1494 1492 4575 
6708 3260 3319 3320 
6709 2008 1702 4479 
6710 762 764 777 
6711 3025 3024 3026 
6712 1953 1951 2160 
6713 1995 1869 2093 
6714 1579 1667 4497 
6715 1124 1065 1125 
6716 1150 1446 4574 
6717 1559 1561 4745 
6718 2038 1684 4490 
6719 4087 1112 5061 
6720 2013 1835 2061 
6721 1680 1125 4561 
6722 957 956 958 
6723 17 456 3413 
6724 3521 2930 3522 
6725 2291 2055 2292 
6726 1791 2691 4617 
6727 2193 2194 4545 
6728 2106 1730 4567 
6729 4509 1994 4510 
6730 1711 1581 4497 
6731 2084 3243 3244 
6732 1883 1882 4292 
6733 2053 3160 3193 
6734 1318 5245 5334 
6735 2173 1949 2174 
6736 1185 1183 1186 
6737 2931 2121 3241 
6738 3718 2804 3720 
6739 378 379 4538 
6740 3202 2284 3203 
6741 642 4188 5458 
6742 1787 1749 4588 
6743 1272 1269 4532 
6744 304 305 4687 
6745 1488 1482 1495 
6746 2730 2672 2894 
6747 3789 4018 5437 
6748 856 849 1064 
6749 2139 1662 4640 
6750 5092 2575 5344 
6751 950 951 952 
6752 2915 2914 3391 
6753 1783 1768 2054 
6754 223 649 4613 
6755 1767 1603 1769 
6756 532 480 3062 
6757 1996 2672 2730 
6758 2716 2717 2719 
6759 854 853 857 
6760 1630 1650 4531 
6761 4365 522 4626 
6762 2190 2191 4622 
6763 4729 2788 4827 
6764 788 787 789 
6765 1863 1950 1951 
6766 1126 1125 1136 
6767 1535 1534 1546 
6768 1611 1730 1747 
6769 1502 1491 2652 
6770 366 367 4535 
6771 1032 1034 1048 
6772 2041 1883 4292 
6773 2938 2706 3570 
6774 2019 1870 2345 
6775 845 1994 4509 
6776 1431 1116 1433 
6777 1436 1435 4572 
6778 2423 2242 2706 
6779 2091 2299 2642 
6780 756 754 4601 
6781 1845 1844 2094 
6782 1780 1527 3147 
6783 2743 2744 2745 
6784 1487 1485 4593 
6785 977 979 2012 
6786 3181 2692 3903 
6787 834 835 836 
6788 2170 1769 2171 
6789 2330 1860 4521 
6790 929 894 4543 
6791 733 4631 4779 
6792 377 378 691 
6793 1510 1776 2169 
6794 2293 2292 4524 
6795 1443 1445 1663 
6796 2760 4683 4786 
6797 2565 3648 3649 
6798 1123 1144 1145 
6799 1357 1359 1360 
6800 3147 4049 4799 
6801 2805 2804 3718 
6802 1604 1603 1767 
6803 527 4171 4818 
6804 3150 1974 4606 
6805 844 845 4509 
6806 981 983 985 
6807 3233 2986 3698 
6808 1588 1362 4621 
6809 4561 1150 4574 
6810 3649 3648 3650 
6811 2191 3190 4622 
6812 2853 2812 2854 
6813 666 40 4380 
6814 448 447 503 
6815 1366 1588 1589 
6816 1719 1507 1720 
6817 845 850 851 
6818 1480 1478 2686 
6819 1601 1599 1603 
6820 1333 1331 1364 
6821 2730 2894 2895 
6822 3265 2802 3266 
6823 838 837 839 
6824 2895 2896 2897 
6825 3755 3736 4764 
6826 1948 1753 4555 
6827 904 4494 4544 
6828 435 434 3070 
6829 851 850 853 
6830 1866 1865 1867 
6831 1643 1642 4612 
6832 2806 2266 3224 
6833 1706 2249 2250 
6834 851 853 854 
6835 376 377 4558 
6836 2296 2295 2297 
6837 1361 1365 1367 
6838 1376 1378 1384 
6839 4011 1242 4012 
6840 1190 1188 1191 
6841 1589 1590 1591 
6842 4813 1106 4836 
6843 1250 1248 1251 
6844 2527 2526 4700 
6845 2065 2066 2067 
6846 2304 1377 4516 
6847 1522 1828 1829 
6848 3532 3533 3534 
6849 1142 1665 1666 
6850 786 784 787 
6851 4874 3628 4928 
6852 1306 1307 1308 
6853 1111 1141 1142 
6854 1038 1040 1041 
6855 1741 1943 4592 
6856 319 554 4460 
6857 3503 3504 3505 
6858 706 704 4333 
6859 367 368 689 
6860 1235 1236 1237 
6861 2011 4718 4876 
6862 1546 1534 1870 
6863 1863 1670 1950 
6864 1642 1640 1836 
6865 1786 1788 4617 
6866 832 833 834 
6867 1384 1386 1398 
6868 906 904 4544 
6869 1398 1400 1408 
6870 1408 1413 1418 
6871 2811 2810 2812 
6872 1434 1433 1876 
6873 2941 2158 2942 
6874 2750 1356 4637 
6875 504 3175 3442 
6876 1655 1272 4532 
6877 4709 1064 4795 
6878 1552 1551 1553 
6879 3237 3527 3528 
6880 2147 1765 2728 
6881 5161 4330 5165 
6882 2062 2063 2392 
6883 3387 3075 3388 
6884 1585 1766 4774 
6885 2673 3560 4530 
6886 828 829 830 
6887 3532 3534 4720 
6888 375 376 515 
6889 1351 1353 1354 
6890 1542 1540 1543 
6891 1308 1309 1310 
6892 1534 1436 4572 
6893 2022 2020 3225 
6894 1446 1996 4574 
6895 3507 3508 3509 
6896 952 953 955 
6897 1157 1114 4522 
6898 1147 1131 1148 
6899 830 831 832 
6900 428 505 3180 
6901 466 556 3086 
6902 3460 2278 4556 
6903 2326 2327 2328 
6904 3534 3535 3618 
6905 1654 1337 4730 
6906 1358 2750 3165 
6907 1792 1794 4625 
6908 1556 1555 1562 
6909 1737 1196 4167 
6910 3108 721 3109 
6911 1554 1553 1555 
6912 2894 2672 4530 
6913 3073 2831 4853 
6914 1768 1767 4598 
6915 4030 2575 5092 
6916 1699 1698 1700 
6917 955 956 957 
6918 1974 1976 4606 
6919 1371 1373 1374 
6920 1684 1543 1685 
6921 3053 3052 3549 
6922 1876 1999 2062 
6923 3049 567 3050 
6924 2147 2728 2873 
6925 1418 1437 1695 
6926 4091 3150 4723 
6927 1695 1437 1775 
6928 2170 2171 2804 
6929 1767 1769 2170 
6930 1376 1374 1378 
6931 3256 3412 4841 
6932 999 996 1000 
6933 4996 4057 5014 
6934 2741 2742 2743 
6935 3051 3053 3054 
6936 1568 1565 4603 
6937 2173 2175 2385 
6938 1785 1918 2693 
6939 957 958 959 
6940 890 896 4557 
6941 3145 2219 4566 
6942 3067 1926 4367 
6943 1689 1427 1690 
6944 1506 1501 1507 
6945 3238 3236 4597 
6946 3031 3033 3811 
6947 2846 2903 4868 
6948 1047 1110 1111 
6949 3134 3135 3139 
6950 1747 2106 2196 
6951 1237 1240 1241 
6952 3163 4773 4854 
6953 2348 2349 3234 
6954 2009 2707 4737 
6955 2895 2894 2896 
6956 970 969 971 
6957 2005 2364 2807 
6958 3406 3605 3710 
6959 1571 1569 4611 
6960 1367 1370 1371 
6961 2897 2896 3589 
6962 2794 2795 2796 
6963 777 764 4470 
6964 1987 1989 3173 
6965 3236 2349 4571 
6966 4203 760 4587 
6967 2207 2208 2209 
6968 2385 2386 2906 
6969 888 890 4557 
6970 540 440 3085 
6971 2006 2007 2360 
6972 3861 3860 3862 
6973 839 837 1138 
6974 1373 1370 2002 
6975 2817 2142 4674 
6976 1459 1914 1915 
6977 1032 1048 4580 
6978 1546 1870 2019 
6979 2760 4131 4895 
6980 2733 3474 4634 
6981 1500 1499 1501 
6982 373 374 690 
6983 1947 1949 2172 
6984 3649 3650 3984 
6985 2914 2293 4524 
6986 1553 1551 2731 
6987 959 958 960 
6988 2348 1937 2349 
6989 4165 2330 4521 
6990 436 435 621 
6991 2003 2005 4586 
6992 1241 1243 1244 
6993 1597 1598 1599 
6994 2809 2808 2810 
6995 1418 1413 1437 
6996 1408 1400 1413 
6997 1352 1613 1902 
6998 1384 1378 1386 
6999 2490 3376 4655 
7000 1398 1386 1400 
7001 850 843 4540 
7002 1345 1347 1348 
7003 3139 3295 5391 
7004 802 803 804 
7005 1068 929 4543 
7006 1587 888 4557 
7007 61 559 4476 
7008 1927 1925 4669 
7009 4683 4533 4786 
7010 2153 2282 2283 
7011 2630 2632 2775 
7012 800 801 802 
7013 2873 2874 3502 
7014 1928 2153 4367 
7015 2873 2728 2874 
7016 1097 1100 4839 
7017 2650 2696 2697 
7018 2660 2182 3115 
7019 383 517 4515 
7020 1075 1074 4529 
7021 1861 1141 4684 
7022 3722 3723 4681 
7023 854 1017 4583 
7024 2360 2361 3155 
7025 1063 1003 4608 
7026 3234 2349 3235 
7027 790 769 4649 
7028 1599 1598 1600 
7029 2047 1717 4469 
7030 2693 2694 3377 
7031 2058 2072 2077 
7032 3267 5239 5548 
7033 2796 3131 3132 
7034 1666 1704 1705 
7035 3223 2761 4795 
7036 2271 2261 2272 
7037 2036 2841 3314 
7038 1114 1153 4522 
7039 3051 3049 3052 
7040 1684 1685 4490 
7041 2743 2745 3639 
7042 1793 1790 4633 
7043 752 744 772 
7044 2019 2345 2442 
7045 2391 2409 3401 
7046 2053 2002 2680 
7047 1889 1715 1890 
7048 2260 2015 2261 
7049 3674 1380 5167 
7050 3610 2942 3611 
7051 3249 2910 3250 
7052 2661 1836 2662 
7053 836 835 837 
7054 3264 2304 4516 
7055 2169 2904 3020 
7056 1498 1497 1499 
7057 1496 1495 1497 
7058 1093 1092 4627 
7059 2173 2174 2175 
7060 2822 2821 4661 
7061 1947 1948 1949 
7062 1594 1595 1597 
7063 3162 2038 4490 
7064 1798 1800 4628 
7065 1009 1000 1010 
7066 1092 1522 4627 
7067 1346 1549 2733 
7068 335 511 4466 
7069 2854 2812 3390 
7070 1074 2735 4529 
7071 2753 2616 2754 
7072 3139 3294 3295 
7073 2562 2530 4700 
7074 894 4331 4543 
7075 1685 1543 1687 
7076 1746 1857 1986 
7077 2610 2611 4639 
7078 1597 1595 1598 
7079 3464 2988 3466 
7080 1996 2730 4574 
7081 1956 1725 1957 
7082 1562 1555 1563 
7083 3847 3848 4565 
7084 3353 3790 4534 
7085 1354 1355 1621 
7086 2259 1868 3151 
7087 1072 1019 4660 
7088 1765 1568 4603 
7089 2016 2014 4599 
7090 1943 2565 4592 
7091 1348 1349 3153 
7092 2953 3636 4650 
7093 2771 2770 2772 
7094 1535 1546 4523 
7095 1421 1424 4682 
7096 2030 2024 2044 
7097 1744 1745 1746 
7098 1594 1593 1595 
7099 4106 1879 4711 
7100 444 443 3055 
7101 1217 1219 1238 
7102 967 969 970 
7103 1752 1753 1946 
7104 479 478 3219 
7105 3191 2193 4545 
7106 1589 1591 1592 
7107 3783 3145 4566 
7108 1670 1434 4582 
7109 3705 1935 4755 
7110 1371 1370 1373 
7111 370 371 495 
7112 676 334 4466 
7113 2209 2210 2211 
7114 1187 1186 1188 
7115 733 735 4631 
7116 1632 1630 4531 
7117 2385 2175 2386 
7118 776 767 4636 
7119 2764 3179 3252 
7120 2045 2044 2333 
7121 2260 2261 2271 
7122 1258 1256 1259 
7123 3503 3505 3506 
7124 1592 1593 1594 
7125 1727 1700 1912 
7126 451 450 548 
7127 1650 1651 1752 
7128 1747 2196 2762 
7129 768 775 1993 
7130 688 382 4515 
7131 1223 1225 1226 
7132 1719 1720 4553 
7133 964 965 1551 
7134 3409 3547 5840 
7135 2194 2598 4545 
7136 1994 851 4583 
7137 3502 2874 3503 
7138 3252 3179 3363 
7139 1930 1148 1931 
7140 849 847 4585 
7141 1153 1729 4522 
7142 2164 2948 3735 
7143 3104 1923 3965 
7144 1791 1919 2691 
7145 2170 2805 4598 
7146 2289 3082 4663 
7147 1797 1945 2682 
7148 2005 2807 4586 
7149 3873 3675 5190 
7150 1698 1687 1847 
7151 964 963 965 
7152 3693 992 5003 
7153 2147 2873 4556 
7154 970 971 1544 
7155 1116 1060 4581 
7156 471 470 3782 
7157 1558 1556 4562 
7158 2289 3081 3082 
7159 2868 3303 3627 
7160 1987 3173 4606 
7161 2727 3620 4728 
7162 1592 1591 1593 
7163 1870 1534 4572 
7164 1361 1359 1362 
7165 2260 3316 4599 
7166 4526 1030 4580 
7167 991 994 995 
7168 1783 2290 4758 
7169 3506 3505 3507 
7170 2775 2858 2868 
7171 2082 1799 4259 
7172 2883 2885 3551 
7173 49 552 4473 
7174 2053 2680 3160 
7175 2614 2616 2753 
7176 4791 1545 4852 
7177 2054 1768 4598 
7178 1213 1214 1215 
7179 1562 1563 1707 
7180 533 472 3448 
7181 3180 505 3520 
7182 962 960 963 
7183 1365 1362 1366 
7184 3048 3049 3051 
7185 2250 2251 2252 
7186 2762 2763 2764 
7187 959 960 962 
7188 1262 1260 1264 
7189 1876 2732 4582 
7190 1915 2136 3285 
7191 1215 1214 1216 
7192 3358 2886 4945 
7193 2125 2124 2126 
7194 1282 1283 1682 
7195 1739 2119 4650 
7196 1367 1365 1370 
7197 2882 2716 4589 
7198 2172 1949 2173 
7199 3823 3824 3825 
7200 2859 2115 4234 
7201 1355 1353 1356 
7202 1707 1563 1708 
7203 1360 1359 1361 
7204 1946 1753 1947 
7205 1382 1387 1388 
7206 1357 1358 1359 
7207 1540 1537 4523 
7208 2764 2763 3179 
7209 1623 1621 2759 
7210 2463 2466 2469 
7211 3295 3321 3362 
7212 4314 2774 4852 
7213 2457 2459 2460 
7214 979 981 4569 
7215 1519 2257 2258 
7216 1767 2170 4598 
7217 57 566 4487 
7218 1627 1625 1784 
7219 962 964 4733 
7220 1373 2002 2053 
7221 847 4509 4585 
7222 4310 4740 4846 
7223 2762 2196 2763 
7224 1074 2734 2735 
7225 3163 2257 3197 
7226 4811 4216 4868 
7227 962 963 964 
7228 1650 1629 1651 
7229 2855 2864 5064 
7230 1648 1646 1761 
7231 4552 1858 4696 
7232 331 537 4474 
7233 687 364 4528 
7234 2140 1719 4553 
7235 2014 1708 2015 
7236 4509 4510 4585 
7237 2753 2754 3725 
7238 4839 3224 4859 
7239 2790 2791 2792 
7240 3227 2035 4652 
7241 446 445 563 
7242 3637 2763 4618 
7243 1013 925 4659 
7244 1357 1356 1358 
7245 2953 3590 3636 
7246 1349 1347 1350 
7247 1100 1096 2710 
7248 3196 2019 4602 
7249 556 3023 4610 
7250 3442 5155 5494 
7251 1342 1343 1726 
7252 1724 1690 1725 
7253 678 330 4474 
7254 1231 1381 1382 
7255 1656 4533 4683 
7256 2087 2086 2088 
7257 834 833 835 
7258 51 682 4488 
7259 561 324 4480 
7260 3028 3030 3031 
7261 1475 1120 4678 
7262 1351 1352 1353 
7263 1447 1151 4667 
7264 1556 1562 4562 
7265 1434 1876 4582 
7266 1354 1353 1355 
7267 2014 2015 2260 
7268 1752 1651 1753 
7269 325 680 4480 
7270 820 825 826 
7271 329 678 4478 
7272 1707 1708 2014 
7273 5057 3827 5359 
7274 680 326 4484 
7275 3259 2272 3260 
7276 3692 3251 4979 
7277 818 819 820 
7278 4450 2688 4751 
7279 1685 1687 1698 
7280 1913 1912 2186 
7281 2207 2209 3209 
7282 851 854 4583 
7283 3514 2825 3515 
7284 2184 747 4539 
7285 731 730 4779 
7286 4516 1377 4517 
7287 1662 1519 4640 
7288 1361 1362 1365 
7289 555 328 4478 
7290 1273 1275 1276 
7291 3894 3148 4799 
7292 1998 2200 4665 
7293 4249 1508 4694 
7294 327 555 4484 
7295 1915 3285 3286 
7296 4899 4672 5065 
7297 2932 3863 4857 
7298 2181 2180 2399 
7299 1614 1413 4605 
7300 2788 2789 2790 
7301 2765 3421 3967 
7302 1803 1885 2677 
7303 2485 2484 2486 
7304 2029 2027 2033 
7305 2378 2889 3060 
7306 1512 1494 4575 
7307 702 699 4297 
7308 985 986 987 
7309 1006 1545 4660 
7310 2769 2767 2770 
7311 2258 3163 3749 
7312 2705 2703 5460 
7313 828 826 829 
7314 2634 2633 2988 
7315 1348 1347 1349 
7316 2708 2334 2946 
7317 1516 1736 4645 
7318 2690 3696 4751 
7319 2211 2212 2362 
7320 1019 1006 4660 
7321 3750 3320 3751 
7322 830 829 831 
7323 1856 1658 4683 
7324 832 831 833 
7325 1351 1350 1352 
7326 3246 2700 4609 
7327 1937 1695 4571 
7328 2252 2253 2387 
7329 4451 3189 4679 
7330 2737 2738 2739 
7331 2885 2139 4640 
7332 713 715 4666 
7333 1999 1433 4581 
7334 3698 2986 3703 
7335 4682 2989 4878 
7336 365 490 4528 
7337 1246 1244 1247 
7338 4502 1435 4690 
7339 1355 1356 1357 
7340 1207 1206 1439 
7341 1140 1743 1744 
7342 1400 1401 4605 
7343 3979 2183 4784 
7344 2446 2449 2839 
7345 2388 2253 4643 
7346 1482 1480 4570 
7347 2187 2186 2325 
7348 3995 562 5317 
7349 3459 2866 4843 
7350 1695 1775 4571 
7351 1388 1392 1393 
7352 1056 1010 1057 
7353 3051 3052 3053 
7354 2142 1758 4674 
7355 539 464 3035 
7356 437 16 628 
7357 2739 2738 2741 
7358 3821 3822 3823 
7359 1993 2435 2437 
7360 2983 2856 4619 
7361 2735 2736 2737 
7362 1858 2202 4696 
7363 3086 556 3188 
7364 1030 1032 4580 
7365 3455 2946 3456 
7366 3243 1696 4813 
7367 439 438 616 
7368 2150 1922 2709 
7369 153 154 4884 
7370 2283 2960 2961 
7371 2437 2947 3473 
7372 2807 2364 2808 
7373 3249 3251 3692 
7374 4366 4365 4626 
7375 2716 2719 4589 
7376 1340 1654 2765 
7377 3054 3053 3568 
7378 779 778 780 
7379 1608 1611 4591 
7380 1064 849 4585 
7381 2023 2024 2025 
7382 2271 2272 3259 
7383 4603 1564 4722 
7384 2728 1765 4603 
7385 1349 1350 1351 
7386 987 988 990 
7387 1733 1632 4531 
7388 2335 2708 3255 
7389 1120 824 4678 
7390 833 831 1154 
7391 1274 3673 4653 
7392 2565 3649 4592 
7393 4555 1651 4651 
7394 4078 4079 4945 
7395 4182 2608 5002 
7396 1721 1558 4562 
7397 2747 2975 4615 
7398 2812 2810 4614 
7399 1433 1116 4581 
7400 503 447 3317 
7401 3488 2047 4469 
7402 1950 1670 4582 
7403 719 721 3108 
7404 2682 2683 2684 
7405 2451 2453 2471 
7406 793 776 4815 
7407 965 967 4620 
7408 3809 2043 4926 
7409 3260 3320 3750 
7410 2745 2747 4615 
7411 3295 3362 5435 
7412 2699 2697 2700 
7413 2317 2314 4771 
7414 3171 5112 5134 
7415 2071 2057 3261 
7416 2691 2692 3181 
7417 2731 1551 4620 
7418 2166 2165 2633 
7419 1074 1072 2734 
7420 3504 2874 4722 
7421 4326 2626 4706 
7422 2930 2140 4553 
7423 1092 1090 1521 
7424 1954 1756 4202 
7425 1598 1602 4677 
7426 2045 2334 2335 
7427 2021 2022 2023 
7428 2677 2678 2786 
7429 2909 3248 5583 
7430 2333 3304 4590 
7431 2883 2139 2885 
7432 1603 1599 4595 
7433 1867 1868 1869 
7434 2000 2048 3210 
7435 1893 1891 1895 
7436 379 489 4538 
7437 468 467 523 
7438 4525 1078 4880 
7439 811 812 813 
7440 1769 1603 4595 
7441 3327 3010 5549 
7442 1279 1281 1282 
7443 1338 1341 1342 
7444 4540 841 4616 
7445 3272 2338 3274 
7446 3286 3285 3447 
7447 3054 3568 3569 
7448 490 366 4535 
7449 2862 3351 3670 
7450 1997 3202 4688 
7451 2819 2817 3757 
7452 1045 1044 1049 
7453 1720 1864 1865 
7454 1519 1475 2257 
7455 812 810 2043 
7456 4470 770 4705 
7457 20 452 582 
7458 1043 1042 1044 
7459 2856 2854 4619 
7460 2000 1157 2001 
7461 1435 1136 4690 
7462 18 444 576 
7463 784 781 4691 
7464 1393 1395 1396 
7465 2737 2736 2738 
7466 2464 3365 3366 
7467 1599 1600 4595 
7468 773 772 778 
7469 3249 3250 3251 
7470 2048 2001 2342 
7471 1221 4013 4734 
7472 2211 2362 2587 
7473 1993 2437 3187 
7474 2821 2819 4632 
7475 3820 3819 5497 
7476 1751 2277 2788 
7477 3292 523 3293 
7478 3267 5238 5239 
7479 740 738 1149 
7480 3284 2779 3688 
7481 1081 1459 4607 
7482 4204 4087 5011 
7483 841 839 4616 
7484 4430 4581 4709 
7485 1061 4157 4906 
7486 2598 2599 3556 
7487 3080 3101 3102 
7488 3717 3029 4647 
7489 681 60 4476 
7490 2259 3349 3350 
7491 2053 3193 4630 
7492 2007 2004 4804 
7493 2577 1946 4594 
7494 2699 2700 2701 
7495 691 378 4538 
7496 438 437 3308 
7497 1041 1040 1042 
7498 736 706 4333 
7499 1053 2020 2021 
7500 2701 3245 3282 
7501 2074 1834 2075 
7502 2581 2400 2582 
7503 3879 3876 4809 
7504 1610 1608 4591 
7505 1079 1075 4529 
7506 4435 1081 4607 
7507 1658 1656 4683 
7508 2387 2388 3231 
7509 3756 2580 5561 
7510 1551 965 4620 
7511 760 762 4587 
7512 1052 4347 4781 
7513 3109 3381 3382 
7514 1050 1049 1054 
7515 3924 3926 3944 
7516 2372 2370 4794 
7517 1413 1400 4605 
7518 2421 2093 2422 
7519 3852 3860 3861 
7520 698 700 4688 
7521 4239 1512 4575 
7522 1884 2384 3158 
7523 3210 4813 4836 
7524 990 991 4675 
7525 1720 1507 1864 
7526 2186 1912 2310 
7527 2349 1937 4571 
7528 675 48 4473 
7529 1181 1183 1185 
7530 2030 2044 2045 
7531 1566 4345 4760 
7532 2909 2910 3248 
7533 1343 1341 1344 
7534 3029 3028 4647 
7535 822 1113 4697 
7536 2185 1856 2760 
7537 1345 1346 1347 
7538 2808 2364 3501 
7539 3498 2407 3500 
7540 3757 2817 4674 
7541 1104 1057 1105 
7542 987 990 1053 
7543 2734 1072 4660 
7544 3750 3751 3753 
7545 4561 4574 4704 
7546 1879 2138 4711 
7547 2611 2614 4639 
7548 532 3062 3335 
7549 3031 3030 3032 
7550 2469 2470 2973 
7551 1671 1942 4746 
7552 2726 4552 4696 
7553 1158 1105 1159 
7554 1378 1374 4630 
7555 2117 2116 2165 
7556 2460 2461 2462 
7557 4425 945 4844 
7558 1079 4216 4811 
7559 1611 1747 4591 
7560 2309 2332 2450 
7561 5499 3309 5542 
7562 1499 1497 1679 
7563 1335 1336 3586 
7564 2323 2573 2797 
7565 2684 3699 3700 
7566 1600 1598 4677 
7567 2868 3627 3628 
7568 377 691 4558 
7569 454 453 579 
7570 1867 1865 1868 
7571 1478 756 4601 
7572 809 810 811 
7573 367 689 4535 
7574 452 451 3077 
7575 2799 1550 4685 
7576 2130 2132 2813 
7577 1947 2172 4594 
7578 4628 2677 4777 
7579 2105 4551 4720 
7580 1396 1397 1403 
7581 683 56 4487 
7582 2965 2964 2966 
7583 2735 2734 2736 
7584 4567 2693 4725 
7585 1136 1680 4690 
7586 1403 1404 1414 
7587 1414 1419 1440 
7588 909 907 4800 
7589 818 813 819 
7590 552 50 4488 
7591 816 814 1106 
7592 2259 3151 3349 
7593 1374 1373 4630 
7594 1032 1033 1034 
7595 995 996 999 
7596 1440 1882 1883 
7597 2014 2260 4599 
7598 2326 2325 2327 
7599 3807 3318 5790 
7600 825 819 1616 
7601 1832 3803 5053 
7602 481 27 3136 
7603 1616 4710 4804 
7604 815 822 4697 
7605 1166 1165 1167 
7606 4256 538 5016 
7607 1946 1947 4594 
7608 3175 5118 5155 
7609 2772 2878 3007 
7610 1034 1033 1035 
7611 4430 4709 4795 
7612 3060 3061 3383 
7613 456 455 520 
7614 3639 2745 4615 
7615 1140 1106 1696 
7616 2178 1827 2782 
7617 2019 2442 4602 
7618 3551 2885 3676 
7619 1736 2164 4645 
7620 839 1138 4616 
7621 3183 3020 3591 
7622 2696 4568 4609 
7623 3662 4487 5390 
7624 2297 2307 2308 
7625 1754 2089 2989 
7626 2794 2792 2795 
7627 515 376 4558 
7628 2480 1818 4849 
7629 1252 1251 1253 
7630 4631 3187 4779 
7631 2530 2527 4700 
7632 2023 2022 2024 
7633 3248 2910 3249 
7634 2169 3020 3183 
7635 2258 2257 3163 
7636 2021 2020 2022 
7637 1312 1311 1313 
7638 1982 1052 4781 
7639 2854 3390 4619 
7640 1053 990 2020 
7641 2391 2328 2409 
7642 1743 1696 2084 
7643 1357 1360 4644 
7644 3031 3811 4647 
7645 1997 2284 3202 
7646 1086 1084 1617 
7647 2012 979 4569 
7648 4574 2730 4704 
7649 2025 2024 2030 
7650 2764 3253 4783 
7651 3134 3132 3135 
7652 2162 1681 4693 
7653 1285 1287 1289 
7654 1508 1510 4694 
7655 2040 2041 2377 
7656 1279 1278 1280 
7657 2587 2362 3483 
7658 470 469 526 
7659 999 1009 1011 
7660 1495 1482 4570 
7661 1205 1827 1835 
7662 1519 2258 4640 
7663 1480 2686 4570 
7664 4036 4035 5676 
7665 3092 3090 3093 
7666 2003 1616 2004 
7667 967 970 4620 
7668 981 985 4569 
7669 1055 1054 1066 
7670 1332 1334 1335 
7671 2783 3460 4762 
7672 1113 1157 2000 
7673 1547 1218 4835 
7674 2688 2690 4751 
7675 2662 2777 2909 
7676 1345 1344 1346 
7677 2178 2943 3254 
7678 4553 1866 4692 
7679 3390 2812 4614 
7680 735 768 4631 
7681 540 3085 3493 
7682 2168 1911 2781 
7683 3188 556 4610 
7684 1869 1868 2259 
7685 2699 2701 4596 
7686 1503 4118 5062 
7687 1931 1148 2266 
7688 2045 2333 2334 
7689 856 1064 4709 
7690 855 1061 4713 
7691 1104 1158 1205 
7692 305 618 4687 
7693 2852 3113 3114 
7694 1216 1732 4835 
7695 1333 1364 2861 
7696 1280 1961 4641 
7697 1461 1463 4754 
7698 770 791 4705 
7699 2027 2025 4701 
7700 2693 3377 4725 
7701 2677 2786 4777 
7702 999 1000 1009 
7703 2701 2700 3245 
7704 1131 1129 4702 
7705 1865 1864 4629 
7706 2005 2004 2006 
7707 4710 3182 4804 
7708 2626 2630 4706 
7709 2865 3233 4843 
7710 1342 1341 1343 
7711 2922 2921 2923 
7712 1746 1745 1857 
7713 800 802 2011 
7714 2801 2799 2803 
7715 1365 1366 4623 
7716 1706 2250 4724 
7717 1986 1857 2289 
7718 4191 4192 4974 
7719 1755 1757 4737 
7720 1833 1444 1834 
7721 2257 1475 4678 
7722 4773 766 4854 
7723 1744 1743 1745 
7724 1373 2053 4630 
7725 4419 2736 4791 
7726 3350 3349 3485 
7727 820 819 825 
7728 2662 1836 2777 
7729 2708 2946 3455 
7730 2335 2334 2708 
7731 478 477 519 
7732 762 777 4587 
7733 826 825 4698 
7734 3288 3094 3289 
7735 809 795 810 
7736 2079 2078 2116 
7737 3811 3033 3812 
7738 1370 1365 4623 
7739 1351 1354 4646 
7740 3637 500 5430 
7741 2002 1370 4623 
7742 3128 3129 3130 
7743 1713 1712 1714 
7744 1553 2731 4648 
7745 1343 1344 1345 
7746 2909 2777 2910 
7747 4359 3459 5498 
7748 1459 1915 4607 
7749 2022 3225 4670 
7750 3361 3021 5557 
7751 1009 1010 1056 
7752 1621 1355 4644 
7753 1175 1177 1189 
7754 3231 5654 5698 
7755 791 800 4705 
7756 2005 2006 2364 
7757 3266 3310 3762 
7758 1067 1066 1122 
7759 825 1616 2003 
7760 1747 2762 4591 
7761 4025 4026 5371 
7762 1060 856 4709 
7763 2289 1857 2419 
7764 4923 3209 4973 
7765 1036 1035 1037 
7766 3225 2020 4675 
7767 804 814 816 
7768 628 16 3084 
7769 4248 299 4925 
7770 1358 3165 4621 
7771 1563 1555 4648 
7772 2003 2004 2005 
7773 1629 1627 4651 
7774 1359 1358 4621 
7775 4345 4592 4760 
7776 2614 2753 4639 
7777 1036 4204 4742 
7778 2697 2696 4609 
7779 2989 3671 4878 
7780 217 510 4913 
7781 2760 1856 4683 
7782 1510 2169 4694 
7783 3108 3109 4579 
7784 1522 1521 1828 
7785 3052 3049 4656 
7786 4718 4225 4876 
7787 3104 3966 5108 
7788 1102 1099 4859 
7789 1931 2266 2267 
7790 4581 1060 4709 
7791 1230 1229 1232 
7792 2686 1478 4601 
7793 2000 2001 2048 
7794 3153 1349 4646 
7795 3151 1868 4629 
7796 1285 1284 1286 
7797 665 3904 5020 
7798 1038 1037 1039 
7799 991 995 4675 
7800 455 454 3089 
7801 812 2043 3182 
7802 1233 1232 1234 
7803 1336 1334 1337 
7804 1080 1079 4811 
7805 2728 4603 4722 
7806 1355 1357 4644 
7807 781 780 4691 
7808 2258 3749 4782 
7809 1040 1039 1047 
7810 4344 4830 5768 
7811 1362 1359 4621 
7812 2796 2795 3131 
7813 1111 1142 1143 
7814 1123 1122 1144 
7815 709 711 4824 
7816 1226 1225 1227 
7817 1401 1386 4765 
7818 2759 1621 4644 
7819 1555 1553 4648 
7820 4625 2682 4789 
7821 1277 1275 1278 
7822 2766 2767 2768 
7823 3148 3147 4799 
7824 1228 1227 1229 
7825 2009 2201 2707 
7826 1829 4996 5014 
7827 787 784 1615 
7828 666 4380 5307 
7829 5059 695 5716 
7830 3401 2409 3402 
7831 3391 2914 4752 
7832 3081 2419 3481 
7833 2048 2342 2344 
7834 2044 2024 4670 
7835 2164 3735 4645 
7836 1601 1604 4703 
7837 1191 1193 1194 
7838 2800 2801 2802 
7839 1350 1347 4638 
7840 2033 4701 4841 
7841 3057 3059 3192 
7842 3224 2266 4702 
7843 3139 3135 3294 
7844 1687 1543 4714 
7845 1159 1161 1661 
7846 1640 1637 4708 
7847 4617 2691 4768 
7848 2088 2124 2125 
7849 2075 2295 2296 
7850 2093 1869 4676 
7851 2327 2325 3496 
7852 2156 2035 2157 
7853 1353 1352 4637 
7854 2126 2128 2835 
7855 2730 2895 4704 
7856 2061 1835 4642 
7857 2138 2321 4711 
7858 1349 1351 4646 
7859 811 810 812 
7860 1668 2037 4975 
7861 1356 1353 4637 
7862 3031 3032 3033 
7863 2790 2789 2791 
7864 1148 1131 4702 
7865 1287 1286 1288 
7866 3202 3203 4223 
7867 2791 2789 3419 
7868 3080 3102 3103 
7869 2030 4559 4701 
7870 3028 3031 4647 
7871 780 1118 2766 
7872 1933 2086 2087 
7873 457 21 3063 
7874 1215 1216 1217 
7875 1235 1234 1236 
7876 2003 4586 4698 
7877 1828 1521 2035 
7878 2825 2822 4661 
7879 4530 600 5116 
7880 2267 2266 2806 
7881 3948 3947 5297 
7882 816 4225 4718 
7883 1675 1673 1874 
7884 1687 4714 4814 
7885 1610 4591 4783 
7886 1378 4630 4765 
7887 4685 1550 4747 
7888 2798 2799 2800 
7889 1346 2733 4638 
7890 1166 1550 2798 
7891 2946 2334 4590 
7892 934 4511 4800 
7893 1145 1144 1477 
7894 1352 1902 4637 
7895 563 445 3142 
7896 1649 1671 4746 
7897 1254 1253 1441 
7898 2267 2806 3523 
7899 1049 1044 1109 
7900 4703 1782 4929 
7901 3340 3211 4905 
7902 2068 1723 2339 
7903 715 719 4666 
7904 940 939 4844 
7905 1651 1629 4651 
7906 2334 2333 4590 
7907 2810 2808 4668 
7908 1217 1216 1218 
7909 1627 1784 4651 
7910 474 473 491 
7911 3348 3084 4113 
7912 2077 2072 2078 
7913 476 475 524 
7914 1140 1696 1743 
7915 2595 702 4297 
7916 1163 1165 1166 
7917 1751 1705 1873 
7918 816 1106 1140 
7919 2769 2770 2771 
7920 658 216 4913 
7921 3402 2409 3592 
7922 463 462 611 
7923 3523 2806 3530 
7924 2989 2990 3671 
7925 1056 1057 1104 
7926 4505 5083 5122 
7927 1347 1346 4638 
7928 3173 3174 4743 
7929 2277 1873 2404 
7930 3295 3294 3321 
7931 2995 2353 4604 
7932 3103 3102 3359 
7933 1561 1566 4745 
7934 1942 3141 4746 
7935 2289 2419 3081 
7936 829 826 4698 
7937 1726 1343 4680 
7938 3204 4623 4757 
7939 1901 1900 1916 
7940 3420 3419 3897 
7941 3872 4881 4949 
7942 768 1993 4631 
7943 3131 2795 3789 
7944 1273 1274 1275 
7945 1915 3286 4607 
7946 1681 1277 4716 
7947 1615 4691 4803 
7948 2773 2933 3242 
7949 2803 2799 4685 
7950 1335 1334 1336 
7951 2682 2684 4789 
7952 1290 1288 1291 
7953 2788 2277 2789 
7954 3049 3050 4656 
7955 1942 2269 3141 
7956 1616 819 4710 
7957 1237 1236 1240 
7958 1326 1328 1363 
7959 964 1552 4733 
7960 1219 1218 1220 
7961 2800 3265 4885 
7962 2424 2346 3368 
7963 1090 1088 4652 
7964 1104 1105 1158 
7965 2296 2297 4527 
7966 1310 1311 1312 
7967 2630 2775 4706 
7968 1427 1423 4832 
7969 2095 2094 4325 
7970 3211 4502 4879 
7971 2771 2772 4731 
7972 2769 2771 2773 
7973 4020 4019 5052 
7974 1560 1721 4797 
7975 2033 2027 4701 
7976 4592 3649 4760 
7977 2338 1986 4663 
7978 1338 1337 1340 
7979 1868 1865 4629 
7980 3423 1682 3424 
7981 1034 1035 1036 
7982 468 523 3291 
7983 1935 1192 4755 
7984 2178 2782 2943 
7985 1241 1240 1243 
7986 3081 3481 3482 
7987 2025 2030 4701 
7988 2731 4620 4753 
7989 1283 1281 1284 
7990 3109 3382 4579 
7991 2792 2791 4736 
7992 628 3348 3431 
7993 1338 1340 1341 
7994 1113 2000 4697 
7995 2259 3350 4676 
7996 1593 1591 4761 
7997 526 469 3606 
7998 2463 2469 4748 
7999 1835 1827 2178 
8000 1205 1158 1827 
8001 1038 1039 1040 
8002 4630 3193 4765 
8003 3132 3131 4721 
8004 3266 2802 3310 
8005 1345 1348 4680 
8006 3254 2943 3713 
8007 2020 990 4675 
8008 4614 2810 4668 
8009 738 736 4671 
8010 539 3035 3036 
8011 1615 784 4691 
8012 2327 3496 3497 
8013 1036 1037 1038 
8014 3072 3073 3207 
8015 3287 3422 5484 
8016 1963 1965 2776 
8017 1705 1706 4724 
8018 1238 1219 4734 
8019 825 2003 4698 
8020 1048 1034 4742 
8021 371 372 4869 
8022 2691 3181 4768 
8023 3215 2783 4762 
8024 1680 4561 4704 
8025 1606 1610 4810 
8026 3294 3135 3428 
8027 1169 1171 1200 
8028 2314 2312 4771 
8029 780 778 1118 
8030 477 26 3669 
8031 3569 3737 3738 
8032 1231 1382 2042 
8033 5582 5203 5596 
8034 3569 3568 3737 
8035 310 311 4882 
8036 1543 1540 4714 
8037 1292 1291 1293 
8038 1463 1904 4754 
8039 2819 3757 4632 
8040 835 833 4739 
8041 1666 1705 1751 
8042 1814 2751 4838 
8043 1828 2035 2156 
8044 2328 2327 4744 
8045 1336 1337 1338 
8046 1301 1300 1302 
8047 1864 5254 5429 
8048 1918 4617 4768 
8049 4001 4002 5282 
8050 1945 4628 4777 
8051 3197 2257 4678 
8052 1692 1691 1712 
8053 2297 2308 4527 
8054 1663 1445 1691 
8055 2583 2582 2584 
8056 1540 4523 4714 
8057 4460 4035 5641 
8058 1066 1054 1664 
8059 2176 1709 2177 
8060 1589 1592 4757 
8061 4797 1721 4856 
8062 4620 970 4753 
8063 2874 2728 4722 
8064 1869 2259 4676 
8065 2968 2971 4624 
8066 1221 1220 1222 
8067 2106 4567 4725 
8068 2791 3419 3420 
8069 4507 4648 4788 
8070 833 1154 4739 
8071 2809 2811 4966 
8072 4523 3196 4714 
8073 4704 2895 4780 
8074 4158 3022 5562 
8075 1468 4874 4928 
8076 3644 3122 3645 
8077 643 4890 5145 
8078 1254 1441 4560 
8079 1680 4704 4780 
8080 1591 1596 4761 
8081 2250 2252 2780 
8082 3214 3213 4920 
8083 4591 2762 4783 
8084 3522 2930 4692 
8085 4309 1118 4740 
8086 2658 3369 4948 
8087 2768 2767 2769 
8088 1919 4625 4789 
8089 4714 3196 4814 
8090 1294 1293 1295 
8091 1824 1853 1854 
8092 3110 5189 5305 
8093 3504 4722 4797 
8094 2428 2177 2429 
8095 2808 3501 4668 
8096 1314 1313 1315 
8097 1836 1640 4708 
8098 2700 2697 4609 
8099 1166 1167 1550 
8100 1144 1122 1750 
8101 3402 3592 3593 
8102 2387 3231 3232 
8103 26 476 3334 
8104 1223 1222 1224 
8105 579 453 3088 
8106 1986 2289 4663 
8107 2766 1118 2767 
8108 1225 1224 1231 
8109 1256 1254 4560 
8110 3020 3562 4848 
8111 4636 765 4773 
8112 3158 2384 3159 
8113 1232 1229 1239 
8114 2006 2360 4672 
8115 3741 3500 5108 
8116 3508 3505 4856 
8117 2169 3183 4694 
8118 744 742 4846 
8119 1766 2659 4774 
8120 1751 1873 2277 
8121 2801 2803 3106 
8122 2024 2022 4670 
8123 4432 5107 5110 
8124 2914 4524 4752 
8125 800 2011 4705 
8126 1276 1275 1277 
8127 2754 2616 4807 
8128 3135 3132 4721 
8129 2679 4136 5077 
8130 1770 1449 1771 
8131 3159 2384 3552 
8132 2422 2093 4676 
8133 1993 3187 4631 
8134 1332 1331 1333 
8135 2462 2463 4748 
8136 1468 4706 4874 
8137 3242 2933 3396 
8138 4050 4051 4812 
8139 3039 3037 3040 
8140 2464 2462 3364 
8141 2800 2799 2801 
8142 2924 2923 2925 
8143 4112 3826 5577 
8144 679 322 4862 
8145 2064 1771 2065 
8146 3165 2750 4817 
8147 1734 1677 2145 
8148 1135 1127 4928 
8149 384 385 4886 
8150 3515 2825 4661 
8151 2963 2964 2965 
8152 2275 2067 2353 
8153 144 145 4999 
8154 1884 1883 2040 
8155 1343 1345 4680 
8156 3291 3292 3519 
8157 1782 1783 4758 
8158 2773 2771 2933 
8159 1330 1329 1331 
8160 2798 1550 2799 
8161 1613 4638 4775 
8162 1448 1406 1449 
8163 4932 4155 4965 
8164 1194 1198 1199 
8165 1282 1281 1283 
8166 3095 3093 3128 
8167 1808 1810 4838 
8168 3501 2364 4672 
8169 2250 2780 4724 
8170 3150 4606 4723 
8171 819 813 4710 
8172 4691 2766 4803 
8173 3261 2057 4749 
8174 2830 2829 2831 
8175 730 733 4779 
8176 1366 1589 4757 
8177 4623 1366 4757 
8178 2996 2995 2997 
8179 1332 1333 1334 
8180 1439 1206 4959 
8181 813 812 4710 
8182 300 622 4925 
8183 2460 2462 2464 
8184 2364 2006 4672 
8185 1185 1186 1187 
8186 3416 3621 5835 
8187 356 357 4890 
8188 2128 2130 4686 
8189 2683 4777 4847 
8190 2967 2966 2968 
8191 4694 3183 4871 
8192 3314 2841 3315 
8193 2589 2353 2995 
8194 1448 1770 2049 
8195 518 362 4860 
8196 1277 1278 1279 
8197 4722 1564 4797 
8198 1896 1895 1897 
8199 1217 1218 1219 
8200 1817 1820 4891 
8201 1521 1090 4652 
8202 1403 1414 1417 
8203 4678 824 4815 
8204 1440 1883 1884 
8205 2469 2973 3407 
8206 4757 1592 4865 
8207 3274 2338 4663 
8208 563 3142 3143 
8209 323 561 4862 
8210 2266 1148 4702 
8211 2000 3210 4697 
8212 628 3084 3348 
8213 2930 4553 4692 
8214 970 1544 4753 
8215 1388 1393 1394 
8216 1884 3158 4792 
8217 3092 3093 3095 
8218 2455 2457 4778 
8219 719 3108 4666 
8220 4606 3173 4723 
8221 1240 1236 1385 
8222 1612 1609 4949 
8223 1219 1220 1221 
8224 2101 1916 2155 
8225 2772 3007 4731 
8226 1545 942 4873 
8227 2178 3254 4642 
8228 4693 1681 4716 
8229 555 4115 5616 
8230 4641 3742 5362 
8231 1835 2178 4642 
8232 2585 2584 2602 
8233 3807 575 5082 
8234 1190 1191 4749 
8235 3888 3879 4809 
8236 2981 3298 3567 
8237 2427 2372 4794 
8238 3113 2317 4771 
8239 952 955 4850 
8240 363 687 4860 
8241 1316 1315 1317 
8242 1330 1331 1332 
8243 1344 1341 4695 
8244 1340 2765 4695 
8245 780 2766 4691 
8246 778 772 4740 
8247 1386 1378 4765 
8248 3036 3037 3038 
8249 3649 3984 4760 
8250 1328 1327 1329 
8251 2074 2075 4770 
8252 1898 1897 1900 
8253 2795 2792 4736 
8254 3054 3569 4715 
8255 4249 4694 4871 
8256 1223 1224 1225 
8257 2852 2317 3113 
8258 2418 1982 4781 
8259 2594 3704 5062 
8260 4701 4559 4841 
8261 815 4697 4836 
8262 1763 5150 5159 
8263 2633 2165 3357 
8264 4648 2731 4788 
8265 3492 2842 5681 
8266 1221 1222 1223 
8267 1296 1389 1390 
8268 1751 2788 4729 
8269 3876 546 4809 
8270 2870 2603 3896 
8271 1964 1967 4912 
8272 2409 2328 4744 
8273 3291 523 3292 
8274 987 1053 4735 
8275 3211 4879 4905 
8276 1320 1322 1368 
8277 1292 1294 1296 
8278 1564 1560 4797 
8279 4761 1596 4810 
8280 1187 1188 1190 
8281 802 804 4718 
8282 1062 4425 4947 
8283 1390 1406 1407 
8284 1661 4726 4885 
8285 2464 3364 3365 
8286 2616 2617 4807 
8287 1884 2040 2384 
8288 2761 4430 4795 
8289 152 153 4940 
8290 1283 1284 1285 
8291 2838 2876 4965 
8292 4435 4607 4831 
8293 3586 1336 4719 
8294 1279 1282 4716 
8295 1328 1329 1330 
8296 2895 2897 4780 
8297 1682 1283 4772 
8298 3159 3552 3553 
8299 1326 1325 1327 
8300 3674 2931 5137 
8301 2913 2915 4938 
8302 2457 2460 4778 
8303 1284 1281 4641 
8304 2996 3468 3626 
8305 1275 1274 4653 
8306 1844 1842 2430 
8307 4588 1748 4881 
8308 2186 2310 4717 
8309 1149 738 4671 
8310 1312 1313 1314 
8311 1709 1207 4867 
8312 1818 1815 4849 
8313 1324 1323 1325 
8314 1338 1342 4719 
8315 2733 4634 4775 
8316 2275 2589 2950 
8317 1596 1606 4810 
8318 3942 2480 4849 
8319 4638 2733 4775 
8320 1278 1275 4653 
8321 2431 1954 4202 
8322 1279 1280 1281 
8323 736 4333 4671 
8324 2777 1836 4708 
8325 482 481 608 
8326 1161 1163 4726 
8327 3385 3040 5439 
8328 3133 3134 5279 
8329 3632 3631 5093 
8330 3632 5093 5185 
8331 4171 4173 4818 
8332 1517 4666 4820 
8333 1341 1340 4695 
8334 4732 502 5143 
8335 1298 1300 1301 
8336 2035 1521 4652 
8337 458 457 583 
8338 1597 1601 4897 
8339 4708 1636 4875 
8340 3690 676 5550 
8341 4731 3007 4732 
8342 907 934 4800 
8343 2807 2809 4924 
8344 2791 3420 4736 
8345 2782 1827 4750 
8346 2762 2764 4783 
8347 1833 1834 2074 
8348 2104 2919 2920 
8349 4482 3740 4861 
8350 1281 1280 4641 
8351 4690 1680 4780 
8352 2940 3871 5192 
8353 985 987 4735 
8354 3016 2162 4915 
8355 1159 1661 4750 
8356 2290 4468 4816 
8357 2325 2186 4717 
8358 1326 1327 1328 
8359 1158 1159 4750 
8360 946 948 4889 
8361 3094 3092 4829 
8362 1142 1666 4729 
8363 3883 3879 3888 
8364 2751 1816 2829 
8365 3304 3228 5023 
8366 2832 2831 3072 
8367 924 926 4909 
8368 3006 397 5796 
8369 2098 2095 4325 
8370 1653 1652 4971 
8371 4607 3286 4831 
8372 1154 831 4825 
8373 812 3182 4710 
8374 1285 1286 1287 
8375 2011 802 4718 
8376 1324 1325 1326 
8377 2323 2797 4805 
8378 3631 4276 5093 
8379 2469 3407 4748 
8380 1199 1206 1207 
8381 1411 1407 4707 
8382 824 793 4815 
8383 1302 1304 1380 
8384 2116 2078 2434 
8385 4569 985 4735 
8386 2464 3366 4778 
8387 1056 4578 4798 
8388 3036 3035 3037 
8389 3827 2899 5577 
8390 1308 1310 1372 
8391 3250 2910 4875 
8392 1084 1080 4811 
8393 3298 5404 5610 
8394 3892 3890 5345 
8395 1011 1009 4798 
8396 1416 4682 4878 
8397 526 3606 5785 
8398 1873 1705 4724 
8399 2130 2813 4686 
8400 1314 1316 1369 
8401 1015 2729 4973 
8402 3496 2325 4717 
8403 2327 3497 4744 
8404 2303 2155 2380 
8405 3223 4795 4858 
8406 3428 3135 4721 
8407 2759 4155 4932 
8408 917 919 4941 
8409 2321 2323 4805 
8410 1322 1321 1323 
8411 3038 3039 5418 
8412 2272 2261 4952 
8413 2065 2067 2275 
8414 1314 1315 1316 
8415 4570 3767 5164 
8416 2362 2641 4821 
8417 4723 3173 4743 
8418 1287 1288 1290 
8419 804 816 4718 
8420 1318 1317 1319 
8421 1106 814 4836 
8422 2830 2832 3194 
8423 3545 5266 5833 
8424 2603 2602 2834 
8425 1618 4274 4997 
8426 1167 1169 4747 
8427 1904 1933 4823 
8428 3180 4699 5751 
8429 4164 4162 5659 
8430 675 3895 5045 
8431 490 4535 5412 
8432 3086 3188 4802 
8433 4726 2798 4885 
8434 4443 2202 4923 
8435 1138 5034 5055 
8436 3038 3037 3039 
8437 1322 1323 1324 
8438 2075 2296 4770 
8439 1402 1313 5072 
8440 5064 2864 5083 
8441 711 1517 4824 
8442 3140 4725 4830 
8443 59 681 4908 
8444 2692 4789 4870 
8445 5021 2587 5078 
8446 462 461 3324 
8447 1290 1291 1292 
8448 5203 2987 5596 
8449 4165 3322 5213 
8450 2933 2771 4731 
8451 2058 2071 2072 
8452 2346 2068 4738 
8453 4113 2391 5710 
8454 1201 2057 2058 
8455 3197 4678 4815 
8456 1336 1338 4719 
8457 3483 2362 4821 
8458 3973 3383 5692 
8459 3789 2795 4736 
8460 1617 1084 4811 
8461 4687 618 5469 
8462 3228 4670 4910 
8463 3033 3032 5385 
8464 3819 3817 4888 
8465 461 22 624 
8466 1833 2074 2836 
8467 3204 4757 4865 
8468 2126 2835 4826 
8469 2202 2203 4923 
8470 1333 2861 4730 
8471 3592 2409 4744 
8472 2125 2126 4826 
8473 3269 2998 5789 
8474 1187 1190 1201 
8475 5292 2977 5593 
8476 271 272 4970 
8477 3424 1682 4772 
8478 1316 1317 1318 
8479 2172 4546 4919 
8480 4533 817 4786 
8481 1891 1890 4355 
8482 1320 1319 1321 
8483 2171 2712 4916 
8484 566 58 4908 
8485 1292 1293 1294 
8486 821 805 4840 
8487 1143 1142 4729 
8488 5391 3295 5435 
8489 3384 3040 3385 
8490 2486 2488 2490 
8491 1034 1036 4742 
8492 4829 3846 5825 
8493 4711 2321 4805 
8494 1337 1334 4730 
8495 3239 4313 5006 
8496 1099 1097 4839 
8497 3504 4797 4856 
8498 1231 2042 4756 
8499 1549 4695 4837 
8500 2866 2865 4843 
8501 2490 2491 2951 
8502 460 459 619 
8503 3194 2832 3195 
8504 2058 2057 2071 
8505 322 323 4862 
8506 1847 1687 4814 
8507 1201 1190 2057 
8508 1420 1415 1722 
8509 2704 3404 3405 
8510 3720 2804 4916 
8511 1448 1449 1770 
8512 2835 2128 4686 
8513 4688 3328 5523 
8514 695 5573 5716 
8515 4762 564 5449 
8516 1550 1167 4747 
8517 829 4698 4825 
8518 1048 4742 4822 
8519 2996 2997 3468 
8520 1770 1771 2064 
8521 1009 1056 4798 
8522 999 1011 4834 
8523 2072 2071 2073 
8524 1661 1161 4726 
8525 4609 4568 4822 
8526 2962 2961 2963 
8527 1118 778 4740 
8528 4702 1129 4859 
8529 2736 2734 4791 
8530 2836 2898 2899 
8531 2399 3478 4892 
8532 4411 1514 5004 
8533 2555 2529 4977 
8534 4352 499 5773 
8535 4752 4524 5513 
8536 2531 2534 4977 
8537 3872 3611 4881 
8538 1191 1194 4749 
8539 4660 1545 4791 
8540 5084 4468 5119 
8541 2275 2353 2589 
8542 2885 4640 4782 
8543 1296 1294 1389 
8544 2589 2995 2996 
8545 1166 2798 4726 
8546 4627 1522 4806 
8547 1285 1289 4772 
8548 1163 1166 4726 
8549 4876 3273 4982 
8550 1441 1442 1443 
8551 4175 4435 4831 
8552 8 3229 5798 
8553 2064 2065 4712 
8554 2990 3893 5095 
8555 2836 2074 2898 
8556 3310 2802 4766 
8557 1710 1427 4832 
8558 4697 3210 4836 
8559 1390 1389 1406 
8560 524 475 3100 
8561 2766 2768 4803 
8562 2731 4753 4788 
8563 4375 4373 4993 
8564 3196 4602 4814 
8565 3364 2462 4748 
8566 1334 1333 4730 
8567 2802 2801 4766 
8568 2888 4292 4903 
8569 1086 1617 4855 
8570 1320 1321 1322 
8571 814 815 4836 
8572 1778 2050 4967 
8573 1407 1406 1448 
8574 1666 1751 4729 
8575 473 25 3120 
8576 4541 1001 4960 
8577 3941 3613 4894 
8578 1443 1444 1445 
8579 1219 1221 4734 
8580 1827 1158 4750 
8581 1445 1444 1833 
8582 1634 1733 4937 
8583 3134 3139 5328 
8584 3440 2840 4842 
8585 2725 3735 5198 
8586 1696 1106 4813 
8587 954 952 4850 
8588 3676 2885 4782 
8589 2283 2961 2962 
8590 4082 989 5070 
8591 4235 3954 5351 
8592 1318 1319 1320 
8593 1423 1422 4832 
8594 362 363 4860 
8595 2400 2399 4892 
8596 2680 3205 4929 
8597 3227 4652 4855 
8598 22 460 3472 
8599 1225 1231 4756 
8600 4568 1048 4822 
8601 3039 3040 3384 
8602 514 291 5022 
8603 2004 1616 4804 
8604 4896 4537 4963 
8605 4224 3203 4996 
8606 2830 2831 2832 
8607 4675 995 4834 
8608 1443 1442 1444 
8609 1382 1388 4759 
8610 3172 4287 5102 
8611 945 940 4844 
8612 1259 1256 4560 
8613 4562 4537 4896 
8614 2868 3628 4874 
8615 3205 3204 4865 
8616 1933 2087 4823 
8617 1854 1881 2103 
8618 2460 2464 4778 
8619 578 3761 5669 
8620 772 744 4846 
8621 1441 1253 1442 
8622 1054 1049 4763 
8623 154 578 4884 
8624 484 483 631 
8625 3246 4609 4822 
8626 597 288 5026 
8627 1227 1225 4756 
8628 2176 2177 2428 
8629 2965 2966 2967 
8630 4868 2903 5037 
8631 831 829 4825 
8632 4467 2814 4972 
8633 4735 2785 4872 
8634 3251 4948 4979 
8635 2252 2387 4769 
8636 1049 1109 4763 
8637 2734 4660 4791 
8638 2788 2790 4827 
8639 595 268 5079 
8640 4640 2258 4782 
8641 2860 1523 4972 
8642 2806 3224 4930 
8643 3626 3468 5527 
8644 501 3768 5248 
8645 4834 1011 4910 
8646 2491 2488 2980 
8647 2603 2834 3896 
8648 4652 1088 4855 
8649 1712 1691 1917 
8650 1496 1498 5000 
8651 4314 4852 4873 
8652 25 488 553 
8653 2774 4419 4852 
8654 3968 2643 5820 
8655 3320 3319 4989 
8656 2965 2967 3454 
8657 2964 2961 4961 
8658 4554 2397 4958 
8659 1169 1200 4747 
8660 2036 2176 2841 
8661 4698 4586 4825 
8662 1664 1054 4763 
8663 3949 650 5431 
8664 1448 2049 4707 
8665 1129 1102 4859 
8666 2751 2829 2830 
8667 2624 3573 4962 
8668 487 486 620 
8669 542 394 5492 
8670 4852 1545 4873 
8671 3427 4687 5469 
8672 1277 1279 4716 
8673 397 6 5796 
8674 1957 2179 2180 
8675 2765 3967 4837 
8676 2880 3580 4993 
8677 3479 2401 3538 
8678 3400 3112 5288 
8679 2068 2339 4738 
8680 2428 2429 3536 
8681 2581 2926 4921 
8682 2428 3536 3537 
8683 3821 3823 3828 
8684 3224 4702 4859 
8685 1677 1675 4787 
8686 3901 627 5745 
8687 2042 1382 4759 
8688 3239 5006 5027 
8689 1088 1086 4855 
8690 2710 4627 4806 
8691 2988 2633 4790 
8692 1064 4585 4858 
8693 292 660 5022 
8694 110 586 5097 
8695 3250 4875 4937 
8696 95 4080 5080 
8697 4074 659 4956 
8698 4695 2765 4837 
8699 2967 2968 2969 
8700 3368 2346 4738 
8701 3580 2879 5013 
8702 3688 2779 4895 
8703 1586 1709 2036 
8704 4639 2753 4906 
8705 5011 4087 5061 
8706 3673 1655 5208 
8707 679 3452 5524 
8708 3336 2878 5129 
8709 1248 1247 4968 
8710 4754 1904 4823 
8711 1199 1207 1586 
8712 2185 2760 4895 
8713 4443 4923 4973 
8714 3537 3536 5142 
8715 672 4417 5002 
8716 3289 3094 4829 
8717 1960 4871 4917 
8718 671 44 4978 
8719 2619 2624 4962 
8720 3611 2942 4881 
8721 2057 1190 4749 
8722 3108 4579 4820 
8723 4216 2846 4868 
8724 995 999 4834 
8725 1078 4048 4880 
8726 1690 1427 1710 
8727 1239 1229 4776 
8728 1218 1216 4835 
8729 4706 2775 4874 
8730 5061 1112 5117 
8731 1623 2759 4932 
8732 942 933 4873 
8733 1675 1874 4787 
8734 3092 3095 4829 
8735 1229 1227 4776 
8736 1784 1625 4932 
8737 2094 1844 4801 
8738 3076 4363 5056 
8739 2801 3106 4766 
8740 577 4407 5559 
8741 45 512 4978 
8742 2898 2074 4770 
8743 2381 2380 2382 
8744 3240 3239 5027 
8745 2207 3209 4923 
8746 2399 2401 3478 
8747 4520 4125 5070 
8748 3205 4703 4929 
8749 2780 2252 4769 
8750 2386 5136 5188 
8751 3505 3504 4856 
8752 2152 2151 4904 
8753 1414 1440 4792 
8754 3296 2901 4994 
8755 4157 4639 4906 
8756 3225 4675 4834 
8757 931 1068 4976 
8758 2387 3232 4769 
8759 405 8 5798 
8760 2482 2480 3942 
8761 1750 1122 4793 
8762 3591 3020 4848 
8763 634 94 5080 
8764 2592 2594 5062 
8765 2543 4508 4988 
8766 4222 3379 5250 
8767 1066 1664 4793 
8768 2777 4708 4875 
8769 1405 3831 5277 
8770 1388 1394 4759 
8771 1438 3845 4939 
8772 4725 3377 4830 
8773 4559 3256 4841 
8774 36 37 5050 
8775 1122 1066 4793 
8776 1407 1448 4707 
8777 2889 3574 5090 
8778 656 109 5097 
8779 2486 2484 2488 
8780 2436 4831 4914 
8781 2065 2275 4712 
8782 1592 1594 4865 
8783 3210 2048 4922 
8784 2230 2229 5009 
8785 3891 4712 5696 
8786 2036 1709 2176 
8787 2471 2453 4918 
8788 1360 4496 4864 
8789 4830 4344 5395 
8790 2490 2488 2491 
8791 1620 1618 4997 
8792 937 883 4992 
8793 4740 772 4846 
8794 2787 2150 5005 
8795 4666 3108 4820 
8796 2969 2968 4624 
8797 1144 1750 4796 
8798 4225 4014 4876 
8799 2962 2963 3484 
8800 4040 4249 4871 
8801 495 371 4869 
8802 3205 4865 4897 
8803 886 1587 4992 
8804 1020 4211 5113 
8805 589 3818 4983 
8806 3882 4828 5725 
8807 2833 4447 5052 
8808 3650 3664 4951 
8809 4585 4510 4858 
8810 488 487 3184 
8811 2981 2980 3297 
8812 3326 3123 3371 
8813 1283 1285 4772 
8814 351 352 5059 
8815 2078 2072 4785 
8816 4318 4319 4919 
8817 1586 1207 1709 
8818 1111 1143 4901 
8819 3639 3009 5810 
8820 4534 1339 5612 
8821 1477 1144 4796 
8822 2254 3984 4951 
8823 3844 645 5293 
8824 1311 1660 5072 
8825 3255 2708 4956 
8826 3225 4834 4910 
8827 3121 3122 3643 
8828 493 340 5020 
8829 3835 3543 5808 
8830 881 937 5001 
8831 4777 2786 4847 
8832 1440 1884 4792 
8833 3814 625 4942 
8834 1992 879 5001 
8835 341 665 5020 
8836 1417 1414 4792 
8837 4839 1100 4930 
8838 3384 3385 3437 
8839 591 3554 5443 
8840 3886 3887 5183 
8841 67 673 5016 
8842 1814 1816 2751 
8843 311 585 4882 
8844 5049 4291 5069 
8845 2145 1677 4787 
8846 3162 4385 5209 
8847 5123 2013 5202 
8848 2275 2950 4712 
8849 4429 1020 5113 
8850 2981 3297 3298 
8851 3243 4813 4922 
8852 1227 4756 4776 
8853 2847 2174 5174 
8854 4795 1064 4858 
8855 3508 4856 4896 
8856 3378 5208 5595 
8857 766 734 5047 
8858 2775 2868 4874 
8859 2633 3357 4790 
8860 3640 2425 5413 
8861 3943 2316 5240 
8862 4145 2245 5009 
8863 1042 1040 4934 
8864 810 795 4926 
8865 4331 4291 5049 
8866 517 384 4886 
8867 2920 2921 2922 
8868 1715 1714 4987 
8869 992 946 4889 
8870 2012 4569 4872 
8871 2942 4588 4881 
8872 4233 1442 4911 
8873 1957 1725 2179 
8874 442 441 5818 
8875 2684 3700 4870 
8876 485 28 635 
8877 1733 4219 4986 
8878 2245 2233 5009 
8879 2755 3418 5490 
8880 4865 1594 4897 
8881 58 59 4908 
8882 425 13 5815 
8883 4816 4468 5084 
8884 2878 2877 5076 
8885 619 459 3112 
8886 4569 4735 4872 
8887 2759 4644 4864 
8888 2918 1881 5772 
8889 4807 2617 4962 
8890 4644 1360 4864 
8891 3183 3591 4917 
8892 5097 586 5639 
8893 2491 2980 2981 
8894 2886 4078 4945 
8895 2177 1709 4867 
8896 538 66 5016 
8897 2910 2777 4875 
8898 2831 2829 4853 
8899 1154 4825 4924 
8900 2912 2913 5157 
8901 643 356 4890 
8902 3224 4839 4930 
8903 1820 1825 4891 
8904 4166 1210 5727 
8905 3951 3948 5702 
8906 2485 2487 4900 
8907 2860 4972 5226 
8908 3024 425 5815 
8909 1415 1411 4828 
8910 4845 578 5669 
8911 4468 2912 5119 
8912 2072 2073 4785 
8913 1844 2430 4801 
8914 441 3048 5818 
8915 4924 2809 4966 
8916 2455 4778 4918 
8917 2779 2185 4895 
8918 4082 2956 5096 
8919 1895 1891 4355 
8920 4135 3411 5505 
8921 3044 3047 5109 
8922 3882 3878 5269 
8923 3237 3528 5008 
8924 5364 4154 5573 
8925 2434 2078 4785 
8926 4875 1636 4937 
8927 2399 2180 2401 
8928 3880 3885 5269 
8929 2853 2855 5055 
8930 2383 2382 3313 
8931 4151 4152 5145 
8932 524 3100 3330 
8933 1816 1817 4891 
8934 2957 4082 5070 
8935 4246 3133 5215 
8936 4879 2897 4905 
8937 3508 4896 4963 
8938 4813 3210 4922 
8939 3615 2881 5082 
8940 3753 280 5769 
8941 4192 2281 5114 
8942 4334 3209 5021 
8943 631 483 3119 
8944 4195 4272 5078 
8945 3974 651 4957 
8946 4168 3354 5230 
8947 537 332 5033 
8948 1691 1445 4808 
8949 28 484 3117 
8950 1833 2836 4808 
8951 989 4082 5085 
8952 2996 3626 4851 
8953 1900 1897 2052 
8954 1594 1597 4897 
8955 1232 1239 4931 
8956 4789 2684 4870 
8957 2571 2168 4998 
8958 333 676 5033 
8959 5279 3134 5328 
8960 4462 1409 5087 
8961 188 685 5071 
8962 989 975 5039 
8963 3686 3016 4915 
8964 613 152 4940 
8965 4367 2153 4863 
8966 3770 3771 5293 
8967 339 493 5060 
8968 4846 742 5019 
8969 590 187 5071 
8970 47 675 5045 
8971 3969 2861 5410 
8972 2798 2800 4885 
8973 1290 3990 4984 
8974 4944 3451 5005 
8975 670 338 5060 
8976 2709 1922 4997 
8977 4810 1610 5015 
8978 3002 5106 5140 
8979 1002 924 4909 
8980 4247 4335 5114 
8981 1259 3945 5063 
8982 255 256 5142 
8983 512 46 5045 
8984 299 300 4925 
8985 1721 4562 4896 
8986 23 539 5517 
8987 2950 2589 4851 
8988 4029 5284 5827 
8989 2012 4520 5039 
8990 1244 1243 5012 
8991 3500 4669 5108 
8992 2832 3072 4845 
8993 1445 1833 4808 
8994 2153 2283 4863 
8995 1385 1236 4936 
8996 1047 1111 4901 
8997 5042 1615 5051 
8998 1411 4707 4828 
8999 1967 2337 4912 
9000 216 217 4913 
9001 4690 4780 4879 
9002 2903 3149 5132 
9003 4268 3214 4920 
9004 2049 1770 4893 
9005 4502 4690 4879 
9006 4427 2843 5074 
9007 3337 3018 5239 
9008 4963 2016 4969 
9009 2582 2400 4892 
9010 2389 4008 5615 
9011 3195 2832 4845 
9012 2602 2584 2604 
9013 4339 2911 5163 
9014 3397 3119 3559 
9015 732 728 5162 
9016 4937 1733 4986 
9017 5369 3446 5477 
9018 1138 837 5034 
9019 3240 5027 5049 
9020 3643 3122 3644 
9021 4952 2261 5280 
9022 3478 2401 3479 
9023 2897 3589 4905 
9024 2453 2455 4918 
9025 2279 4279 5093 
9026 1127 1468 4928 
9027 4856 1721 4896 
9028 977 2012 5039 
9029 3633 604 5821 
9030 2804 2171 4916 
9031 4778 3366 4918 
9032 4214 4215 5227 
9033 2753 3725 4906 
9034 2395 2101 5493 
9035 1309 1307 4946 
9036 3086 4802 5576 
9037 2981 3567 4877 
9038 4825 4586 4924 
9039 3996 3993 5250 
9040 4780 2897 4879 
9041 375 515 5038 
9042 2337 2336 4935 
9043 2211 2587 5021 
9044 3585 3518 5109 
9045 617 246 5308 
9046 3209 2209 5021 
9047 3244 3243 4907 
9048 1700 1698 5028 
9049 3847 4565 5575 
9050 690 374 5038 
9051 3999 1389 4981 
9052 1820 1824 1825 
9053 4472 2934 5136 
9054 3980 3982 5205 
9055 1722 1415 4828 
9056 2104 2920 4950 
9057 2922 2923 2924 
9058 795 789 4926 
9059 4976 1068 5006 
9060 1253 1251 4911 
9061 2915 3393 4938 
9062 5155 5118 5751 
9063 2595 4297 5171 
9064 1206 1718 4959 
9065 3286 3447 4914 
9066 4478 678 5246 
9067 2203 2207 4923 
9068 1145 1477 5029 
9069 5460 1439 5834 
9070 2036 3314 5067 
9071 4873 933 4976 
9072 740 1149 5019 
9073 490 5412 5586 
9074 2379 2103 2426 
9075 1874 1673 4971 
9076 3273 3271 5125 
9077 3677 4720 5030 
9078 4298 662 5472 
9079 4990 3194 5077 
9080 1636 1634 4937 
9081 4198 559 5831 
9082 2916 4246 5151 
9083 4831 3286 4914 
9084 1625 1623 4932 
9085 1917 1691 4808 
9086 2891 4390 5104 
9087 3501 4672 4899 
9088 4454 1062 4947 
9089 4885 3265 4954 
9090 3655 3654 5322 
9091 2589 2996 4851 
9092 4339 5163 5168 
9093 3836 3279 5411 
9094 1526 917 4941 
9095 2829 1816 4891 
9096 737 806 5220 
9097 3160 2680 4929 
9098 2847 5174 5212 
9099 1748 1612 4949 
9100 3984 3650 4951 
9101 3767 2999 5194 
9102 4038 708 5220 
9103 3127 3673 5208 
9104 4431 4433 5106 
9105 2952 4081 5194 
9106 4670 3225 4910 
9107 4871 3183 4917 
9108 1260 1259 5063 
9109 4219 2658 4948 
9110 3509 4963 4969 
9111 119 4069 5231 
9112 3206 5050 5635 
9113 4563 3807 5082 
9114 1770 2064 4893 
9115 3414 2426 3415 
9116 671 3609 5720 
9117 2951 2491 4877 
9118 1047 4901 4934 
9119 2998 5007 5789 
9120 4199 786 5295 
9121 1234 1232 4931 
9122 4461 3439 5199 
9123 2976 2979 5110 
9124 4594 2172 4919 
9125 2283 2962 4863 
9126 3319 2272 4952 
9127 1040 1047 4934 
9128 1240 1385 4985 
9129 1442 1253 4911 
9130 3161 5349 5455 
9131 835 4739 5034 
9132 5107 2978 5110 
9133 2048 2344 4922 
9134 2379 2426 3414 
9135 1853 2143 5772 
9136 591 118 5231 
9137 2751 2830 4990 
9138 4779 3187 4995 
9139 1236 1234 4936 
9140 5560 1363 5627 
9141 1822 4838 4990 
9142 98 655 5234 
9143 2960 2282 5304 
9144 2935 2274 5135 
9145 3271 3272 5177 
9146 2841 2176 4866 
9147 4094 1970 5193 
9148 4104 4095 5419 
9149 4586 2807 4924 
9150 3095 3128 4939 
9151 3149 2845 5100 
9152 3530 2806 4930 
9153 3594 2896 5116 
9154 1700 5028 5257 
9155 4314 4873 4976 
9156 4226 4227 4953 
9157 4812 4051 5025 
9158 1854 2103 2379 
9159 3362 3321 4957 
9160 3006 4899 5065 
9161 1725 1690 4883 
9162 3097 3345 5221 
9163 1181 1185 5025 
9164 1544 971 5085 
9165 620 486 3124 
9166 4537 2016 4963 
9167 4057 2839 5014 
9168 638 97 5234 
9169 3338 3629 5792 
9170 3870 4554 4958 
9171 3390 4614 5343 
9172 973 989 5085 
9173 1822 4990 5077 
9174 619 3112 3400 
9175 3623 4541 4960 
9176 4838 2751 4990 
9177 2380 2155 2872 
9178 1199 1586 4933 
9179 5552 5597 5736 
9180 4155 2838 4965 
9181 3046 3044 5109 
9182 149 150 5218 
9183 4715 544 5181 
9184 787 1615 5042 
9185 3709 5058 5309 
9186 4651 1784 4991 
9187 2701 3282 5075 
9188 4291 1121 5069 
9189 2348 3545 5135 
9190 3867 3866 5401 
9191 2428 3537 4866 
9192 4080 638 5649 
9193 2894 4530 5116 
9194 2040 2377 5046 
9195 2617 2619 4962 
9196 2339 1723 5029 
9197 2708 3455 4956 
9198 4948 3369 4979 
9199 2187 2326 5204 
9200 3818 3821 4983 
9201 2936 4191 4974 
9202 3935 617 5633 
9203 731 4995 5010 
9204 569 3477 5156 
9205 1194 1199 4933 
9206 3622 3623 4964 
9207 3430 3011 5235 
9208 4968 1247 5175 
9209 3552 2384 5046 
9210 3531 687 5762 
9211 2176 2428 4866 
9212 2590 1668 4975 
9213 4289 4810 5015 
9214 653 3991 5697 
9215 4002 4833 5210 
9216 4334 5021 5078 
9217 4749 1194 4933 
9218 4505 4540 5083 
9219 3623 4960 4964 
9220 4361 4179 5326 
9221 32 33 5158 
9222 272 657 4970 
9223 1042 4934 5115 
9224 3393 3394 5247 
9225 5214 3222 5303 
9226 1287 1290 4984 
9227 2484 2482 4887 
9228 5216 4036 5676 
9229 44 45 4978 
9230 4720 3534 5030 
9231 2050 2605 4967 
9232 2341 5066 5086 
9233 4739 3230 5034 
9234 3655 5322 5334 
9235 2980 2488 4887 
9236 1673 1653 4971 
9237 3723 508 5201 
9238 145 686 4999 
9239 4783 3253 5015 
9240 1523 4467 4972 
9241 3509 3508 4963 
9242 1234 4931 4936 
9243 2961 2960 4961 
9244 2927 4115 5246 
9245 3013 3587 5235 
9246 5037 2903 5132 
9247 3263 3598 5150 
9248 4965 2876 4991 
9249 1185 4812 5025 
9250 5211 2098 5323 
9251 1389 1294 4981 
9252 3026 3024 5169 
9253 2529 2531 4977 
9254 5119 2912 5157 
9255 3003 3275 5327 
9256 5083 2864 5122 
9257 3886 1422 5714 
9258 3066 3065 5785 
9259 5750 5630 5838 
9260 1251 1248 4968 
9261 4862 561 5485 
9262 4942 2872 4943 
9263 5019 1149 5076 
9264 3620 1394 5803 
9265 5069 1121 5091 
9266 2491 2981 4877 
9267 1690 1710 4883 
9268 5247 3394 5267 
9269 2103 2104 4950 
9270 933 931 4976 
9271 631 3119 3397 
9272 3408 3487 5204 
9273 885 4148 5368 
9274 4244 4243 5441 
9275 3172 5102 5112 
9276 2417 2907 5165 
9277 4578 2013 5123 
9278 2487 4655 5337 
9279 4245 3583 5565 
9280 3692 510 5487 
9281 508 191 5201 
9282 3929 1761 5704 
9283 192 684 5201 
9284 1289 1287 4984 
9285 4672 2360 5065 
9286 599 4344 5768 
9287 1189 5111 5192 
9288 5206 1813 5356 
9289 3625 2555 5226 
9290 2016 4599 4969 
9291 1298 1301 5017 
9292 4385 5310 5711 
9293 2729 4443 4973 
9294 36 5050 5675 
9295 5034 3230 5055 
9296 2174 1949 5147 
9297 1154 4924 4966 
9298 4120 5263 5318 
9299 1302 1380 5044 
9300 529 316 5184 
9301 2920 2922 3389 
9302 3752 3320 4989 
9303 4473 3629 5568 
9304 3283 5138 5616 
9305 4108 2591 5301 
9306 4200 205 5266 
9307 4310 4846 5019 
9308 4705 2011 4982 
9309 4231 4232 5175 
9310 2413 2416 5168 
9311 834 836 5219 
9312 3328 4688 5718 
9313 581 3762 5614 
9314 3560 3524 5386 
9315 3400 5288 5561 
9316 4491 2543 4988 
9317 3261 4749 4933 
9318 4750 1661 4954 
9319 3370 3118 3603 
9320 2836 2899 5057 
9321 3052 4656 5124 
9322 3048 3051 5181 
9323 4739 1154 4966 
9324 2430 3919 5759 
9325 2482 3942 4887 
9326 3988 2640 5651 
9327 4184 630 5008 
9328 2353 2067 5086 
9329 4950 3389 5048 
9330 883 886 4992 
9331 1294 1295 4981 
9332 2376 3710 5644 
9333 2488 2484 4887 
9334 4373 2880 4993 
9335 4062 2668 5166 
9336 317 674 5184 
9337 3313 2382 3575 
9338 2668 2653 5166 
9339 4302 3693 5003 
9340 1121 4411 5091 
9341 2179 1725 4883 
9342 4933 1586 5067 
9343 731 4779 4995 
9344 5775 5456 5828 
9345 4958 3909 5433 
9346 3515 4661 5089 
9347 3647 2605 5258 
9348 1189 1177 5111 
9349 3054 4715 5181 
9350 4229 4230 5299 
9351 2229 4307 5196 
9352 1890 1715 4987 
9353 1243 1240 4985 
9354 2901 2939 4994 
9355 2608 4159 5002 
9356 4470 4705 4982 
9357 103 607 5311 
9358 3768 501 5709 
9359 3250 4937 4986 
9360 4409 3238 5267 
9361 3959 3960 5035 
9362 1109 1044 5115 
9363 3877 3882 5434 
9364 5025 4051 5111 
9365 3251 3250 4986 
9366 1922 1620 4997 
9367 788 796 5295 
9368 5385 3032 5737 
9369 1970 1496 5000 
9370 4120 4203 5263 
9371 2702 3526 5605 
9372 2935 5135 5839 
9373 2920 3389 4950 
9374 4555 4651 4991 
9375 4517 4462 5212 
9376 2782 4750 4954 
9377 3203 4057 4996 
9378 369 4073 5312 
9379 2965 3454 5024 
9380 879 881 5001 
9381 4911 1251 4968 
9382 150 151 5353 
9383 4313 4314 5006 
9384 69 501 5248 
9385 3621 3416 5713 
9386 3336 5129 5207 
9387 1514 4432 5004 
9388 5475 2651 5483 
9389 2341 3339 5066 
9390 1916 1900 4902 
9391 3290 2639 5426 
9392 2947 4381 5253 
9393 5407 2559 5425 
9394 1437 1614 5197 
9395 577 5559 5776 
9396 3717 1548 5774 
9397 3306 4952 5280 
9398 4972 3625 5226 
9399 4982 3273 5125 
9400 3178 4366 5688 
9401 4333 2595 5207 
9402 4994 766 5047 
9403 3927 3928 5330 
9404 4019 2833 5052 
9405 3451 2787 5005 
9406 3484 2963 5024 
9407 4075 4076 5347 
9408 4162 4103 5392 
9409 2011 4876 4982 
9410 1661 4885 4954 
9411 1109 5115 5151 
9412 2097 2098 5211 
9413 3629 4473 5792 
9414 2168 2781 4998 
9415 2652 4094 5166 
9416 1547 4835 5281 
9417 4396 731 5010 
9418 5006 1068 5027 
9419 516 3083 5243 
9420 2233 2230 5009 
9421 3558 3124 3754 
9422 3345 3137 5578 
9423 2830 3194 4990 
9424 206 598 5266 
9425 3660 3661 5390 
9426 2085 3066 5377 
9427 5015 3253 5102 
9428 580 3446 5369 
9429 66 67 5016 
9430 2834 2602 4927 
9431 2879 3017 5013 
9432 2434 4785 5506 
9433 4822 4742 5011 
9434 2309 2450 5170 
9435 2426 4950 5048 
9436 3347 2906 5227 
9437 1679 1497 5164 
9438 673 68 5248 
9439 4926 789 5042 
9440 4927 637 5223 
9441 3235 3237 5008 
9442 4604 3241 5211 
9443 3735 2948 5198 
9444 340 341 5020 
9445 1399 1286 5362 
9446 4196 677 5272 
9447 4177 4179 5307 
9448 3398 3806 5835 
9449 291 292 5022 
9450 4210 2188 5417 
9451 4954 3265 5094 
9452 3529 2852 5611 
9453 3973 606 5446 
9454 5106 3002 5107 
9455 256 257 5316 
9456 4029 4028 5459 
9457 2955 3306 5260 
9458 3164 1968 5259 
9459 2878 5076 5129 
9460 31 633 5275 
9461 1934 3979 5031 
9462 5012 1243 5299 
9463 2034 4507 5251 
9464 3265 3266 5094 
9465 5125 3271 5177 
9466 4300 1402 5729 
9467 4173 4172 5399 
9468 5035 3960 5036 
9469 3161 4340 5349 
9470 620 3124 3558 
9471 2271 3259 5200 
9472 547 3826 5826 
9473 4002 5210 5282 
9474 4661 3977 5089 
9475 1829 1828 5191 
9476 3630 4445 5243 
9477 5328 3139 5391 
9478 3102 3101 5075 
9479 4684 1110 5592 
9480 5055 2855 5064 
9481 4045 680 5138 
9482 1179 1181 5025 
9483 742 740 5019 
9484 1495 4570 5164 
9485 2966 2964 5380 
9486 3228 4910 5023 
9487 5197 3393 5247 
9488 3821 3828 4983 
9489 2732 2062 5238 
9490 670 3557 5740 
9491 3261 4933 5067 
9492 5550 4466 5787 
9493 2425 2251 5413 
9494 646 161 5370 
9495 332 333 5033 
9496 3456 2946 5261 
9497 288 289 5026 
9498 4835 3541 5281 
9499 1295 1298 5017 
9500 3441 3144 5199 
9501 1900 2052 4902 
9502 1247 1244 5012 
9503 2839 3657 5014 
9504 33 34 5320 
9505 1897 1895 4955 
9506 1784 4965 4991 
9507 3136 3529 5611 
9508 4981 1295 5017 
9509 1723 1145 5029 
9510 4314 4976 5006 
9511 2782 4954 5094 
9512 2890 3805 5225 
9513 4715 3569 5195 
9514 2869 2871 5058 
9515 3601 3602 5128 
9516 374 375 5038 
9517 1541 4330 5161 
9518 2087 2088 5210 
9519 3241 2121 5211 
9520 65 538 5272 
9521 4121 116 5443 
9522 3987 3989 5467 
9523 46 47 5045 
9524 2052 1897 4955 
9525 2209 2211 5021 
9526 3556 2599 5018 
9527 3812 4684 5592 
9528 3098 4066 5354 
9529 3919 3853 5759 
9530 2155 1916 4943 
9531 1698 1847 5028 
9532 2606 3968 5820 
9533 106 565 5409 
9534 2557 2556 5303 
9535 3479 3538 5308 
9536 3543 1732 5808 
9537 2249 3278 5413 
9538 296 297 5302 
9539 2015 2034 5280 
9540 3847 5575 5825 
9541 2876 3264 5120 
9542 4855 1617 5037 
9543 3396 2933 5143 
9544 3428 5097 5639 
9545 499 214 5333 
9546 1068 4543 5027 
9547 4765 3193 5084 
9548 3991 536 5423 
9549 2905 4339 5172 
9550 975 977 5039 
9551 3450 4862 5485 
9552 215 658 5333 
9553 2073 2071 5126 
9554 3193 4816 5084 
9555 4589 642 5824 
9556 4910 1011 5023 
9557 3293 5092 5344 
9558 3268 3423 5572 
9559 3246 4822 5011 
9560 3487 3099 5310 
9561 4938 3393 5197 
9562 2602 2604 4927 
9563 669 3869 5420 
9564 3306 2351 5287 
9565 3534 3618 5030 
9566 3240 5049 5069 
9567 677 64 5272 
9568 3190 3433 5336 
9569 4802 2270 5092 
9570 2719 2717 5274 
9571 2123 2086 5377 
9572 3486 4149 5516 
9573 4934 3775 5115 
9574 4023 1832 5053 
9575 117 591 5443 
9576 837 835 5034 
9577 4485 3399 5553 
9578 2175 2847 5265 
9579 4259 2606 5820 
9580 3410 3667 5627 
9581 4371 1532 5153 
9582 1811 1826 5356 
9583 1499 1679 5229 
9584 381 688 5270 
9585 646 3701 5680 
9586 3297 2980 5206 
9587 162 4252 5370 
9588 5413 3278 5566 
9589 3753 3751 5040 
9590 507 4298 5571 
9591 2426 2103 4950 
9592 2963 2965 5024 
9593 3304 5023 5123 
9594 4645 3735 5113 
9595 2720 3614 5274 
9596 545 4223 5054 
9597 734 732 5047 
9598 2928 3921 5256 
9599 489 380 5270 
9600 4118 2592 5062 
9601 1610 4783 5015 
9602 3809 5042 5051 
9603 4988 4508 5222 
9604 4974 3317 5596 
9605 5300 3017 5335 
9606 789 787 5042 
9607 3603 2923 5682 
9608 3296 4994 5047 
9609 4244 165 5465 
9610 3267 3096 5363 
9611 2979 5004 5110 
9612 37 535 5050 
9613 4731 4732 5143 
9614 5104 531 5105 
9615 3403 2402 5367 
9616 1895 4355 4955 
9617 5254 3281 5429 
9618 4742 4204 5011 
9619 4285 351 5059 
9620 2504 2503 5339 
9621 3266 3762 5141 
9622 1615 4803 5051 
9623 3246 5011 5061 
9624 4833 2087 5210 
9625 5066 3241 5086 
9626 1864 1507 5254 
9627 2310 1912 5257 
9628 2561 4492 5315 
9629 3357 2165 5180 
9630 3858 593 5512 
9631 338 339 5060 
9632 3809 4926 5042 
9633 4265 4264 5406 
9634 4615 2975 5292 
9635 368 369 5312 
9636 593 233 5527 
9637 5017 1301 5225 
9638 3319 4952 5287 
9639 3476 5593 5786 
9640 3963 652 5683 
9641 3040 3037 5241 
9642 3229 5100 5101 
9643 1284 4641 5362 
9644 3838 4689 5223 
9645 1011 4798 5023 
9646 2679 5077 5130 
9647 3077 3079 5591 
9648 4555 4991 5120 
9649 1301 1302 5044 
9650 4035 4460 5676 
9651 3750 596 5528 
9652 5043 3158 5182 
9653 2741 3842 5450 
9654 3661 3662 5390 
9655 4324 4622 5336 
9656 4363 4364 5056 
9657 3230 2853 5055 
9658 4618 3140 5395 
9659 4470 4982 5125 
9660 2156 5657 5738 
9661 5120 3264 5147 
9662 4251 2403 5296 
9663 4136 1822 5077 
9664 3895 675 5568 
9665 1861 4684 5385 
9666 4869 3492 5681 
9667 4991 2876 5120 
9668 2384 2040 5046 
9669 55 683 5317 
9670 3017 3076 5335 
9671 1380 1304 5167 
9672 2404 3898 5811 
9673 4260 302 5420 
9674 4748 3407 5099 
9675 2596 4210 5693 
9676 868 936 5348 
9677 5027 4543 5049 
9678 4543 4331 5049 
9679 4959 1718 5418 
9680 4614 3008 5343 
9681 2597 2596 5408 
9682 5215 3133 5279 
9683 3426 3467 5406 
9684 4299 4301 5536 
9685 864 866 5366 
9686 4886 3345 5578 
9687 887 885 5368 
9688 2270 4030 5092 
9689 4407 4408 5394 
9690 4753 1544 5179 
9691 2116 2434 5180 
9692 3898 3419 5811 
9693 4289 5015 5102 
9694 3331 3332 5283 
9695 627 3902 5451 
9696 3926 3929 5290 
9697 2180 2179 5173 
9698 1955 2376 5644 
9699 1409 4472 5087 
9700 4519 1992 5300 
9701 562 54 5317 
9702 4073 3269 5312 
9703 3194 3195 5130 
9704 3223 5088 5144 
9705 1824 1854 5032 
9706 3177 4251 5489 
9707 4759 3621 5713 
9708 1308 1372 5178 
9709 2841 4866 5103 
9710 4125 2957 5070 
9711 3314 3315 5518 
9712 4379 4378 5398 
9713 3538 2401 5173 
9714 4916 2712 5444 
9715 4792 3158 5043 
9716 1029 1429 5389 
9717 3667 5560 5627 
9718 1614 4938 5197 
9719 4958 5433 5707 
9720 1538 1541 5160 
9721 729 4111 5186 
9722 4105 4072 5837 
9723 3245 3246 5061 
9724 5073 4301 5664 
9725 1825 1824 5032 
9726 1146 3916 5813 
9727 525 78 5386 
9728 657 4029 5482 
9729 3304 5123 5202 
9730 5151 4246 5215 
9731 5245 3655 5334 
9732 3815 3814 5454 
9733 5028 4099 5257 
9734 306 307 5427 
9735 3227 4855 5037 
9736 514 3730 5622 
9737 2363 3727 5539 
9738 2032 2029 5340 
9739 862 1016 5378 
9740 1320 1368 5245 
9741 4394 3240 5069 
9742 4043 3208 5485 
9743 3288 3289 5281 
9744 1781 696 5285 
9745 5094 3266 5141 
9746 5307 4380 5766 
9747 1189 4369 5314 
9748 4886 385 5453 
9749 4200 3234 5534 
9750 2872 2155 4943 
9751 4153 4662 5289 
9752 4297 1781 5171 
9753 4084 3787 5667 
9754 4942 3726 5558 
9755 4112 134 5826 
9756 1648 1761 5330 
9757 4310 5019 5076 
9758 2755 5490 5572 
9759 4037 1429 5489 
9760 2997 2995 5323 
9761 4988 3361 5461 
9762 3900 2404 5403 
9763 4059 4060 5643 
9764 2468 3416 5835 
9765 3897 105 5409 
9766 4079 3257 5496 
9767 1617 4868 5037 
9768 525 3632 5564 
9769 562 3996 5730 
9770 2360 3155 5065 
9771 5160 1541 5161 
9772 852 5041 5219 
9773 4669 3104 5108 
9774 1763 1538 5160 
9775 4270 602 5500 
9776 180 2 5618 
9777 2571 3605 5662 
9778 4766 5428 5741 
9779 858 860 5393 
9780 3726 640 5558 
9781 4232 4968 5175 
9782 4090 4089 5098 
9783 4616 1138 5064 
9784 1391 1213 5384 
9785 4583 5383 5387 
9786 2877 4310 5076 
9787 4253 3200 5476 
9788 2559 4441 5425 
9789 677 4198 5831 
9790 2773 3242 5358 
9791 4052 3690 5550 
9792 1264 1260 5063 
9793 1369 3798 5533 
9794 3454 2967 5176 
9795 2843 4379 5074 
9796 187 188 5071 
9797 2651 4395 5483 
9798 1916 4902 4943 
9799 303 669 5420 
9800 497 159 5680 
9801 165 166 5465 
9802 2450 2451 5351 
9803 1807 2017 5543 
9804 2255 2256 5405 
9805 3520 505 5658 
9806 4915 2162 5490 
9807 135 547 5826 
9808 94 95 5080 
9809 5177 3272 5263 
9810 4356 1763 5159 
9811 3919 2430 5396 
9812 2174 5147 5174 
9813 2881 4563 5082 
9814 29 30 5081 
9815 1328 1330 5268 
9816 4394 5069 5091 
9817 1117 4120 5318 
9818 1994 4583 5387 
9819 2931 3241 5066 
9820 2450 5351 5814 
9821 4619 3390 5306 
9822 5393 4379 5398 
9823 268 269 5079 
9824 4092 654 5583 
9825 4998 2781 5739 
9826 2769 2773 5331 
9827 3375 4368 5647 
9828 2329 3462 5739 
9829 401 498 5523 
9830 4389 2508 5438 
9831 1854 2379 5032 
9832 11 541 5554 
9833 1532 4356 5153 
9834 4195 5078 5121 
9835 2382 2380 4980 
9836 3323 3659 5529 
9837 1313 1311 5072 
9838 307 308 5436 
9839 1210 5329 5727 
9840 1401 5084 5119 
9841 160 646 5680 
9842 2 181 5618 
9843 4272 4334 5078 
9844 4287 4289 5102 
9845 5529 4476 5829 
9846 3462 2010 5644 
9847 5050 4020 5675 
9848 3227 5037 5132 
9849 3672 2990 5095 
9850 3007 3336 5355 
9851 1179 5025 5111 
9852 3061 2889 5090 
9853 4841 3412 5402 
9854 4344 661 5395 
9855 3395 3663 5445 
9856 4023 5053 5376 
9857 4294 3768 5709 
9858 5232 4069 5546 
9859 2956 2958 5096 
9860 5358 3242 5381 
9861 971 973 5085 
9862 1417 4792 5043 
9863 4550 3515 5089 
9864 1520 5139 5140 
9865 3127 5208 5259 
9866 4276 2279 5093 
9867 4170 527 5700 
9868 2356 2365 5494 
9869 2845 2844 5100 
9870 2067 2341 5086 
9871 4280 4281 5442 
9872 4063 4062 5193 
9873 5139 3000 5140 
9874 3111 4427 5375 
9875 2959 5214 5303 
9876 5402 3412 5457 
9877 1548 3811 5319 
9878 3765 2369 5838 
9879 2404 1873 5403 
9880 3752 5340 5402 
9881 2979 4394 5091 
9882 2662 2909 5371 
9883 3868 3656 5641 
9884 2380 2872 4980 
9885 2256 1953 5421 
9886 5383 1017 5398 
9887 4996 1829 5191 
9888 1401 4765 5084 
9889 4596 2701 5075 
9890 5009 2229 5196 
9891 4540 4616 5083 
9892 1175 1189 5314 
9893 4583 1017 5383 
9894 109 110 5097 
9895 4952 3306 5287 
9896 3646 3312 5770 
9897 2861 2862 5410 
9898 3752 4989 5340 
9899 4610 3023 5408 
9900 3179 3637 5430 
9901 1217 1238 5432 
9902 247 248 5668 
9903 4626 522 5442 
9904 1429 4392 5489 
9905 3437 5460 5834 
9906 1586 2036 5067 
9907 2892 2891 5104 
9908 602 347 5500 
9909 534 344 5498 
9910 3711 3129 5677 
9911 4655 3376 5073 
9912 4602 2442 5392 
9913 5153 4356 5159 
9914 270 581 5614 
9915 3386 5415 5609 
9916 4224 4996 5191 
9917 3605 2571 5569 
9918 2661 2663 5704 
9919 3869 669 5805 
9920 2988 4790 5273 
9921 3103 4350 5388 
9922 2714 2882 5444 
9923 4432 4431 5106 
9924 502 4732 5285 
9925 310 4882 5665 
9926 3219 3220 5481 
9927 5067 3314 5126 
9928 3595 3217 5449 
9929 2281 4247 5114 
9930 1139 4505 5122 
9931 4186 4188 5721 
9932 4616 5064 5083 
9933 3842 2741 5810 
9934 3518 3046 5109 
9935 3245 5061 5117 
9936 1576 4245 5565 
9937 651 3973 5692 
9938 2034 5251 5260 
9939 2342 2900 5276 
9940 2013 2061 5202 
9941 3303 3895 5568 
9942 386 605 5453 
9943 2978 2976 5110 
9944 1200 1171 5361 
9945 1177 1179 5111 
9946 3415 2426 5048 
9947 3403 5367 5642 
9948 4506 1139 5133 
9949 1139 5122 5133 
9950 4368 668 5647 
9951 5004 4432 5110 
9952 5135 4213 5839 
9953 5162 729 5186 
9954 81 82 5535 
9955 415 609 5548 
9956 345 4359 5498 
9957 3220 3449 5452 
9958 2943 2782 5094 
9959 3253 3252 5112 
9960 77 525 5564 
9961 4053 5550 5787 
9962 361 518 5468 
9963 3315 2841 5103 
9964 627 101 5745 
9965 623 255 5142 
9966 3496 5419 5777 
9967 3575 2382 4980 
9968 5657 3555 5738 
9969 413 626 5549 
9970 4508 2561 5222 
9971 4770 2296 5297 
9972 4506 5133 5139 
9973 2569 4491 5461 
9974 82 83 5599 
9975 4445 2559 5407 
9976 494 5258 5766 
9977 3435 3633 5821 
9978 165 4244 5788 
9979 680 4484 5138 
9980 4317 4318 5660 
9981 4211 4645 5113 
9982 3000 3002 5140 
9983 176 177 5624 
9984 3331 5283 5331 
9985 3436 4151 5145 
9986 2896 2894 5116 
9987 3903 496 5441 
9988 4187 692 5618 
9989 3549 3052 5124 
9990 4330 2905 5172 
9991 2739 2741 5450 
9992 1372 1310 5313 
9993 554 320 5524 
9994 4802 3188 5417 
9995 2864 2982 5122 
9996 1520 4506 5139 
9997 4422 4916 5444 
9998 2503 4481 5603 
9999 418 557 5557 
10000 3601 5128 5148 
10001 2051 2109 5674 
10002 3771 497 5346 
10003 3282 3245 5117 
10004 3917 3786 5515 
10005 5111 4051 5192 
10006 3949 2898 5679 
10007 3719 3724 5755 
10008 3223 4858 5088 
10009 3215 4762 5449 
10010 3458 3457 5584 
10011 667 76 5564 
10012 3415 5048 5218 
10013 2376 2431 5372 
10014 1951 1950 5511 
10015 1316 1318 5334 
10016 1936 3299 5690 
10017 3522 4085 5154 
10018 4605 1401 5119 
10019 295 296 5804 
10020 4842 2840 5405 
10021 290 514 5622 
10022 3420 3897 5409 
10023 3345 4886 5453 
10024 1044 1042 5115 
10025 3796 3873 5190 
10026 3001 2985 5519 
10027 412 615 5562 
10028 5330 3928 5708 
10029 4808 2836 5057 
10030 4867 1439 5460 
10031 4257 3372 5753 
10032 3080 3103 5388 
10033 388 4084 5667 
10034 1265 1262 5760 
10035 2934 2935 5136 
10036 1948 4555 5120 
10037 5122 2982 5133 
10038 1734 2145 5396 
10039 3364 4748 5099 
10040 80 600 5816 
10041 2587 3483 5121 
10042 3361 4988 5222 
10043 4423 4421 5621 
10044 1039 1037 5592 
10045 5036 3960 5506 
10046 5331 2773 5358 
10047 4396 5010 5249 
10048 3249 3692 5487 
10049 321 679 5524 
10050 1913 2187 5761 
10051 1324 1326 5478 
10052 5112 3252 5134 
10053 5107 3002 5187 
10054 5058 624 5309 
10055 3009 3639 5464 
10056 1826 1809 5543 
10057 4858 4510 5088 
10058 4869 372 5590 
10059 5013 3017 5300 
10060 4230 5012 5299 
10061 2287 1931 5521 
10062 2982 2984 5133 
10063 1732 1214 5808 
10064 3057 3305 5365 
10065 548 3526 5656 
10066 2558 4485 5553 
10067 280 281 5769 
10068 2274 2348 5135 
10069 5293 3771 5782 
10070 1548 1033 5774 
10071 2157 3227 5132 
10072 2071 3261 5126 
10073 5115 3775 5151 
10074 1948 5120 5147 
10075 2369 2371 5838 
10076 3425 3869 5805 
10077 3662 4150 5712 
10078 777 4470 5125 
10079 1138 5055 5064 
10080 4433 1520 5140 
10081 5345 3890 5696 
10082 2136 3152 5570 
10083 5133 2984 5139 
10084 637 3838 5223 
10085 3460 4556 5508 
10086 614 309 5665 
10087 3078 548 5656 
10088 5507 4488 5784 
10089 1917 4808 5057 
10090 3252 3363 5134 
10091 164 165 5788 
10092 4252 3903 5764 
10093 4409 5267 5394 
10094 3222 3223 5144 
10095 4847 2786 5346 
10096 4 353 5636 
10097 2430 1842 5396 
10098 4939 3128 5294 
10099 352 4 5636 
10100 4863 2962 5277 
10101 348 349 5807 
10102 4545 2598 5502 
10103 698 4688 5523 
10104 3275 3277 5298 
10105 4159 3270 5666 
10106 4989 2032 5340 
10107 3589 3594 5599 
10108 3309 2562 5797 
10109 2984 3000 5139 
10110 3129 3093 5677 
10111 3260 3750 5528 
10112 1722 3885 5714 
10113 3131 3789 5437 
10114 3600 3601 5148 
10115 3805 5017 5225 
10116 3437 3385 5131 
10117 3584 3582 5699 
10118 2943 5094 5141 
10119 3490 3489 5360 
10120 3982 4194 5152 
10121 603 35 5675 
10122 63 677 5831 
10123 4335 2651 5475 
10124 2805 3719 5755 
10125 2359 2355 5155 
10126 3614 3615 5624 
10127 3775 2916 5151 
10128 43 671 5720 
10129 3255 4956 5505 
10130 728 729 5162 
10131 3456 5261 5284 
10132 3262 3263 5150 
10133 3418 4915 5490 
10134 3082 3081 5531 
10135 3318 5134 5342 
10136 1992 5013 5300 
10137 5051 4803 5283 
10138 3940 3136 5611 
10139 3019 569 5156 
10140 1949 1948 5147 
10141 387 388 5667 
10142 3351 3561 5604 
10143 1149 4671 5129 
10144 2270 4802 5417 
10145 4301 5073 5536 
10146 2604 2584 5264 
10147 4604 5211 5323 
10148 511 336 5740 
10149 4582 2732 5504 
10150 3009 3842 5810 
10151 565 3789 5743 
10152 2201 2755 5631 
10153 1210 1211 5661 
10154 4882 3441 5665 
10155 633 32 5158 
10156 3831 4863 5277 
10157 3337 5239 5632 
10158 494 42 5720 
10159 175 176 5522 
10160 1761 4612 5704 
10161 5058 2871 5735 
10162 3598 3600 5159 
10163 2132 2389 5615 
10164 5076 1149 5129 
10165 1271 1267 5685 
10166 4341 3178 5688 
10167 2907 3262 5161 
10168 3600 5153 5159 
10169 53 562 5730 
10170 3191 4545 5607 
10171 373 690 5590 
10172 3277 3655 5298 
10173 521 279 5574 
10174 2578 2577 5773 
10175 604 359 5672 
10176 3713 2943 5141 
10177 2345 2974 5659 
10178 559 62 5831 
10179 183 642 5458 
10180 3386 2415 5163 
10181 3445 3107 5324 
10182 3262 5160 5161 
10183 5077 3194 5130 
10184 337 670 5740 
10185 2847 5087 5265 
10186 2852 3114 5611 
10187 596 3750 5769 
10188 2582 4892 5264 
10189 3457 3595 5302 
10190 2416 2417 5165 
10191 3311 3185 5407 
10192 3903 4870 5764 
10193 3405 4444 5551 
10194 4979 3369 5691 
10195 3560 5386 5816 
10196 4654 2489 5684 
10197 3445 5552 5736 
10198 392 1 5645 
10199 4724 2780 5403 
10200 1 29 5645 
10201 1614 4605 5157 
10202 5163 2415 5168 
10203 639 149 5218 
10204 523 467 5576 
10205 3002 3001 5187 
10206 4432 5106 5107 
10207 4349 3637 5754 
10208 3462 4998 5739 
10209 2415 2413 5168 
10210 4605 5119 5157 
10211 2741 2743 5810 
10212 3942 1813 5206 
10213 686 3792 5382 
10214 2643 2082 5820 
10215 1368 1322 5447 
10216 2653 2652 5166 
10217 3030 3026 5169 
10218 1857 1745 5602 
10219 936 5056 5348 
10220 4798 4578 5123 
10221 1402 5176 5729 
10222 2308 2309 5170 
10223 3358 4515 5767 
10224 4769 3902 5715 
10225 316 317 5184 
10226 3114 3940 5611 
10227 2786 2678 5782 
10228 1544 5096 5179 
10229 3274 4663 5462 
10230 682 52 5730 
10231 1497 1495 5164 
10232 5081 30 5275 
10233 3 201 5653 
10234 3143 5031 5488 
10235 2999 2952 5194 
10236 4051 2940 5192 
10237 1304 1306 5167 
10238 777 5125 5177 
10239 4279 4280 5185 
10240 3074 2421 5637 
10241 2933 4731 5143 
10242 5202 2061 5261 
10243 5102 3253 5112 
10244 5291 3362 5373 
10245 520 3091 5608 
10246 1330 1332 5809 
10247 4182 5002 5510 
10248 3051 3054 5181 
10249 806 3980 5205 
10250 3090 3089 5677 
10251 3264 4516 5174 
10252 3130 3129 5271 
10253 3447 3285 5619 
10254 5422 5040 5457 
10255 1743 2084 5587 
10256 2094 4801 5486 
10257 1035 1548 5319 
10258 2640 2424 5651 
10259 5023 4798 5123 
10260 4348 577 5776 
10261 3181 3903 5441 
10262 2326 2390 5204 
10263 662 4164 5472 
10264 2267 3523 5589 
10265 3748 2928 5256 
10266 3144 4461 5199 
10267 645 3770 5293 
10268 3542 4656 5801 
10269 3496 4717 5419 
10270 3492 4869 5590 
10271 3305 3192 5189 
10272 4935 2336 5537 
10273 1306 1308 5178 
10274 1438 4939 5294 
10275 3727 3341 5539 
10276 1314 1369 5533 
10277 2383 3313 5127 
10278 2165 2116 5180 
10279 3419 2789 5811 
10280 2378 3060 5734 
10281 4116 3097 5221 
10282 3332 5051 5283 
10283 2922 2924 5233 
10284 3377 3475 5768 
10285 3536 2429 5551 
10286 4587 777 5177 
10287 200 3 5653 
10288 4215 528 5227 
10289 4147 4145 5196 
10290 446 563 5582 
10291 3893 2707 5678 
10292 3122 553 5703 
10293 3388 3075 5224 
10294 2974 3340 5472 
10295 3158 3159 5182 
10296 2054 4598 5755 
10297 5223 4689 5555 
10298 191 192 5201 
10299 4008 4006 5806 
10300 1775 1437 5197 
10301 5144 2557 5303 
10302 2948 3714 5198 
10303 3577 3578 5503 
10304 2337 4935 5481 
10305 3640 3308 5545 
10306 4113 3084 5357 
10307 3316 2271 5200 
10308 4018 656 5437 
10309 4528 490 5586 
10310 1016 5074 5378 
10311 2575 3998 5344 
10312 3569 3738 5195 
10313 2121 2097 5211 
10314 3261 5067 5126 
10315 2316 2851 5240 
10316 708 737 5220 
10317 5674 2109 5733 
10318 4145 5009 5196 
10319 2474 3162 5209 
10320 2967 2969 5176 
10321 4594 4919 5466 
10322 3989 1438 5294 
10323 3526 3212 5605 
10324 1828 2156 5191 
10325 836 852 5219 
10326 3833 3290 5338 
10327 3544 3727 5217 
10328 5056 4364 5348 
10329 5174 4516 5212 
10330 4590 3304 5202 
10331 563 3143 5203 
10332 4788 4753 5179 
10333 4961 2960 5146 
10334 3309 5237 5542 
10335 3342 5525 5530 
10336 3270 4165 5213 
10337 5148 4371 5153 
10338 5031 3979 5488 
10339 3247 4168 5230 
10340 2393 3222 5214 
10341 2277 2404 5811 
10342 3342 5288 5525 
10343 3321 3294 5639 
10344 3660 5390 5771 
10345 4104 2310 5620 
10346 3360 3361 5222 
10347 3885 3886 5714 
10348 686 5382 5473 
10349 3489 3491 5360 
10350 1403 1417 5819 
10351 3242 3396 5567 
10352 4919 4319 5466 
10353 3050 5484 5801 
10354 3011 3013 5235 
10355 4516 4517 5212 
10356 5167 1306 5178 
10357 3803 1877 5236 
10358 3032 3030 5756 
10359 5100 2844 5101 
10360 3347 5227 5660 
10361 3617 2860 5226 
10362 1037 1035 5319 
10363 5428 595 5741 
10364 3846 3847 5825 
10365 5179 2958 5251 
10366 5022 660 5508 
10367 2401 2180 5173 
10368 5536 3376 5581 
10369 3669 2893 5540 
10370 2936 4974 5596 
10371 3921 3280 5623 
10372 118 119 5231 
10373 1710 4832 5183 
10374 4381 4914 5733 
10375 2892 5104 5105 
10376 97 98 5234 
10377 5129 4671 5207 
10378 2719 5274 5721 
10379 495 4869 5681 
10380 4956 659 5505 
10381 2088 2125 5210 
10382 4626 4283 5688 
10383 2704 3405 5551 
10384 3379 5507 5784 
10385 1714 1712 5563 
10386 4076 2927 5246 
10387 3453 3064 5237 
10388 1394 1393 5803 
10389 4888 3815 5454 
10390 4747 1200 5480 
10391 1417 4728 5819 
10392 4671 4333 5207 
10393 3487 5310 5761 
10394 681 4476 5529 
10395 68 69 5248 
10396 3149 5100 5369 
10397 1501 1499 5229 
10398 5078 2587 5121 
10399 2017 4193 5800 
10400 5105 3311 5425 
10401 2344 2342 5276 
10402 3862 3860 5228 
10403 2062 2392 5238 
10404 5088 4510 5387 
10405 2892 5105 5425 
10406 674 4460 5641 
10407 3993 4222 5250 
10408 2579 3670 5800 
10409 5263 3272 5318 
10410 4033 3034 5296 
10411 4688 3202 5718 
10412 3185 516 5243 
10413 199 200 5242 
10414 5349 3300 5455 
10415 1688 4396 5249 
10416 611 3325 5439 
10417 3159 3553 5650 
10418 5018 2599 5501 
10419 5040 3751 5457 
10420 3356 5088 5387 
10421 1109 5151 5215 
10422 3878 3880 5269 
10423 4597 1775 5247 
10424 4187 182 5458 
10425 517 5578 5767 
10426 3192 3059 5236 
10427 1968 3127 5259 
10428 2605 3186 5258 
10429 1420 1722 5714 
10430 3374 3373 5332 
10431 2422 4676 5705 
10432 4597 5247 5267 
10433 5074 4379 5378 
10434 3072 3207 5640 
10435 2425 3640 5545 
10436 3336 5171 5355 
10437 582 3833 5338 
10438 4306 938 5262 
10439 5147 3264 5174 
10440 4528 5586 5762 
10441 1775 5197 5247 
10442 3641 2947 5253 
10443 1877 3920 5305 
10444 4763 1109 5215 
10445 588 4059 5273 
10446 3447 5619 5674 
10447 4766 3106 5428 
10448 280 3753 5574 
10449 3637 4618 5754 
10450 3149 5369 5477 
10451 4643 3431 5255 
10452 3235 5008 5534 
10453 2570 2571 5662 
10454 3342 2394 5288 
10455 3348 4113 5710 
10456 4474 537 5547 
10457 5150 1763 5160 
10458 3354 5529 5829 
10459 3344 2640 5271 
10460 4366 3178 5647 
10461 3381 3161 5455 
10462 4423 5621 5824 
10463 4787 1874 5228 
10464 2958 2955 5260 
10465 1501 5229 5254 
10466 5473 5382 5695 
10467 1507 1501 5254 
10468 2977 2978 5786 
10469 4111 4109 5414 
10470 3037 3035 5241 
10471 5008 630 5534 
10472 4814 4602 5579 
10473 5570 3152 5629 
10474 205 206 5266 
10475 2471 4235 5351 
10476 3330 3100 5244 
10477 3233 3698 5278 
10478 5474 5698 5732 
10479 551 3892 5345 
10480 3207 4884 5640 
10481 4008 2389 5765 
10482 64 65 5272 
10483 4122 5374 5734 
10484 5026 289 5622 
10485 4689 3405 5555 
10486 4624 2971 5252 
10487 5474 3231 5698 
10488 5096 2958 5179 
10489 4590 5202 5261 
10490 1912 1700 5257 
10491 1318 1320 5245 
10492 3279 3841 5411 
10493 380 381 5270 
10494 30 31 5275 
10495 4115 3283 5616 
10496 2997 5323 5379 
10497 5101 2844 5450 
10498 1890 4987 5497 
10499 3389 2922 5233 
10500 3434 5726 5727 
10501 632 4285 5289 
10502 3750 3753 5769 
10503 4776 4756 5689 
10504 3399 3041 5553 
10505 5275 633 5753 
10506 5066 3339 5137 
10507 4097 4104 5620 
10508 584 3045 5324 
10509 3089 3711 5677 
10510 4892 3480 5264 
10511 4744 3497 5649 
10512 2386 2175 5265 
10513 2403 4033 5296 
10514 2717 2720 5274 
10515 3452 4944 5216 
10516 5322 1369 5334 
10517 3431 3348 5255 
10518 1247 5012 5175 
10519 3399 4485 5780 
10520 510 4092 5487 
10521 665 4360 5278 
10522 592 3432 5694 
10523 2872 4942 5558 
10524 4788 5179 5251 
10525 3789 4736 5743 
10526 3071 592 5694 
10527 3701 4847 5346 
10528 2292 2055 5471 
10529 3370 3603 5682 
10530 5000 4063 5193 
10531 3238 4597 5267 
10532 5075 3282 5588 
10533 500 4337 5430 
10534 2946 4590 5261 
10535 4223 545 5718 
10536 5040 521 5574 
10537 4507 4788 5251 
10538 3890 3891 5696 
10539 5200 4170 5700 
10540 3280 3378 5595 
10541 2261 2015 5280 
10542 2871 5617 5735 
10543 479 3219 5598 
10544 560 3006 5397 
10545 2900 5186 5276 
10546 1970 5000 5193 
10547 3466 2988 5273 
10548 2893 4904 5540 
10549 2931 5066 5137 
10550 3359 5098 5813 
10551 3998 2123 5509 
10552 4851 551 5345 
10553 545 3328 5718 
10554 4203 4587 5263 
10555 4322 5723 5765 
10556 1363 1328 5268 
10557 3566 5510 5817 
10558 5210 2125 5282 
10559 3424 4772 5830 
10560 2282 2893 5304 
10561 5079 269 5614 
10562 5351 3954 5814 
10563 2834 4927 5223 
10564 2584 2582 5264 
10565 3827 3825 5359 
10566 3541 3288 5281 
10567 4681 2292 5471 
10568 2049 4893 5434 
10569 3417 4776 5689 
10570 1688 5249 5349 
10571 2591 3005 5301 
10572 4154 4153 5289 
10573 3123 3120 5747 
10574 5087 4472 5265 
10575 5156 3001 5519 
10576 5301 3005 5321 
10577 3654 3732 5322 
10578 786 788 5295 
10579 2351 2032 5287 
10580 3278 3836 5566 
10581 5726 3706 5727 
10582 4587 5177 5263 
10583 5032 2379 5445 
10584 3672 5095 5830 
10585 4828 4707 5725 
10586 257 601 5316 
10587 3120 3121 5747 
10588 3281 2944 5429 
10589 2980 4887 5206 
10590 5414 4109 5479 
10591 5419 634 5777 
10592 2944 4205 5463 
10593 3782 2972 5424 
10594 2975 2977 5292 
10595 5481 4935 5598 
10596 5434 3882 5725 
10597 3186 4177 5307 
10598 3034 4037 5296 
10599 517 4886 5578 
10600 5237 3309 5797 
10601 5098 4089 5813 
10602 4658 3003 5327 
10603 5054 3004 5746 
10604 5155 2355 5494 
10605 4887 3942 5206 
10606 1920 5347 5352 
10607 1929 4038 5748 
10608 3005 3461 5321 
10609 2061 4642 5284 
10610 5145 4152 5364 
10611 5165 4330 5172 
10612 151 613 5353 
10613 676 4466 5550 
10614 3944 3926 5290 
10615 1920 4075 5347 
10616 4385 2083 5310 
10617 2556 2959 5303 
10618 5528 4169 5841 
10619 2962 3484 5277 
10620 297 610 5302 
10621 3192 5236 5305 
10622 54 55 5317 
10623 4434 4519 5300 
10624 5002 4417 5510 
10625 102 103 5311 
10626 5152 3274 5462 
10627 3346 4619 5306 
10628 246 247 5308 
10629 4434 5300 5335 
10630 3507 5399 5731 
10631 34 603 5320 
10632 2997 5379 5512 
10633 621 3408 5357 
10634 3070 3071 5711 
10635 4492 3199 5315 
10636 3099 3070 5711 
10637 2052 4888 5454 
10638 3507 3509 5399 
10639 5448 3470 5670 
10640 5723 4009 5765 
10641 4066 1920 5352 
10642 4905 3589 5571 
10643 5205 3082 5531 
10644 1664 4763 5279 
10645 2640 3988 5791 
10646 2125 4826 5282 
10647 5209 5694 5757 
10648 1664 5279 5328 
10649 3128 3130 5294 
10650 214 215 5333 
10651 4558 691 5670 
10652 2296 4527 5297 
10653 540 3493 5756 
10654 535 4361 5326 
10655 585 4410 5666 
10656 5267 3394 5394 
10657 4041 515 5832 
10658 2950 4851 5345 
10659 689 368 5312 
10660 3433 3434 5329 
10661 5283 2768 5331 
10662 3559 3119 5286 
10663 3463 3327 5687 
10664 2443 5750 5838 
10665 1173 1175 5314 
10666 5581 2951 5628 
10667 3362 4957 5373 
10668 1652 1648 5330 
10669 3600 5148 5153 
10670 3299 2197 5726 
10671 4340 1688 5349 
10672 4763 5215 5279 
10673 4016 3098 5354 
10674 389 644 5795 
10675 576 3057 5365 
10676 3272 3274 5318 
10677 3811 3812 5319 
10678 936 4434 5335 
10679 2970 5244 5538 
10680 3603 3118 5456 
10681 4501 694 5332 
10682 1310 1312 5313 
10683 1301 5044 5225 
10684 5050 535 5635 
10685 4803 2768 5283 
10686 642 4423 5824 
10687 2898 4770 5679 
10688 423 3311 5724 
10689 2508 2504 5339 
10690 3221 2702 5605 
10691 3262 5150 5160 
10692 4390 3047 5495 
10693 5444 2882 5621 
10694 3825 3824 5359 
10695 2970 2966 5380 
10696 3395 5445 5594 
10697 3510 5022 5508 
10698 4762 3460 5836 
10699 5256 1271 5685 
10700 4244 5441 5788 
10701 3311 5407 5425 
10702 4622 3190 5336 
10703 5251 2958 5260 
10704 3059 3056 5376 
10705 3061 5291 5373 
10706 5245 1368 5298 
10707 596 4169 5528 
10708 3060 3383 5446 
10709 4486 1929 5706 
10710 4900 2487 5252 
10711 4109 4108 5479 
10712 4558 5670 5832 
10713 866 868 5348 
10714 3198 5367 5658 
10715 3445 5324 5552 
10716 2768 2769 5331 
10717 5482 4029 5827 
10718 2029 2033 5340 
10719 1813 1811 5356 
10720 5344 3998 5509 
10721 3663 5032 5445 
10722 4205 2090 5514 
10723 5356 1826 5404 
10724 4271 4270 5500 
10725 3056 3058 5376 
10726 4893 3881 5434 
10727 5236 1877 5305 
10728 408 513 5593 
10729 669 4687 5805 
10730 3156 3331 5358 
10731 3096 3463 5363 
10732 4122 4121 5374 
10733 3566 4182 5510 
10734 4657 4658 5560 
10735 583 3469 5530 
10736 2416 5165 5172 
10737 4366 4626 5688 
10738 3280 5595 5623 
10739 5463 4205 5514 
10740 1369 1316 5334 
10741 3346 5306 5492 
10742 3292 3293 5344 
10743 5239 3018 5548 
10744 4060 595 5428 
10745 3376 2951 5581 
10746 2995 4604 5323 
10747 4364 3111 5375 
10748 5136 2935 5188 
10749 3440 4842 5427 
10750 3366 3365 5423 
10751 3229 580 5369 
10752 3222 5144 5303 
10753 552 4488 5507 
10754 4368 3375 5709 
10755 3640 5413 5566 
10756 1286 1284 5362 
10757 3152 3206 5635 
10758 3752 5402 5457 
10759 1173 5314 5361 
10760 2451 2471 5351 
10761 4296 4762 5836 
10762 5428 3106 5643 
10763 2402 3333 5367 
10764 5415 2911 5757 
10765 3408 5204 5742 
10766 3364 5099 5697 
10767 4500 643 5364 
10768 3156 5358 5381 
10769 2055 2054 5471 
10770 4793 1664 5328 
10771 3841 1861 5385 
10772 938 887 5368 
10773 4172 597 5399 
10774 5332 3373 5532 
10775 3335 5537 5648 
10776 4925 622 5433 
10777 5510 529 5817 
10778 3254 3713 5482 
10779 1171 1173 5361 
10780 2090 4199 5541 
10781 796 4016 5758 
10782 5339 3584 5699 
10783 1016 864 5366 
10784 4842 618 5427 
10785 2569 5461 5780 
10786 3137 3716 5578 
10787 5333 658 5691 
10788 161 162 5370 
10789 5154 4053 5787 
10790 3866 3465 5401 
10791 2780 4769 5715 
10792 5095 3424 5830 
10793 2086 2085 5377 
10794 5429 2944 5463 
10795 4350 3802 5388 
10796 4732 3007 5355 
10797 4904 3449 5540 
10798 3373 3917 5532 
10799 2359 5155 5751 
10800 4921 2926 5526 
10801 3331 5331 5358 
10802 5329 1210 5661 
10803 860 862 5378 
10804 78 79 5386 
10805 536 3957 5423 
10806 616 3640 5566 
10807 5399 597 5731 
10808 5239 2392 5632 
10809 5138 4484 5616 
10810 2834 5223 5555 
10811 2663 2662 5371 
10812 3355 3356 5383 
10813 4103 4102 5392 
10814 4095 634 5419 
10815 4264 3426 5406 
10816 4912 2337 5341 
10817 4408 4409 5394 
10818 3595 5449 5804 
10819 1031 1029 5389 
10820 3655 5245 5298 
10821 3155 3156 5381 
10822 3282 5098 5588 
10823 3355 5383 5398 
10824 4378 3355 5398 
10825 491 3326 5416 
10826 3553 5232 5650 
10827 5383 3356 5387 
10828 5073 3376 5536 
10829 4485 2569 5780 
10830 2732 5363 5504 
10831 5238 2392 5239 
10832 1652 5330 5708 
10833 5514 2090 5541 
10834 5327 1368 5447 
10835 5261 2061 5284 
10836 3383 3061 5373 
10837 4510 1994 5387 
10838 3429 2597 5408 
10839 3982 5152 5462 
10840 5367 3198 5642 
10841 1213 1215 5384 
10842 1017 858 5393 
10843 3387 5475 5483 
10844 1718 4181 5418 
10845 5060 493 5516 
10846 4978 512 5476 
10847 2344 5276 5414 
10848 5262 938 5368 
10849 3259 5528 5841 
10850 2251 2249 5413 
10851 1243 4985 5299 
10852 4487 566 5390 
10853 2188 2270 5417 
10854 4687 3427 5805 
10855 2474 5209 5757 
10856 3754 3124 5491 
10857 3299 5502 5690 
10858 2393 5214 5632 
10859 2639 3344 5426 
10860 2959 3513 5400 
10861 2703 4867 5460 
10862 5370 4252 5764 
10863 3079 3080 5388 
10864 2840 2255 5405 
10865 105 106 5409 
10866 5100 3229 5369 
10867 3619 3535 5412 
10868 2084 5321 5587 
10869 5315 3199 5499 
10870 5365 3305 5600 
10871 3019 5156 5519 
10872 4407 5394 5559 
10873 3881 3877 5434 
10874 3102 5075 5588 
10875 3380 5775 5828 
10876 4866 3537 5783 
10877 3826 3827 5577 
10878 501 4368 5709 
10879 650 4112 5431 
10880 1842 1734 5396 
10881 302 303 5420 
10882 2972 2570 5424 
10883 2098 4325 5379 
10884 5352 3074 5637 
10885 5227 528 5660 
10886 5288 2394 5561 
10887 3836 3085 5634 
10888 2394 3756 5561 
10889 4210 5417 5693 
10890 1017 5393 5398 
10891 4380 494 5766 
10892 5337 5073 5664 
10893 4447 4258 5799 
10894 4028 550 5459 
10895 4918 3366 5794 
10896 3302 5131 5440 
10897 5289 4285 5716 
10898 5384 1215 5432 
10899 5628 4877 5638 
10900 3155 5381 5397 
10901 3412 3411 5422 
10902 1953 2160 5421 
10903 3578 4256 5503 
10904 618 306 5427 
10905 5340 2033 5402 
10906 3499 4912 5341 
10907 606 4122 5446 
10908 2308 5170 5702 
10909 2862 3670 5410 
10910 4441 2892 5425 
10911 182 183 5458 
10912 3909 3908 5433 
10913 4243 3181 5441 
10914 4260 3870 5707 
10915 4907 5414 5479 
10916 4017 627 5451 
10917 1873 4724 5403 
10918 675 4473 5568 
10919 1750 5391 5435 
10920 3178 3375 5647 
10921 2033 4841 5402 
10922 5118 3180 5751 
10923 1750 4793 5391 
10924 5201 684 5513 
10925 4501 5332 5532 
10926 3683 2395 5601 
10927 5706 1929 5748 
10928 5409 565 5743 
10929 3422 3542 5801 
10930 3475 4244 5465 
10931 3226 5293 5782 
10932 4154 5289 5716 
10933 3363 3179 5430 
10934 3561 3352 5556 
10935 5132 3149 5477 
10936 3844 3195 5669 
10937 3298 3297 5404 
10938 3325 3324 5617 
10939 2101 2303 5493 
10940 116 117 5443 
10941 4473 552 5792 
10942 3006 5065 5397 
10943 5274 4189 5721 
10944 3140 4830 5395 
10945 5317 683 5712 
10946 3460 5508 5836 
10947 687 4528 5762 
10948 3713 4970 5482 
10949 4629 1864 5429 
10950 5278 4360 5686 
10951 3988 3987 5467 
10952 4390 4389 5438 
10953 2365 2367 5470 
10954 1215 1217 5432 
10955 308 614 5436 
10956 4319 4352 5466 
10957 3233 5278 5686 
10958 102 5311 5745 
10959 3908 4925 5433 
10960 5163 2911 5415 
10961 521 5040 5422 
10962 4618 5395 5754 
10963 3313 3575 5473 
10964 4793 5328 5391 
10965 4392 3177 5489 
10966 522 4362 5442 
10967 3583 4245 5812 
10968 2712 2714 5444 
10969 3217 3215 5449 
10970 578 4845 5640 
10971 1238 4009 5723 
10972 3854 4801 5759 
10973 5354 2422 5705 
10974 3292 5344 5509 
10975 5276 4111 5414 
10976 3710 3605 5569 
10977 385 386 5453 
10978 5615 4008 5806 
10979 4188 4187 5458 
10980 2391 3401 5710 
10981 3467 3427 5469 
10982 3300 2287 5455 
10983 5310 2083 5761 
10984 3061 5090 5291 
10985 166 599 5465 
10986 3575 4999 5473 
10987 3040 5241 5439 
10988 4721 3131 5437 
10989 5313 1312 5533 
10990 5169 540 5756 
10991 3859 2145 5655 
10992 3960 3961 5506 
10993 2844 2739 5450 
10994 4010 2813 5806 
10995 5053 3059 5376 
10996 1200 5401 5480 
10997 4907 2344 5414 
10998 3751 3752 5457 
10999 4655 5073 5337 
11000 4500 5364 5573 
11001 806 5205 5531 
11002 5412 3535 5586 
11003 360 361 5468 
11004 1710 5183 5646 
11005 4663 3082 5462 
11006 5127 3603 5456 
11007 1322 1324 5447 
11008 4158 2285 5539 
11009 3200 3607 5476 
11010 5186 4111 5276 
11011 5171 1781 5355 
11012 3958 5035 5728 
11013 4179 4178 5629 
11014 3432 5415 5757 
11015 5244 3100 5416 
11016 3371 4900 5701 
11017 3208 3450 5485 
11018 3841 5385 5737 
11019 4796 1750 5435 
11020 5104 4390 5495 
11021 5470 2367 5822 
11022 2577 4594 5466 
11023 3257 3258 5496 
11024 3411 3255 5505 
11025 3330 5244 5380 
11026 3465 3464 5544 
11027 5390 566 5771 
11028 3607 4978 5476 
11029 5567 3396 5763 
11030 4629 5429 5463 
11031 3151 5463 5514 
11032 5281 3289 5575 
11033 659 4135 5505 
11034 3494 3495 5547 
11035 3151 4629 5463 
11036 2355 2356 5494 
11037 4043 5485 5749 
11038 4395 3221 5483 
11039 3387 3388 5475 
11040 1326 1363 5478 
11041 575 175 5522 
11042 3833 582 5591 
11043 347 348 5500 
11044 3724 4681 5471 
11045 344 345 5498 
11046 1379 5536 5581 
11047 3615 5082 5522 
11048 4787 5228 5655 
11049 3511 5470 5822 
11050 1379 4299 5536 
11051 554 5216 5676 
11052 2379 3414 5445 
11053 2599 3429 5501 
11054 2971 2970 5538 
11055 3379 3338 5507 
11056 635 3370 5491 
11057 5324 3045 5552 
11058 3374 5275 5753 
11059 3341 4158 5539 
11060 3199 3309 5499 
11061 544 4715 5652 
11062 3232 3231 5474 
11063 5016 673 5503 
11064 4149 3540 5516 
11065 3786 4084 5515 
11066 5189 3192 5305 
11067 608 3940 5520 
11068 4328 1379 5581 
11069 4801 2430 5759 
11070 3186 5307 5766 
11071 5250 3379 5784 
11072 4685 4747 5480 
11073 5350 4474 5547 
11074 5134 3363 5342 
11075 5176 2969 5729 
11076 5131 3385 5440 
11077 5397 5381 5567 
11078 3065 3912 5785 
11079 3248 3249 5487 
11080 4016 5705 5758 
11081 5386 79 5816 
11082 5578 3716 5767 
11083 4241 5565 5603 
11084 4417 529 5510 
11085 3354 3323 5529 
11086 498 698 5523 
11087 630 4200 5534 
11088 233 234 5527 
11089 4556 3510 5508 
11090 320 321 5524 
11091 1809 1807 5543 
11092 3928 3932 5708 
11093 3667 4657 5560 
11094 2160 1951 5511 
11095 2162 4693 5490 
11096 1031 5389 5774 
11097 5228 3860 5655 
11098 3594 5116 5535 
11099 3480 3638 5606 
11100 2598 3556 5502 
11101 5480 3465 5544 
11102 3412 5422 5457 
11103 4325 2094 5486 
11104 3382 3381 5589 
11105 5284 4642 5827 
11106 5213 585 5666 
11107 5323 2098 5379 
11108 3464 3466 5580 
11109 1950 4582 5504 
11110 4053 4052 5550 
11111 5065 3155 5397 
11112 3538 5173 5633 
11113 4481 4241 5603 
11114 2985 3346 5519 
11115 618 4842 5469 
11116 2336 3164 5537 
11117 5403 2780 5715 
11118 5272 538 5626 
11119 664 4316 5790 
11120 3659 3660 5771 
11121 5031 3143 5600 
11122 643 5145 5364 
11123 4460 554 5676 
11124 4685 5480 5544 
11125 3349 3151 5514 
11126 2156 2157 5657 
11127 1931 2267 5521 
11128 1985 4311 5597 
11129 4099 4097 5620 
11130 3979 4784 5488 
11131 600 81 5535 
11132 5036 2073 5518 
11133 2285 2363 5539 
11134 644 4501 5532 
11135 515 4558 5832 
11136 3711 579 5719 
11137 4515 517 5767 
11138 3259 3260 5528 
11139 3234 3235 5534 
11140 3401 5255 5710 
11141 12 420 5542 
11142 2951 4877 5628 
11143 2369 3765 5822 
11144 279 280 5574 
11145 3519 3292 5509 
11146 5059 352 5636 
11147 626 3544 5549 
11148 5604 2017 5800 
11149 3307 4486 5706 
11150 4355 1890 5497 
11151 609 3267 5548 
11152 3806 2468 5835 
11153 3081 3482 5531 
11154 3540 5060 5516 
11155 3468 2997 5512 
11156 3045 3516 5552 
11157 3340 4905 5571 
11158 4241 1576 5565 
11159 3349 5514 5541 
11160 5052 4447 5799 
11161 557 3548 5557 
11162 4328 5581 5628 
11163 684 4752 5513 
11164 5544 3464 5580 
11165 76 77 5564 
11166 615 3444 5562 
11167 5234 655 5732 
11168 6 574 5796 
11169 2950 5345 5696 
11170 3765 3511 5822 
11171 5244 2970 5380 
11172 3513 2558 5553 
11173 4256 5016 5503 
11174 3068 3765 5630 
11175 3352 3353 5610 
11176 572 405 5798 
11177 3485 3349 5541 
11178 1312 1314 5533 
11179 5433 622 5707 
11180 3556 5673 5690 
11181 3394 3392 5559 
11182 3954 3953 5814 
11183 5610 3353 5612 
11184 3629 3303 5568 
11185 3690 3494 5823 
11186 3343 3386 5717 
11187 4565 1547 5575 
11188 360 5468 5672 
11189 4770 5297 5679 
11190 3118 3117 5828 
11191 403 545 5746 
11192 4284 1985 5671 
11193 5589 3523 5781 
11194 4902 2052 5454 
11195 3860 3859 5655 
11196 5230 3354 5829 
11197 3117 3380 5828 
11198 4178 2432 5619 
11199 3195 4845 5669 
11200 4327 5628 5638 
11201 2429 2704 5551 
11202 4491 4988 5461 
11203 2073 5126 5518 
11204 3058 3055 5652 
11205 574 4899 5796 
11206 3091 3287 5608 
11207 1110 1039 5592 
11208 3293 523 5576 
11209 5232 2973 5650 
11210 2381 2383 5775 
11211 3535 3533 5586 
11212 3220 5341 5481 
11213 3244 4907 5479 
11214 2987 2936 5596 
11215 13 540 5815 
11216 3285 2136 5570 
11217 654 4025 5583 
11218 1881 1853 5772 
11219 544 442 5818 
11220 695 4500 5573 
11221 3407 2973 5546 
11222 2803 5544 5580 
11223 2803 4685 5544 
11224 3906 3458 5584 
11225 3870 4958 5707 
11226 3938 3935 5633 
11227 4322 4323 5723 
11228 3896 2834 5555 
11229 4970 657 5482 
11230 248 636 5668 
11231 83 507 5599 
11232 2197 3706 5726 
11233 2923 2921 5682 
11234 502 399 5613 
11235 3121 4654 5747 
11236 5426 3344 5719 
11237 372 373 5590 
11238 1985 5597 5671 
11239 4035 3868 5641 
11240 1339 4327 5638 
11241 4884 578 5640 
11242 201 693 5653 
11243 5204 2390 5742 
11244 2157 5132 5477 
11245 3404 2705 5663 
11246 3375 4294 5709 
11247 4999 686 5473 
11248 3761 3844 5669 
11249 3537 5316 5783 
11250 2010 1955 5644 
11251 269 270 5614 
11252 2604 5264 5606 
11253 3130 5271 5791 
11254 573 3997 5779 
11255 1712 1917 5563 
11256 692 180 5618 
11257 5325 3221 5605 
11258 3359 3102 5588 
11259 595 5079 5741 
11260 3446 3555 5657 
11261 5673 2628 5690 
11262 177 629 5624 
11263 289 290 5622 
11264 2419 1857 5602 
11265 3106 2803 5580 
11266 3386 5163 5415 
11267 3947 3949 5679 
11268 4283 4341 5688 
11269 2925 5127 5695 
11270 3853 3854 5759 
11271 5630 3765 5838 
11272 4421 4422 5621 
11273 1745 1743 5587 
11274 3670 3351 5604 
11275 5575 3289 5825 
11276 652 3983 5683 
11277 3715 4196 5626 
11278 3353 4534 5612 
11279 1655 4532 5595 
11280 3396 5143 5613 
11281 3434 3191 5607 
11282 4327 4328 5628 
11283 4189 4186 5721 
11284 4181 2628 5673 
11285 4301 4300 5729 
11286 5586 3533 5762 
11287 2419 5602 5625 
11288 3129 3711 5744 
11289 2390 4113 5742 
11290 5214 2959 5400 
11291 1584 4284 5752 
11292 3142 5365 5600 
11293 4084 388 5795 
11294 1439 4959 5834 
11295 4532 1271 5623 
11296 5203 3143 5488 
11297 4693 3268 5572 
11298 2971 5538 5701 
11299 5241 611 5439 
11300 3101 3078 5656 
11301 3470 3329 5670 
11302 4284 5671 5752 
11303 5559 3392 5776 
11304 2813 2132 5615 
11305 3645 3122 5703 
11306 694 392 5645 
11307 530 4290 5717 
11308 2310 5257 5620 
11309 353 695 5636 
11310 2842 4105 5681 
11311 3143 3142 5600 
11312 3481 2419 5625 
11313 4484 555 5616 
11314 634 5080 5777 
11315 4150 3995 5712 
11316 1847 4814 5579 
11317 4290 3343 5717 
11318 668 4366 5647 
11319 4213 4214 5839 
11320 2899 5431 5577 
11321 528 4317 5660 
11322 3229 5101 5798 
11323 4245 1584 5812 
11324 1211 1391 5661 
11325 2392 2393 5632 
11326 5170 2450 5814 
11327 4908 3659 5771 
11328 3423 3424 5678 
11329 309 310 5665 
11330 159 160 5680 
11331 2432 2051 5674 
11332 527 4818 5700 
11333 2157 5477 5657 
11334 35 36 5675 
11335 2628 1936 5690 
11336 3902 3900 5715 
11337 1267 1265 5685 
11338 2707 2201 5631 
11339 4843 3233 5686 
11340 5670 3329 5832 
11341 5597 3516 5671 
11342 2383 5127 5456 
11343 4009 4008 5765 
11344 2421 2422 5637 
11345 5131 3302 5663 
11346 644 5515 5795 
11347 597 5026 5731 
11348 4700 3453 5797 
11349 4089 1146 5813 
11350 4360 534 5686 
11351 439 616 5634 
11352 2442 2345 5659 
11353 359 360 5672 
11354 4193 2579 5800 
11355 693 5242 5653 
11356 5135 3545 5833 
11357 605 387 5667 
11358 5595 4532 5623 
11359 3418 2329 5739 
11360 3401 3402 5654 
11361 3516 3517 5671 
11362 2383 5456 5775 
11363 5082 575 5522 
11364 2424 3368 5651 
11365 4612 2661 5704 
11366 4169 4170 5841 
11367 3294 3428 5639 
11368 3093 3090 5677 
11369 3706 4166 5727 
11370 3582 3585 5699 
11371 5366 4364 5375 
11372 3369 3665 5691 
11373 622 4260 5707 
11374 3396 5613 5763 
11375 1363 5268 5627 
11376 4311 2350 5736 
11377 531 5104 5495 
11378 1584 5752 5812 
11379 4935 3062 5598 
11380 5173 3938 5633 
11381 5127 3313 5695 
11382 4006 4010 5806 
11383 661 4349 5754 
11384 42 43 5720 
11385 4258 5320 5799 
11386 4877 3567 5638 
11387 3297 5356 5404 
11388 3656 3566 5817 
11389 5490 4693 5572 
11390 101 102 5745 
11391 3723 5201 5513 
11392 398 560 5763 
11393 388 389 5795 
11394 5445 3414 5594 
11395 3716 3358 5767 
11396 52 53 5730 
11397 4971 1652 5708 
11398 5511 3463 5687 
11399 4564 3382 5781 
11400 4476 559 5829 
11401 3528 3539 5793 
11402 424 423 5724 
11403 5654 3402 5698 
11404 4072 4073 5837 
11405 3497 3496 5777 
11406 336 337 5740 
11407 3533 3531 5762 
11408 3329 4041 5832 
11409 4290 3367 5750 
11410 5169 3024 5815 
11411 5671 3517 5752 
11412 3048 5181 5818 
11413 134 135 5826 
11414 5342 664 5790 
11415 2083 1913 5761 
11416 3372 3374 5753 
11417 5255 3401 5802 
11418 3219 5481 5598 
11419 2911 2474 5757 
11420 3402 3593 5698 
11421 1016 5366 5375 
11422 3665 5333 5691 
11423 5705 3350 5758 
11424 3728 3435 5821 
11425 281 596 5769 
11426 3592 4744 5649 
11427 4658 5327 5447 
11428 5467 3130 5791 
11429 3477 3476 5786 
11430 529 5184 5817 
11431 3548 3399 5780 
11432 564 295 5804 
11433 3188 4610 5693 
11434 5099 3407 5779 
11435 3506 3507 5731 
11436 5689 2042 5713 
11437 5321 3461 5587 
11438 79 80 5816 
11439 4527 2308 5702 
11440 2377 2378 5734 
11441 660 4296 5836 
11442 3517 3581 5752 
11443 4466 511 5787 
11444 4676 3350 5705 
11445 5619 2432 5674 
11446 1033 1031 5774 
11447 3427 3425 5805 
11448 3365 3364 5697 
11449 2367 2369 5822 
11450 4845 3072 5640 
11451 1262 1264 5760 
11452 534 4843 5686 
11453 62 63 5831 
11454 4658 5478 5560 
11455 496 164 5788 
11456 4756 2042 5689 
11457 2145 4787 5655 
11458 4598 2805 5755 
11459 5809 1335 5840 
11460 2371 2443 5838 
11461 1332 1335 5809 
11462 3392 3391 5776 
11463 3212 5325 5605 
11464 561 4480 5749 
11465 1214 1212 5808 
11466 5116 600 5535 
11467 598 4213 5833 
11468 4422 5444 5621 
11469 5556 3352 5610 
11470 2562 4700 5797 
11471 5312 3269 5789 
11472 3932 4971 5708 
11473 3202 4223 5718 
11474 4818 3316 5700 
11475 5752 3581 5812 
11476 3433 5329 5661 
11477 4699 2359 5751 
11478 2389 4322 5765 
11479 5621 2882 5824 
11480 1335 3586 5840 
11481 4980 2872 5558 
11482 3665 2578 5773 
11483 349 632 5807 
11484 566 4908 5771 
11485 2678 3226 5782 
11486 3350 3485 5758 
11487 2743 3639 5810 
11488 1422 1420 5714 
11489 4488 682 5784 
11490 5607 3299 5726 
11491 5033 3690 5823 
11492 3581 3583 5812 
11493 3753 5040 5574 
11494 3481 5706 5748 
11495 3482 3481 5748 
11496 537 5033 5823 
11497 2082 4259 5820 
11498 3748 5256 5685 
11499 695 5059 5636 
11500 4113 5357 5742 
11501 603 5052 5799 
11502 2969 4624 5664 
11503 3371 3123 5684 
11504 3447 5674 5733 
11505 2882 4589 5824 
11506 5200 3259 5841 
11507 2388 4643 5802 
11508 5507 3338 5792 
11509 5520 3683 5601 
11510 5546 573 5779 
11511 4178 5570 5629 
11512 5098 3359 5588 
11513 5126 3314 5518 
11514 5461 3548 5780 
11515 5477 3446 5657 
11516 1917 5359 5563 
11517 5597 4311 5736 
11518 2042 4759 5713 
11519 5101 572 5798 
11520 4707 2049 5725 
11521 4712 2950 5696 
11522 3310 4766 5741 
11523 4959 3384 5834 
11524 545 5054 5746 
11525 3995 5317 5712 
11526 2789 2277 5811 
11527 4883 1710 5646 
11528 4656 3050 5801 
11529 4736 3420 5743 
11530 1393 1396 5803 
11531 3700 5370 5764 
11532 2471 4918 5794 
11533 1396 1403 5819 
11534 2973 5232 5546 
11535 4830 3377 5768 
11536 4900 5252 5701 
11537 2049 5434 5725 
11538 5803 1396 5819 
11539 4642 3254 5827 
11540 1547 5281 5575 
11541 5449 564 5804 
11542 4214 5188 5839 
11543 5242 693 5793 
11544 4066 5352 5637 
11545 5103 4866 5783 
11546 3384 3437 5834 
11547 4772 1289 5830 
11548 4870 3700 5764 
11549 4016 5354 5705 
11550 4914 3447 5733 
11551 5394 3394 5559 
11552 5341 2337 5481 
11553 3254 5482 5827 
11554 3289 4829 5825 
11555 5143 502 5613 
11556 5326 4179 5629 
11557 4957 651 5692 
11558 540 5169 5815 
11559 5288 3112 5525 
11560 5525 583 5530 
11561 5306 542 5492 
11562 5264 3480 5606 
11563 5181 544 5818 
11564 624 5058 5735 
11565 3556 5018 5673 
11566 5363 3463 5504 
11567 3997 5099 5779 
11568 2508 5339 5699 
11569 5081 694 5645 
11570 5257 4099 5620 
11571 5286 608 5520 
11572 29 5081 5645 
11573 563 5203 5582 
11574 5080 3497 5777 
11575 4899 3006 5796 
11576 5401 3465 5480 
11577 3317 5582 5596 
11578 2705 5131 5663 
11579 5026 3506 5731 
11580 4196 5272 5626 
11581 5035 3315 5728 
11582 560 5397 5567 
11583 5297 3947 5679 
11584 3900 5403 5715 
11585 5007 689 5789 
11586 5395 661 5754 
11587 3420 5409 5743 
11588 5271 3129 5744 
11589 3493 5411 5737 
11590 4285 5059 5716 
11591 5417 3188 5693 
11592 5359 3824 5563 
11593 3311 5105 5724 
11594 4224 5191 5738 
11595 5508 660 5836 
11596 5079 3310 5741 
11597 5373 4957 5692 
11598 5694 3432 5757 
11599 3495 5350 5547 
11600 3953 5170 5814 
11601 3593 5234 5732 
11602 3494 5547 5823 
11603 4213 5135 5833 
11604 5329 3434 5727 
11605 5182 3159 5650 
11606 3453 5237 5797 
11607 5441 496 5788 
11608 3315 5103 5728 
11609 3407 5546 5779 
11610 5191 2156 5738 
11611 513 5292 5593 
11612 5217 2160 5687 
11613 5240 2851 5648 
11614 3270 5213 5666 
11615 5357 3408 5742 
11616 5242 200 5653 
11617 5381 3242 5567 
11618 3381 5521 5589 
11619 5530 3469 5722 
11620 5404 1826 5556 
11621 560 5567 5763 
11622 601 5103 5783 
11623 5209 3071 5694 
11624 3316 5200 5700 
11625 511 5154 5787 
11626 3559 5286 5601 
11627 5547 537 5823 
11628 5286 5520 5601 
11629 559 5230 5829 
11630 535 5326 5635 
11631 5252 2971 5701 
11632 5456 3118 5828 
11633 3030 5169 5756 
11634 5184 3656 5817 
11635 3539 5242 5793 
11636 4170 5200 5841 
11637 4624 5337 5664 
11638 5431 4112 5577 
11639 5255 3348 5710 
11640 5478 1363 5560 
11641 3344 5271 5744 
11642 5382 2925 5695 
11643 5367 3333 5658 
11644 5310 3099 5711 
11645 682 5250 5784 
11646 5258 3186 5766 
11647 3383 5373 5692 
11648 3313 5473 5695 
11649 3287 5484 5608 
11650 5188 2935 5839 
11651 5484 3413 5608 
11652 5521 2267 5589 
11653 4060 5428 5643 
11654 5625 3307 5706 
11655 3386 5609 5717 
11656 5570 4178 5619 
11657 5485 561 5749 
11658 689 5312 5789 
11659 5271 2640 5791 
11660 5502 3556 5690 
11661 5552 3516 5597 
11662 5698 3593 5732 
11663 5316 601 5783 
11664 4643 5255 5802 
11665 3285 5570 5619 
11666 5320 603 5799 
11667 5411 3841 5737 
11668 3318 5342 5790 
11669 3401 5654 5802 
11670 3382 5589 5781 
11671 5631 3423 5678 
11672 2160 5511 5687 
11673 655 5474 5732 
11674 3367 5630 5750 
11675 3988 5467 5791 
11676 2707 5631 5678 
11677 5573 4154 5716 
11678 5585 2381 5775 
11679 552 5507 5792 
11680 3481 5625 5706 
11681 5617 3324 5735 
11682 5609 530 5717 
11683 3434 5607 5726 
11684 5515 4084 5795 
11685 3380 5585 5775 
11686 5684 3123 5747 
11687 3711 5719 5744 
11688 4654 5684 5747 
11689 5719 3344 5744 
11690 5654 2388 5802 
11691 3670 5604 5800 
11692 2813 5615 5806 
$EndElements
