$MeshFormat
4.1 0 8
$EndMeshFormat
$Entities
4 4 1 0
1 0 0 0 0 
2 2.2 0 0 0 
3 2.2 0.41 0 0 
4 0 0.41 0 0 
1 0 0 0 2.2 0 0 1 2 2 1 -2 
2 2.2 0 0 2.2 0.41 0 1 4 2 2 -3 
3 0 0.41 0 2.2 0.41 0 1 2 2 3 -4 
4 0 0 0 0 0.41 0 1 1 2 4 -1 
1 0 0 0 2.2 0.41 0 1 1 4 1 2 3 4 
$EndEntities
$Nodes
9 5668 1 5668
0 1 0 1
1
0 0 0
0 2 0 1
2
2.2 0 0
0 3 0 1
3
2.2 0.41 0
0 4 0 1
4
0 0.41 0
1 1 0 152
5
6
7
8
9
10
11
12
13
14
15
16
17
18
19
20
21
22
23
24
25
26
27
28
29
30
31
32
33
34
35
36
37
38
39
40
41
42
43
44
45
46
47
48
49
50
51
52
53
54
55
56
57
58
59
60
61
62
63
64
65
66
67
68
69
70
71
72
73
74
75
76
77
78
79
80
81
82
83
84
85
86
87
88
89
90
91
92
93
94
95
96
97
98
99
100
101
102
103
104
105
106
107
108
109
110
111
112
113
114
115
116
117
118
119
120
121
122
123
124
125
126
127
128
129
130
131
132
133
134
135
136
137
138
139
140
141
142
143
144
145
146
147
148
149
150
151
152
153
154
155
156
0.009989435632539527 0 0
0.02002422863216034 0 0
0.03010458214659896 0 0
0.04023071070009817 0 0
0.05040281831825334 0 0
0.06062111264195305 0 0
0.07088580259443135 0 0
0.08119710623884197 0 0
0.0915552246193972 0 0
0.1019603803432692 0 0
0.1124127802127657 0 0
0.1229126400747952 0 0
0.1334601738297694 0 0
0.1440556060938479 0 0
0.154699142330713 0 0
0.1653910115019241 0 0
0.1761314275360411 0 0
0.1869206104107236 0 0
0.1977587879835839 0 0
0.2086461722588868 0 0
0.2195829971733124 0 0
0.2305694803125714 0 0
0.2416058486712614 0 0
0.2526923271966015 0 0
0.2638291506365438 0 0
0.2750165371944069 0 0
0.2862547248324665 0 0
0.2975439403367008 0 0
0.3088844180099108 0 0
0.3202763889144969 0 0
0.331720084253362 0 0
0.3432157403894624 0 0
0.354763596474321 0 0
0.3663638894975614 0 0
0.3780168543160879 0 0
0.3897227288548639 0 0
0.4014817552245787 0 0
0.4132941771596065 0 0
0.4251602361051446 0 0
0.4370801753067579 0 0
0.4490542350294563 0 0
0.4610826666107568 0 0
0.4731657153873474 0 0
0.4853036289048568 0 0
0.497496658752101 0 0
0.5097450486025167 0 0
0.522049055933292 0 0
0.5344089314859007 0 0
0.54682493042369 0 0
0.5592973060217279 0 0
0.5718263126622336 0 0
0.5844122086150836 0 0
0.5970552544188596 0 0
0.6097557082607556 0 0
0.6225138263946209 0 0
0.6353298799989284 0 0
0.6482041248608439 0 0
0.6611368258521293 0 0
0.6741282510716649 0 0
0.6871786654070849 0 0
0.700288338182701 0 0
0.7134575363079365 0 0
0.7266865294648688 0 0
0.7399755947235903 0 0
0.7533249972222008 0 0
0.7667350157899537 0 0
0.7802059267321622 0 0
0.7937380038643175 0 0
0.8073315235581308 0 0
0.8209867662686268 0 0
0.8347040147797008 0 0
0.8484835493227763 0 0
0.8623256476112002 0 0
0.8762306027894561 0 0
0.8901986934639484 0 0
0.9042302067055019 0 0
0.9183254365274487 0 0
0.9324846644223977 0 0
0.9467081850175983 0 0
0.9609962908385431 0 0
0.9753492717763412 0 0
0.9897674271967082 0 0
1.004251049081965 0 0
1.018800435831829 0 0
1.033415884606165 0 0
1.048097708565765 0 0
1.062846183877004 0 0
1.077661635169635 0 0
1.09254434788593 0 0
1.107494641232941 0 0
1.122512822782632 0 0
1.13759919193447 0 0
1.152754073528631 0 0
1.16797776409742 0 0
1.183270567813464 0 0
1.198632828371634 0 0
1.214064835171658 0 0
1.229566910953568 0 0
1.245139378454 0 0
1.26078255749137 0 0
1.276496765005274 0 0
1.292282315095189 0 0
1.308139561657195 0 0
1.324068796006775 0 0
1.340070359192067 0 0
1.356144587087432 0 0
1.372291797708439 0 0
1.388512333088094 0 0
1.404806521214427 0 0
1.421174682078835 0 0
1.437617182342711 0 0
1.454134332913016 0 0
1.470726481062685 0 0
1.487393970914297 0 0
1.504137143482742 0 0
1.520956336717131 0 0
1.537851901025882 0 0
1.554824183359796 0 0
1.571873534294306 0 0
1.589000296868632 0 0
1.606204826353301 0 0
1.623487474810254 0 0
1.640848591136142 0 0
1.658288553388895 0 0
1.675807689174721 0 0
1.693406384562867 0 0
1.711084987318281 0 0
1.728843859489937 0 0
1.746683363990918 0 0
1.764603885516657 0 0
1.782605764710791 0 0
1.800689394365928 0 0
1.818855129698176 0 0
1.837103349488755 0 0
1.855434429092106 0 0
1.873848740482186 0 0
1.892346666779014 0 0
1.910928586141796 0 0
1.929594882742394 0 0
1.948345933453637 0 0
1.967182126082461 0 0
1.986103844936836 0 0
2.005111481369684 0 0
2.02420542931692 0 0
2.043386074627406 0 0
2.062653810123732 0 0
2.082009035466298 0 0
2.101452146706126 0 0
2.120983536333519 0 0
2.140603620890256 0 0
2.16031278386605 0 0
2.180111441835026 0 0
1 2 0 20
157
158
159
160
161
162
163
164
165
166
167
168
169
170
171
172
173
174
175
176
2.2 0.01952380952377155 0
2.2 0.03904761904754567 0
2.2 0.05857142857131769 0
2.2 0.07809523809506337 0
2.2 0.09761904761882542 0
2.2 0.1171428571425726 0
2.2 0.1366666666663299 0
2.2 0.1561904761900713 0
2.2 0.1757142857138491 0
2.2 0.1952380952375974 0
2.2 0.2147619047614049 0
2.2 0.2342857142852715 0
2.2 0.2538095238091086 0
2.2 0.2733333333329568 0
2.2 0.2928571428568123 0
2.2 0.3123809523806858 0
2.2 0.3319047619045595 0
2.2 0.3514285714283897 0
2.2 0.3709523809522634 0
2.2 0.3904761904761371 0
1 3 0 152
177
178
179
180
181
182
183
184
185
186
187
188
189
190
191
192
193
194
195
196
197
198
199
200
201
202
203
204
205
206
207
208
209
210
211
212
213
214
215
216
217
218
219
220
221
222
223
224
225
226
227
228
229
230
231
232
233
234
235
236
237
238
239
240
241
242
243
244
245
246
247
248
249
250
251
252
253
254
255
256
257
258
259
260
261
262
263
264
265
266
267
268
269
270
271
272
273
274
275
276
277
278
279
280
281
282
283
284
285
286
287
288
289
290
291
292
293
294
295
296
297
298
299
300
301
302
303
304
305
306
307
308
309
310
311
312
313
314
315
316
317
318
319
320
321
322
323
324
325
326
327
328
2.180111441835126 0.41 0
2.160312783866246 0.41 0
2.140603620890551 0.41 0
2.120983536333943 0.41 0
2.101452146706684 0.41 0
2.082009035466993 0.41 0
2.062653810124559 0.41 0
2.043386074628366 0.41 0
2.024205429318007 0.41 0
2.005111481370896 0.41 0
1.986103844938149 0.41 0
1.967182126083861 0.41 0
1.948345933455124 0.41 0
1.929594882743968 0.41 0
1.910928586143471 0.41 0
1.892346666780793 0.41 0
1.873848740484065 0.41 0
1.855434429094086 0.41 0
1.837103349490835 0.41 0
1.818855129700357 0.41 0
1.80068939436821 0.41 0
1.782605764713171 0.41 0
1.76460388551913 0.41 0
1.746683363993489 0.41 0
1.728843859492604 0.41 0
1.711084987321039 0.41 0
1.693406384565728 0.41 0
1.675807689177689 0.41 0
1.658288553391975 0.41 0
1.640848591139331 0.41 0
1.623487474813551 0.41 0
1.606204826356702 0.41 0
1.58900029687214 0.41 0
1.571873534297914 0.41 0
1.554824183363508 0.41 0
1.537851901029696 0.41 0
1.520956336721044 0.41 0
1.504137143486755 0.41 0
1.487393970918411 0.41 0
1.470726481066896 0.41 0
1.454134332917322 0.41 0
1.437617182347113 0.41 0
1.421174682083332 0.41 0
1.404806521219018 0.41 0
1.388512333092778 0.41 0
1.372291797713214 0.41 0
1.356144587092282 0.41 0
1.340070359196991 0.41 0
1.324068796011773 0.41 0
1.308139561662265 0.41 0
1.29228231510033 0.41 0
1.276496765010487 0.41 0
1.260782557496654 0.41 0
1.245139378459354 0.41 0
1.22956691095899 0.41 0
1.214064835177147 0.41 0
1.198632828377187 0.41 0
1.183270567819087 0.41 0
1.167977764103109 0.41 0
1.152754073534382 0.41 0
1.137599191940289 0.41 0
1.122512822788514 0.41 0
1.107494641238884 0.41 0
1.092544347891861 0.41 0
1.07766163517548 0.41 0
1.062846183882758 0.41 0
1.048097708571436 0.41 0
1.033415884611747 0.41 0
1.018800435837325 0.41 0
1.004251049087379 0.41 0
0.989767427202034 0.41 0
0.9753492717815764 0.41 0
0.9609962908436884 0.41 0
0.9467081850226544 0.41 0
0.9324846644273657 0.41 0
0.9183254365323295 0.41 0
0.9042302067102961 0.41 0
0.8901986934686565 0.41 0
0.8762306027940785 0.41 0
0.8623256476157384 0.41 0
0.8484835493272307 0.41 0
0.8347040147840727 0.41 0
0.8209867662729151 0.41 0
0.8073315235623373 0.41 0
0.7937380038684425 0.41 0
0.780205926736206 0.41 0
0.7667350157939177 0.41 0
0.7533249972260851 0.41 0
0.7399755947273954 0.41 0
0.7266865294685949 0.41 0
0.7134575363115856 0.41 0
0.700288338186273 0.41 0
0.6871786654105807 0.41 0
0.674128251075085 0.41 0
0.661136825855474 0.41 0
0.6482041248641137 0.41 0
0.6353298800021248 0.41 0
0.6225138263977439 0.41 0
0.6097557082638059 0.41 0
0.5970552544218375 0.41 0
0.5844122086179904 0.41 0
0.5718263126650693 0.41 0
0.5592973060244932 0.41 0
0.5468249304263846 0.41 0
0.5344089314885265 0.41 0
0.5220490559358482 0.41 0
0.5097450486050057 0.41 0
0.4974966587545226 0.41 0
0.4853036289072117 0.41 0
0.4731657153896345 0.41 0
0.4610826666129786 0.41 0
0.4490542350316122 0.41 0
0.4370801753088491 0.41 0
0.4251602361071718 0.41 0
0.4132941771615704 0.41 0
0.4014817552264796 0.41 0
0.3897227288567016 0.41 0
0.3780168543178637 0.41 0
0.3663638894992751 0.41 0
0.3547635964759737 0.41 0
0.3432157403910545 0.41 0
0.3317200842548937 0.41 0
0.3202763889159701 0.41 0
0.3088844180113244 0.41 0
0.2975439403380558 0.41 0
0.2862547248337628 0.41 0
0.2750165371956463 0.41 0
0.2638291506377426 0.41 0
0.2526923271977597 0.41 0
0.2416058486723771 0.41 0
0.2305694803136462 0.41 0
0.2195829971743464 0.41 0
0.2086461722598809 0.41 0
0.1977587879845344 0.41 0
0.1869206104116232 0.41 0
0.1761314275368915 0.41 0
0.1653910115027251 0.41 0
0.1546991423314648 0.41 0
0.1440556060945508 0.41 0
0.1334601738304229 0.41 0
0.1229126400753962 0.41 0
0.1124127802133126 0.41 0
0.1019603803437614 0.41 0
0.09155522461983345 0.41 0
0.08119710623922449 0.41 0
0.07088580259476274 0.41 0
0.06062111264223313 0.41 0
0.05040281831848725 0.41 0
0.04023071070028417 0.41 0
0.03010458214673717 0.41 0
0.02002422863225384 0.41 0
0.009989435632585586 0.41 0
1 4 0 40
329
330
331
332
333
334
335
336
337
338
339
340
341
342
343
344
345
346
347
348
349
350
351
352
353
354
355
356
357
358
359
360
361
362
363
364
365
366
367
368
0 0.4000000000000008 0
0 0.3900000000000259 0
0 0.3800000000000606 0
0 0.3700000000000953 0
0 0.3600000000001082 0
0 0.3500000000001241 0
0 0.3400000000001558 0
0 0.3300000000001905 0
0 0.3200000000002133 0
0 0.3100000000002381 0
0 0.3000000000002728 0
0 0.2900000000003075 0
0 0.2800000000003204 0
0 0.2700000000003551 0
0 0.2600000000003897 0
0 0.2500000000004243 0
0 0.2400000000004419 0
0 0.2300000000004503 0
0 0.2200000000004849 0
0 0.2100000000005195 0
0 0.2000000000005203 0
0 0.1900000000004874 0
0 0.1800000000004544 0
0 0.1700000000004476 0
0 0.1600000000004316 0
0 0.1500000000003986 0
0 0.1400000000003795 0
0 0.1300000000003759 0
0 0.1200000000003428 0
0 0.1100000000003098 0
0 0.1000000000002768 0
0 0.09000000000024383 0
0 0.08000000000021068 0
0 0.07000000000020096 0
0 0.0600000000001879 0
0 0.05000000000015475 0
0 0.04000000000012166 0
0 0.03000000000008857 0
0 0.02000000000005536 0
0 0.01000000000002221 0
2 1 0 5300
369
370
371
372
373
374
375
376
377
378
379
380
381
382
383
384
385
386
387
388
389
390
391
392
393
394
395
396
397
398
399
400
401
402
403
404
405
406
407
408
409
410
411
412
413
414
415
416
417
418
419
420
421
422
423
424
425
426
427
428
429
430
431
432
433
434
435
436
437
438
439
440
441
442
443
444
445
446
447
448
449
450
451
452
453
454
455
456
457
458
459
460
461
462
463
464
465
466
467
468
469
470
471
472
473
474
475
476
477
478
479
480
481
482
483
484
485
486
487
488
489
490
491
492
493
494
495
496
497
498
499
500
501
502
503
504
505
506
507
508
509
510
511
512
513
514
515
516
517
518
519
520
521
522
523
524
525
526
527
528
529
530
531
532
533
534
535
536
537
538
539
540
541
542
543
544
545
546
547
548
549
550
551
552
553
554
555
556
557
558
559
560
561
562
563
564
565
566
567
568
569
570
571
572
573
574
575
576
577
578
579
580
581
582
583
584
585
586
587
588
589
590
591
592
593
594
595
596
597
598
599
600
601
602
603
604
605
606
607
608
609
610
611
612
613
614
615
616
617
618
619
620
621
622
623
624
625
626
627
628
629
630
631
632
633
634
635
636
637
638
639
640
641
642
643
644
645
646
647
648
649
650
651
652
653
654
655
656
657
658
659
660
661
662
663
664
665
666
667
668
669
670
671
672
673
674
675
676
677
678
679
680
681
682
683
684
685
686
687
688
689
690
691
692
693
694
695
696
697
698
699
700
701
702
703
704
705
706
707
708
709
710
711
712
713
714
715
716
717
718
719
720
721
722
723
724
725
726
727
728
729
730
731
732
733
734
735
736
737
738
739
740
741
742
743
744
745
746
747
748
749
750
751
752
753
754
755
756
757
758
759
760
761
762
763
764
765
766
767
768
769
770
771
772
773
774
775
776
777
778
779
780
781
782
783
784
785
786
787
788
789
790
791
792
793
794
795
796
797
798
799
800
801
802
803
804
805
806
807
808
809
810
811
812
813
814
815
816
817
818
819
820
821
822
823
824
825
826
827
828
829
830
831
832
833
834
835
836
837
838
839
840
841
842
843
844
845
846
847
848
849
850
851
852
853
854
855
856
857
858
859
860
861
862
863
864
865
866
867
868
869
870
871
872
873
874
875
876
877
878
879
880
881
882
883
884
885
886
887
888
889
890
891
892
893
894
895
896
897
898
899
900
901
902
903
904
905
906
907
908
909
910
911
912
913
914
915
916
917
918
919
920
921
922
923
924
925
926
927
928
929
930
931
932
933
934
935
936
937
938
939
940
941
942
943
944
945
946
947
948
949
950
951
952
953
954
955
956
957
958
959
960
961
962
963
964
965
966
967
968
969
970
971
972
973
974
975
976
977
978
979
980
981
982
983
984
985
986
987
988
989
990
991
992
993
994
995
996
997
998
999
1000
1001
1002
1003
1004
1005
1006
1007
1008
1009
1010
1011
1012
1013
1014
1015
1016
1017
1018
1019
1020
1021
1022
1023
1024
1025
1026
1027
1028
1029
1030
1031
1032
1033
1034
1035
1036
1037
1038
1039
1040
1041
1042
1043
1044
1045
1046
1047
1048
1049
1050
1051
1052
1053
1054
1055
1056
1057
1058
1059
1060
1061
1062
1063
1064
1065
1066
1067
1068
1069
1070
1071
1072
1073
1074
1075
1076
1077
1078
1079
1080
1081
1082
1083
1084
1085
1086
1087
1088
1089
1090
1091
1092
1093
1094
1095
1096
1097
1098
1099
1100
1101
1102
1103
1104
1105
1106
1107
1108
1109
1110
1111
1112
1113
1114
1115
1116
1117
1118
1119
1120
1121
1122
1123
1124
1125
1126
1127
1128
1129
1130
1131
1132
1133
1134
1135
1136
1137
1138
1139
1140
1141
1142
1143
1144
1145
1146
1147
1148
1149
1150
1151
1152
1153
1154
1155
1156
1157
1158
1159
1160
1161
1162
1163
1164
1165
1166
1167
1168
1169
1170
1171
1172
1173
1174
1175
1176
1177
1178
1179
1180
1181
1182
1183
1184
1185
1186
1187
1188
1189
1190
1191
1192
1193
1194
1195
1196
1197
1198
1199
1200
1201
1202
1203
1204
1205
1206
1207
1208
1209
1210
1211
1212
1213
1214
1215
1216
1217
1218
1219
1220
1221
1222
1223
1224
1225
1226
1227
1228
1229
1230
1231
1232
1233
1234
1235
1236
1237
1238
1239
1240
1241
1242
1243
1244
1245
1246
1247
1248
1249
1250
1251
1252
1253
1254
1255
1256
1257
1258
1259
1260
1261
1262
1263
1264
1265
1266
1267
1268
1269
1270
1271
1272
1273
1274
1275
1276
1277
1278
1279
1280
1281
1282
1283
1284
1285
1286
1287
1288
1289
1290
1291
1292
1293
1294
1295
1296
1297
1298
1299
1300
1301
1302
1303
1304
1305
1306
1307
1308
1309
1310
1311
1312
1313
1314
1315
1316
1317
1318
1319
1320
1321
1322
1323
1324
1325
1326
1327
1328
1329
1330
1331
1332
1333
1334
1335
1336
1337
1338
1339
1340
1341
1342
1343
1344
1345
1346
1347
1348
1349
1350
1351
1352
1353
1354
1355
1356
1357
1358
1359
1360
1361
1362
1363
1364
1365
1366
1367
1368
1369
1370
1371
1372
1373
1374
1375
1376
1377
1378
1379
1380
1381
1382
1383
1384
1385
1386
1387
1388
1389
1390
1391
1392
1393
1394
1395
1396
1397
1398
1399
1400
1401
1402
1403
1404
1405
1406
1407
1408
1409
1410
1411
1412
1413
1414
1415
1416
1417
1418
1419
1420
1421
1422
1423
1424
1425
1426
1427
1428
1429
1430
1431
1432
1433
1434
1435
1436
1437
1438
1439
1440
1441
1442
1443
1444
1445
1446
1447
1448
1449
1450
1451
1452
1453
1454
1455
1456
1457
1458
1459
1460
1461
1462
1463
1464
1465
1466
1467
1468
1469
1470
1471
1472
1473
1474
1475
1476
1477
1478
1479
1480
1481
1482
1483
1484
1485
1486
1487
1488
1489
1490
1491
1492
1493
1494
1495
1496
1497
1498
1499
1500
1501
1502
1503
1504
1505
1506
1507
1508
1509
1510
1511
1512
1513
1514
1515
1516
1517
1518
1519
1520
1521
1522
1523
1524
1525
1526
1527
1528
1529
1530
1531
1532
1533
1534
1535
1536
1537
1538
1539
1540
1541
1542
1543
1544
1545
1546
1547
1548
1549
1550
1551
1552
1553
1554
1555
1556
1557
1558
1559
1560
1561
1562
1563
1564
1565
1566
1567
1568
1569
1570
1571
1572
1573
1574
1575
1576
1577
1578
1579
1580
1581
1582
1583
1584
1585
1586
1587
1588
1589
1590
1591
1592
1593
1594
1595
1596
1597
1598
1599
1600
1601
1602
1603
1604
1605
1606
1607
1608
1609
1610
1611
1612
1613
1614
1615
1616
1617
1618
1619
1620
1621
1622
1623
1624
1625
1626
1627
1628
1629
1630
1631
1632
1633
1634
1635
1636
1637
1638
1639
1640
1641
1642
1643
1644
1645
1646
1647
1648
1649
1650
1651
1652
1653
1654
1655
1656
1657
1658
1659
1660
1661
1662
1663
1664
1665
1666
1667
1668
1669
1670
1671
1672
1673
1674
1675
1676
1677
1678
1679
1680
1681
1682
1683
1684
1685
1686
1687
1688
1689
1690
1691
1692
1693
1694
1695
1696
1697
1698
1699
1700
1701
1702
1703
1704
1705
1706
1707
1708
1709
1710
1711
1712
1713
1714
1715
1716
1717
1718
1719
1720
1721
1722
1723
1724
1725
1726
1727
1728
1729
1730
1731
1732
1733
1734
1735
1736
1737
1738
1739
1740
1741
1742
1743
1744
1745
1746
1747
1748
1749
1750
1751
1752
1753
1754
1755
1756
1757
1758
1759
1760
1761
1762
1763
1764
1765
1766
1767
1768
1769
1770
1771
1772
1773
1774
1775
1776
1777
1778
1779
1780
1781
1782
1783
1784
1785
1786
1787
1788
1789
1790
1791
1792
1793
1794
1795
1796
1797
1798
1799
1800
1801
1802
1803
1804
1805
1806
1807
1808
1809
1810
1811
1812
1813
1814
1815
1816
1817
1818
1819
1820
1821
1822
1823
1824
1825
1826
1827
1828
1829
1830
1831
1832
1833
1834
1835
1836
1837
1838
1839
1840
1841
1842
1843
1844
1845
1846
1847
1848
1849
1850
1851
1852
1853
1854
1855
1856
1857
1858
1859
1860
1861
1862
1863
1864
1865
1866
1867
1868
1869
1870
1871
1872
1873
1874
1875
1876
1877
1878
1879
1880
1881
1882
1883
1884
1885
1886
1887
1888
1889
1890
1891
1892
1893
1894
1895
1896
1897
1898
1899
1900
1901
1902
1903
1904
1905
1906
1907
1908
1909
1910
1911
1912
1913
1914
1915
1916
1917
1918
1919
1920
1921
1922
1923
1924
1925
1926
1927
1928
1929
1930
1931
1932
1933
1934
1935
1936
1937
1938
1939
1940
1941
1942
1943
1944
1945
1946
1947
1948
1949
1950
1951
1952
1953
1954
1955
1956
1957
1958
1959
1960
1961
1962
1963
1964
1965
1966
1967
1968
1969
1970
1971
1972
1973
1974
1975
1976
1977
1978
1979
1980
1981
1982
1983
1984
1985
1986
1987
1988
1989
1990
1991
1992
1993
1994
1995
1996
1997
1998
1999
2000
2001
2002
2003
2004
2005
2006
2007
2008
2009
2010
2011
2012
2013
2014
2015
2016
2017
2018
2019
2020
2021
2022
2023
2024
2025
2026
2027
2028
2029
2030
2031
2032
2033
2034
2035
2036
2037
2038
2039
2040
2041
2042
2043
2044
2045
2046
2047
2048
2049
2050
2051
2052
2053
2054
2055
2056
2057
2058
2059
2060
2061
2062
2063
2064
2065
2066
2067
2068
2069
2070
2071
2072
2073
2074
2075
2076
2077
2078
2079
2080
2081
2082
2083
2084
2085
2086
2087
2088
2089
2090
2091
2092
2093
2094
2095
2096
2097
2098
2099
2100
2101
2102
2103
2104
2105
2106
2107
2108
2109
2110
2111
2112
2113
2114
2115
2116
2117
2118
2119
2120
2121
2122
2123
2124
2125
2126
2127
2128
2129
2130
2131
2132
2133
2134
2135
2136
2137
2138
2139
2140
2141
2142
2143
2144
2145
2146
2147
2148
2149
2150
2151
2152
2153
2154
2155
2156
2157
2158
2159
2160
2161
2162
2163
2164
2165
2166
2167
2168
2169
2170
2171
2172
2173
2174
2175
2176
2177
2178
2179
2180
2181
2182
2183
2184
2185
2186
2187
2188
2189
2190
2191
2192
2193
2194
2195
2196
2197
2198
2199
2200
2201
2202
2203
2204
2205
2206
2207
2208
2209
2210
2211
2212
2213
2214
2215
2216
2217
2218
2219
2220
2221
2222
2223
2224
2225
2226
2227
2228
2229
2230
2231
2232
2233
2234
2235
2236
2237
2238
2239
2240
2241
2242
2243
2244
2245
2246
2247
2248
2249
2250
2251
2252
2253
2254
2255
2256
2257
2258
2259
2260
2261
2262
2263
2264
2265
2266
2267
2268
2269
2270
2271
2272
2273
2274
2275
2276
2277
2278
2279
2280
2281
2282
2283
2284
2285
2286
2287
2288
2289
2290
2291
2292
2293
2294
2295
2296
2297
2298
2299
2300
2301
2302
2303
2304
2305
2306
2307
2308
2309
2310
2311
2312
2313
2314
2315
2316
2317
2318
2319
2320
2321
2322
2323
2324
2325
2326
2327
2328
2329
2330
2331
2332
2333
2334
2335
2336
2337
2338
2339
2340
2341
2342
2343
2344
2345
2346
2347
2348
2349
2350
2351
2352
2353
2354
2355
2356
2357
2358
2359
2360
2361
2362
2363
2364
2365
2366
2367
2368
2369
2370
2371
2372
2373
2374
2375
2376
2377
2378
2379
2380
2381
2382
2383
2384
2385
2386
2387
2388
2389
2390
2391
2392
2393
2394
2395
2396
2397
2398
2399
2400
2401
2402
2403
2404
2405
2406
2407
2408
2409
2410
2411
2412
2413
2414
2415
2416
2417
2418
2419
2420
2421
2422
2423
2424
2425
2426
2427
2428
2429
2430
2431
2432
2433
2434
2435
2436
2437
2438
2439
2440
2441
2442
2443
2444
2445
2446
2447
2448
2449
2450
2451
2452
2453
2454
2455
2456
2457
2458
2459
2460
2461
2462
2463
2464
2465
2466
2467
2468
2469
2470
2471
2472
2473
2474
2475
2476
2477
2478
2479
2480
2481
2482
2483
2484
2485
2486
2487
2488
2489
2490
2491
2492
2493
2494
2495
2496
2497
2498
2499
2500
2501
2502
2503
2504
2505
2506
2507
2508
2509
2510
2511
2512
2513
2514
2515
2516
2517
2518
2519
2520
2521
2522
2523
2524
2525
2526
2527
2528
2529
2530
2531
2532
2533
2534
2535
2536
2537
2538
2539
2540
2541
2542
2543
2544
2545
2546
2547
2548
2549
2550
2551
2552
2553
2554
2555
2556
2557
2558
2559
2560
2561
2562
2563
2564
2565
2566
2567
2568
2569
2570
2571
2572
2573
2574
2575
2576
2577
2578
2579
2580
2581
2582
2583
2584
2585
2586
2587
2588
2589
2590
2591
2592
2593
2594
2595
2596
2597
2598
2599
2600
2601
2602
2603
2604
2605
2606
2607
2608
2609
2610
2611
2612
2613
2614
2615
2616
2617
2618
2619
2620
2621
2622
2623
2624
2625
2626
2627
2628
2629
2630
2631
2632
2633
2634
2635
2636
2637
2638
2639
2640
2641
2642
2643
2644
2645
2646
2647
2648
2649
2650
2651
2652
2653
2654
2655
2656
2657
2658
2659
2660
2661
2662
2663
2664
2665
2666
2667
2668
2669
2670
2671
2672
2673
2674
2675
2676
2677
2678
2679
2680
2681
2682
2683
2684
2685
2686
2687
2688
2689
2690
2691
2692
2693
2694
2695
2696
2697
2698
2699
2700
2701
2702
2703
2704
2705
2706
2707
2708
2709
2710
2711
2712
2713
2714
2715
2716
2717
2718
2719
2720
2721
2722
2723
2724
2725
2726
2727
2728
2729
2730
2731
2732
2733
2734
2735
2736
2737
2738
2739
2740
2741
2742
2743
2744
2745
2746
2747
2748
2749
2750
2751
2752
2753
2754
2755
2756
2757
2758
2759
2760
2761
2762
2763
2764
2765
2766
2767
2768
2769
2770
2771
2772
2773
2774
2775
2776
2777
2778
2779
2780
2781
2782
2783
2784
2785
2786
2787
2788
2789
2790
2791
2792
2793
2794
2795
2796
2797
2798
2799
2800
2801
2802
2803
2804
2805
2806
2807
2808
2809
2810
2811
2812
2813
2814
2815
2816
2817
2818
2819
2820
2821
2822
2823
2824
2825
2826
2827
2828
2829
2830
2831
2832
2833
2834
2835
2836
2837
2838
2839
2840
2841
2842
2843
2844
2845
2846
2847
2848
2849
2850
2851
2852
2853
2854
2855
2856
2857
2858
2859
2860
2861
2862
2863
2864
2865
2866
2867
2868
2869
2870
2871
2872
2873
2874
2875
2876
2877
2878
2879
2880
2881
2882
2883
2884
2885
2886
2887
2888
2889
2890
2891
2892
2893
2894
2895
2896
2897
2898
2899
2900
2901
2902
2903
2904
2905
2906
2907
2908
2909
2910
2911
2912
2913
2914
2915
2916
2917
2918
2919
2920
2921
2922
2923
2924
2925
2926
2927
2928
2929
2930
2931
2932
2933
2934
2935
2936
2937
2938
2939
2940
2941
2942
2943
2944
2945
2946
2947
2948
2949
2950
2951
2952
2953
2954
2955
2956
2957
2958
2959
2960
2961
2962
2963
2964
2965
2966
2967
2968
2969
2970
2971
2972
2973
2974
2975
2976
2977
2978
2979
2980
2981
2982
2983
2984
2985
2986
2987
2988
2989
2990
2991
2992
2993
2994
2995
2996
2997
2998
2999
3000
3001
3002
3003
3004
3005
3006
3007
3008
3009
3010
3011
3012
3013
3014
3015
3016
3017
3018
3019
3020
3021
3022
3023
3024
3025
3026
3027
3028
3029
3030
3031
3032
3033
3034
3035
3036
3037
3038
3039
3040
3041
3042
3043
3044
3045
3046
3047
3048
3049
3050
3051
3052
3053
3054
3055
3056
3057
3058
3059
3060
3061
3062
3063
3064
3065
3066
3067
3068
3069
3070
3071
3072
3073
3074
3075
3076
3077
3078
3079
3080
3081
3082
3083
3084
3085
3086
3087
3088
3089
3090
3091
3092
3093
3094
3095
3096
3097
3098
3099
3100
3101
3102
3103
3104
3105
3106
3107
3108
3109
3110
3111
3112
3113
3114
3115
3116
3117
3118
3119
3120
3121
3122
3123
3124
3125
3126
3127
3128
3129
3130
3131
3132
3133
3134
3135
3136
3137
3138
3139
3140
3141
3142
3143
3144
3145
3146
3147
3148
3149
3150
3151
3152
3153
3154
3155
3156
3157
3158
3159
3160
3161
3162
3163
3164
3165
3166
3167
3168
3169
3170
3171
3172
3173
3174
3175
3176
3177
3178
3179
3180
3181
3182
3183
3184
3185
3186
3187
3188
3189
3190
3191
3192
3193
3194
3195
3196
3197
3198
3199
3200
3201
3202
3203
3204
3205
3206
3207
3208
3209
3210
3211
3212
3213
3214
3215
3216
3217
3218
3219
3220
3221
3222
3223
3224
3225
3226
3227
3228
3229
3230
3231
3232
3233
3234
3235
3236
3237
3238
3239
3240
3241
3242
3243
3244
3245
3246
3247
3248
3249
3250
3251
3252
3253
3254
3255
3256
3257
3258
3259
3260
3261
3262
3263
3264
3265
3266
3267
3268
3269
3270
3271
3272
3273
3274
3275
3276
3277
3278
3279
3280
3281
3282
3283
3284
3285
3286
3287
3288
3289
3290
3291
3292
3293
3294
3295
3296
3297
3298
3299
3300
3301
3302
3303
3304
3305
3306
3307
3308
3309
3310
3311
3312
3313
3314
3315
3316
3317
3318
3319
3320
3321
3322
3323
3324
3325
3326
3327
3328
3329
3330
3331
3332
3333
3334
3335
3336
3337
3338
3339
3340
3341
3342
3343
3344
3345
3346
3347
3348
3349
3350
3351
3352
3353
3354
3355
3356
3357
3358
3359
3360
3361
3362
3363
3364
3365
3366
3367
3368
3369
3370
3371
3372
3373
3374
3375
3376
3377
3378
3379
3380
3381
3382
3383
3384
3385
3386
3387
3388
3389
3390
3391
3392
3393
3394
3395
3396
3397
3398
3399
3400
3401
3402
3403
3404
3405
3406
3407
3408
3409
3410
3411
3412
3413
3414
3415
3416
3417
3418
3419
3420
3421
3422
3423
3424
3425
3426
3427
3428
3429
3430
3431
3432
3433
3434
3435
3436
3437
3438
3439
3440
3441
3442
3443
3444
3445
3446
3447
3448
3449
3450
3451
3452
3453
3454
3455
3456
3457
3458
3459
3460
3461
3462
3463
3464
3465
3466
3467
3468
3469
3470
3471
3472
3473
3474
3475
3476
3477
3478
3479
3480
3481
3482
3483
3484
3485
3486
3487
3488
3489
3490
3491
3492
3493
3494
3495
3496
3497
3498
3499
3500
3501
3502
3503
3504
3505
3506
3507
3508
3509
3510
3511
3512
3513
3514
3515
3516
3517
3518
3519
3520
3521
3522
3523
3524
3525
3526
3527
3528
3529
3530
3531
3532
3533
3534
3535
3536
3537
3538
3539
3540
3541
3542
3543
3544
3545
3546
3547
3548
3549
3550
3551
3552
3553
3554
3555
3556
3557
3558
3559
3560
3561
3562
3563
3564
3565
3566
3567
3568
3569
3570
3571
3572
3573
3574
3575
3576
3577
3578
3579
3580
3581
3582
3583
3584
3585
3586
3587
3588
3589
3590
3591
3592
3593
3594
3595
3596
3597
3598
3599
3600
3601
3602
3603
3604
3605
3606
3607
3608
3609
3610
3611
3612
3613
3614
3615
3616
3617
3618
3619
3620
3621
3622
3623
3624
3625
3626
3627
3628
3629
3630
3631
3632
3633
3634
3635
3636
3637
3638
3639
3640
3641
3642
3643
3644
3645
3646
3647
3648
3649
3650
3651
3652
3653
3654
3655
3656
3657
3658
3659
3660
3661
3662
3663
3664
3665
3666
3667
3668
3669
3670
3671
3672
3673
3674
3675
3676
3677
3678
3679
3680
3681
3682
3683
3684
3685
3686
3687
3688
3689
3690
3691
3692
3693
3694
3695
3696
3697
3698
3699
3700
3701
3702
3703
3704
3705
3706
3707
3708
3709
3710
3711
3712
3713
3714
3715
3716
3717
3718
3719
3720
3721
3722
3723
3724
3725
3726
3727
3728
3729
3730
3731
3732
3733
3734
3735
3736
3737
3738
3739
3740
3741
3742
3743
3744
3745
3746
3747
3748
3749
3750
3751
3752
3753
3754
3755
3756
3757
3758
3759
3760
3761
3762
3763
3764
3765
3766
3767
3768
3769
3770
3771
3772
3773
3774
3775
3776
3777
3778
3779
3780
3781
3782
3783
3784
3785
3786
3787
3788
3789
3790
3791
3792
3793
3794
3795
3796
3797
3798
3799
3800
3801
3802
3803
3804
3805
3806
3807
3808
3809
3810
3811
3812
3813
3814
3815
3816
3817
3818
3819
3820
3821
3822
3823
3824
3825
3826
3827
3828
3829
3830
3831
3832
3833
3834
3835
3836
3837
3838
3839
3840
3841
3842
3843
3844
3845
3846
3847
3848
3849
3850
3851
3852
3853
3854
3855
3856
3857
3858
3859
3860
3861
3862
3863
3864
3865
3866
3867
3868
3869
3870
3871
3872
3873
3874
3875
3876
3877
3878
3879
3880
3881
3882
3883
3884
3885
3886
3887
3888
3889
3890
3891
3892
3893
3894
3895
3896
3897
3898
3899
3900
3901
3902
3903
3904
3905
3906
3907
3908
3909
3910
3911
3912
3913
3914
3915
3916
3917
3918
3919
3920
3921
3922
3923
3924
3925
3926
3927
3928
3929
3930
3931
3932
3933
3934
3935
3936
3937
3938
3939
3940
3941
3942
3943
3944
3945
3946
3947
3948
3949
3950
3951
3952
3953
3954
3955
3956
3957
3958
3959
3960
3961
3962
3963
3964
3965
3966
3967
3968
3969
3970
3971
3972
3973
3974
3975
3976
3977
3978
3979
3980
3981
3982
3983
3984
3985
3986
3987
3988
3989
3990
3991
3992
3993
3994
3995
3996
3997
3998
3999
4000
4001
4002
4003
4004
4005
4006
4007
4008
4009
4010
4011
4012
4013
4014
4015
4016
4017
4018
4019
4020
4021
4022
4023
4024
4025
4026
4027
4028
4029
4030
4031
4032
4033
4034
4035
4036
4037
4038
4039
4040
4041
4042
4043
4044
4045
4046
4047
4048
4049
4050
4051
4052
4053
4054
4055
4056
4057
4058
4059
4060
4061
4062
4063
4064
4065
4066
4067
4068
4069
4070
4071
4072
4073
4074
4075
4076
4077
4078
4079
4080
4081
4082
4083
4084
4085
4086
4087
4088
4089
4090
4091
4092
4093
4094
4095
4096
4097
4098
4099
4100
4101
4102
4103
4104
4105
4106
4107
4108
4109
4110
4111
4112
4113
4114
4115
4116
4117
4118
4119
4120
4121
4122
4123
4124
4125
4126
4127
4128
4129
4130
4131
4132
4133
4134
4135
4136
4137
4138
4139
4140
4141
4142
4143
4144
4145
4146
4147
4148
4149
4150
4151
4152
4153
4154
4155
4156
4157
4158
4159
4160
4161
4162
4163
4164
4165
4166
4167
4168
4169
4170
4171
4172
4173
4174
4175
4176
4177
4178
4179
4180
4181
4182
4183
4184
4185
4186
4187
4188
4189
4190
4191
4192
4193
4194
4195
4196
4197
4198
4199
4200
4201
4202
4203
4204
4205
4206
4207
4208
4209
4210
4211
4212
4213
4214
4215
4216
4217
4218
4219
4220
4221
4222
4223
4224
4225
4226
4227
4228
4229
4230
4231
4232
4233
4234
4235
4236
4237
4238
4239
4240
4241
4242
4243
4244
4245
4246
4247
4248
4249
4250
4251
4252
4253
4254
4255
4256
4257
4258
4259
4260
4261
4262
4263
4264
4265
4266
4267
4268
4269
4270
4271
4272
4273
4274
4275
4276
4277
4278
4279
4280
4281
4282
4283
4284
4285
4286
4287
4288
4289
4290
4291
4292
4293
4294
4295
4296
4297
4298
4299
4300
4301
4302
4303
4304
4305
4306
4307
4308
4309
4310
4311
4312
4313
4314
4315
4316
4317
4318
4319
4320
4321
4322
4323
4324
4325
4326
4327
4328
4329
4330
4331
4332
4333
4334
4335
4336
4337
4338
4339
4340
4341
4342
4343
4344
4345
4346
4347
4348
4349
4350
4351
4352
4353
4354
4355
4356
4357
4358
4359
4360
4361
4362
4363
4364
4365
4366
4367
4368
4369
4370
4371
4372
4373
4374
4375
4376
4377
4378
4379
4380
4381
4382
4383
4384
4385
4386
4387
4388
4389
4390
4391
4392
4393
4394
4395
4396
4397
4398
4399
4400
4401
4402
4403
4404
4405
4406
4407
4408
4409
4410
4411
4412
4413
4414
4415
4416
4417
4418
4419
4420
4421
4422
4423
4424
4425
4426
4427
4428
4429
4430
4431
4432
4433
4434
4435
4436
4437
4438
4439
4440
4441
4442
4443
4444
4445
4446
4447
4448
4449
4450
4451
4452
4453
4454
4455
4456
4457
4458
4459
4460
4461
4462
4463
4464
4465
4466
4467
4468
4469
4470
4471
4472
4473
4474
4475
4476
4477
4478
4479
4480
4481
4482
4483
4484
4485
4486
4487
4488
4489
4490
4491
4492
4493
4494
4495
4496
4497
4498
4499
4500
4501
4502
4503
4504
4505
4506
4507
4508
4509
4510
4511
4512
4513
4514
4515
4516
4517
4518
4519
4520
4521
4522
4523
4524
4525
4526
4527
4528
4529
4530
4531
4532
4533
4534
4535
4536
4537
4538
4539
4540
4541
4542
4543
4544
4545
4546
4547
4548
4549
4550
4551
4552
4553
4554
4555
4556
4557
4558
4559
4560
4561
4562
4563
4564
4565
4566
4567
4568
4569
4570
4571
4572
4573
4574
4575
4576
4577
4578
4579
4580
4581
4582
4583
4584
4585
4586
4587
4588
4589
4590
4591
4592
4593
4594
4595
4596
4597
4598
4599
4600
4601
4602
4603
4604
4605
4606
4607
4608
4609
4610
4611
4612
4613
4614
4615
4616
4617
4618
4619
4620
4621
4622
4623
4624
4625
4626
4627
4628
4629
4630
4631
4632
4633
4634
4635
4636
4637
4638
4639
4640
4641
4642
4643
4644
4645
4646
4647
4648
4649
4650
4651
4652
4653
4654
4655
4656
4657
4658
4659
4660
4661
4662
4663
4664
4665
4666
4667
4668
4669
4670
4671
4672
4673
4674
4675
4676
4677
4678
4679
4680
4681
4682
4683
4684
4685
4686
4687
4688
4689
4690
4691
4692
4693
4694
4695
4696
4697
4698
4699
4700
4701
4702
4703
4704
4705
4706
4707
4708
4709
4710
4711
4712
4713
4714
4715
4716
4717
4718
4719
4720
4721
4722
4723
4724
4725
4726
4727
4728
4729
4730
4731
4732
4733
4734
4735
4736
4737
4738
4739
4740
4741
4742
4743
4744
4745
4746
4747
4748
4749
4750
4751
4752
4753
4754
4755
4756
4757
4758
4759
4760
4761
4762
4763
4764
4765
4766
4767
4768
4769
4770
4771
4772
4773
4774
4775
4776
4777
4778
4779
4780
4781
4782
4783
4784
4785
4786
4787
4788
4789
4790
4791
4792
4793
4794
4795
4796
4797
4798
4799
4800
4801
4802
4803
4804
4805
4806
4807
4808
4809
4810
4811
4812
4813
4814
4815
4816
4817
4818
4819
4820
4821
4822
4823
4824
4825
4826
4827
4828
4829
4830
4831
4832
4833
4834
4835
4836
4837
4838
4839
4840
4841
4842
4843
4844
4845
4846
4847
4848
4849
4850
4851
4852
4853
4854
4855
4856
4857
4858
4859
4860
4861
4862
4863
4864
4865
4866
4867
4868
4869
4870
4871
4872
4873
4874
4875
4876
4877
4878
4879
4880
4881
4882
4883
4884
4885
4886
4887
4888
4889
4890
4891
4892
4893
4894
4895
4896
4897
4898
4899
4900
4901
4902
4903
4904
4905
4906
4907
4908
4909
4910
4911
4912
4913
4914
4915
4916
4917
4918
4919
4920
4921
4922
4923
4924
4925
4926
4927
4928
4929
4930
4931
4932
4933
4934
4935
4936
4937
4938
4939
4940
4941
4942
4943
4944
4945
4946
4947
4948
4949
4950
4951
4952
4953
4954
4955
4956
4957
4958
4959
4960
4961
4962
4963
4964
4965
4966
4967
4968
4969
4970
4971
4972
4973
4974
4975
4976
4977
4978
4979
4980
4981
4982
4983
4984
4985
4986
4987
4988
4989
4990
4991
4992
4993
4994
4995
4996
4997
4998
4999
5000
5001
5002
5003
5004
5005
5006
5007
5008
5009
5010
5011
5012
5013
5014
5015
5016
5017
5018
5019
5020
5021
5022
5023
5024
5025
5026
5027
5028
5029
5030
5031
5032
5033
5034
5035
5036
5037
5038
5039
5040
5041
5042
5043
5044
5045
5046
5047
5048
5049
5050
5051
5052
5053
5054
5055
5056
5057
5058
5059
5060
5061
5062
5063
5064
5065
5066
5067
5068
5069
5070
5071
5072
5073
5074
5075
5076
5077
5078
5079
5080
5081
5082
5083
5084
5085
5086
5087
5088
5089
5090
5091
5092
5093
5094
5095
5096
5097
5098
5099
5100
5101
5102
5103
5104
5105
5106
5107
5108
5109
5110
5111
5112
5113
5114
5115
5116
5117
5118
5119
5120
5121
5122
5123
5124
5125
5126
5127
5128
5129
5130
5131
5132
5133
5134
5135
5136
5137
5138
5139
5140
5141
5142
5143
5144
5145
5146
5147
5148
5149
5150
5151
5152
5153
5154
5155
5156
5157
5158
5159
5160
5161
5162
5163
5164
5165
5166
5167
5168
5169
5170
5171
5172
5173
5174
5175
5176
5177
5178
5179
5180
5181
5182
5183
5184
5185
5186
5187
5188
5189
5190
5191
5192
5193
5194
5195
5196
5197
5198
5199
5200
5201
5202
5203
5204
5205
5206
5207
5208
5209
5210
5211
5212
5213
5214
5215
5216
5217
5218
5219
5220
5221
5222
5223
5224
5225
5226
5227
5228
5229
5230
5231
5232
5233
5234
5235
5236
5237
5238
5239
5240
5241
5242
5243
5244
5245
5246
5247
5248
5249
5250
5251
5252
5253
5254
5255
5256
5257
5258
5259
5260
5261
5262
5263
5264
5265
5266
5267
5268
5269
5270
5271
5272
5273
5274
5275
5276
5277
5278
5279
5280
5281
5282
5283
5284
5285
5286
5287
5288
5289
5290
5291
5292
5293
5294
5295
5296
5297
5298
5299
5300
5301
5302
5303
5304
5305
5306
5307
5308
5309
5310
5311
5312
5313
5314
5315
5316
5317
5318
5319
5320
5321
5322
5323
5324
5325
5326
5327
5328
5329
5330
5331
5332
5333
5334
5335
5336
5337
5338
5339
5340
5341
5342
5343
5344
5345
5346
5347
5348
5349
5350
5351
5352
5353
5354
5355
5356
5357
5358
5359
5360
5361
5362
5363
5364
5365
5366
5367
5368
5369
5370
5371
5372
5373
5374
5375
5376
5377
5378
5379
5380
5381
5382
5383
5384
5385
5386
5387
5388
5389
5390
5391
5392
5393
5394
5395
5396
5397
5398
5399
5400
5401
5402
5403
5404
5405
5406
5407
5408
5409
5410
5411
5412
5413
5414
5415
5416
5417
5418
5419
5420
5421
5422
5423
5424
5425
5426
5427
5428
5429
5430
5431
5432
5433
5434
5435
5436
5437
5438
5439
5440
5441
5442
5443
5444
5445
5446
5447
5448
5449
5450
5451
5452
5453
5454
5455
5456
5457
5458
5459
5460
5461
5462
5463
5464
5465
5466
5467
5468
5469
5470
5471
5472
5473
5474
5475
5476
5477
5478
5479
5480
5481
5482
5483
5484
5485
5486
5487
5488
5489
5490
5491
5492
5493
5494
5495
5496
5497
5498
5499
5500
5501
5502
5503
5504
5505
5506
5507
5508
5509
5510
5511
5512
5513
5514
5515
5516
5517
5518
5519
5520
5521
5522
5523
5524
5525
5526
5527
5528
5529
5530
5531
5532
5533
5534
5535
5536
5537
5538
5539
5540
5541
5542
5543
5544
5545
5546
5547
5548
5549
5550
5551
5552
5553
5554
5555
5556
5557
5558
5559
5560
5561
5562
5563
5564
5565
5566
5567
5568
5569
5570
5571
5572
5573
5574
5575
5576
5577
5578
5579
5580
5581
5582
5583
5584
5585
5586
5587
5588
5589
5590
5591
5592
5593
5594
5595
5596
5597
5598
5599
5600
5601
5602
5603
5604
5605
5606
5607
5608
5609
5610
5611
5612
5613
5614
5615
5616
5617
5618
5619
5620
5621
5622
5623
5624
5625
5626
5627
5628
5629
5630
5631
5632
5633
5634
5635
5636
5637
5638
5639
5640
5641
5642
5643
5644
5645
5646
5647
5648
5649
5650
5651
5652
5653
5654
5655
5656
5657
5658
5659
5660
5661
5662
5663
5664
5665
5666
5667
5668
0.008660254037829059 0.2050000000005199 0
0.2155171527015574 0.009077345299611165 0
0.2694323124179091 0.4003382431259263 0
0.2032886515761037 0.4007662637570601 0
0.3262766365037282 0.008882521824101529 0
0.3838796515705022 0.399890514508375 0
0.4426879284224392 0.01146291716805425 0
0.5036311653076555 0.3994219897951538 0
0.5655461004758584 0.01081966112542645 0
0.6289326436409323 0.398931745636972 0
0.693717064695836 0.01132110522501633 0
0.7600412966843685 0.3984187812701401 0
0.8278281915498914 0.01184578831448626 0
0.3260078874489817 0.400116926131372 0
0.6937445387249349 0.3986781675718248 0
0.5029504298888487 0.01131679622992666 0
0.4430772871952915 0.3996589067208249 0
0.2693275097547204 0.009836141840986336 0
0.565572357195942 0.3991796436127117 0
0.3818606608251232 0.01152423842354813 0
0.7600131936868869 0.01158047469895138 0
0.628905784352536 0.01106754308626952 0
0.008906665629959206 0.1551286988958914 0
0.008041123209130287 0.2555758259855856 0
0.8971968577065544 0.01211717925429026 0
0.8278569393238203 0.3981534506521327 0
0.1600327086727629 0.009233532081478498 0
0.9681547854615898 0.01239478883858956 0
0.8972262632352429 0.397882042215525 0
1.040738386880811 0.01267876136038578 0
0.9681848648162436 0.3976044147864342 0
1.100038050981303 0.397819794358389 0
0.1493773742130078 0.40080325686396 0
1.160355678741936 0.01316834037158735 0
1.221815873068069 0.3966051493206961 0
1.284409169030247 0.01341454313610632 0
1.348107473144637 0.3961107750388981 0
1.413013208816659 0.01359570746715277 0
1.479060225992654 0.3955981542851915 0
1.546338042192839 0.01466520778201197 0
1.614089201460844 0.3943447763625405 0
1.684975018076635 0.01621326933036974 0
1.755642111427357 0.3944928984117604 0
1.828063848852067 0.01582096451713241 0
1.901667931630848 0.393929606735719 0
1.976642985509648 0.01634965526914743 0
0.1071765338221219 0.008762036378985642 0
1.995607663154522 0.3935761073861309 0
0.007985988300524273 0.3047519807898602 0
2.184709222653638 0.2047598994782186 0
1.348128571520081 0.0135052279329222 0
1.160365918818746 0.3968456923881492 0
1.479084386579979 0.01368563552619102 0
1.412990601651175 0.3958567880134535 0
1.284389540055409 0.396360204851082 0
1.615445046416355 0.01682567331324787 0
1.756066904634371 0.01623150474227395 0
1.026108160224537 0.3973712557693511 0
1.544641652840141 0.3953338502200053 0
1.827979239595596 0.3942322949057702 0
1.901674652345991 0.01590250823761103 0
1.683222787855475 0.3950571698499639 0
1.100035665344709 0.0129079917807121 0
1.221834069579784 0.01332393290942532 0
0.1067620334055454 0.4008051467028391 0
0.00866025403787295 0.1150000000003263 0
2.053641947348254 0.01540228419070486 0
0.009265847799998953 0.0762821086656129 0
2.070613420260921 0.3922708362701398 0
0.06541491223504123 0.4010962685924978 0
2.183939788824214 0.128609022963232 0
0.06498206989980723 0.009262348507227892 0
2.185000935929914 0.2832647811612399 0
0.008012170692789092 0.3452774356435098 0
0.2360971287890846 0.4004683576130345 0
2.111641412841374 0.01688464744742352 0
0.009097427433970086 0.04369173418881635 0
2.130807315202506 0.3930358964506495 0
0.03554784804723421 0.4017997770997322 0
2.184518814127358 0.06850559098342356 0
0.0346900932619336 0.008987455939907189 0
2.18237011180197 0.3417260475908098 0
0.007782899992369191 0.3747286050012208 0
1.316124536138001 0.01345989297159307 0
1.055471946227097 0.3972563065951628 0
1.316104178837019 0.3962360500168907 0
1.130056007364401 0.3969643471615332 0
1.720205076262778 0.01594439351678719 0
1.4458991350251 0.01364076661525161 0
1.719949696221904 0.3959330833243509 0
1.512571693806396 0.01373025650582222 0
1.380423913281053 0.0135505131148472 0
2.03312358784656 0.3943982506875662 0
1.581076589017718 0.01693745851810119 0
1.580436915585028 0.3952013087494522 0
1.445875757632218 0.3957280525389494 0
0.7869678992920924 0.3985826260477529 0
1.512546740103899 0.3954670693019067 0
1.938970408098013 0.01620218665713969 0
0.2360876644919164 0.009536174430497993 0
0.9254023619351044 0.3982540873666252 0
0.9254076691834177 0.01227351197557841 0
1.938968068383318 0.3937723334685239 0
0.8554012144990947 0.3984202883887378 0
0.6546704753564867 0.01117473535148071 0
0.6546650908582243 0.3988962772723462 0
0.8554077279102134 0.01199896518458366 0
0.7869750236145699 0.01173021966647623 0
1.130042573065092 0.01270827396958882 0
1.380402065402995 0.3959843548501643 0
1.864897745017291 0.01588146787144503 0
0.9970092381447067 0.397485163319327 0
0.9970119152883818 0.01255470054609068 0
1.791647579538359 0.01562548368597817 0
1.252960967978006 0.3964832285514135 0
0.7200673008854381 0.3987412451211232 0
1.864640131817257 0.3940656592948975 0
1.252979876411762 0.01336921458076191 0
0.7200720328864038 0.01143075213215911 0
2.016503836261365 0.01691440554139957 0
1.791667082684282 0.3943867415444421 0
0.4669390037157988 0.01090986919568113 0
0.4671048716850614 0.3995460824406301 0
0.2918813678576343 0.4002328874102697 0
0.590734820332903 0.3990736696699353 0
0.5282092297307115 0.3993065789671456 0
0.5907337315169716 0.01092445223591808 0
0.2936062896283357 0.008350639318820375 0
0.5280077862309847 0.01089590279936991 0
0.4071753705994819 0.01125860947881393 0
0.4073690863631365 0.3997802218534194 0
1.070244628093374 0.01282001357860415 0
0.3489712322729989 0.4000091174369009 0
0.35044627604882 0.01009244532101067 0
1.649763916636597 0.3945110409514956 0
1.650126050751189 0.01671822565089162 0
1.190951698098137 0.3967259677920018 0
1.190968614690999 0.01327894680086153 0
0.18166447246571 0.01037339012526169 0
0.1710649718427881 0.4008814403958534 0
0.1279825320634136 0.009695799296042378 0
0.1282835183520468 0.4007755392987991 0
0.08628880829005366 0.4012820439751979 0
0.08636735251263106 0.008947614721644468 0
2.183922826844954 0.1663389766796511 0
2.181592342043776 0.2441081764930423 0
0.008127429006916966 0.3243078693736543 0
0.009812261971651878 0.09452417997965605 0
0.00761086489412221 0.2848704190251207 0
0.009459732743766549 0.1360692253307757 0
0.008829485834132915 0.1748556414497077 0
0.009612839519829152 0.2264157217560632 0
2.146832900890606 0.01455901645427536 0
0.009089375464191241 0.02514239167060469 0
2.169443758960574 0.3933673006851044 0
0.008152656357160634 0.3957093154847508 0
2.183336716555403 0.02935019228209631 0
0.01559201678263263 0.00892403135067517 0
2.150341478348339 0.3930593274234944 0
2.140535055433397 0.3760418546865723 0
2.120996910538229 0.3761560716830438 0
2.130706393022662 0.3592388586364854 0
2.111241313605187 0.3593322470375764 0
2.121131882318511 0.3423294596929048 0
2.102289595051478 0.3420962963624176 0
2.111529230194451 0.3255105278677939 0
2.09272969450136 0.3252836685129525 0
2.101580834369584 0.3089511187295577 0
2.083009118874133 0.3086221179930707 0
2.091823172913248 0.2923389797252035 0
2.07332355048621 0.2919945167679996 0
2.081984244512362 0.2758260462442426 0
2.062913312400374 0.2758369943316838 0
2.072151792156669 0.2593500475895827 0
2.053122604957219 0.2593699582125796 0
2.062584301543494 0.242766437603802 0
2.043490664230751 0.2428444556436768 0
2.0529534072129 0.2262111733083755 0
2.033860050013166 0.2263167660502707 0
2.024430913528477 0.2429376889737029 0
2.014843515148249 0.2264646304289498 0
2.00541358536521 0.2429295227344327 0
1.995894997094406 0.2264663774841249 0
1.986509180343556 0.2430488566963201 0
1.977011814734385 0.2265682197578304 0
1.967661376257067 0.243103212742837 0
1.958198529991833 0.2266216576934706 0
1.94886993956508 0.2430262607546129 0
1.939457327200429 0.2267002771751223 0
1.930163278701725 0.2430587317465566 0
1.920793369297295 0.2267457075595937 0
1.911541084103635 0.2430706883794919 0
1.902208810312551 0.2268381394329154 0
1.892995666601299 0.2431029114359297 0
1.883695405841517 0.2271266195388634 0
1.874524437998678 0.2431845510408148 0
1.865266361271309 0.2272711756129602 0
1.856137737380654 0.2432228559061758 0
1.846920216815399 0.2273758041692642 0
1.837823120857444 0.2432945391095039 0
1.828651315750842 0.2274878364335104 0
1.819596599198341 0.2433291657728446 0
1.810465400628015 0.2275848618414933 0
1.801453119591273 0.2433390133525662 0
1.79235823388446 0.2276849439445217 0
1.783385430838019 0.2433703198189936 0
1.774332558387261 0.2277777499781095 0
1.76539395929082 0.2434154910336085 0
1.756362356308968 0.2279283304775717 0
1.747483097754571 0.2434498283682478 0
1.738513399760193 0.2279823686401146 0
1.729649807293747 0.2435151377282293 0
1.720704037969725 0.2281383481216715 0
1.711900900995367 0.2435489842700487 0
1.702987765777258 0.2275489933678868 0
1.694232338216418 0.2434452851829092 0
1.68535626639126 0.2275141132556943 0
1.6766410109384 0.2434343223021862 0
1.667824190803085 0.2283086554037088 0
1.659140173652875 0.2432529766765639 0
1.650356354271566 0.2284908499490211 0
1.641687891801671 0.2434898320087404 0
1.632951097284348 0.2285897410829148 0
1.641552424957541 0.2135691700412792 0
1.624226240346964 0.2136632135646924 0
1.615637820373146 0.2286749910925548 0
1.606952378157686 0.2137817166000808 0
1.598395150590503 0.2287509396199331 0
1.590530200032263 0.2143538404490074 0
1.581367150785356 0.2288692548156174 0
1.57343998470378 0.2130020557737837 0
1.564321241618386 0.2286878187502071 0
1.555748882179031 0.2149400793231553 0
1.547140077180793 0.2289161033406512 0
1.538643656738421 0.2143989508211531 0
1.530237624918683 0.2289816458946561 0
1.521733940572052 0.214408085593624 0
1.513379152956527 0.2289990108793707 0
1.504914790340093 0.2145005823351005 0
1.496582322315189 0.2290571314106359 0
1.488171548828253 0.2146133051764243 0
1.479885562570056 0.229091411882982 0
1.471483687358859 0.2147197259888178 0
1.463264698554007 0.2291446233842298 0
1.454916148458769 0.2148385565729688 0
1.446705837528349 0.229211151260838 0
1.438381428084264 0.2149477293271768 0
1.430242380445678 0.229254277119092 0
1.421964114996017 0.2150674290804103 0
1.413839631038683 0.2292861509426402 0
1.405583946679857 0.2151749319699272 0
1.397494291722664 0.229350295469861 0
1.389306178293639 0.2152923541875974 0
1.381244945066968 0.2293839768710999 0
1.373068877592589 0.2153976364741007 0
1.365069917625629 0.2294360857963786 0
1.356945113825739 0.2155132933142138 0
1.348954748686547 0.2295008855057359 0
1.34085335187814 0.2156195680288519 0
1.332932361757506 0.2295428384441362 0
1.324875888724717 0.215736076512839 0
1.316969079032974 0.2295738381412125 0
1.308934591114697 0.2158407093386405 0
1.30106169122855 0.2296362548394187 0
1.293092987717149 0.2159549960523803 0
1.28524775710333 0.2296690167200754 0
1.27729078096068 0.216057463941389 0
1.26950617335588 0.2297197206624737 0
1.261599100123876 0.2161700288759469 0
1.253822859277041 0.2297827786329925 0
1.24593857129101 0.2162734608116847 0
1.238229861374419 0.2298235980416759 0
1.230389302112216 0.2163868525482231 0
1.222694394986069 0.2298537575162269 0
1.214875235634517 0.216488684535483 0
1.207213335361552 0.2299144967423658 0
1.199458207476407 0.2165999119733013 0
1.191823238712084 0.2299463726462307 0
1.184079525608467 0.216699635606099 0
1.176503562843502 0.2299957132125095 0
1.168808420629289 0.2168091859060375 0
1.161240601298906 0.2300570780978829 0
1.153586219972391 0.2173372007392729 0
1.146068641224935 0.2301680244311975 0
1.138435955130994 0.2175230463335248 0
1.130952829655921 0.2302373724682833 0
1.123352294035671 0.2176000192020614 0
1.115902990077006 0.2302816183686418 0
1.108336393630324 0.2176988591075498 0
1.1009060628049 0.2303165751706336 0
1.093385453582667 0.217755176964076 0
1.085988466566217 0.2303514669930039 0
1.078503816421719 0.2178483063947519 0
1.071149452340947 0.2303936937219586 0
1.063691270323637 0.217904474384883 0
1.056376282080134 0.2304367897790288 0
1.04894606078611 0.2179982435428704 0
1.041664207985876 0.2304790136783069 0
1.034266299240346 0.2180541196193172 0
1.027017419066165 0.2305146239179685 0
1.019652770568271 0.2181458961081226 0
1.012436644458257 0.2305550925612063 0
1.005104928206527 0.2182007605003394 0
0.9979085345035803 0.2305762581717478 0
0.9906208551229414 0.218289270774303 0
0.9834566091873844 0.2306136011470281 0
0.9762033589109647 0.2183426932268866 0
0.9690709605254189 0.2306532011725023 0
0.961851668449648 0.2184356455289206 0
0.9547515474788737 0.2306941846357635 0
0.9475640952034353 0.218383399822157 0
0.9405055218982451 0.2307123612468372 0
0.9333440014637611 0.218535304346799 0
0.9263015919047087 0.2307554485055606 0
0.9191843795712465 0.2186442061355877 0
0.9121940389335068 0.2308103045958076 0
0.905092868318925 0.2186599043351942 0
0.8981194379472286 0.2308343267964269 0
0.8910613068688185 0.2187598662553719 0
0.8841208173997203 0.2308716187446076 0
0.8770944528965952 0.2188558812842596 0
0.8701939126132437 0.2309134403883013 0
0.8631929865758613 0.2189201971699441 0
0.8563261042182 0.2309635724975207 0
0.8493589894955822 0.2190041487878727 0
0.8425183544045585 0.2310041377094687 0
0.8355814983912357 0.2191063859940122 0
0.8287560687092628 0.231037399647533 0
0.8218426461119276 0.2191952400825742 0
0.8150691471490775 0.2310691453484413 0
0.8082047396213768 0.2192932331127877 0
0.8014564687345354 0.2311099326430791 0
0.794604871277917 0.2193840869681903 0
0.787895160658712 0.2311755957409478 0
0.7810861446717484 0.2194746938043037 0
0.7743968075282388 0.2312194500636651 0
0.7676180796521823 0.2195767634513907 0
0.7609460068281908 0.2312397142839086 0
0.7541928262087537 0.2196631157705855 0
0.7475666928681282 0.2312699189474594 0
0.7408561666259922 0.2197575136534892 0
0.7342582978991491 0.2313094204447033 0
0.7275599147358303 0.2198459933929624 0
0.7210003830847231 0.2313734939153258 0
0.714343774543088 0.2199345381776637 0
0.7078041881657975 0.2314163402049123 0
0.7011772187134417 0.2200343120566855 0
0.6946545176948193 0.2314361430754916 0
0.688052530445855 0.2201187268579596 0
0.6815747459434821 0.2314656697133091 0
0.6750144594678961 0.2202110102274469 0
0.6685643067767409 0.2315042856580737 0
0.6620158917274042 0.2202975080209461 0
0.6556032178724239 0.2315669235842201 0
0.6490956423120172 0.2203840694564073 0
0.6427024672130527 0.2316088095861725 0
0.6362238672135253 0.2204816086027811 0
0.6298471995121708 0.2316281680579304 0
0.6233930223856889 0.2205641325253531 0
0.6170602656558215 0.2316570326126692 0
0.6106468557057744 0.2206543488549133 0
0.6043411121489358 0.2316947830250033 0
0.597939307870632 0.2207389091430374 0
0.5916638271932094 0.2317433761901778 0
0.5853072621764974 0.2208214247430111 0
0.5790618799500494 0.2317765396153227 0
0.5727251534745541 0.2209151307310271 0
0.5665074307224744 0.2318732737840317 0
0.560187136768258 0.221005722929106 0
0.5540061057689619 0.2319209823283011 0
0.5477240064009328 0.2211015966204102 0
0.5415590501504234 0.2318961298655266 0
0.5353056994756299 0.221176292456754 0
0.5291751423428854 0.232021678285152 0
0.5229307184653925 0.2212544778070797 0
0.5168416731715978 0.2320718985457245 0
0.5106275070454481 0.2213392337588308 0
0.5045537550217445 0.2320086178603001 0
0.4983798861009464 0.2214236065638449 0
0.4923315076861022 0.2320282509537539 0
0.4862018144044347 0.2215113960242985 0
0.4801758866136848 0.2320632646337954 0
0.4740551103496598 0.2215923196395923 0
0.4680599744851565 0.232109519077727 0
0.4619834926998886 0.2216799388980281 0
0.456015882330924 0.2321426675975655 0
0.4499472249802224 0.2217594155682351 0
0.4440154183140353 0.2322161618695024 0
0.4379844824825045 0.2218512968871489 0
0.4320513964687588 0.2322190235690218 0
0.4260535441140748 0.2219246859786515 0
0.4201588113679558 0.232254236256811 0
0.4141965211001551 0.2220097884092756 0
0.4083356856027157 0.2322845393574996 0
0.4023769588393742 0.2220871613763769 0
0.3965514836190083 0.2324212828142058 0
0.3906117965320457 0.2221660034857841 0
0.3848184147109349 0.232472686699849 0
0.3789064510785898 0.2222466388219878 0
0.3731390330514281 0.2325571359585793 0
0.3672697690642857 0.2223597694542355 0
0.3615152472079586 0.232605402913878 0
0.3556729294946144 0.2224474592589093 0
0.3499422518358196 0.2326729429332479 0
0.3441261027936754 0.2225337846849765 0
0.3384209072628279 0.232713806614431 0
0.3326307459226077 0.2226040433913078 0
0.3269512812059021 0.2327762714787923 0
0.3211872644467972 0.2226860454606865 0
0.3155334135807526 0.2328154601134166 0
0.3097931727195119 0.2225648239042112 0
0.3041665747094935 0.2328448239602528 0
0.2984521815054283 0.2226088255593507 0
0.292851225735274 0.2328720528825172 0
0.287159322900727 0.2223776211146283 0
0.2815863156654312 0.2328801603518974 0
0.2759199722271497 0.2223990613678339 0
0.2703723953042012 0.2329001774724005 0
0.2647312378741153 0.2229408567776484 0
0.2592081056692529 0.2330346869794533 0
0.2535965273136798 0.2230742977659665 0
0.248093652721863 0.2330946580545273 0
0.2425077889871692 0.2238671700193151 0
0.2370273192555963 0.2332764521460093 0
0.2314657845960246 0.2240865074762253 0
0.2260038438325782 0.2332080407085313 0
0.2204664869951731 0.2235514722386917 0
0.2150365859728298 0.233279738503097 0
0.2095159613682331 0.2234956354659357 0
0.2041134477861968 0.2332976274687492 0
0.1986190674925117 0.2235538229761114 0
0.2040044274274322 0.2140546772438476 0
0.1932154938994022 0.2329682231794708 0
0.1931346024169432 0.2141033039411086 0
0.2464202376194616 0.2128443788811239 0
0.1984973936167251 0.2046701456383819 0
0.187647022462899 0.2047308318585418 0
0.2926539694475765 0.2119500358763122 0
0.3383180829509363 0.2125515129181893 0
0.3846748393334194 0.2121019879023482 0
0.1930076819803123 0.1953180274731256 0
0.1821940313624602 0.1953711453446358 0
0.4317705586003986 0.2117114897066047 0
0.479816885424071 0.2113373993922477 0
0.187538175902059 0.1859926565904625 0
0.1767424503242849 0.1860744561789498 0
0.1714165592659872 0.1954154127371658 0
0.5411099638399246 0.2108604569191747 0
0.1659868363503005 0.186147798368564 0
0.6038041894736739 0.2103646509813078 0
0.1712965146530686 0.176813699487983 0
0.1606839173157641 0.1954706769295739 0
0.1605697971242555 0.1768926320506122 0
0.6679344490309093 0.2098566111808028 0
0.7335315362363471 0.20933183431273 0
0.1658531152601904 0.1675771680647433 0
0.1551618865660523 0.1676498779042007 0
0.1985682148255676 0.2427909667354646 0
0.1878111334839768 0.2424072312962167 0
0.8013118444783027 0.2075873180856213 0
0.24257763486454 0.2433474040058308 0
0.8700459231426825 0.2068447136709219 0
0.2872353777256802 0.2431884906960257 0
0.1604273481820201 0.1583540727816037 0
0.1497632572204534 0.158431681230853 0
0.3327016453241539 0.2430658657083015 0
0.1932937717001751 0.2517142016453747 0
0.1824751136199841 0.2517533444799506 0
0.9403540960663519 0.2060850987706334 0
0.378993918145457 0.2427789868556349 0
1.01368039526718 0.2058980940849458 0
0.4261355417961363 0.2425165907594478 0
0.1550224540741038 0.1491561757851389 0
0.1653854822356692 0.1488891216550058 0
0.1443725824772997 0.1492507749084111 0
0.1391271982930922 0.1584878233967539 0
0.4862662891848242 0.2425629715482557 0
0.1879110032192041 0.2610874856105009 0
0.176929529524663 0.2609893638967276 0
1.072350973759695 0.2057221557893113 0
0.1337412408008957 0.1493043298887606 0
0.5477989764394608 0.2426708306831824 0
1.132094156888241 0.2055384254402792 0
0.1285041738968908 0.1586006483664715 0
0.1389744941136804 0.140110183152774 0
0.6107135578137384 0.2426808651697465 0
1.19292709710588 0.2036770176076361 0
0.1283771370624472 0.1401532960420309 0
0.1825088664620024 0.2704200408834355 0
0.1715465751702971 0.2703246395714935 0
0.6750826908361486 0.2427419633339784 0
1.254869395272574 0.2031789559396851 0
1.316796568689512 0.2020180651186203 0
0.7409259624381379 0.2428044551754894 0
1.381081040012638 0.2013236488892158 0
0.1336030702287104 0.131000823452198 0
0.1230479905322983 0.1310672262067971 0
0.8082769484383076 0.2428682577153529 0
1.446539953735362 0.2006166599999925 0
0.1771356702333438 0.2797518411200995 0
0.1663867587900223 0.2797703551740464 0
0.1609461677365466 0.2704216943433022 0
0.1557101967096989 0.2799238267544317 0
0.1502349695079329 0.270307986089987 0
0.1450486773607268 0.2799387533091178 0
0.139673452834925 0.2703929550945576 0
0.1344413718547363 0.2798360561702715 0
0.1290722856779749 0.2701277736012216 0
0.1238703740511807 0.2797830014118873 0
0.1185438380695096 0.2703689009419633 0
0.8771709697888508 0.2429360856009352 0
0.1877735480343635 0.2798515107020905 0
1.711749011250579 0.2122777926448011 0
1.51319424552129 0.1998969798679294 0
0.947642362496621 0.2430095501215507 0
1.783233876311807 0.2114995164314351 0
0.1133486291403727 0.2798401894483127 0
1.599212175771797 0.1964842086163048 0
0.1186339439895323 0.2889774663918502 0
0.1282480712887171 0.1219063285783886 0
0.117715847252234 0.1220087100332201 0
1.005191975507761 0.2430755135552538 0
1.85597744797747 0.2110227607209908 0
1.078582818155083 0.2431530210067027 0
0.1610555111010019 0.2894559937735687 0
1.930012767547017 0.2101917883767563 0
0.1081262975282789 0.2890412599247492 0
0.1080672367532608 0.2707690093721594 0
2.005257621034455 0.2098248778978836 0
1.138547176033203 0.2432337055043221 0
0.1125321959530524 0.1311358315996499 0
0.1072175844448771 0.1220990459905311 0
1.184179990919735 0.2432179029785681 0
0.1123799883159867 0.1129797166461431 0
1.23049014552471 0.243272093148645 0
0.1133959143430374 0.2981055860048034 0
0.1029338763815712 0.2981341859577691 0
1.277394020596694 0.2433060543663135 0
0.1020583537549025 0.1312094232586885 0
1.324300252773567 0.2429771824106008 0
0.1019107878420227 0.1130791897079587 0
1.37317497457601 0.2433965228998266 0
1.421349283042839 0.2430392528117555 0
1.47159289128034 0.2434893082755556 0
0.1131091210806014 0.2612717419812585 0
0.1027687315035033 0.2617126267736868 0
0.1079698752186727 0.2527098432700415 0
0.09751519484580931 0.2527694748740946 0
0.1070517058039794 0.1039756830549463 0
0.0966176542056745 0.1040772980029981 0
1.521840025431205 0.2435909718253873 0
0.108177922114948 0.3071783738432518 0
0.09773757057051011 0.3072036567673317 0
1.572764974195334 0.2435774040855307 0
0.102694839152445 0.2433305542939624 0
0.09215967698497411 0.2438845455913082 0
0.09726169573427777 0.2342164931146158 0
0.1983606025146113 0.1859103436097731 0
0.08694044851372079 0.2534192758333643 0
0.101725627121798 0.09500876099840598 0
0.1117445639216772 0.09516123808922634 0
0.09132915316256028 0.09509076364420435 0
0.08683911110474503 0.2351457914875383 0
0.1029678783963921 0.3165137697604355 0
0.09255340804891046 0.3162681082055936 0
0.1134184584689664 0.3170641567243187 0
0.08733340967691396 0.3072559944957134 0
0.08640731309588978 0.1039939316035245 0
0.09196330715530739 0.2256373601043427 0
1.667942488384407 0.2580038789601964 0
0.13879916867014 0.1218127420321233 0
0.08215602625703179 0.3162535153771098 0
1.738588905973053 0.2589073843589404 0
0.0816958611958305 0.2260917232632036 0
0.08688746713069853 0.2168090875154477 0
1.810502286849561 0.2590323106270055 0
0.09642357054806586 0.08605037661879961 0
0.08605485700771814 0.08613099335967024 0
1.883749519903088 0.2591232747347708 0
0.09777764348226012 0.3252555583367265 0
1.958282304276978 0.2594032317448569 0
0.07696310819227661 0.307309594369524 0
0.07639137124595873 0.217163931217851 0
0.08165440269697039 0.2079115421554971 0
0.07115703820731419 0.2270278885781058 0
2.054147624152206 0.2943220793352448 0
0.07112250186526833 0.2085949218881264 0
0.07642259543022642 0.1990643173563531 0
0.07180638352764969 0.3162542933937756 0
0.0911602940806505 0.07709754921202203 0
0.08080211670759863 0.07719219483137332 0
0.1130595558131824 0.2427645544867381 0
0.0972190676977332 0.2162451312804324 0
0.06663531836455451 0.3073524495096656 0
0.06606834993071338 0.1994822566188505 0
0.07123441875187886 0.1901477976197685 0
2.072085354442006 0.2261393491226769 0
2.062421961030906 0.2095647980268518 0
2.08158628225655 0.2095193501216395 0
2.071915630794679 0.1929386178913716 0
0.08589489618687389 0.06816155564407933 0
0.09626089135694064 0.0680595508542876 0
0.07555243280410727 0.06827061990996908 0
0.0704663808067339 0.07726109029394664 0
0.06524602244653706 0.06838365961736338 0
0.176972857219188 0.2421275896495927 0
0.06152301076916701 0.3162853598632126 0
0.06666242132045304 0.3251683723784564 0
0.06094979429788678 0.1901945672386217 0
0.06604845194576082 0.1811845275854987 0
0.07635050381560751 0.1811118066546634 0
0.07113875203165729 0.1722209300342055 0
0.06085545567420697 0.1722805341261214 0
0.06592807627000796 0.1633488001697571 0
0.06018810054306145 0.07732656989181495 0
0.144906157158062 0.2610028390813764 0
0.05641232883512977 0.3251952098472282 0
0.06154782815355024 0.3340640471163834 0
0.05497102170256214 0.06847773387981725 0
2.091027201944988 0.1929054031855014 0
2.081346160889917 0.1763324384636497 0
2.062227746998453 0.1763897755934917 0
2.071681605321918 0.1597648329642024 0
2.052560863139797 0.1598514146019972 0
2.061989293919033 0.1432474294815315 0
2.042912796466829 0.1433379960484066 0
2.052363749310271 0.1267226184194546 0
2.033281550920153 0.1268326806285913 0
2.071456574077454 0.1267673677003842 0
0.05636530279793164 0.3074023368814911 0
0.06145741907456211 0.2984916032844578 0
0.060017143930873 0.05955451075264549 0
0.05578291576204729 0.1998580239401212 0
2.042718343108473 0.1102408982829922 0
2.023655068619957 0.1103506198309218 0
2.014237260556506 0.1269062110893018 0
2.004650278446062 0.1104848376623606 0
1.995243968256454 0.1269665351424789 0
1.985703964088738 0.1109531881818669 0
1.976354821585715 0.127087867598149 0
1.966840384603286 0.1111537651040224 0
1.957524072433996 0.1271553406592844 0
1.948051645801737 0.1112598074096483 0
1.938773879475265 0.1272191210137421 0
1.929341524404141 0.1113910098560403 0
1.920109692889043 0.1275830590456589 0
1.910711546367462 0.1115340343429122 0
1.901519640437698 0.127701299948237 0
1.892160865992893 0.111680417583253 0
1.883008575536711 0.1278425838375952 0
1.87368974460658 0.1117882000698073 0
1.864577481353179 0.1279170189563474 0
1.855299203259585 0.1119210697899193 0
1.846226854621687 0.1280473753107924 0
1.836988917800541 0.1120241426716746 0
1.827956767887962 0.1281185844243912 0
1.8187594901198 0.112155150613052 0
1.809767271312422 0.1282462531932953 0
1.80061036727975 0.1122569144211756 0
1.791658326909542 0.1283162508487682 0
1.78254206305247 0.1123868637030079 0
1.7736298633576 0.1284417062667054 0
1.764547450809077 0.1124183432350945 0
1.755680659867281 0.1284991980621245 0
1.746644971739967 0.1126029191514458 0
1.737813326274275 0.1286297637526131 0
1.728792710649523 0.1127047885539511 0
1.720021299052588 0.1286994352981361 0
1.711040175817764 0.1128331925798041 0
1.702318890555506 0.128830717329509 0
1.69340381156924 0.1129495886791445 0
1.684696312614975 0.1289025798743765 0
1.675821291109398 0.1130799693242924 0
1.667141414095551 0.1284225562952248 0
1.658281903075072 0.1130399056993229 0
1.649646613992736 0.1282608535318311 0
1.640871599228542 0.1131848967954543 0
1.632263335523805 0.1276516188497485 0
1.623523869005427 0.1132053460089694 0
1.614951748792264 0.1275834257242231 0
1.6062505868864 0.1132947241634031 0
1.597725129262129 0.1282511275073931 0
1.589055630877898 0.1135178862459318 0
1.580560617307366 0.1284411132431626 0
1.571935729663838 0.1136832334432691 0
1.563473363405026 0.1285247033251849 0
1.55486646266819 0.1138144447487047 0
1.546477181281505 0.1285830510101195 0
1.53792417979665 0.1139480924522368 0
1.529538321905433 0.1286497816462562 0
1.521019359261261 0.1140703629990162 0
1.512699635522762 0.1287047741287115 0
1.504224392124752 0.1142011159993461 0
1.495913013303174 0.1287699714156381 0
1.487473272862395 0.114322687345692 0
1.479226339333549 0.1288245352058 0
1.470827492636765 0.1144515259970211 0
1.462590529244662 0.1288889890484662 0
1.454226793059246 0.1145718392877215 0
1.446054141838497 0.1289430367202513 0
1.437730958114955 0.1146995174946033 0
1.429568200979307 0.1290068974966952 0
1.421279825277722 0.1148187505212873 0
1.413180819395867 0.1290604521449962 0
1.404932637846475 0.1149452845802275 0
1.396843438474642 0.1291237336478053 0
1.38862975699412 0.1150634474288801 0
1.380603743698643 0.1291768008406212 0
1.372429899669812 0.1151888460072939 0
1.364413605393806 0.1292395079950033 0
1.356273954493167 0.1153059470789189 0
1.34832028312214 0.1292920936432827 0
1.340220114089514 0.1154302186396249 0
1.332276074911376 0.1293542333426144 0
1.324209793788793 0.1155462663134947 0
1.316327817933717 0.1294063422150523 0
1.308300665646545 0.1156694199449433 0
1.300428235595382 0.1294679194373449 0
1.292434667796538 0.1157844228899342 0
1.284623744821862 0.1295195566216961 0
1.276668954940588 0.1159064677555572 0
1.268867492138159 0.1295805773145663 0
1.26094598557696 0.1160204348259431 0
1.25320547803877 0.1296317471866185 0
1.245322401407321 0.1161413804540577 0
1.237599757243486 0.1293008605126374 0
1.22975709518346 0.1161942661839656 0
1.222067309543653 0.1292812948482135 0
1.214260573608842 0.1162872293081343 0
1.20660536878977 0.1293558909774812 0
1.198833811907853 0.1164022400254718 0
1.191213171181544 0.1294140175305043 0
1.183476738937895 0.1165177184128179 0
1.175890622304795 0.1295048861848199 0
1.168189014794341 0.1166384090448883 0
1.160637187436749 0.1295664314880538 0
1.152970388219769 0.1167546231427419 0
1.14545278070021 0.1296575595042911 0
1.13782049343873 0.1168747017542905 0
1.130336867766872 0.1297188082833085 0
1.122739075808779 0.1169899905876716 0
1.115289362573046 0.1298092959426281 0
1.107725771519038 0.1171090372699735 0
1.10030973421297 0.1298700305552004 0
1.092780327759868 0.11722330142225 0
1.085397897861987 0.1299598216879075 0
1.077902383955183 0.1173412970770291 0
1.070553326689712 0.1300200317300783 0
1.063091689443038 0.1174545385253169 0
1.055775937247225 0.1301091221576748 0
1.048324446569891 0.1176112119364331 0
1.041061300010625 0.1301754305724823 0
1.033647365280183 0.1177212324548069 0
1.02641650808399 0.1302645552810338 0
1.019050643544533 0.1178045157882749 0
1.011840663945375 0.1303184087612979 0
1.004508620396294 0.1179188236606289 0
0.9973293877091192 0.1304057248537697 0
0.990012817534783 0.1180483193404193 0
0.9828800936435617 0.130466752103893 0
0.9755992062936866 0.1181563641254464 0
0.9684983927530607 0.1305537708995587 0
0.9612507203928367 0.1182639205167068 0
0.9541744060589408 0.1306042213691018 0
0.9469845127487928 0.1183600014594316 0
0.9399245634085593 0.1307177899218917 0
0.9327680537849785 0.1184760179912083 0
0.9257454763800907 0.1307732184917275 0
0.918614941163833 0.1185844327083216 0
0.9116239218262822 0.1308248595031786 0
0.9045193461649137 0.1187067258074719 0
0.8975640621363068 0.1308919981055624 0
0.8904911865306744 0.1188174181328218 0
0.8835671722357326 0.1309542079946166 0
0.8765276806878985 0.1189065071603597 0
0.8696404568640084 0.1310017803239867 0
0.8626279660852971 0.119016685358058 0
0.8557610963583235 0.1310546603995069 0
0.8487877027855985 0.119131287182597 0
0.8419628648573541 0.1311036088123536 0
0.8350140166854794 0.1192180037892695 0
0.8282147758343742 0.1311431532918814 0
0.8213059907074935 0.1193088531403263 0
0.8145314271477088 0.131197838850013 0
0.8076546283360304 0.1194193542634293 0
0.800916795823219 0.1312461125952797 0
0.7940605144752246 0.119532179642994 0
0.7873516124661807 0.1312977945318537 0
0.7805305433436824 0.1196359016290542 0
0.7738586234728869 0.1313454183764051 0
0.7670640246895417 0.1197436291728651 0
0.7604175194621913 0.1313878639988993 0
0.7536571766674532 0.1198442738619015 0
0.7470355713490356 0.1314433126528412 0
0.7403111524999276 0.1199278913420407 0
0.7337287364730196 0.1314873822226699 0
0.7270272749956247 0.1200327026519705 0
0.7204645921991664 0.131537556931821 0
0.7137999853421112 0.1201420868655283 0
0.7072773512610848 0.1315843002653166 0
0.7006361811175923 0.1202249323317813 0
0.6941379868164873 0.1316220807258028 0
0.6875348536966344 0.1202935496646129 0
0.6810664046576803 0.1316687029421386 0
0.6744888644480175 0.120395181586498 0
0.6680497555198499 0.1317158381105518 0
0.6614893820718672 0.1205247507213096 0
0.6550793672659498 0.1317704790862488 0
0.64855628237759 0.120628376674231 0
0.6421862606369764 0.1318161576074431 0
0.6356929116578889 0.1207280734891178 0
0.6293418351191152 0.1318562061032548 0
0.6228810743560012 0.1208236308506414 0
0.6165529689336666 0.1319089705349429 0
0.6101262891934633 0.1209034012720415 0
0.6038353686873962 0.1319510612638015 0
0.5974306324443617 0.1210035418483282 0
0.5911585310347092 0.1319990016819579 0
0.5847890073782968 0.1211080744558356 0
0.5785551691120081 0.1320436720607273 0
0.5722080447160169 0.1211872484753712 0
0.5659975621328798 0.1320797771706193 0
0.5596867903743979 0.1212528253084211 0
0.5535047356998979 0.1321243328775449 0
0.5472184236016361 0.1213499552304035 0
0.5410644099327745 0.1321693789272939 0
0.5347945044867558 0.1214737854968502 0
0.5286682967937999 0.1322215984944315 0
0.5224340289320456 0.1215728212361699 0
0.5163460436069225 0.1322652524459454 0
0.5101401950831917 0.121668101808895 0
0.5040703161617609 0.1323035256556027 0
0.4978956129894071 0.1217594262096217 0
0.4918476881328754 0.1323539518053058 0
0.4857055570222407 0.1218356626528632 0
0.4796931706946917 0.1323941768620556 0
0.4735720115031626 0.1219313673457853 0
0.4675776110444241 0.1324399926146878 0
0.4614901053536576 0.1220312696126162 0
0.4555322739044614 0.1324826831302545 0
0.4494661757150269 0.1221069360822705 0
0.4435259277319351 0.1325255843850507 0
0.4374985210492046 0.1221710068706747 0
0.4315900691543576 0.1325614277721794 0
0.4255827097603647 0.1222629443329952 0
0.4197012325220945 0.13260315367086 0
0.4137090684700073 0.1223809196651406 0
0.4078630568372288 0.1326501609138242 0
0.4018974084282093 0.1224750224284178 0
0.3960617317645661 0.1326975420568611 0
0.3901440367207239 0.1225669325863162 0
0.3843466824592014 0.1327373493853035 0
0.3784437999890254 0.1226548882331205 0
0.3726548392801876 0.1327810483060425 0
0.366792086289792 0.122727109789089 0
0.3610456549047004 0.1328180655623553 0
0.3552012928150592 0.1228043392884671 0
0.3494722002052817 0.1328589510855529 0
0.343656124322826 0.1228969429239657 0
0.3379577345524204 0.1328991270045864 0
0.3321591908442484 0.1230042792771681 0
0.3264800914112417 0.1329326112134939 0
0.3207028582250233 0.1230651248519841 0
0.3150600389775143 0.1329681186350658 0
0.3093126642065893 0.1231658172520059 0
0.3036956998553643 0.1330107347722853 0
0.2979786534096904 0.1232208169427796 0
0.3035702735912771 0.1133918218618577 0
0.292271523083762 0.1134927737799779 0
0.2866929634005775 0.1232742415642938 0
0.2810073597146161 0.1135825711520764 0
0.3377645987546328 0.1130907546206807 0
0.275455378741893 0.1233246407989422 0
0.2697927738511818 0.1136489323040301 0
0.3725429743358262 0.1126162628418552 0
0.4195232116773931 0.1120420850001496 0
0.4553998448223666 0.1116707940803338 0
0.2753223442888494 0.1039299798423208 0
0.2641410919773177 0.104039917940716 0
0.2586319161358573 0.1137133451940051 0
0.2530041317945104 0.1041444626806318 0
0.4917215462499563 0.1112566667862793 0
0.540877973641672 0.1106560169055954 0
0.2475228318151902 0.1137915261166597 0
0.2419182264127962 0.10423262987771 0
0.5784166010990084 0.1102676300604336 0
0.6164209794605616 0.1098343108215456 0
0.2475260017555687 0.09453056790478649 0
0.2363300878563593 0.09470217391047502 0
0.667854678404862 0.1092058259953694 0
0.7071323593810245 0.1087994395151032 0
0.7468974534905706 0.108346002386468 0
0.2308693053718684 0.1042990946529559 0
0.2253073841458251 0.09483137029821231 0
0.8007550161151902 0.1077066875450825 0
0.8418111390279297 0.1072632029778352 0
0.2307047860503394 0.08524073645961697 0
0.2197323908469665 0.08535259157516838 0
0.2143455036734156 0.09491766286614217 0
0.2087952591411556 0.08547274054333466 0
0.8834185108985972 0.1067882630327745 0
0.9397890493176777 0.1062897387008501 0
0.9827234771875397 0.1056502162619293 0
0.2034080600124967 0.09493032806177544 0
0.1978771423910261 0.08551484366244051 0
0.3094097083288155 0.1428198768530874 0
1.026260658882787 0.1051491703446027 0
0.5099747262525364 0.1423940489213839 0
0.3552422029659472 0.1427667851097857 0
1.085249089162853 0.104823301843333 0
0.2032373523057846 0.07609295863885911 0
0.1923751291674554 0.07619164891066846 0
0.401931613250621 0.1427459873096978 0
0.5719603015558617 0.1422655917766311 0
1.145273227541979 0.103788515950677 0
0.4494643276716246 0.1427022193968807 0
0.6353630161828615 0.1421379710844378 0
1.206422841243439 0.1030907586655124 0
0.7002165988814611 0.1420101576832288 0
1.268690139863374 0.1023802616465451 0
0.7665534053353352 0.1418840514231463 0
1.332095483160197 0.1016568037586387 0
0.1976943332378766 0.06677406867606105 0
0.1868717552930977 0.06688317533057193 0
0.1815504130812922 0.07632103035982928 0
0.1760801631971342 0.06701572876368733 0
0.8351129926416329 0.1430121541682839 0
0.1707839927958446 0.07639161761417333 0
0.1653345299257539 0.06735941479647199 0
1.396659552053422 0.1009201731687145 0
0.9046209431264546 0.1430362398215032 0
1.462403296653904 0.1001701799703431 0
0.9757207058412735 0.1430608702162282 0
1.529347844891212 0.09940667470038103 0
1.597514322099402 0.09862959079011126 0
1.666923495895184 0.09783903686429844 0
0.05566925016514883 0.163417211077381 0
0.06072563977319197 0.1545026412213245 0
0.1600749573599766 0.07652517842824319 0
0.1546023108905638 0.06755487686791335 0
0.09098584317669281 0.059123283187681 0
0.1013716010978986 0.05901839665748671 0
0.1654987551110962 0.08572277106362865 0
1.675928409744287 0.1439864029260422 0
0.08145992844849378 0.1726572768163248 0
1.737594863392056 0.09703557901260711 0
1.746836745935948 0.1451929912771604 0
0.1710149205430742 0.05819512349322605 0
1.035200127210765 0.1428246738466629 0
2.100707456366226 0.2098432069202662 0
1.818951365221184 0.1448021401952368 0
1.807122823748392 0.09616756160043116 0
2.100855830122765 0.2760496659608931 0
1.094264296216423 0.1424770152019694 0
1.892352481544932 0.1443926762708657 0
2.100467321052297 0.1765625150502544 0
0.05048462776181883 0.1545728011065652 0
0.05553175025496299 0.1456713517696446 0
1.880235555103476 0.0957522026423092 0
1.154405301117594 0.1421260189536082 0
1.96704321526301 0.143591654819442 0
0.05121085553122926 0.2985372384412716 0
0.05628249676367097 0.2896471984549006 0
0.0513110168568345 0.3340723166468603 0
0.05643604594258082 0.3429350954884737 0
0.06668496207640066 0.3429330672012433 0
0.06155784051030495 0.3518059377977214 0
0.07182025086400516 0.3518164793461545 0
0.05132760916901233 0.3518022392229748 0
0.0499388916233072 0.07738611152857126 0
0.05511189577179777 0.08621961080536954 0
0.1921720758292391 0.05745107383775051 0
0.2029995267988065 0.05733805354490519 0
0.2978427898489078 0.1036657759840095 0
0.2698574177523701 0.09412479860874824 0
0.149889421540145 0.1769528774263209 0
0.984739465225525 0.2059834723595711 0
2.07250255896144 0.3258742083605425 0
0.5161793586118031 0.1109945564311287 0
0.6420118498569662 0.1095600532623526 0
0.773693963052366 0.1080284997770573 0
0.911459115424644 0.1066008558754234 0
1.055603873626311 0.1051526141695752 0
1.11511128288589 0.1041326862621876 0
1.175709583025 0.1034412160110912 0
1.237415515381153 0.1027371167142926 0
0.3959180969737358 0.1123655198627284 0
1.300249270627474 0.1020201666345724 0
1.364231373147485 0.1012901479462509 0
1.429382647134944 0.10054685854069 0
0.6299798186010001 0.2095608114265809 0
0.5665750175965935 0.2102168779015615 0
0.504574343272449 0.2108508080159512 0
0.4556852520285535 0.2115251792866159 0
0.4080706049898116 0.2118935970464167 0
0.6948278984852826 0.2088845872225572 0
0.7611508023750561 0.208187101523134 0
0.8289811929627137 0.2074669411772626 0
0.8979783008990447 0.2065429305259028 0
1.223759444717318 0.2034293101186578 0
1.285722100669219 0.2032417551439328 0
1.348793304042075 0.2016724187219429 0
1.495724147080734 0.09979012515308532 0
1.413662384305199 0.2009717351258213 0
0.3613850204161679 0.2123401711376691 0
1.563277029849147 0.09901983316984311 0
1.632062310564689 0.09823597995477315 0
0.3154058190937143 0.2127020815768196 0
1.702100282044103 0.09743888099780386 0
1.607048987347423 0.2434939711028641 0
0.4024706322392178 0.2428377341525188 0
0.4500390555935966 0.2426351594308904 0
0.6362982199375777 0.2427169791627515 0
0.5107183109022432 0.242597246217115 0
0.5728026891692075 0.2427461123073758 0
0.7012532759878602 0.2427789022098002 0
0.7676958882094179 0.2428422377808169 0
0.8356601217028906 0.2429070182088864 0
0.9051544557235137 0.2429478309964942 0
0.9762936264055594 0.2430410439136971 0
1.034367164113901 0.2431275517400838 0
1.108425658544495 0.2431669351046957 0
0.5977829945522106 0.1428058167065132 0
0.5351088461121667 0.1428067116798882 0
0.6618865114665918 0.1428067152590661 0
0.4738305287132619 0.1428133447824694 0
0.7274501201589287 0.1428138498883965 0
0.7945095330931179 0.1428237951014525 0
0.8630951916244056 0.1428390006421862 0
0.9328678079398363 0.1430460259044697 0
0.425612197479151 0.1427649717552318 0
1.77340916311345 0.09662942836925426 0
0.3784860683954003 0.1427681243988007 0
0.3557417965727101 0.2429946048913947 0
0.3098658896702154 0.2431325318142979 0
1.703076828564864 0.2588342091418369 0
0.3321840664117475 0.1428089246505635 0
1.774362059507928 0.2589265518168319 0
1.843517563063278 0.09596132868062895 0
0.2648075036633289 0.2432536114636552 0
1.84701010288811 0.2591024313513864 0
1.919884879396314 0.09498444986475707 0
1.920832145461701 0.2591813397157498 0
0.2702554041009684 0.2113757371266896 0
1.996007378932646 0.2594889272824339 0
0.2980785203374686 0.1428467623786523 0
0.3037775284941207 0.1526420379906402 0
0.2924828334510889 0.1526607166244298 0
0.298157611295177 0.1624664058033592 0
0.2868783784720471 0.1623854147279102 0
0.05040442172519608 0.1731103850805011 0
0.09753763322754085 0.2711017844246962 0
0.1825477473227626 0.2891161228480618 0
0.1931778457662442 0.2892039760616992 0
0.1879614120213308 0.2984934070987824 0
0.1987814540952198 0.2984619089189208 0
0.1934156849099066 0.307850958948674 0
0.2042640413832766 0.307812698526241 0
0.1988615664779467 0.317210611274429 0
0.2097289020261726 0.3171903917427876 0
0.1880313058553985 0.3172401670358972 0
0.2151525703212289 0.3077541736239001 0
0.2206471826436729 0.3171890688507076 0
0.2260856078166888 0.3076943920464042 0
0.2316031790821644 0.3171787297749029 0
0.2370670360464772 0.307647131550125 0
0.2426018010523679 0.3171697025223172 0
0.2480929030838096 0.3075956052548487 0
0.2536555576806526 0.317159064810918 0
0.2591720548182089 0.3075358048783863 0
0.2647560285589054 0.3171474505757926 0
0.270296660961556 0.3074812308453225 0
0.2759007734085243 0.3171372124532548 0
0.2814694206317961 0.307427506780818 0
0.2871024696916605 0.3171262076114751 0
0.2926930098760758 0.3073735456049029 0
0.2983514252039257 0.3171156885614562 0
0.3039665938518349 0.3073193959931479 0
0.3096460982439841 0.3171058648716482 0
0.3152898795210054 0.3072650923271411 0
0.3209990397343216 0.3170949473096966 0
0.3266652132364787 0.30721036005533 0
0.332400201111115 0.3170844189040793 0
0.3380914075342147 0.3071553947688139 0
0.3438522141817765 0.3170739333117129 0
0.3495689815410224 0.3071001852377584 0
0.3553556941649688 0.3170634393981643 0
0.3610982152623941 0.3070447127210939 0
0.366911059236721 0.3170529098880999 0
0.3726794892964705 0.306988982770843 0
0.3785185280055978 0.317042350201668 0
0.3843129900537205 0.3069329873136135 0
0.3901740263742391 0.3170323754147844 0
0.3959983263375184 0.30687683987813 0
0.4018901169907583 0.3170212269181386 0
0.407737610407397 0.3068202557404889 0
0.4136562129166517 0.3170104492356465 0
0.2151589080401548 0.3265695849609869 0
0.4195289467340573 0.306679287159903 0
0.425470399501979 0.3169863074183106 0
0.4313732510571191 0.3066059818469417 0
0.4373460029678204 0.3169699488478087 0
0.4432534783762447 0.306660206878483 0
0.4492524993691833 0.3169670680507281 0
0.2480557614308801 0.3266911981564372 0
0.4552013836788877 0.3066157295767381 0
0.4612411587425453 0.3169656304691571 0
0.4672085699186989 0.3065532469338516 0
0.4732730501853595 0.3169523901128376 0
0.479282959471458 0.3065512421840514 0
0.4853702927571839 0.3169572987786675 0
0.491402023562197 0.3065048855361295 0
0.4975152068851006 0.31695093454874 0
0.5035737352405886 0.3065899362522987 0
0.509708936888671 0.3169652480567886 0
0.281490683545609 0.3267017023169238 0
0.5157831198345737 0.3063112261499656 0
0.5219631068897355 0.316921071336068 0
0.528076470097302 0.3064768513283053 0
0.5342737118235033 0.316941865905644 0
0.315310180490429 0.3268446852081782 0
0.5404151308095583 0.3065073565621099 0
0.5466338094473283 0.3169516328003301 0
0.5528066131678329 0.306466156872987 0
0.5590576140662987 0.3169462831482744 0
0.5652551629763883 0.3064578977215525 0
0.5715343574299652 0.3169445768424047 0
0.3611202223599559 0.3269472598797188 0
0.5777422901259666 0.3060130882993862 0
0.5840465009977023 0.3168442896410008 0
0.5903138337190232 0.3062896517285371 0
0.5966515480057626 0.316900662758336 0
0.6029359078543463 0.3063516309988384 0
0.6093009903196622 0.3169209520609062 0
0.6156116359986538 0.3063163372480338 0
0.6220049169784778 0.3169190240798003 0
0.6283441405512333 0.3063610652963894 0
0.6347609676034176 0.3169274149377014 0
0.3960193879235608 0.3270251941525543 0
0.6411149887171638 0.305708146699225 0
0.6475802493607287 0.3168198805123054 0
0.6539770183876362 0.3061639762793873 0
0.6604591297084437 0.3168785106038257 0
0.4313956474678207 0.3271032451823561 0
0.6668853678074738 0.3062541820038184 0
0.6733897013138926 0.3169045915187526 0
0.6798487593540262 0.3062234401011777 0
0.6863868713220473 0.3169037002965466 0
0.6928720447701575 0.3062666781397518 0
0.6994394480468989 0.3169113471923082 0
0.4793160674180436 0.3272132118043347 0
0.7060032444463499 0.306250828181321 0
0.7125587006832685 0.316910565504377 0
0.7191499286984897 0.3055193418671045 0
0.7257311917082242 0.3167891154454314 0
0.7323183053306077 0.3048578131754471 0
0.7389559846092577 0.3166592099634466 0
0.515825406830805 0.327296794612192 0
0.7455715736615396 0.3046746412749846 0
0.7522435465536061 0.3166076305818383 0
0.7588514149843995 0.3051416183616928 0
0.765566657036703 0.3166790111110236 0
0.7727161858940162 0.3044879790715311 0
0.7790673935723097 0.3165372533575441 0
0.5528339367727135 0.327383505885875 0
0.7859004628680744 0.3049478275518177 0
0.7925103798011452 0.3165908770851076 0
0.7992324618335324 0.3045721516178098 0
0.8060090776431393 0.3165823024871985 0
0.8127606595970969 0.3044556744584872 0
0.8195904924044894 0.3164660932892856 0
0.8267669580816268 0.3043342583513008 0
0.8333065086389465 0.3164271061859001 0
0.6029661287799712 0.3274975013981449 0
0.8407048905106909 0.3043543844601194 0
0.8469751689582348 0.31654891988016 0
0.6411598540401935 0.3275827608761249 0
0.8540930260205171 0.3046956552785213 0
0.8607849390579464 0.316467575224451 0
0.8675957620694913 0.3046183662714201 0
0.8745578028055278 0.316579783465302 0
0.8814820265385414 0.304485888771578 0
0.88847325054104 0.3163860555175272 0
0.8954092249667652 0.304443477424483 0
0.9024397787026961 0.3163473305797052 0
0.9094053365899444 0.3044101328883554 0
0.9164684439027397 0.3163001456218105 0
0.6798762766109128 0.3276756253311537 0
0.9234719669786839 0.3043286354017701 0
0.9305616123554377 0.3162793360236089 0
0.9375974644513398 0.3043575633396733 0
0.9447021621312295 0.316515926650872 0
0.7323229859468825 0.3277828389239572 0
0.9517828342055165 0.3043469621576392 0
0.9589347496162107 0.3162651539799261 0
0.966020544897615 0.3041447765832521 0
0.9732186550011763 0.3161903072692123 0
0.7722821183361684 0.3283079913997589 0
0.9803549434557577 0.3040126070885593 0
0.9875703270236995 0.3161196063893746 0
0.9947353704393902 0.3042004323108665 0
1.001984325946131 0.3161397794142238 0
0.8127850205053435 0.3284296657846603 0
1.009181332794333 0.3041792460161605 0
1.016463124707717 0.3161029897543465 0
1.023692911772102 0.3041702510318029 0
1.031007413626167 0.3160960173281825 0
1.038251563510853 0.3037972281517576 0
1.045614345300306 0.3159943058963733 0
0.23151764107399 0.2983004294695015 0
1.052909331628991 0.304010317520395 0
1.060280837729642 0.316201928357066 0
1.067603294182945 0.303655999908748 0
1.075030690869402 0.315972057280367 0
0.883825951348976 0.3285762271450166 0
0.2758186080518507 0.2977702835693835 0
1.08239733336929 0.3035002656231836 0
1.089844063174465 0.3158700786017018 0
1.097243545006979 0.3033999357814841 0
1.104721469613796 0.3158370342389046 0
1.112153891486539 0.3033200631237681 0
1.119665121587571 0.3157800532536075 0
1.127128160739854 0.3038173993130887 0
1.134675626004364 0.3158541257260803 0
1.142151832833244 0.3032973074602864 0
1.14975079676705 0.3157411688483203 0
0.9541819466196469 0.3284605341365263 0
0.3209115833432615 0.2973789978122826 0
1.157281074961724 0.3037410672246521 0
1.164899907062076 0.3157969888310698 0
1.172465481473996 0.3038280095945506 0
1.180116235129835 0.3157816945450361 0
1.187694847574673 0.3030781794297832 0
1.195397238743203 0.3156548661747777 0
0.3668210566111881 0.2969792568515838 0
1.203030705281759 0.3036214529061987 0
1.210752884199003 0.3156847089168678 0
1.218422202046441 0.3037391571188926 0
1.226176638727458 0.3157099986543655 0
1.235147723529243 0.3012266795223263 0
1.241880613201726 0.3152554163927938 0
1.009218905955486 0.3290197824922524 0
1.082435458258082 0.3292397387551128 0
1.249385671896623 0.3027813634582156 0
1.257263510844792 0.3154394714658976 0
1.265007431017636 0.3034727188498058 0
1.272870482392412 0.3155448262274607 0
1.282032662127631 0.3011833079999162 0
1.288795949857128 0.3151815277683267 0
0.4135647275371473 0.2965716812099117 0
1.296389858991501 0.3025552169134649 0
1.304377203223166 0.3153085765038988 0
1.312224982277005 0.3032744193691383 0
1.320195073844455 0.3154503352974479 0
1.328109098837818 0.3039994519809348 0
1.336108349002479 0.315553231122694 0
0.4731922415243934 0.2960514759214349 0
1.344057530428917 0.3031183203074609 0
1.352096339417379 0.3154242480930094 0
1.359797082460915 0.3016366325668922 0
1.368110202652587 0.3151137061118401 0
1.375341988163408 0.300826373856287 0
1.384144464523821 0.3149276345410454 0
1.142205793615244 0.329362029067935 0
1.391685524177826 0.3012062665149582 0
1.400363898429349 0.3149173028595377 0
1.408417216448955 0.3010031110986998 0
1.41672785139078 0.3148824555604968 0
1.424889036400737 0.3019370361490102 0
1.433121681625353 0.3149891171200837 0
0.5343133380784705 0.2953383565320523 0
1.203072108687415 0.3296021530034964 0
1.441297325408222 0.3025226659724984 0
1.449559306292788 0.3151052381666536 0
1.457744851052419 0.3017789962674894 0
1.466060311327795 0.3149568999485996 0
1.474204173733891 0.30155353967447 0
1.482623687102947 0.314895343908242 0
0.22053817166782 0.2433989998151323 0
0.2089382824052652 0.1044040479916789 0
0.1980259717236246 0.1043260286272242 0
0.2035607083540155 0.1138166935825424 0
0.2531252969380642 0.123358032743516 0
0.2420519017703552 0.1234282468132383 0
0.2476358774799204 0.1329798654460766 0
0.2365446762049536 0.1329556649421321 0
0.2421533336319914 0.1425571565050087 0
0.2310818938449864 0.1424088095545945 0
0.2366861572834771 0.1521053526760027 0
1.265042938455406 0.3297883177731676 0
0.5971711646519827 0.2949409681635556 0
0.1239137634538915 0.2983305864465187 0
0.177740424544181 0.1673485758201421 0
0.2107166377425903 0.2042980677424221 0
0.25357198954119 0.2979623562989416 0
0.2982642375628399 0.2975757598133644 0
0.3437631035215132 0.2971801319392333 0
0.3900875782201809 0.2967764302283331 0
0.4372545157648544 0.2963650285583659 0
0.4975074820951552 0.2954906209639303 0
0.5591081234670352 0.29519323140135 0
0.193457092251252 0.3265980104526262 0
0.182651712946302 0.3266157013187931 0
0.1880582158440518 0.33595647924371 0
0.1772728110396409 0.3359754381401329 0
0.1826689577675666 0.3453025781896558 0
0.1719031136216292 0.3453122226727739 0
0.1665259810633109 0.3360151933968203 0
0.1611862618589176 0.3453110078276418 0
0.1558067020567084 0.3360519180412829 0
0.1505018390369018 0.3453230358858055 0
0.1558247198273423 0.3545429827063259 0
0.1451778054051302 0.3545302500329977 0
0.3381132376443191 0.3268958013277046 0
0.4552478524580537 0.3271581593075283 0
0.705982459015622 0.3277376382941493 0
0.8400931190827626 0.3285117022455711 0
0.577787269188099 0.3274374021782703 0
0.9094511871470701 0.3287200634429558 0
0.980391616060048 0.3289331803038268 0
1.038307485524961 0.3291071698946254 0
1.112173868221077 0.329294881216349 0
1.172499835714637 0.3294044036853826 0
1.233917739546637 0.3296948164236329 0
1.957304957131162 0.09457297515908059 0
0.177299701943987 0.3546006213581703 0
0.1880577031767157 0.354620988079508 0
0.1986536633480549 0.2615159511515757 0
0.08661400891533762 0.1983659753413465 0
1.490826953802827 0.3014157317538992 0
1.499274683068292 0.3148177965749013 0
1.507588793835815 0.3014325108074816 0
1.516013744032046 0.3148084146546692 0
1.524352091547346 0.3014586620570138 0
1.532822972614913 0.3166170256825629 0
0.3094626834178006 0.1624237072675185 0
1.006067823671996 0.1429935043460372 0
0.04978260884401314 0.05964748198814872 0
0.05480117067580339 0.05074922476918706 0
1.29645023266679 0.3298826627005176 0
0.1917830151987857 0.1147587695916489 0
0.1982029491744387 0.1232558785308527 0
1.994807131113598 0.09262653037473227 0
1.479716369043787 0.2002584098028507 0
1.042883318927893 0.2058107869514653 0
1.541208922255686 0.3016311171540145 0
1.549705385134942 0.3169479508798551 0
1.558129014001617 0.3017004807056928 0
1.566642840159785 0.3171006367525795 0
1.32814217053919 0.3299778590450094 0
0.6611000381949261 0.2953632461573411 0
2.033083125584636 0.09376635574712737 0
2.05218078839485 0.09366164591429117 0
0.6225301467792329 0.2951720993124906 0
1.575119587278931 0.3016718694892737 0
1.58367092817685 0.3171220594324209 0
1.592193433308075 0.3013668786539427 0
1.600800422967042 0.3161957702777554 0
1.064599350689063 0.1426503886830933 0
1.360121319969199 0.3300739130284638 0
1.548124442581875 0.1998287404869286 0
0.1548190809721446 0.08581261818090112 0
1.609344301410881 0.301095477544556 0
1.617990116947398 0.3159968971066978 0
1.392390268318167 0.3301708271873132 0
1.102087624557562 0.2056332097164507 0
0.09608556732947737 0.05006766536902899 0
0.1064954210702708 0.04995804019672376 0
0.111795639336884 0.05893445771346364 0
0.1169402660150446 0.04983927365846717 0
0.7248846613753461 0.2939588513643565 0
0.2256829634023774 0.1520451935158599 0
0.2312370759196259 0.1616693651770977 0
0.2421962869894412 0.1616759308215725 0
0.05643463506030259 0.3606610527703611 0
1.424951621696138 0.3302686101346892 0
1.124198797481377 0.1423022214229437 0
0.6870393630272409 0.2955847583308395 0
0.04612386248176326 0.3074457971425525 0
1.457808000328142 0.330367266199424 0
1.632793577340649 0.198612217971036 0
0.1974722094690197 0.04799591079165533 0
0.208213242707351 0.04781438609002937 0
0.2367905407211753 0.1712255881858857 0
0.2477619866019637 0.1712116021651534 0
1.162374112182521 0.2044136262654679 0
0.7933271300952147 0.2917769616279537 0
1.490962038512472 0.3304667880645477 0
0.04621651339275967 0.3606633678044071 0
1.676497907870247 0.2132268853261952 0
1.184886274250089 0.1419486379694078 0
1.521611775540595 0.3284431398778221 0
0.7526948474820362 0.2925576177243932 0
1.711265276884849 0.1453932753120826 0
1.215644201884675 0.1417741347204103 0
1.558163464764127 0.3334806807658909 0
0.8614340523194959 0.2923024630157779 0
0.04606172368168394 0.289707000627024 0
0.05112434511523185 0.28082629656658 0
1.747338116655117 0.2117370036184982 0
1.246691822673187 0.142531815340127 0
1.592203579113696 0.3315475726132122 0
0.1398594265473349 0.345343237440872 0
0.134583298263171 0.3545029578723237 0
1.572052669555377 0.143265982697447 0
1.782733460177579 0.1450003753178525 0
0.0453067308480628 0.1457652517648316 0
0.05034202969076845 0.1368742442679259 0
0.06057776444966022 0.1367797559717673 0
0.05538245545450522 0.1279683708914723 0
0.04516486047562501 0.1280919000949722 0
0.8204088937800315 0.2919814779036241 0
1.278017619059344 0.1429246074032947 0
0.3038362860474199 0.172259281626283 0
0.3151633968061325 0.172219707941887 0
0.9313806698108691 0.2921445173548314 0
1.819444935753235 0.2112665427828561 0
0.04489773796997652 0.08593069103593258 0
1.309622174557981 0.1428649202084742 0
0.0717766860217014 0.1538403680344353 0
0.1660882878702764 0.2047250709280727 0
0.1553838907543777 0.204772885041547 0
0.0445847317593677 0.05084991611523817 0
0.04960095644314266 0.04195301879099938 0
0.05980761205105341 0.04185596303272058 0
0.06135979533777947 0.2807665006124627 0
0.05618615520209255 0.2719357987196367 0
0.04596724322762267 0.2720015370709356 0
0.05101549150352253 0.2631201013871113 0
1.855491177186936 0.1445999315094888 0
1.341513855657495 0.1428043434153445 0
0.1606396774731713 0.09478410685368906 0
0.1826831845508481 0.3639285843038316 0
0.1934621386453749 0.3639547947284197 0
0.8883755891009389 0.2924284290536483 0
0.1398673448735097 0.3636980865329307 0
0.1292927050217939 0.3637002028839073 0
0.1240224985544417 0.3545307450676448 0
0.1187660187428162 0.3636798551665901 0
1.892840208489838 0.2103468795374534 0
1.373695251403273 0.1427428454067466 0
1.92949618682621 0.1435165575511729 0
1.061392124251979 0.2915853044993454 0
1.405660377335558 0.1423927093450923 0
0.05131805596565531 0.3694951282697174 0
0.06153076643499273 0.3695173446685008 0
1.967493107919581 0.2100289401165491 0
0.9598337140926829 0.291845760968541 0
1.437846413483371 0.1432204572779086 0
0.1611351422645388 0.3267717556165653 0
0.1504582734420222 0.3268269193303063 0
2.004843264712801 0.1435707382053659 0
0.2532139049382983 0.1425254567591751 0
0.9885675265262719 0.2921320529548928 0
2.120663943247836 0.3089652985767166 0
1.47094401596309 0.1432317753657245 0
1.626557988038748 0.3009892078258742 0
1.635225319692777 0.3158872397014977 0
1.626613749196498 0.3308828425821025 0
1.643932743484471 0.3308653679029237 0
1.652571531096937 0.3158360632205296 0
1.661314582301671 0.3308641190983487 0
1.670004130614663 0.3157745295172685 0
1.678768570328922 0.3308624431858914 0
1.687509843423559 0.315679111558632 0
1.696311838779154 0.3308608054877674 0
1.70508879810836 0.3156065160485316 0
1.713929509642605 0.3308603888773604 0
1.722745235498241 0.3155377008672323 0
1.731625405898703 0.3308609442671621 0
1.740480582796196 0.3154694985305457 0
1.749378989015556 0.3308596296154118 0
1.758291930831706 0.3154008673734849 0
1.767251318105131 0.3308299852164377 0
1.776181345429011 0.3153343261964647 0
1.785188340313833 0.330764249246395 0
1.794163597555005 0.3152477703643766 0
1.803205219759945 0.3307510959064915 0
1.812220542946298 0.3151736197732929 0
1.821301577668055 0.3306767260579082 0
1.83035701653 0.3150911438301854 0
1.839478300470153 0.330662875213974 0
1.848574047595753 0.3150172585038635 0
1.857735862356558 0.3305925082106905 0
1.86687202890174 0.3149352369317143 0
1.876074383585285 0.3305793604426931 0
1.885250978692991 0.3148615229045735 0
1.894493822356767 0.3305097563554978 0
1.90371086858887 0.3147796779982008 0
1.912994191449104 0.3304967322038966 0
1.922251690907381 0.3147060165839148 0
1.931575479052128 0.3304241358086202 0
1.940873322770515 0.3146237035222753 0
1.950237404457623 0.3304102564416226 0
1.959575375253073 0.314550583292594 0
1.968979089847477 0.3307789689033018 0
1.978199119188525 0.3153878412519308 0
1.987772806676315 0.3309901619564401 0
1.166304535491635 0.2927910855627197 0
0.1134970306320031 0.3545216228518371 0
0.1087292142897368 0.3633906598093299 0
1.017462567297827 0.2924353935568002 0
1.504342495127869 0.1432431460751627 0
1.211807592379511 0.2919878196091019 0
0.03955433326928102 0.05970180996678969 0
1.538044505831392 0.1432545597238046 0
0.03939780991181547 0.04205848898073721 0
0.0411344002437105 0.3695092738149776 0
0.04112317209470056 0.3518652469892684 0
1.259252292466637 0.2896820072453657 0
0.04027814046434253 0.1546266605694661 0
0.04081934415577948 0.2631850825893773 0
0.04585616555929853 0.2543112474545994 0
1.090974518403516 0.2909820166940703 0
1.306283170380831 0.2880410715031438 0
1.609044409435839 0.1417375148185565 0
0.1607056734996534 0.2139603208770454 0
0.1500429608351075 0.214016451981567 0
0.1447121574222533 0.2048442149708922 0
0.1394396891389689 0.2140679546466291 0
0.1340884752611462 0.2049196328971079 0
0.1447240793534864 0.2231929079341846 0
1.120958424944185 0.292039453832913 0
0.05018978011569923 0.1191761084597979 0
1.351712920595644 0.2884523854074332 0
0.1073486071192844 0.1402325839526694 0
0.0400003009440361 0.1192898476038099 0
1.639085101641449 0.1439088597775441 0
0.3091482195970659 0.1035610334782228 0
0.3034143841777597 0.09380218030861205 0
0.3147442864337887 0.09370978741105254 0
0.3089947059954548 0.08393189823053684 0
0.3203498193779172 0.08383933018247536 0
0.3145827233437083 0.07405408032916731 0
0.325959917168618 0.07395049633949675 0
0.3032452705316055 0.07416041339318627 0
0.3088157294817738 0.06428421402485072 0
0.2975009740843142 0.0643950602899252 0
0.3030626335287525 0.05453308313165676 0
0.2917640428063607 0.05465474501361977 0
0.3143831487777914 0.05441357863300431 0
0.3086236535968226 0.04465445613642183 0
0.319969513037851 0.04453194041093542 0
0.2862180541248303 0.06447490158381484 0
0.2805057684974774 0.05478115823836274 0
0.274978513468072 0.06444090506575738 0
0.269283309140574 0.05487741916564744 0
0.2637916654795486 0.0645157893022688 0
0.2581252313176899 0.05499577548211813 0
0.2636103094923807 0.04529703711448163 0
0.252484089485021 0.04542921116122327 0
0.2470083793605036 0.05533226462290356 0
0.2413997460409548 0.04559863648041274 0
2.042510127279797 0.07715297081385755 0
2.061662210208189 0.07704819156795149 0
0.08209208260824036 0.2983250936036854 0
0.1334353323216531 0.1127107533621073 0
0.1602293651065591 0.1398550202738881 0
0.1222603760760277 0.0588538609241176 0
0.1274252793129361 0.04971999096374287 0
0.0560662535718586 0.2542411441272961 0
0.0508929410261099 0.2454338618189345 0
0.04068761872603538 0.2455140179804068 0
0.04571413217846924 0.2366473115590312 0
0.2251203097248259 0.07580953560002779 0
0.204161907825086 0.2897505188609484 0
1.398758450104488 0.2857314550034203 0
0.1988641923044331 0.354595378111847 0
0.2043009841012035 0.3639698587935032 0
0.2860197024550475 0.04497721717595726 0
1.997023388246065 0.315448954405633 0
2.006668973508959 0.3310271942374671 0
0.2097274194067094 0.354574191032053 0
0.2151775944979992 0.3639883444808446 0
0.2206252603384945 0.354532923429197 0
0.2259534734412821 0.3639079418346603 0
0.1288498011082595 0.2141039193252396 0
0.1235164815618497 0.2049913728848374 0
0.1287480445656637 0.1958212757200914 0
0.1182054643736557 0.1958782247292111 0
0.1032646959752861 0.3543864478377961 0
0.0983430293081743 0.363797421633772 0
0.3317460351732015 0.08377297929145558 0
0.3373846107620593 0.07383825528211239 0
0.3431883413730157 0.08370838383903963 0
0.3488611169304763 0.07373011299305758 0
0.343025564327599 0.06385132268332402 0
0.3545375888922072 0.06375045157606807 0
0.3603892412469453 0.07365692779215233 0
0.3660352884597931 0.06363568033171978 0
0.3719592572633027 0.07357377853188682 0
0.3776290253380926 0.06359074829740778 0
0.3835900797518231 0.07350366615914206 0
0.3893372416368628 0.06344137126666458 0
0.3952802745435773 0.07343667888749783 0
0.4009680122515687 0.06329685628059181 0
0.4070060279261862 0.07333946820803619 0
0.4127159333898001 0.06328270295060713 0
0.4187924990651886 0.07326912221474031 0
0.4246144962963596 0.06311787009787474 0
0.4306432294127377 0.0732088234398571 0
0.4364872854622143 0.06285618954710119 0
0.4425388538514549 0.07285579482885249 0
0.4484234092596888 0.06267779518580564 0
0.4547211156833704 0.072588469897108 0
0.4604237603327423 0.06268206296474972 0
0.4667687009753226 0.07276130129919858 0
0.4726176169830164 0.06270258596715649 0
0.3601039147115889 0.05385779556371178 0
0.4786273817121079 0.07255004990445395 0
0.48470760697107 0.06240590769605001 0
0.4909919212171914 0.0722544099781741 0
0.4967410764159411 0.06213011776723636 0
0.5031850812114477 0.07244356847117943 0
0.5089213982397631 0.06202152142588681 0
0.5151235699980499 0.07256657847372938 0
0.5209898143768084 0.06201196694068836 0
0.3949162898919288 0.05352647156907209 0
0.5273138443672012 0.07253529383785501 0
0.5333808095088644 0.06183051832402565 0
0.5396458377890727 0.0724528663084822 0
0.5459930692054282 0.06182247432390465 0
0.5520851106518696 0.07239390389613812 0
0.5582202196340956 0.06158107656009745 0
0.4303830734185808 0.05295693097897712 0
0.5645028944621096 0.07180979120695355 0
0.5706560198879069 0.06134718648353655 0
0.5774016956550142 0.07138852505265798 0
0.5832442549796976 0.06156866089622277 0
0.5900381317755922 0.07180278030894463 0
0.5962362584233093 0.06179130525115225 0
0.4544307841819092 0.05286244420456884 0
0.6023199427580025 0.07152961742879967 0
0.608885826714507 0.06125728626255093 0
0.6153974249349974 0.07107912286226013 0
0.6212743462456286 0.06078186431248594 0
0.4905093064880885 0.05187733653823139 0
0.6281451056400877 0.07144486223284972 0
0.6339820237321492 0.06066508289964181 0
0.640464619203855 0.07169624317618697 0
0.6467118797377008 0.06121477924586047 0
0.6532160990423098 0.07178082096559364 0
0.6602141424598846 0.05914249598577356 0
0.666207087598947 0.07140029825741219 0
0.6724502556263207 0.06035841796077574 0
0.6790340338297023 0.07152121336637472 0
0.6854530976816984 0.06020877140021479 0
0.5148087170188274 0.05153832622758097 0
0.6920594145253218 0.07069831003638832 0
0.6985037797562575 0.0599459327581536 0
0.7058908873672919 0.07240487091788259 0
0.7112934004102263 0.05945961178347278 0
0.7189310773126133 0.07103089158972491 0
0.725258091119142 0.05748665980384098 0
0.5519158032621254 0.05106422586616847 0
0.7312211476184428 0.07142166358371155 0
0.7379814588601918 0.05966476017973284 0
0.7451304241009624 0.07341270959456178 0
0.7513451807417633 0.05990887367740461 0
0.7580304454290554 0.07099322890495066 0
0.764633883665241 0.05944326826857463 0
0.7714250026493952 0.07100912563394 0
0.7780336913387963 0.05934897478496811 0
0.6149915429146972 0.05084213450704444 0
0.5772527037558605 0.05192675309432324 0
0.7848631057545151 0.0709448684730507 0
0.7914861325804488 0.05916138117701892 0
0.7983524658619189 0.07075975654233248 0
0.80502229975448 0.05908006157998848 0
0.811910419454928 0.070663696731363 0
0.8186123614756841 0.05901064412005716 0
0.8255295335014541 0.07055551570727865 0
0.8322619383818326 0.05887565056904937 0
0.8391943983263671 0.07045076994326945 0
0.8459712257488767 0.05881981909390866 0
0.8529494208185562 0.07037163319523947 0
0.8597279359359339 0.05837607786695249 0
0.67939550292985 0.05073838625923363 0
0.8667529527273137 0.07018392602982626 0
0.8735785318194479 0.05850770695790761 0
0.8806077242915605 0.07017398891672977 0
0.8874774916713927 0.05848762852655433 0
0.6408766386286504 0.04913163575792718 0
0.8945498790977143 0.07005139598463321 0
0.9014403314492677 0.05835605295266308 0
0.9085445627750677 0.06990662881221292 0
0.9154656358587581 0.05828762548607843 0
1.447697801688149 0.2875764462904639 0
0.1011904298331047 0.04100231691498239 0
0.0907972827226638 0.04111635496574731 0
0.2314982322132128 0.3545239981829285 0
0.236961528700506 0.3638696807273102 0
0.9226009912976305 0.06981754541580902 0
0.9295532182672257 0.05816595345199756 0
0.9367202570204693 0.06968740436685721 0
0.9436991965528256 0.05755639594440942 0
0.9509026378786161 0.06951008545199874 0
0.9579078292830445 0.05731954037065784 0
0.0656297665480679 0.1278670188645356 0
1.499173271325375 0.2870991087280177 0
0.7445017336359955 0.0480682351435572 0
0.2424902196377005 0.3545745235523701 0
0.248142064403064 0.3639833698455522 0
0.2536203841700487 0.3545344112473374 0
0.2591720161092715 0.3640367085538604 0
0.2646382028264046 0.3544898208330896 0
0.2702887644649998 0.3640452839019472 0
0.1226022240786687 0.03937323202103981 0
0.1325826749987728 0.04056144628986082 0
0.1880691366298583 0.3732976609287411 0
0.1772768374972942 0.373189147936655 0
0.9651485387581091 0.06934659418144028 0
0.9721960037950789 0.05712581644543807 0
0.9794501138525571 0.06937423139762944 0
0.9865409369769049 0.05763861686275554 0
0.9938364755114895 0.06925516275679661 0
1.001072608367162 0.05765882191742095 0
1.548826208123333 0.2872875077245658 0
0.2202548035283103 0.1617176100128754 0
0.2147261990614611 0.1520107150841503 0
0.2200960445136318 0.3732194188700779 0
0.7049181072862353 0.0486421991226988 0
0.436903503241276 0.08255102419904063 0
0.2423496748472922 0.18076600982863 0
0.2534036823038407 0.1807148062058278 0
0.2758695844108242 0.3544378906542818 0
0.2814707501197413 0.3640716595819659 0
0.2871824766898395 0.3544229353939646 0
0.2927179456468919 0.3640950990116044 0
0.2983450768644479 0.3543349503256177 0
0.3039705590194353 0.3640969875785988 0
1.008299796515881 0.06913406262875026 0
1.015563477752916 0.05687835556911423 0
1.022771138686881 0.06922388112992228 0
1.029971241507101 0.0565825679051782 0
0.2313235645087729 0.1807971394306047 0
0.253383697590203 0.3733316081740372 0
1.635278383314829 0.3458697012439171 0
1.037357571781545 0.06882584883635622 0
1.04456887072684 0.0563574164594657 0
1.051996633260061 0.06861504852005172 0
1.059238675738779 0.05617148517570476 0
0.8102707270270829 0.0473224286097408 0
0.2027623415969223 0.03853413200528823 0
0.1919367225146179 0.03866610323534147 0
0.2136171936896419 0.03800695305395266 0
0.4731894384948271 0.08205053823658438 0
0.03577919929007593 0.2720453550715447 0
1.669882607146931 0.3458591530936442 0
0.1706054356695415 0.1395591652136284 0
0.1655420951709435 0.1305387400887237 0
0.3096149979997442 0.3542961128074666 0
0.3152962052859065 0.3641112014903949 0
0.3209659807651066 0.354258963655663 0
0.3266713946235124 0.3641240352506507 0
1.066701038170186 0.06849290664299339 0
1.073975649102998 0.05600634894872223 0
1.081471645679398 0.06834636632837127 0
1.088779399758123 0.05584010413732855 0
0.3094384281748516 0.3735892255752444 0
1.704705781262567 0.3460637787465322 0
1.096309300975179 0.06823770810438991 0
1.103650103927215 0.05567946547873196 0
1.111216760740483 0.06853528418370979 0
1.11859209441779 0.05645482650332589 0
0.3323708054120441 0.3542295929704387 0
0.3380981075564935 0.3641380176337635 0
0.3438232235124802 0.3541991323861593 0
0.3495757209686418 0.3641521103949279 0
0.03553434752059672 0.2367285832474108 0
0.0405416374139715 0.2278768968558327 0
1.741742775783893 0.3494019547799516 0
1.126190072816514 0.06865706766310654 0
1.13359845430734 0.0564884889831977 0
1.14123029654863 0.06862558233518885 0
1.148643713391035 0.05531802288951376 0
0.7711900231247869 0.04768125581736635 0
0.8790475374773213 0.04726289509113422 0
1.776200534682088 0.3464226933682091 0
0.1187320877073097 0.3452334143195684 0
0.3553266116537369 0.354168378660679 0
0.3611006024106905 0.3641668569555493 0
0.3668810097645175 0.3541375438814142 0
0.3726853107035456 0.3641805771679738 0
0.3784887747678188 0.3541063886269149 0
0.3843194427131252 0.364194763859329 0
0.3668224324681608 0.3740350156071183 0
1.15633356886646 0.06836770086868994 0
1.163802115378716 0.05498064273424674 0
1.171511823650507 0.06821057749520582 0
1.179017224275369 0.05491403625439747 0
0.5587761441895053 0.0813466496195956 0
1.959586380261267 0.347131295463964 0
0.09720894916939844 0.1404773577932111 0
0.1022317132651633 0.1495499069221595 0
0.03511897880485974 0.1458538403992043 0
1.81441149520621 0.3465468104034273 0
1.18675785126869 0.06811521145496002 0
1.194297021244933 0.0547690709640337 0
1.202062931203291 0.06802113811275094 0
1.209638960363296 0.05470465534075179 0
1.850832676097988 0.3463438493717082 0
0.1134905078396418 0.3727443247855173 0
0.5969355648909022 0.08070472816818682 0
0.390143027074328 0.3540768507938216 0
0.3960046997051995 0.3642093748683702 0
0.4018514835385404 0.3540452964562526 0
0.4077427350319637 0.3642238096308907 0
0.4136245111841305 0.3540125312836546 0
0.419531344105627 0.3642387073458762 0
1.217452559114791 0.06793169947730064 0
1.225056302017126 0.05455997460309601 0
1.232906237501675 0.06783371206160119 0
1.240544240856065 0.05447601948407935 0
0.309523448948028 0.182045756773051 0
0.2982036452771112 0.1820830346848961 0
0.3208802804004044 0.182020066989157 0
0.3265370657665785 0.1721928042754109 0
0.3322923300628797 0.182135029177899 0
0.3379751958962213 0.1721427770109482 0
0.3437474300903186 0.1821416798394595 0
0.3494587620213145 0.1720535147044842 0
0.355252041056254 0.1820492709307297 0
0.3609886090767612 0.1719741267953073 0
0.3668071213095679 0.1820165441567635 0
0.3725693946351107 0.1719060990294854 0
0.3783944976345303 0.1819323318305432 0
0.3841868695431109 0.171838983397222 0
0.3900630398082144 0.1818985458577116 0
0.3958833007747876 0.1717645295474832 0
0.4017827467295334 0.1819029409246379 0
0.4076245701754843 0.1717028169179625 0
0.4135493469112813 0.1818892470350546 0
0.4194166074705741 0.1716399895885188 0
0.4253677852464458 0.1818723300896899 0
0.4312613062197051 0.1715762056329762 0
0.437239282687013 0.1818547045892682 0
0.4431594293060321 0.1715119203760669 0
0.4491644136223999 0.1818368535449566 0
0.4551112808862794 0.1714472788859198 0
0.4611434059458053 0.1818188928506923 0
0.4671141135828951 0.1716517061540793 0
0.4731760845604725 0.1818457341125334 0
0.4794164552599949 0.171775000712287 0
0.4853039235963788 0.1818665071835276 0
0.4915767606566382 0.1714773961626838 0
0.4974555167936379 0.1815595763130779 0
0.5034954508095484 0.1711914491589556 0
0.5098508813302776 0.1813205702272036 0
0.5157329624977162 0.171049594452705 0
0.5221387455727595 0.1815099637289773 0
1.887616380785916 0.3461609020522265 0
0.9493914452223877 0.04550424284307384 0
0.06643277737270678 0.2718778312259664 0
0.1345731075669833 0.3728604370120529 0
0.1451490472181472 0.3728722107077679 0
1.248429015158885 0.0677442530559073 0
1.256101417588497 0.05432700050878905 0
1.264021716387431 0.06764500491537211 0
1.27172957518563 0.05424206870767839 0
0.5280182340462889 0.1713747039043959 0
0.5341626536072458 0.181705421648392 0
0.5406295191539987 0.1715902924435721 0
0.5465814553881059 0.1817907862803737 0
0.5530738373184922 0.1712174843527486 0
0.559013584057847 0.181361961763091 0
0.1234089424533833 0.1867371826722474 0
0.1131006398432778 0.186922090475659 0
1.924675906734544 0.3459568495509242 0
0.1557532026699094 0.3175691751628166 0
0.1451003061678983 0.3176058579500012 0
0.05460705687371343 0.0330505980458651 0
0.06480745161383648 0.03293526289082267 0
0.8375522587013764 0.0472943574485863 0
1.279684981881547 0.06755463678806443 0
1.28742769084152 0.05409164730087981 0
0.4254383224415721 0.3539824234603067 0
0.4313796614569796 0.3642529707011243 0
0.4254056046121288 0.3742767759994026 0
0.4373068136070205 0.3539503478666823 0
0.4432783242809298 0.3642675030564776 0
1.295418959265305 0.06745446375300505 0
1.303197475439955 0.05400631275959878 0
1.311224173282801 0.06736333335923828 0
1.319037860733972 0.05385459916749912 0
0.2090524259270293 0.1231929311217822 0
0.1709969460496416 0.09489828571455643 0
0.2812050752949147 0.1527642119351581 0
2.043102770410744 0.176475562453039 0
0.5651673542677116 0.1708566961104771 0
0.5717662908840526 0.1810348200760381 0
0.5777049849159545 0.1706820620248851 0
0.5843505800590255 0.1813240063284275 0
0.2579373005119383 0.03573994037469824 0
0.4492403405718065 0.3539171193260676 0
0.4552321790413683 0.3642819629744855 0
0.4612213411138311 0.3538847646201691 0
0.4672391884103803 0.3642966430971411 0
0.6863814888773988 0.08254874225041341 0
0.07696270752991133 0.3429100954526747 0
1.021492284908974 0.0448773388555933 0
0.2096709200708806 0.1613675802063509 0
0.2038682952734911 0.1521461853364448 0
1.327100746435222 0.06726227369558858 0
1.334950570307521 0.05376891548692619 0
1.343049202581975 0.06717039057429879 0
1.350934515634076 0.05361591052803084 0
0.5902772189246382 0.1711203965813476 0
0.5965569641107047 0.1816140240298919 0
0.6032336614030545 0.1714143205469 0
0.6092588157214756 0.1817241846557346 0
0.6159709036236506 0.1709542323470439 0
0.1170997940496408 0.06796500484773232 0
0.1268140493743991 0.06833809688479649 0
0.04621756672823504 0.3783149497616548 0
0.03605611037842492 0.3782993046032997 0
0.4732553210769742 0.3538524646322991 0
0.4792956199343295 0.3643120776715885 0
0.4853426588472985 0.3538201602082229 0
0.4914146917225605 0.3643264547233007 0
0.4853231799937255 0.3745225441734673 0
0.4974858736622772 0.3537875420513358 0
0.5035855187761362 0.364341320707632 0
0.09161703044113639 0.1313030388115489 0
1.583189298704362 0.2869339856490224 0
0.7249391788710114 0.08266415974076589 0
0.6219758586294457 0.1811608507949304 0
0.2587726862719164 0.171277307950549 0
0.264419624272876 0.1807520324638111 0
1.359069662354057 0.06706843986772147 0
1.366991442966424 0.05352991220406041 0
1.375162655466023 0.0669758041813175 0
1.383120246185265 0.05337561155899612 0
0.03098338667663557 0.3695294764081023 0
0.1972341689474764 0.02922384057121883 0
0.9069666367505755 0.0472343112474051 0
0.366231592473841 0.0835158743289016 0
1.617884074318878 0.2860559073185939 0
0.6282618977751303 0.1705129726217827 0
0.6350926760046439 0.1807436741007188 0
0.6410932034525368 0.1703061117707052 0
0.6479777088806595 0.181136394766556 0
0.5096777675464979 0.3537566228641894 0
0.5158098734210294 0.3643566269373124 0
0.5219264104533263 0.3537236005711157 0
0.5280894795361456 0.3643717435895766 0
0.5342426424876365 0.3536893143647426 0
0.5404220199136265 0.3643873420719619 0
1.391328302441184 0.06687295731864334 0
1.39932269451178 0.05328933484133343 0
1.40756713743087 0.06677956770077978 0
1.415597661776864 0.05313373454169686 0
0.3894977263128127 0.08359321982656978 0
0.3141855660669344 0.03476142517913329 0
0.3255701849076187 0.03523466751724662 0
0.6539563308962905 0.1708619315623056 0
0.6603663283546175 0.1815177485261176 0
0.6672620236786498 0.1712338745580271 0
0.6733640412979613 0.1816555237451072 0
0.6802992949250368 0.1706833239064939 0
1.423879279838367 0.0666758165690699 0
1.431946942443683 0.05304722186055728 0
1.440265270633824 0.06658167393503314 0
1.448369391490197 0.05289031873230706 0
0.4129680217192159 0.08342672475900025 0
1.678056381704145 0.3010391959241847 0
0.546601559590973 0.3536578093346167 0
0.5528170495029461 0.364402273916613 0
0.5465890717878029 0.3751344279758649 0
0.5590177019243813 0.3536242474857524 0
0.5652647660128004 0.3644174852807493 0
0.8187836340460217 0.08240430220115473 0
0.09589579103269744 0.0325245264179334 0
0.6863736249119321 0.1809528331815976 0
0.2755912407640488 0.3734216774774554 0
1.456725229111458 0.06647701416748339 0
1.464866827505549 0.05280361694932959 0
1.473259699726463 0.06638211756084282 0
1.48143808220232 0.05264540898238772 0
1.635126108827031 0.2859839248390222 0
0.6927758828563234 0.1701647173750741 0
0.7000118615313675 0.1828533449675156 0
0.7059489239952088 0.1703233816717377 0
0.7124087356345713 0.1814297737183234 0
1.713202020969925 0.3008214232036804 0
0.167164760992696 0.1040600908091335 0
0.5715019011230926 0.3535894810949737 0
0.5772256087161992 0.3650269529699157 0
0.5839450049196327 0.3536546850131932 0
0.5902523681669412 0.3666285885986406 0
1.997227738411014 0.3472620677202845 0
2.016186535183169 0.3467773142776235 0
2.025674289630599 0.3307494823945164 0
2.035206582521504 0.3466661117860995 0
0.8599188342847808 0.0822904029252722 0
0.2368675686983286 0.1903246539872515 0
0.9779572533483805 0.04592218664813191 0
1.489868799507718 0.06627653941842238 0
1.498085001713194 0.05255857254651483 0
1.506553080575099 0.06618089158513965 0
1.514806397309072 0.05239905849390094 0
0.7189838563738397 0.1707470814761314 0
1.748749915738805 0.3006854851405809 0
0.5965967974753094 0.3539017794620297 0
0.602927566392519 0.3644517549091277 0
0.6092627488424283 0.3535492993408105 0
0.6156019301905633 0.3644672864681583 0
0.6092512722435766 0.3754565065107405 0
0.6219526033665699 0.3534656924578677 0
0.6283336049452833 0.3644828883048031 0
0.7255992230598368 0.1815413251994008 0
0.7328709032847471 0.1687212401340341 0
0.7389463735820879 0.1812176280340932 0
0.7461148624477725 0.1699553389421309 0
0.2589807589306868 0.1908888193329067 0
0.2700040564610671 0.1904512627381182 0
1.52331906229079 0.06608532440537664 0
1.531602333318922 0.05144313348479747 0
1.540155258716378 0.06584590961790461 0
1.548446673277866 0.05108650895065386 0
0.3323033225430277 0.3738953816690518 0
1.784520136571365 0.3005211737057147 0
0.04501351205092863 0.1107249659338109 0
0.05520708091363125 0.1103375400905852 0
0.03483889652880182 0.110888323389903 0
0.02984036683016743 0.1194254040615176 0
0.5091316760471229 0.0829108622229154 0
0.03052582921004722 0.2455850147389143 0
0.7522462743739878 0.1806008670319104 0
0.7588812491370833 0.1696875057995562 0
0.7662938131429557 0.1824162484671848 0
0.7722844895240061 0.1698883964896254 0
0.7796429500126156 0.1811957411224285 0
0.6347232847585105 0.3534215588081378 0
0.6411342660620958 0.3644634033494287 0
0.6475405576755904 0.3533813825707022 0
0.6539832102402069 0.3644243599695712 0
0.6604254954029496 0.3533331774649459 0
0.6668902139012367 0.3644288086986494 0
1.557062902728019 0.06597844633831364 0
1.565406912050384 0.05013422612266932 0
1.574051918425143 0.06577706485008859 0
1.582434509986527 0.04981050307868332 0
0.1375605786953542 0.0496260631632045 0
0.1430807126112073 0.04025890341606858 0
0.138254230496869 0.03159418631086724 0
0.148604932744873 0.0306274553172431 0
1.820684638858387 0.3003763025986678 0
0.5335513609055046 0.08319417077526052 0
0.9566787545371258 0.08146109416278928 0
2.140285857891897 0.3423444573356351 0
0.7857171955424025 0.1704673153177551 0
0.1537857220399834 0.04002921477521273 0
0.1589598417771745 0.03009779950794884 0
1.591116833749668 0.06555349482806583 0
1.599538737132996 0.04967958851723728 0
1.608258783105363 0.06542904959815318 0
1.616718758666286 0.04950439614117855 0
1.857409446318286 0.2997115393386904 0
0.06112291865445363 0.2453444768321054 0
0.1508621826644945 0.09486993678887956 0
0.1443841097684438 0.08588393176972225 0
2.051971391664654 0.06130707753984458 0
2.071154110503866 0.0612891375078441 0
2.080867978175266 0.07712123150952244 0
2.033688429764012 0.06028384352889091 0
2.090392114811045 0.06126536188816267 0
2.100128491332269 0.07707466227191025 0
2.109685929812071 0.06115067594560222 0
2.119439877354336 0.07697362407044263 0
2.109856811468054 0.09354782053827705 0
2.129194777927494 0.0934881557987095 0
2.119606761023232 0.1102567012851691 0
2.128969606173523 0.06005354644953769 0
2.138958683365521 0.1101661791180886 0
2.12935378536972 0.1269588693357665 0
1.050565332172053 0.04443834083851646 0
0.673361595837773 0.353292187258921 0
0.6798544393551769 0.3644018184954037 0
0.6714487044922495 0.3757931327634035 0
0.6863499505976174 0.3532484983894977 0
0.6928607559386719 0.3645619628736975 0
0.792323425985996 0.1813095568219302 0
0.7996475580565843 0.1688717125046579 0
0.8059701325655215 0.1813719738388192 0
0.8133649261380226 0.1697627775661925 0
0.9997402261817476 0.0810929733332741 0
0.3900994660495769 0.3741345000491075 0
2.081281318086254 0.04504004258542626 0
1.894157307533048 0.2994875871796377 0
1.625450561633052 0.06519586894962735 0
1.633972965097315 0.04939859557191485 0
1.642769457880267 0.06511772342403473 0
1.651311312075197 0.04923410711311985 0
0.2359503735266403 0.05569061968828031 0
0.2360954956021081 0.07567033513061383 0
0.6994030750781617 0.3532388702383568 0
0.7059547223851522 0.3644413651521645 0
0.7125160743268323 0.3531851749904108 0
0.7190975706084763 0.3643824271615478 0
0.0301082102000633 0.1546827436997583 0
0.8191807156475686 0.1819326374179688 0
0.8263210162701403 0.1694270554581412 0
0.8336354179636973 0.1835313847454913 0
0.840027563651686 0.1695792249532603 0
0.8468144301381897 0.1812275878871905 0
0.03038553991870744 0.2279590683519558 0
0.03538313114877167 0.2191143849793944 0
0.04554439773593132 0.2190335860236736 0
0.04042539265447222 0.2098821063385156 0
0.03023461893562244 0.2102989709826815 0
0.03512259749286766 0.2009880161465196 0
1.08008460996716 0.04414336748782529 0
0.8532578075437424 0.1687415413504156 0
0.3038776623696969 0.1918624712659363 0
1.931313439805743 0.2990872914796423 0
1.660148362591334 0.06493538327155379 0
1.66872741462486 0.04914079722204212 0
1.677602736935546 0.06482282401118009 0
1.686220022679919 0.04897145232077208 0
0.7256868335900157 0.3531342733055649 0
0.7322978109212191 0.3643835440755145 0
0.7389165083758399 0.3530936949621922 0
0.7455573439248965 0.3643557822825731 0
0.752199448023906 0.3530594353590195 0
0.7588641911055738 0.3645058140299173 0
0.7388970881956377 0.3761228862439059 0
0.6344374310373313 0.08177800979710349 0
2.148563483216025 0.09334407799449439 0
1.968828621678757 0.297816235702495 0
0.3266537286256022 0.1923375684547753 0
0.449213480126295 0.3743779626881116 0
1.695134256188346 0.06463138518810142 0
1.703792464274315 0.04887835803546492 0
1.712745488160474 0.06451670328300292 0
1.721442855809139 0.04870747489211494 0
0.150393731966527 0.3083662380461418 0
0.1610386434470287 0.3083202479367818 0
1.110958888994346 0.04275473551273989 0
0.1181205680607673 0.1776947466546998 0
0.1078288301658226 0.1784202244472527 0
0.6596988843926042 0.08284482151183521 0
0.1864148412769091 0.02937498410027496 0
0.8605411178513158 0.1811258958576653 0
0.867960549817163 0.1669452787544811 0
0.8745212767782459 0.1808047075775354 0
0.8813325341830877 0.1691542954379777 0
0.1757904974221094 0.1306536914941344 0
0.1817055115548673 0.1396994331619054 0
0.2807492476389269 0.07430284831105156 0
0.7655457377705944 0.353073661582159 0
0.7722525852411831 0.3643996114159256 0
0.7789578197526957 0.353015375094784 0
0.7856945498770719 0.3643415022919762 0
0.7924289730512457 0.3529971496723409 0
0.7991958104463458 0.3643486467205381 0
0.1826652765014575 0.3826223514466472 0
0.2923793777584375 0.1914859273142116 0
0.112775412394278 0.1686254098037052 0
0.102299966369825 0.1686953404627595 0
0.3495730157621534 0.1922135096003569 0
1.730429699565263 0.06435706215194033 0
1.73917309993881 0.0486223185751619 0
1.748198898615749 0.06424830542481683 0
1.756982512929604 0.04845252879556972 0
2.091047711289262 0.3579560697121718 0
0.1338647220014362 0.1678368403502421 0
0.07004291020668775 0.04165333551376125 0
0.1815050344766309 0.03857034168267232 0
0.1398236063258576 0.3268432227391504 0
0.8883584114370997 0.1810743816208072 0
0.895285686636537 0.169050866287461 0
0.9022977262136185 0.181144128445182 0
0.9092809921606998 0.1689855875448234 0
0.9163394137158828 0.1810731500908633 0
0.9233213671658947 0.1689273230899323 0
0.04618540717019264 0.3252399819929657 0
0.09762542814464312 0.2892252603416591 0
0.03974001736167303 0.07739170745480438 0
0.03471751298977297 0.08594614963968633 0
0.02958097620260368 0.07748300567137097 0
0.08545952668963933 0.03273644506741026 0
0.03524836725840625 0.1639073139178912 0
0.03065165165114766 0.2632607696446288 0
0.05029513750916607 0.1909852096725927 0
0.041107957565246 0.3341023239542876 0
0.03599842252504987 0.3252926980529251 0
0.03094307668817073 0.3341122382030828 0
1.140153907361293 0.04143460074550642 0
0.02562534273337935 0.2721074925148434 0
0.03073823303471561 0.280914941863061 0
0.19971305322308 0.1611789214236281 0
0.3028521680951903 0.03488972343072698 0
0.3083996673918394 0.02500676153329274 0
0.21556137621731 0.1704054270589217 0
0.1822620800996048 0.214002894672711 0
2.110031393795245 0.1270495823956419 0
1.617923255026382 0.3459220967610362 0
1.626992047139272 0.3616212143674579 0
1.610396287341274 0.3628716954222881 0
0.2921074999446655 0.09395134014412412 0
0.1397686498758693 0.2890522860799053 0
0.227487529973932 0.2137512104064473 0
1.766048572943423 0.06409081695805124 0
1.774873708194124 0.04837119582137941 0
1.783979192942319 0.06398236018339308 0
1.792844075460041 0.0482008530616423 0
0.2690792955859435 0.03559679108420299 0
1.650160169904074 0.1984898154426776 0
1.64137381731731 0.1842302972956701 0
1.658732745484549 0.1834051517928053 0
1.624851320180284 0.1842374494194444 0
0.3727249426776688 0.1920650145569576 0
0.2309319863645856 0.1233395008530849 0
0.106088624848645 0.03212866421426917 0
0.0921206401385978 0.1496170897909266 0
1.643997598810692 0.3610033813248616 0
0.805944956414918 0.3529733539773324 0
0.8127552437383123 0.364324437004255 0
0.8195499770878851 0.3529382819305189 0
0.8263691259628574 0.3645318286636216 0
0.8061066416995155 0.3766049236009245 0
0.06630800998499511 0.2541745038959239 0
0.1436698940351321 0.02067381230921439 0
0.1988634617636734 0.3359505239466152 0
0.07054973542514799 0.1365397152329874 0
0.08650588843570951 0.1810290410201024 0
0.2137874408062241 0.05681944278914198 0
0.07161654271823228 0.28073048819237 0
0.0767219912177016 0.2718125030751997 0
0.509664652148382 0.3749446461194951 0
0.1183009202904839 0.2141420860140334 0
0.1236050355587141 0.2232494840414271 0
0.134500483356063 0.3176531308128221 0
0.1292329646662428 0.3268410948058898 0
0.1079340634288564 0.1961014465441314 0
0.3313646415946508 0.04451032329943536 0
0.3369982345840987 0.03520810963647737 0
0.139836664937931 0.3820218370345537 0
0.1504323399795422 0.382049926752797 0
0.1290779241586518 0.3821109729797364 0
0.1557544061970294 0.3728684751541629 0
0.1610507908730726 0.3821210491422924 0
1.801990033663039 0.06382386322798309 0
1.810896606137475 0.04812298571140208 0
1.820082183325098 0.06371500837197676 0
1.829028676002725 0.04795193337195677 0
1.171250411316948 0.04188055750621245 0
0.1215040237896942 0.07752410743883958 0
0.9304299094096735 0.1810030998573965 0
0.9374379143502281 0.1688845987159796 0
0.944572246443232 0.1810805393497125 0
0.9516411046976463 0.1688085846797065 0
0.9588035874304606 0.1809545044919903 0
0.9658971544451116 0.1687508119386883 0
2.119759879679873 0.1436520076753742 0
2.139087423941964 0.1436726508450949 0
2.129495519540885 0.1603616033927334 0
0.3959575417775091 0.1919804705688107 0
0.8332045207456856 0.3529683020470311 0
0.8400634643293852 0.3643814779106734 0
0.8469218647963498 0.3529147798312882 0
0.8538120622606638 0.3643159863875891 0
0.8607002287690269 0.3528963330435865 0
0.8676213199903815 0.364322316818221 0
0.3436420289779443 0.1622002636173989 0
0.2260194074090297 0.3451807117396075 0
0.7647956176879399 0.08255379427327231 0
1.838254962419455 0.0635554044698753 0
1.847231637561945 0.04785859909101583 0
1.856507585628145 0.06344299518496634 0
1.865524120800854 0.04768310573236113 0
0.7916678442048137 0.08247938477424968 0
0.3667055162735854 0.1618882547040367 0
0.4194543676051254 0.1921244506079627 0
1.202217675103612 0.0413130838326321 0
0.2589984783861549 0.345233794813632 0
0.8745242234262293 0.3527898465973234 0
0.8814900419955598 0.364283983935864 0
0.8884398910424008 0.3528201357007912 0
0.8954144412435034 0.3645583848071852 0
0.8752786139529963 0.3767640420811211 0
0.9730898675867379 0.1808747977558088 0
0.9802140050242759 0.1686668730450557 0
0.9874386345707364 0.1808424828841542 0
0.994594814903609 0.1686202874125953 0
0.226428600586559 0.1900363024529543 0
1.874842635910412 0.06328116927729006 0
1.883885341168222 0.04753622891520001 0
1.893257737863022 0.06315849887625202 0
1.902204720031884 0.0473863568191803 0
0.02508244681715369 0.1634944661282558 0
0.03007816755699281 0.173623752761492 0
0.5714844583856005 0.3752623872679494 0
0.1934513805989671 0.3826556762521954 0
0.3899704258513119 0.161671507922962 0
0.2754736847212805 0.1811292544910015 0
0.4431972590084259 0.1921816596676176 0
0.9024059866020685 0.3528724462320336 0
0.9094213104508655 0.3643650255492377 0
0.916436307040696 0.3528147075672862 0
0.9234835965835534 0.3642908333772788 0
0.9305290253354512 0.3527943462564795 0
0.9376079105561568 0.3642958583723672 0
0.2926562190892336 0.3445875160989397 0
1.911733548218188 0.06299842836812902 0
1.920709080703933 0.04724646311773909 0
1.930305281555578 0.06287612357896355 0
1.939352917277048 0.04713519616610271 0
1.001851736579326 0.1807811289209248 0
1.009040245383047 0.1685407189511003 0
1.016329917478266 0.1807525556685938 0
1.023551096670186 0.1684951499136502 0
1.232639789325339 0.04099047381242266 0
0.02498107858699634 0.1459307531892741 0
0.4134461115080817 0.1614527358335766 0
0.5280841701964935 0.192175651522938 0
1.948970677562467 0.06272183806797868 0
1.958091005818656 0.04702379274032731 0
1.96772215218523 0.06260365855562675 0
0.4671553481360439 0.1922393945296865 0
0.326626351701522 0.3443644158953031 0
1.030873501087593 0.1806916397297696 0
1.03812738232115 0.1684152660439959 0
1.045482871919593 0.1806630408894946 0
1.052769738805192 0.1683692957301793 0
0.4973822897284987 0.1608820899108411 0
0.944668092937774 0.352602153429756 0
0.9517929886785559 0.3642428718710671 0
0.9589014958437004 0.3526998504525571 0
0.966034991665353 0.3645856800649116 0
0.9455666469689973 0.3765276522124207 0
0.4371345489501992 0.1612319577928309 0
0.9001497182749356 0.0820991458346771 0
0.6475327277702277 0.3756532725822646 0
1.265446665594428 0.0408422678562126 0
0.08233575384186489 0.3521902567003611 0
0.0770029804113727 0.3608017280812634 0
0.08753782121585577 0.3437770976234551 0
1.976937517630716 0.04681330183927496 0
1.986559401588284 0.06243315334411837 0
1.994969716629657 0.04699634804887249 0
0.3495290297267354 0.3442137871250558 0
0.4916321657043246 0.1914378823084064 0
0.02609887257898268 0.3783947560997665 0
0.1389264171403927 0.09518354902780048 0
1.625749034483422 0.2712835538312132 0
1.060158267468087 0.1806017027309945 0
1.067478137432073 0.1682887117652354 0
1.074900053466637 0.1805728703075861 0
1.082253208493958 0.1682422319406671 0
0.590459475390498 0.1919599214749352 0
0.144010193848911 0.1126104063267493 0
0.9282959306074574 0.08178293144942801 0
0.9731862518092969 0.3527750504580889 0
0.9803615219662817 0.3643485156761774 0
0.9875366888521637 0.3527130451903416 0
0.9947493232088856 0.3648885496167629 0
0.461324173512594 0.1619484721256781 0
0.5590497095593036 0.1606465412680285 0
0.3726388896284567 0.3440616703976496 0
0.1129319946705261 0.2235943134236503 0
1.296903239397263 0.04077184774397098 0
1.089708464025046 0.1805110617040135 0
1.097094921140758 0.1681609167800047 0
1.104583866608382 0.1804819820247324 0
1.112003909693529 0.1681139100902365 0
1.001951711114164 0.3527946081748786 0
1.009196788540705 0.3650134071386424 0
1.016430865691772 0.3527936831491849 0
1.023708557585432 0.3650554098708355 0
1.608388348319229 0.2714712936044696 0
0.7124978962795622 0.3759871939117121 0
0.6221489664094115 0.1604742123999365 0
0.6542886500418283 0.1916481244181404 0
0.4076965820625046 0.3438307837707292 0
0.07130860327601983 0.2452169924940271 0
2.148571510957305 0.1602224998325028 0
2.139186037277067 0.1771655820263665 0
0.2036898462310077 0.1328108973506104 0
1.119526497266407 0.1804197029748623 0
1.12698014389869 0.1680318557362967 0
1.134536726544589 0.1803903741730673 0
1.142024262544963 0.1679843102020248 0
1.030975246636474 0.3528025347365675 0
1.038285684668207 0.3650853363382633 0
1.045585202581667 0.3527709357475309 0
1.052928700704596 0.3651065984267131 0
1.060260210034178 0.3523664470003915 0
1.067637706540344 0.3650643725424282 0
0.0249154390298154 0.1105595011168238 0
1.328645325954976 0.04070133887907214 0
0.5221416113813505 0.1617324150965961 0
0.02457146801377627 0.08622116765551517 0
0.6865969711552701 0.1600740650050166 0
0.5531416688353696 0.1911456737640003 0
0.443231726718556 0.3435966667523939 0
0.0252991834297887 0.2013949498328123 0
0.02993089400280532 0.1926087629805419 0
0.02019038625659829 0.1927048355141559 0
1.043400361027589 0.08060907645358426 0
0.7195598063491426 0.1911533105128603 0
1.149614792502277 0.1803276281725406 0
1.157136235961775 0.1679015101865882 0
1.164744354696319 0.1807493701265895 0
1.172313921876202 0.1679286337758403 0
0.214559217550268 0.1325956747945757 0
0.02610307699850949 0.3254660808272235 0
0.03093265909437418 0.3165562321011997 0
0.7790872029785776 0.3765345082205508 0
0.1779169022028484 0.103918494503616 0
1.075003496413933 0.3526824607191114 0
1.082408900606173 0.3643750240294417 0
1.08981190236127 0.3525841040645288 0
1.097356204387401 0.3642073041199698 0
1.076168292746482 0.3774618492213411 0
0.4671903535748407 0.3434387971035985 0
0.1771467018331385 0.2986497495632676 0
0.1339457928277969 0.1866524876272853 0
0.2811226980411527 0.1330899553952397 0
1.072845254320176 0.08025701998377606 0
0.7527432759626216 0.1601171503208694 0
0.02997639909297908 0.1370639073908099 0
0.1126538347392865 0.1495261264838288 0
1.179959039397893 0.1807264851581795 0
1.187562391511513 0.1678643390094993 0
1.195242517422228 0.1807034966546442 0
1.202880358151364 0.1678200286143411 0
1.360675513178012 0.04063079368681367 0
0.4913661037291339 0.3432794834309748 0
0.7856061109443947 0.1930068940530981 0
1.10255037254229 0.08046584601299066 0
1.104705333898572 0.3525420696532353 0
1.112141616402347 0.3650757880950312 0
1.119630770727616 0.3526433496327105 0
1.127138592723088 0.3651929348107066 0
0.3204894915208135 0.1034601923743171 0
0.1819476348451699 0.09481663034079574 0
0.8193491012909873 0.1576695531146152 0
0.1494021643499592 0.1217020188655691 0
0.1772001479487782 0.317365155203615 0
0.2699003604802502 0.1331567390574308 0
0.08191846856106749 0.280635284871393 0
1.210595098479645 0.1806804037232203 0
1.218267482447474 0.1677432052666954 0
1.226017094229692 0.1806572061370399 0
1.233724353575481 0.1676963633825765 0
0.5843296022615658 0.1615287715200105 0
0.3427879100756001 0.04439867333892248 0
0.3484222354893347 0.03447172172717134 0
1.132532292167924 0.08126196915011218 0
2.009353739706412 0.3625514871245971 0
1.989640124969371 0.3633681846667747 0
0.08216869235429877 0.3341738378429893 0
0.1117877287211891 0.07705882933244622 0
2.100360088657334 0.143486735409951 0
1.134642029784865 0.3526821977583669 0
1.142186731345906 0.3652410732260232 0
1.14972134176856 0.3526599036348965 0
1.157300219653005 0.3652676128418355 0
0.5280411848077354 0.3430377894612253 0
0.8882337758573388 0.1570275307949647 0
0.8537209598075777 0.1931710677145863 0
0.8475897484367529 0.3768938370752563 0
1.39299641660498 0.0405602619254388 0
0.6160461896131899 0.1908404270504442 0
1.162775671902694 0.08104755745294967 0
0.2755640944356534 0.1621363619809413 0
0.2699912532781912 0.1527762179415758 0
0.3375140672051348 0.09358626767949876 0
0.3490189951134136 0.09342496621586793 0
1.241508817963388 0.1806339035794514 0
1.249234438647187 0.167165647357733 0
1.257070584303348 0.1806104954719494 0
1.264831133785783 0.1670813462877836 0
0.9586900055482891 0.1563708659884861 0
0.07556556855972461 0.1275709910847364 0
0.07062139727355897 0.118900185941791 0
0.02185746527737625 0.3173619183023031 0
0.02617976326988056 0.307894176217496 0
0.1707852468227166 0.1213672227663411 0
0.1877120120741482 0.3919400396970226 0
1.164868524896277 0.3526631926578061 0
1.172481494726161 0.3652949242996003 0
1.180083949291383 0.3526311676084462 0
1.187731333754245 0.3653165725240421 0
0.9233898026894625 0.1933389896010989 0
1.193293957117924 0.0808757211923278 0
0.5652160118658112 0.3427927945389989 0
0.230220719754237 0.04602779460126264 0
0.2357513622392252 0.03613954425657912 0
0.9645664898708676 0.1932623666953901 0
1.272702707519248 0.1805869805249601 0
1.280498343013875 0.1669966647377303 0
1.287874529201355 0.1796410548120552 0
1.296236383829999 0.1669116009263332 0
1.224090851118149 0.08071451871717052 0
1.422642599360545 0.03874115207171647 0
0.590280232423942 0.3426276111585383 0
1.195368225806867 0.3526321633594121 0
1.20305007177937 0.3653428890872253 0
1.210721505561253 0.3525992541627331 0
1.218435643288629 0.3658427268489662 0
0.05962109658375481 0.02449457296679908 0
0.04940770077308784 0.02431768557807722 0
0.06944038211930077 0.0249984844830739 0
0.1631810344794621 0.03906355400576437 0
0.9172452412682108 0.3766638053853553 0
0.1769576448554218 0.02831389372378125 0
0.6479308018945867 0.1613274401709768 0
0.02097447464296802 0.3342915443548331 0
0.02612554434230838 0.3429390630464211 0
1.303005746556121 0.1797432048481908 0
1.312045575834438 0.1668261528516151 0
1.255166578095257 0.0805512139543393 0
0.02966203478011928 0.1017691003219721 0
0.6155716350070004 0.3424609296117365 0
1.226143893389597 0.3526799509979677 0
1.233892743063246 0.3659622295182832 0
1.241636181958683 0.352675517240834 0
1.24942046965526 0.3659405121202278 0
1.3187288296795 0.1797136485616684 0
1.327926237554041 0.1667403203273755 0
1.286524053347573 0.08038597191690866 0
1.334640615301161 0.1796440133750347 0
1.343878688883768 0.1666541008303111 0
0.6805332435903386 0.1931360139617601 0
0.1934893742997494 0.1525166291021434 0
0.0798200384139587 0.1191711245542413 0
0.04836661408810494 0.102368970724109 0
0.06022941486389581 0.1013868037314468 0
1.455538656806938 0.03871760824312084 0
0.2633982822754186 0.02643496944616694 0
0.2522696605981513 0.02627657220995204 0
0.2745303387144625 0.02589170886409823 0
0.6539392174210398 0.3422080698729552 0
1.257198781641438 0.3526741909748927 0
1.26501819149909 0.3659596246270078 0
1.272831647501964 0.3526390130154555 0
1.280686779132346 0.3659142005378966 0
1.318166063098315 0.08021886468115452 0
0.9858822280725348 0.3757462256799848 0
2.044638172104716 0.04362761792247563 0
1.350095191465742 0.08004985906508616 0
1.633902451217997 0.1683472747108429 0
1.616619281805635 0.1718309510596503 0
1.642976534093594 0.2712982888610941 0
1.652204962162164 0.2860732808288864 0
1.288535349990912 0.3526287753655563 0
1.296425902734965 0.365928084710798 0
1.304309920246991 0.3525908959521862 0
1.312236520347591 0.3658793697380718 0
1.350644176111815 0.1795674509551919 0
1.359903251975403 0.1665674924772179 0
1.366723321123287 0.1794891989630154 0
1.376000251704124 0.1664804930276339 0
0.7131007457422661 0.1586191609819883 0
1.014818840920739 0.377076555251565 0
0.6928296297477324 0.3419517643360063 0
0.04112342771386973 0.3866651321083935 0
0.05129327757025593 0.3870439589991057 0
1.382314032433247 0.07987890888592665 0
1.488733379471484 0.03869457851035614 0
2.158864321996576 0.1094255971203382 0
2.167856350402315 0.09273275964473833 0
2.156970944996247 0.07678681477370282 0
2.156731277964213 0.1423619960894283 0
1.043999170112981 0.3771605268860456 0
0.7190505470141578 0.3417789565935522 0
1.320155960590072 0.352579830842969 0
1.328118300624366 0.3658927774703175 0
1.33607350638587 0.3525413863348417 0
1.344072227870027 0.3658417982351488 0
1.414825198536691 0.07970596431623922 0
2.157212701059188 0.1768349230019088 0
2.148659820750505 0.1939899004605287 0
2.129487303711322 0.1938525280626835 0
2.139324051112195 0.2107520076982986 0
0.2970889288531933 0.02565336746776445 0
0.7455091328663799 0.3416045825306791 0
1.447631319119911 0.07953097347236475 0
0.7463533885047702 0.1926694884003615 0
1.352063169631419 0.35253002866408 0
1.360097953949713 0.3658549916280379 0
1.368124983448812 0.3524911492134688 0
1.376196486873743 0.3658016748610286 0
1.382875928626969 0.1794104108877351 0
1.392170009800957 0.1663931035213798 0
1.399101607750198 0.1793309832489214 0
1.40771789681141 0.1669949376638965 0
2.00561265734364 0.06420729318591052 0
0.09957567572899217 0.02440332628777076 0
0.1115836230482126 0.02376247683233959 0
2.043995757417116 0.3310710870408389 0
2.053451043502013 0.347648000773039 0
2.04527885043463 0.3630790988734627 0
2.035025869386634 0.3147426854626056 0
2.062607706028386 0.363340342200184 0
2.026412463281167 0.04458315359565324 0
1.522732030016565 0.03688029243085642 0
1.480735039842484 0.07935388104641471 0
0.7796740732180462 0.1584485004855283 0
0.7856473585457669 0.3413400533075028 0
1.11820901615184 0.3772566182339434 0
1.384259567863898 0.3524795162897222 0
1.392367459617093 0.3658146464657927 0
1.40046695316376 0.3524402008594464 0
1.40861190512053 0.3657588443524586 0
1.514146486637468 0.07918738437844043 0
0.1928705344445369 0.1765711598577676 0
1.548810201747106 0.08249628438002456 0
1.148231478262689 0.3774389071829261 0
1.41674776774488 0.3524282767507087 0
1.424929436274565 0.3657715689305638 0
1.433102038972039 0.3523885157415206 0
1.44131485275327 0.365717937264317 0
1.415285047614922 0.1793661227624858 0
1.423370327080658 0.1667646196124943 0
1.431528009215668 0.1792811639551816 0
1.439605474571725 0.1666559731204282 0
0.8263325448874879 0.3410719195949258 0
1.556195988861783 0.03869538456431496 0
0.02138286301223313 0.2625810363500509 0
0.01580978774841027 0.2707145153223121 0
0.02152593666891041 0.3696458273812673 0
0.02601871094141528 0.3608041474483405 0
0.01599067237240298 0.3602185374936273 0
1.583204148803173 0.08075292509977992 0
0.1911429407218333 0.01984003363958467 0
0.2011991849877368 0.01957274288445246 0
1.178622838553498 0.3775214430457866 0
2.118756695599464 0.04324626762229268 0
2.138268529157684 0.04505188380278539 0
0.1580578135858918 0.0493232813334822 0
1.635261744039194 0.375876659066973 0
0.8537635456996163 0.3408911373405428 0
1.617503141173965 0.08057196973552087 0
1.449529360519248 0.3523770837729905 0
1.457779047770844 0.3657313231703865 0
1.466031465884815 0.3523371571631926 0
1.474318596062381 0.3657091935979462 0
1.209975264643022 0.3818969851050193 0
0.8126678069397786 0.1930721190811897 0
1.651535429731397 0.08009741556932883 0
0.05461166435987801 0.01516124937892386 0
0.3409385132346897 0.02637884163482666 0
0.3526312242728233 0.02282363509152126 0
0.3596955694266772 0.03394609341695684 0
0.3653664939792751 0.02388403976031437 0
0.3714653331170977 0.03400468749914788 0
0.8467166454126143 0.1574144802592073 0
0.8954795926142565 0.3402333048779958 0
1.590513112677992 0.03357475873652507 0
1.482608532926845 0.3523311610429489 0
1.490933076295939 0.3657289551860175 0
1.499260505377954 0.352292843350174 0
1.507622735924077 0.3657078378625491 0
1.686442891224581 0.08000014091931124 0
1.447927674004859 0.1791962634414831 0
1.456055053662638 0.1665912729640403 0
1.46443876627622 0.1791181796934397 0
1.47260887469425 0.1665348615308169 0
1.242835079292288 0.3812734785477145 0
0.2301187731575412 0.2016074747518275 0
0.2420781680567023 0.2008859458715071 0
1.721665937731854 0.07990180125811019 0
0.9234337704991256 0.3404319807493706 0
1.274085534645631 0.3811515662038198 0
1.515987879398375 0.3522875079864889 0
1.524387819147553 0.3657280997761601 0
1.532809374285405 0.352109633627993 0
1.541231816196784 0.3656835763140852 0
1.757207251864954 0.07980213345535422 0
0.1323367480635718 0.02223539918157419 0
0.3770161112253099 0.02357379705732865 0
0.3830628972407382 0.03391544375886253 0
0.3773186720419839 0.0438568694685214 0
0.3888376770808429 0.02325343271001153 0
0.3947651615683287 0.03368509864891161 0
0.133545317695371 0.08604271693104941 0
0.1295959039559041 0.0955058055655625 0
0.1387479474090852 0.07681635692257975 0
1.305619684123949 0.3810192829862773 0
1.793604019220194 0.07974170014554728 0
0.01866089389069321 0.2102508079760737 0
0.9659965594519802 0.340151474520595 0
2.157506312564958 0.2113793210380872 0
2.148848094369754 0.2276222322105354 0
2.129672490024897 0.2275545429749591 0
2.139358144284956 0.2443171223918278 0
2.120042199912793 0.2441404198433998 0
2.129631315791964 0.2605751352186942 0
2.149083656493894 0.26096664050994 0
2.139202243105931 0.2771635138867053 0
1.62489966829424 0.03335154102110525 0
1.549702136136415 0.3505599199688698 0
1.558151620295956 0.3654427625102681 0
1.566641414095743 0.3503595550156838 0
1.575142914468826 0.3653507454197086 0
1.481035903236237 0.1790424008635184 0
1.489244377852792 0.1664803151793837 0
1.497711002565925 0.1789667825887334 0
1.505956858694899 0.166425938635324 0
1.831362007965649 0.07958751832819348 0
1.336414791158674 0.3796320237097365 0
0.9946934872437139 0.3399623508293927 0
1.867923486190912 0.07931491579443579 0
0.916225691677638 0.156766640482612 0
0.8814000504047496 0.193237781968127 0
0.4008927181244161 0.02307539250654849 0
0.4066309896049071 0.03360432264744815 0
0.4126186610136764 0.02309968641119597 0
0.4183411566322937 0.03356635933369338 0
0.4241802999791349 0.02346064842912257 0
0.4301247897395116 0.03341693124996387 0
0.412419263676871 0.04350413671305688 0
1.583621816739154 0.3504506078304766 0
1.368481010638056 0.3797166027747369 0
0.264591499444054 0.2010500970566716 0
0.2755588551329454 0.2006937397009228 0
1.905240789423496 0.07894473737933917 0
1.023650525278669 0.3397715133729675 0
0.257705238008403 0.01646801588833289 0
0.04619215842795355 0.3959171006020563 0
1.939765365654616 0.07927671539782173 0
0.02492795043154306 0.1836279235763372 0
0.03482600657257218 0.1834031346163845 0
1.400837967676117 0.3798007756657483 0
1.659598742988359 0.03313928270882471 0
1.067578951453644 0.3394820096447261 0
1.977258445605386 0.07916124530194639 0
0.1543153572843987 0.1127473626953356 0
1.514462459469278 0.1788909986182101 0
1.52274530136821 0.1663716722317435 0
1.531289740724272 0.1788146529605169 0
1.539609847525728 0.1663171661602451 0
2.157864433014315 0.2768283080045656 0
2.149207548053146 0.2927552264626544 0
1.433081320484501 0.3796909997065954 0
0.01808548645897898 0.1025303954159102 0
1.09719662529476 0.3392868193995395 0
1.466011756029998 0.3798602491054361 0
0.4360457250367095 0.02331029481084649 0
0.4421067523982833 0.033457323494324 0
0.4483205845804628 0.02276201503215048 0
0.4542626968893962 0.03313143669865783 0
1.127151898256773 0.339204164569353 0
1.499240606973711 0.3800310250756484 0
0.9873205356034996 0.1561040257257905 0
1.694594565325917 0.03288413639000103 0
0.03960304506833596 0.09512797029129041 0
1.548898549501592 0.1821407147530206 0
1.556668170022431 0.1668298069200383 0
1.566477890549347 0.1801447103039736 0
1.573805115621285 0.1665498002024854 0
1.584699854660234 0.1836094131094278 0
1.588979341361828 0.1641729473543251 0
1.532770552383111 0.3802033404755207 0
1.157258411397168 0.3389739449004107 0
0.01843075328317884 0.1196288751546677 0
0.0506518779230315 0.2094769862970029 0
0.05574308477817523 0.2189603048037572 0
0.1818589946870657 0.1212587761635445 0
1.623801037912509 0.1536896768447872 0
1.568394646398072 0.3801756070454107 0
0.0746337442212698 0.110943960259543 0
1.015051859223713 0.1559238026097453 0
1.187670131924318 0.3386905725353114 0
0.4599377625319502 0.02300754565610853 0
0.4662402243507622 0.03321193651880167 0
0.3694576844157514 0.01417659048942279 0
0.1921960287904292 0.134209366332093 0
1.218376312013318 0.338488212462239 0
0.4722882550857334 0.02261128178149769 0
0.4782028693584168 0.03297986233857949 0
0.4842216686793444 0.02266082252861041 0
0.4902200632669449 0.03311986820605246 0
0.4725263662099951 0.04292718075345044 0
1.729914492441518 0.03266247654196059 0
2.055428090384293 0.3797397835611633 0
2.054085411826333 0.3145699365715459 0
0.1183296387002513 0.23264257036533 0
0.128891358877514 0.2324012831144583 0
1.04422401337615 0.1557992385509196 0
1.249360809717953 0.3382840202928892 0
0.08087214407635195 0.1367925721611514 0
0.4306016360120345 0.01194717798348852 0
0.993525623150491 0.1931615125122419 0
1.280626146005513 0.3380779801952646 0
0.01970144771794225 0.1741635205247467 0
0.01457496904496278 0.165005754100168 0
1.653505784549433 0.3757106368881062 0
1.666854514489181 0.3861196110658668 0
1.680629076209434 0.3770919564663162 0
1.697051358450816 0.3819502664418384 0
1.696031082587337 0.3628200034816575 0
1.713045115281954 0.3711996231383834 0
0.4963551085037313 0.02243331701848169 0
0.5023840856276643 0.03301319017687095 0
1.073661220222316 0.155672787021758 0
2.07344815112478 0.3472367815299245 0
1.3121748628253 0.3378700766982928 0
0.06615243226911569 0.2363561780246908 0
2.16753808544906 0.2606845825947245 0
1.765588388247162 0.03237169241630462 0
1.344009524344671 0.3376602936563679 0
0.2449865075352932 0.01751054792767086 0
1.022502759499377 0.1930450243745885 0
0.1882243714280171 0.1619931141017493 0
0.1820973087784225 0.1525716960010637 0
2.032085053558851 0.0283401338871847 0
2.16743662406355 0.2276497445147578 0
0.01984767225049147 0.1371970017971774 0
1.376132717194331 0.33744861633757 0
1.103365283941379 0.1555454658881395 0
0.2981511851260035 0.2015344350859074 0
1.57319464139182 0.1958417680815211 0
0.2026736166736768 0.1776315226714349 0
0.2096917730957145 0.1858096460162965 0
0.2305243448422406 0.06583203374830124 0
0.2415195719589438 0.06577649365821438 0
0.2472687583021992 0.07518015778762714 0
1.408547048200651 0.3372350298738419 0
0.309562413636172 0.2017522396603852 0
0.09718951312001733 0.1584182794880508 0
0.08673790126797477 0.158396023161875 0
0.08135195700484993 0.1494575841554404 0
1.600758671618978 0.1788879253241365 0
0.04287557336647072 0.01619614310195781 0
0.03899210268961498 0.0248172685388205 0
1.441255146118052 0.3370195189313342 0
0.134435157461167 0.3912099352787833 0
1.051742612999314 0.1929276352648751 0
0.01501217656827371 0.1838918498194817 0
0.01944941134312762 0.07768054305484631 0
0.02465583925516099 0.0688290096264757 0
1.133338860629377 0.1554168665276318 0
0.2369241003102085 0.2094067721298287 0
1.801515037766885 0.0321468952971015 0
0.2532622397619732 0.2020153654471919 0
1.474259661715918 0.3368020721598182 0
0.2201035197443681 0.1988217120869733 0
0.3012659035419644 0.01653763012527911 0
0.3127052258605257 0.01561326268565327 0
0.01487000761894018 0.1459860621497712 0
1.507399932130269 0.3378230149903161 0
0.2813614256229202 0.2111436792929197 0
0.198642221718029 0.1430071645560369 0
1.538451338179203 0.3343843313009129 0
0.1554467285384065 0.3913445902420368 0
0.508594155072247 0.02225845875125538 0
0.514603108194522 0.03290603019187687 0
0.5214011260809042 0.02186974466399784 0
0.5274310710123301 0.03244482063796525 0
1.163583928328672 0.155299508516697 0
0.04014612876755696 0.1738980045311617 0
1.081247664159259 0.1928092273400818 0
0.1557129352207922 0.2990279335204385 0
0.1450171235249129 0.2991688546049225 0
2.110358176856272 0.2274915461244983 0
2.100730819835442 0.243982932600889 0
0.4907971495716 0.01150352597537929 0
1.575134804883332 0.3341419495046759 0
1.837767322228747 0.03192322751070908 0
0.09180546976306665 0.1720571768762753 0
0.0971195325402836 0.1799470559470575 0
0.3949951517848844 0.01151861218648701 0
0.04526715416646929 0.2005708562277906 0
0.08727752977709644 0.3607586418143083 0
0.08219001579681948 0.3685391887174592 0
1.194103242137867 0.1551880178197602 0
0.06077827070666299 0.20940887500632 0
0.05667986109369257 0.3955450167982181 0
0.06147737693504968 0.3871153976028449 0
1.592750366871291 0.3642055120838663 0
0.02167242473068667 0.3513402029157294 0
1.111020629757201 0.1926899588950786 0
0.2245693894534968 0.03681590156227346 0
0.2301268794990614 0.02704509139230749 0
0.2188291767342172 0.02809034734404374 0
0.2247475435076164 0.01725714721491549 0
0.1075983524831406 0.2148827710136768 0
2.128799147252077 0.02631170836560258 0
0.1236404647007125 0.241484290189701 0
0.1341861657438251 0.2414703529330027 0
0.1288060015965038 0.2509308496859917 0
0.1394961900508989 0.250909212930051 0
0.1447687309948342 0.2415026878238604 0
0.1500514185993325 0.2508134127171758 0
0.1553860409498815 0.2414383743695249 0
0.1605657246062461 0.2508772172615923 0
0.1342681967535222 0.2605241476481068 0
0.0096305947579137 0.1936619268715144 0
0.07639353692190357 0.2357946594512343 0
0.2755646053248851 0.1429553312264343 0
0.1660687686637977 0.2414196514594521 0
0.1606758631907459 0.2321232053932603 0
0.1714026288320404 0.2321768789830247 0
0.1823158283187875 0.2326986819843037 0
0.22475277157339 0.05637064280995782 0
0.01485109084007542 0.08550626507204395 0
0.02482372569249024 0.1281157075363595 0
0.07651311167595376 0.2539427656390739 0
2.160122338848645 0.3760674537005 0
2.181652322573878 0.3780123939972282 0
2.170119382906704 0.3591944022207934 0
0.1076583999669244 0.2336203071387505 0
1.224900068847115 0.1550598451084382 0
0.4548758079564816 0.01162150786631236 0
0.2526523481723953 0.06495052532687613 0
0.2586268780960168 0.07435833835676846 0
0.2530677372385971 0.08450428663029258 0
0.264169812664922 0.08432032261265485 0
1.600670148525713 0.3468986867326159 0
1.604175667201401 0.3782345548550163 0
0.1345265833789617 0.3359907958669575 0
0.1239863275982198 0.3360205533117149 0
0.1186897918408415 0.3267643289221995 0
0.1134472123436149 0.3360223407624903 0
0.1082588739992659 0.3452983673459467 0
0.1029556669333274 0.3360610146238548 0
0.09792571446028617 0.3448728158636955 0
0.0870512957992173 0.2717284651647969 0
0.1074880253725692 0.1594092659591907 0
1.630612220510761 0.3941773292115966 0
0.02561903049945385 0.254435097961706 0
0.1768183553529588 0.3917465114994744 0
0.1237384161065946 0.3911708767364557 0
0.1175684540207938 0.4006771118844237 0
0.1115265439779434 0.3914933956168267 0
0.100953881651378 0.39233445967127 0
0.1060930551810692 0.3813284221565396 0
0.09521893960575455 0.3836369066541709 0
0.09758725150651879 0.3740654090017908 0
0.1176428901143803 0.3824545365803915 0
0.166413240802604 0.3728600546941703 0
0.1081741481820948 0.3267256264478816 0
0.2915481747557275 0.03517726076318092 0
0.1663983151303975 0.2987958055607988 0
0.209196771972701 0.1421111051810794 0
0.1239291824439529 0.3174314449887752 0
0.1292047466560519 0.3078688436715533 0
0.2197677795142505 0.1807132967641112 0
1.874361932486659 0.0317511116917084 0
0.2867487629502567 0.1815307122837377 0
0.1179593796576365 0.1589901272560051 0
0.1877590545249031 0.1041222025590209 0
0.05547733698782839 0.1818570251771191 0
0.1825664971472496 0.3079741532566992 0
0.04621704759138007 0.3429510290612841 0
0.04436973570219539 0.0332530771702537 0
0.03419419450343079 0.0333760568290016 0
0.02902257309898543 0.02492174396869467 0
0.02923869566657739 0.04215976937069372 0
0.0240920724255306 0.03348313591046379 0
0.01913449472521852 0.0422195257340188 0
0.02448121251324993 0.0507964013390918 0
0.01936911200385883 0.02504338731144473 0
0.02483481875324684 0.01567620420946862 0
0.03442589527881976 0.05087648065248792 0
0.02948186662907666 0.05974894187527915 0
0.01820902161601202 0.05989751750776166 0
0.08038302288193398 0.04141278437572226 0
0.09227311959180923 0.2622765547129652 0
1.14106367888686 0.1925689127023219 0
0.2925171993449727 0.1720476709446718 0
0.1715250888897082 0.2515103405642236 0
0.1658341518028076 0.2605475743673293 0
0.02539033563329169 0.2367899217519567 0
0.02027491380386523 0.2280081546941924 0
0.01522536970233153 0.236334949842253 0
0.02522666840881854 0.2191692349944309 0
0.1552863311552761 0.186200107647168 0
0.1500007365347795 0.1955416041809792 0
0.08137615197712163 0.09485892003833125 0
0.07578547016851832 0.08614912328062153 0
0.07023185972474612 0.09536585978507607 0
0.04099608968730908 0.2986287371796865 0
0.03587178635775292 0.2897611106519649 0
0.03089228299640446 0.2987413415766505 0
0.02586942887883952 0.2898458833602334 0
0.02166524206847166 0.2991655476488028 0
0.02130487560790828 0.2804675578683199 0
0.1235725460937002 0.2609040936463178 0
2.111250298820412 0.3930597237519859 0
2.091821875684251 0.01596856565946369 0
2.100906899392347 0.03327757425866647 0
0.1867169167512868 0.04806664162444868 0
0.1767980321653311 0.04830870862929719 0
0.09724405396536091 0.1219084461488979 0
0.09197642914601983 0.1128378650143106 0
0.123291770844754 0.1683162218635795 0
0.08569463459617294 0.05024340811106542 0
0.01975389631634591 0.1550380796938531 0
0.150418444143549 0.289700311067464 0
0.02041110312273872 0.2452599792750333 0
0.1446088662162779 0.1862869487831463 0
0.1392321340891676 0.1771310430328193 0
0.2588935281836873 0.2124297759512385 0
0.1714363297675243 0.2139140335838614 0
2.052758778451017 0.1930006450397825 0
2.033657253090438 0.1931260168813044 0
2.024038201707498 0.1766114735027157 0
2.014635441322705 0.193246372641324 0
2.005040305877833 0.1767693696486141 0
1.995687892579635 0.193278144913571 0
1.986119361169418 0.1767604834271441 0
1.976803365409707 0.1933478554188926 0
1.967266816562744 0.1768671290679059 0
1.957915813448707 0.1933401647207854 0
1.948474800979516 0.1768649375538862 0
1.939233456069002 0.1934688264670256 0
1.929779484640931 0.1769830390657478 0
1.920508537929445 0.1934642938173467 0
1.911148569796908 0.1773675690422956 0
1.920331824502324 0.1609975384001897 0
1.901755124224709 0.1611253701348173 0
1.892583286275006 0.1774570018522143 0
1.883244647663651 0.1612619383460888 0
1.874130433890682 0.17779544190585 0
1.864817556345462 0.1614126141826418 0
1.855744247852701 0.1779162276015251 0
1.846468709778117 0.1615567701315488 0
1.837435678801971 0.1780692799271356 0
1.828199633050878 0.1616766362318801 0
1.819206809175574 0.1781532695485055 0
1.810010541519415 0.1618076462968401 0
1.801058028820608 0.1782959375594734 0
1.791901842250567 0.1619226240542141 0
1.782989458997469 0.1783767809312933 0
1.773873316550088 0.1620504295804633 0
1.765001014061108 0.1785162583127571 0
1.755925008755339 0.1621630782887127 0
1.74709262089545 0.1785956646023897 0
1.738056660785585 0.1622883155454449 0
1.729264049340599 0.1787322980787287 0
1.720269035936116 0.1624010284876428 0
1.711515319540898 0.1788107749853527 0
1.702567722916858 0.1625341440070403 0
1.693820601295821 0.178277415707185 0
1.681962627947054 0.1631528190505093 0
1.702731239679044 0.1938479829634995 0
1.685103856372618 0.1939934376962841 0
1.738279836659553 0.1951731278238883 0
1.77407756376161 0.1945433415177105 0
1.810213259691914 0.1943858916861644 0
1.846669811306999 0.1942223908898354 0
1.883445992752302 0.1938972168287371 0
1.957746286795714 0.1603944648534479 0
1.693485175520248 0.1467969245077631 0
1.666097741755343 0.1564167528667575 0
1.729043724144893 0.1454341349455133 0
1.6940216358046 0.2101230538460517 0
1.720491282707618 0.1960901571756038 0
1.764779842440639 0.1452246297988364 0
1.800837134565118 0.1450158816510345 0
1.99546116777932 0.1602590513451274 0
1.837215751291127 0.1448002396338897 0
1.873915319938479 0.1445711271838379 0
1.910907027565415 0.144629632052164 0
1.939007468381296 0.1599355244754434 0
2.043283091797971 0.2096287617128013 0
1.675354915847417 0.1815639413878759 0
2.10140433702864 0.3759235275331035 0
2.082157762426194 0.376113601833687 0
2.091481166784974 0.3928946148981525 0
0.2867996629932841 0.1428847990030627 0
0.03101169412567661 0.386578936179911 0
0.02108487928006861 0.3865329461342553 0
0.02724741208826933 0.3948073995727056 0
2.033447157047497 0.1599325849383259 0
0.2364519576223195 0.1138788734579391 0
0.2253882503909901 0.1138345320891819 0
1.911387070769648 0.2102238760546871 0
0.1130062720432461 0.2051914366587841 0
0.102494655101769 0.2057935862174969 0
0.09725214249822008 0.1974978831388562 0
0.1028054130715461 0.280088217729376 0
0.05127596094577587 0.3163420811158622 0
1.026112337487772 0.01264725114888393 0
1.033382927076822 0.02531473941433226 0
1.01877791487683 0.02526111377452248 0
1.048012672106799 0.02538992382598486 0
0.8141806033691005 0.3985026178577087 0
0.8208544675523466 0.3860466979013132 0
0.8365857221964729 0.3870291065250869 0
0.6806731587586802 0.3988200628234191 0
0.6872008641686173 0.3873686898042347 0
0.700263714409547 0.3873588856396985 0
0.8141630479148447 0.01181635027013798 0
0.8209581658754873 0.02350290981857882 0
0.8073284253510434 0.0234100619105642 0
0.8346411762519674 0.02353096640167017 0
0.8289772213838997 0.03519896665323548 0
0.6161384138291377 0.01104003915389306 0
0.6224833170828383 0.02209806379295918 0
0.6352790565902733 0.02216456346587485 0
0.6097434432840492 0.0220354371391852 0
0.6283174713858892 0.03242421591381028 0
0.6415268972215092 0.03506809604359834 0
0.6161536180288641 0.3989734305090542 0
0.6225355295582966 0.3878755685311393 0
0.6353058086043448 0.3878659850109127 0
0.6806571885761055 0.01129297136216517 0
0.6871474562783019 0.02260433968027925 0
0.7002363511815746 0.02267236275693625 0
0.6741157070777684 0.022540278669183 0
0.6930299320538624 0.03287319876449035 0
0.7064737340910509 0.03544794145899702 0
0.2582783490133808 0.4003621672365441 0
0.2638480920876084 0.3906869837402993 0
0.252710282638434 0.3908267709187179 0
0.2749958279628522 0.3906785971450257 0
0.9538755335375431 0.3981699930034048 0
0.9604681733969376 0.3849492827676086 0
0.9766642846355937 0.3864093603147023 0
0.9538563222319658 0.01236398717887901 0
0.9609640720815553 0.0247477556185246 0
0.9466861743212992 0.02469533543421627 0
0.9752661478320366 0.02482125078624169 0
1.976668049879597 0.394102816909663 0
0.5530862184249513 0.3991743209385746 0
0.5592930525812203 0.3887242288351447 0
0.5468260500167105 0.3887471976286832 0
0.571967049276372 0.3878174844113027 0
0.4914246814189753 0.3994167862860049 0
0.4975141258286631 0.3891632721221689 0
0.4853334427960013 0.3888523778008232 0
0.5097221464089157 0.3891685228604869 0
0.5530646835380412 0.01079277392337191 0
0.5592674794651561 0.0216031291714374 0
0.5717766292943646 0.02166813846306315 0
0.5468129436902189 0.02154190661671029 0
0.565052559909171 0.03199584373385905 0
0.5779688493562456 0.0322329517250194 0
0.3146033076011651 0.400112057023694 0
0.3202957653798448 0.3902446211779517 0
0.308901911775172 0.3904179963333588 0
0.3316986922936588 0.3902360566063706 0
0.7466708652487035 0.3986631674053091 0
0.7533477045648052 0.3868501995895708 0
0.7686045209299124 0.3872217800942269 0
0.4311441919404884 0.3996538191747565 0
0.4371004493577205 0.3893290962558937 0
0.4251893707927125 0.389326019822057 0
0.4490317548125757 0.3893201406738157 0
0.8832370148201738 0.3983382776202966 0
0.8900531479347141 0.385597319270943 0
0.9060781219795422 0.3867944876759141 0
0.8832186410110165 0.01208706823624867 0
0.8901701036678011 0.02386032150724291 0
0.8762282114809811 0.0237351738824789 0
0.9041782286247879 0.02383985378065603 0
0.8983127503983002 0.03521685380153081 0
0.3722138161091815 0.3998855392243815 0
0.3780366747920301 0.3897920554875236 0
0.366392338714147 0.389789040856108 0
0.3897007744732709 0.3897832994944717 0
0.7466541117921978 0.01155169722450216 0
0.7532930743584504 0.02312221248890225 0
0.7666688561224909 0.02320546694934732 0
0.7399627631435111 0.02305668478544499 0
0.7599165845870818 0.03474301553140224 0
1.085129004239786 0.3979784524838921 0
1.091653906131175 0.3859555950476447 0
0.2200907260645196 0.1422941492116591 0
0.0349832539597477 0.128167376033467 0
0.2250981867671311 0.4004777280105318 0
0.2305952388963011 0.3911211830382862 0
0.2196021127870542 0.3910576620099981 0
0.2415991991455494 0.3911333040824182 0
0.2363188000138494 0.3822584499171628 0
0.04476165169468434 0.06853176988543305 0
0.2857774016529075 0.02574076904579635 0
0.1493344199922771 0.009805787836510827 0
0.1543223189526979 0.01982167874799922 0
0.1640647920508989 0.01877774853698701 0
0.1386624472182936 0.01138682531757145 0
0.1209490802169064 0.01808833283061713 0
0.1232911043346199 0.02862218875608065 0
2.043800009909661 0.2762732065244018 0
2.034200585322075 0.2917086673273175 0
2.024523118678409 0.276071814546129 0
2.015066602967721 0.2920365782745136 0
2.005543638141673 0.2760152291572702 0
1.996615879049198 0.2908553391734488 0
1.987402488370966 0.275457484087703 0
1.729512614167131 0.2118997996707629 0
1.756161611224295 0.1955372750665483 0
1.765251013774843 0.2115038695149789 0
1.792134304828176 0.1952116560076903 0
1.801308335182934 0.2112722354490268 0
1.82842916148441 0.1949366198588629 0
0.5658776460265298 0.1103501035671786 0
0.5723179123195908 0.0995952375973847 0
0.5844894754741624 0.09971776786663443 0
0.5596417744617271 0.1001304012485825 0
0.5783878753975282 0.09023264360875817 0
0.4795684504229832 0.1113732568038356 0
0.4857504051433926 0.1008882473781665 0
0.4976298080793549 0.1009523529878274 0
0.4735350603779358 0.1013525077805425 0
0.4916732147627059 0.09136038658601642 0
0.4434159308527379 0.1117498471341196 0
0.4494780754541777 0.1014183275158653 0
0.437422421988255 0.1017601332552695 0
0.461278883967304 0.1014978610378087 0
0.4553411294799106 0.09183296249635692 0
0.6037050563920743 0.1099564120643284 0
0.6102599696844185 0.09903461811565263 0
0.6225433416788585 0.09922979571378347 0
0.6163879251675289 0.08974524495914084 0
0.5974012580784083 0.0997599020568332 0
0.6940125114212791 0.1088857361890274 0
0.7008112907557587 0.09766664763147417 0
0.7134265575654092 0.09793477568521204 0
0.6873197225514761 0.09612907604236856 0
0.7069342730105416 0.08604839934421797 0
0.7335923850080378 0.1084737859078916 0
0.7404993582430701 0.09707339600404356 0
0.754463409006615 0.09404768501869408 0
0.7466967494298196 0.0852836159494032 0
0.7266824177946178 0.09583840501865784 0
0.828076495824027 0.1074128073709504 0
0.8348381382256508 0.09542206780227611 0
0.8485687331433468 0.09530723701074809 0
0.8694737476707084 0.107025847342308 0
0.8763501426530869 0.09478549633793602 0
0.8902685507379398 0.09466909417274001 0
0.9683528559241357 0.1060124498649127 0
0.9768346722370348 0.09342859921803043 0
0.9912288090161803 0.0934484668548043 0
1.01167576238721 0.10559586620548 0
1.020215696839523 0.09295850896758076 0
1.034830028802443 0.09299258982298651 0
0.3609275040634478 0.1127817411116288 0
0.3665407412100009 0.1028809736211558 0
0.3781658743972608 0.1027204196177065 0
0.5910875584782798 0.2105758655721107 0
0.5286853938327655 0.2110352240624361 0
0.654917474349194 0.2101050142059275 0
0.7202092665998447 0.2096192793134658 0
0.7885628112103473 0.2072877139372664 0
0.8565784260336973 0.206791367987107 0
2.033993200013155 0.2594680398899505 0
0.03116800368762638 0.351788616648647 0
0.4741445226484853 0.2425665223642474 0
0.4801990059890602 0.2530658763309753 0
0.4923468002809265 0.2530859815312073 0
0.4862585639941508 0.2636028362158728 0
0.4983919796004155 0.2636136033962498 0
0.474129324799303 0.2635568323860508 0
0.4801578462443425 0.2740531785788483 0
0.4680480369254197 0.2739580935660574 0
0.462047654851482 0.2635362350127405 0
0.4559911045763357 0.2739448680940675 0
0.4500180029720931 0.2635402707625372 0
0.4439917995358942 0.2739186848893105 0
0.438044120244601 0.2635419686419604 0
0.4320540797231333 0.2738678708516195 0
0.4261255062683092 0.2634664319854564 0
0.420143401213347 0.2738234752413073 0
0.4142567633722646 0.263451803094214 0
0.4083086356682074 0.2737685529930303 0
0.4024448764408957 0.2635184079256088 0
0.3965309440053308 0.2737180028109596 0
0.390687262522018 0.2635263939181624 0
0.3848049612929145 0.2736680233616739 0
0.3789720753110835 0.2635359016737528 0
0.373107460287667 0.2736246734299774 0
0.3673144570142502 0.2635355142247139 0
0.3614946971283413 0.2735732265925945 0
0.3557156067186578 0.2635320493179105 0
0.3499068433712723 0.2735266598478673 0
0.3441654850531771 0.2635289079361038 0
0.3383985506994407 0.2734757961038918 0
0.3326762095743607 0.2635194804129382 0
0.3269150976760128 0.2734295667361508 0
0.3212308816962722 0.2635153200808543 0
0.3155111914982076 0.2733781531776309 0
0.3098412791577825 0.2635077226421245 0
0.3041362491725544 0.2733318366310688 0
0.2984990088562551 0.2635037577434127 0
0.2928298187657211 0.2732815948559983 0
0.2872043641332767 0.2634938721215829 0
0.2815534534449634 0.2732369049558155 0
0.275968308643078 0.2634917382229409 0
0.2703493561789463 0.273186395062587 0
0.2647818353667573 0.2634836792151667 0
0.2591756875796671 0.2731422385182707 0
0.2536406113963554 0.2634795734709091 0
0.248069443520762 0.2730921908564699 0
0.2425521400985674 0.2634703418559051 0
0.2369998814635857 0.2730464840474116 0
0.2315098362001494 0.2634655316317749 0
0.2259864202396156 0.2729984401125237 0
0.2205105366682335 0.26346612792804 0
0.2152120137083477 0.2728318435589105 0
0.2204453978089317 0.2824652630633719 0
0.2424806910805732 0.2826408908043589 0
0.2647131553086234 0.282638625146654 0
0.2871354444197324 0.2827983038856688 0
0.3097596232767092 0.28296049826968 0
0.3325882129791102 0.28312479583529 0
0.3556242168452258 0.2832909588962204 0
0.449939331810848 0.284323006344276 0
0.3788696141960466 0.2834588154855962 0
0.4023259918983456 0.2836285241716701 0
0.4260462810108623 0.2841285196286831 0
0.2260301569066189 0.2537308083097694 0
0.2149301455942864 0.253408055286335 0
0.2481171553950594 0.2536742485376615 0
0.270394540195393 0.2536229252826154 0
0.2928709438700652 0.2535731447157372 0
0.3155522292981244 0.2535235648281113 0
0.3384336458050196 0.2534730539229491 0
0.3615237700385117 0.253416310303155 0
0.3848431660165937 0.2532969493515615 0
0.4083640924178495 0.2531475670308741 0
0.2315355173764477 0.243466036678889 0
0.2094204986395182 0.2430516234264712 0
0.4320824448796263 0.2531643787071939 0
0.456056699337394 0.2530820829448693 0
0.2094525605168288 0.262707652574344 0
0.2041754601046407 0.2715879403926604 0
0.5980301237059056 0.2426847960851492 0
0.6043650810329695 0.2536705432460106 0
0.617075640865921 0.2536915773848019 0
0.6107026219926485 0.2646909362342367 0
0.623400840891967 0.2647069599125278 0
0.5980137394602879 0.2646467606614828 0
0.6043224334370685 0.2752939088320943 0
0.5916521682939571 0.2751462353407003 0
0.585372912094739 0.2645618111517511 0
0.5790358811197064 0.2754420652257436 0
0.5727812169744233 0.2646214105083767 0
0.5664855287817429 0.2751579003684422 0
0.5602526566088379 0.2645896282252137 0
0.5539864809086262 0.2750619341492789 0
0.5477836996566682 0.2644773725651225 0
0.5415433128494295 0.2750315387540938 0
0.5353600131257592 0.2645377625428121 0
0.5291546231838702 0.2749936148932021 0
0.5230056693318155 0.2645432472872935 0
0.5168238099836032 0.2752121822290239 0
0.529182097374334 0.2538734591060068 0
0.572703583770905 0.2863757442701922 0
0.524682619353336 0.2855019832474348 0
0.510630231921933 0.2859200093650889 0
0.5475941748922257 0.2863013963982074 0
0.5044212642739062 0.274659993744072 0
0.5168544164945155 0.2538282368823195 0
0.5540274780729899 0.2537151511115102 0
0.579088001748185 0.2537068389622092 0
0.5106794713011378 0.2642802680493453 0
0.4921603667645383 0.2741650758342373 0
0.4865425865705166 0.2846962925640985 0
0.5353847488357174 0.2427003705533491 0
0.5415843357169149 0.2535137202136121 0
0.5602855713371067 0.242913265562401 0
0.6621038020102386 0.2427819634978321 0
0.6685821591835066 0.2540005327030816 0
0.6815786402673368 0.2540057173580874 0
0.6750682095555537 0.2652587374674878 0
0.6880772022875186 0.2653236369430764 0
0.6620845352381782 0.2652254334854285 0
0.6685439016550792 0.2759394526785698 0
0.6555907357225923 0.2757674382592769 0
0.6491569885379528 0.2650919630612374 0
0.6426879235584724 0.2762318921393856 0
0.650852332825845 0.2861447052930438 0
0.6359750592334769 0.2876090088849025 0
0.6297499873971253 0.2756426339224914 0
0.6556355556729032 0.253998756528677 0
0.6427302506226336 0.2539259033965025 0
0.6362628774557633 0.2648853907403854 0
0.7276498401036062 0.2428453725248386 0
0.7342765611507781 0.2543208611792303 0
0.7475706786640475 0.2543261634052577 0
0.7408968629589864 0.2663819689788323 0
0.7542498545740335 0.2666878853807524 0
0.7276277527473738 0.2658936734905029 0
0.7342230957177739 0.2772893428927258 0
0.7209701421989336 0.2772493264486884 0
0.7144030392053347 0.2657983037675002 0
0.7077874509023943 0.2764899635951243 0
0.7210260885072461 0.2543530096990209 0
0.7078265888874608 0.2542949341206004 0
0.7012311295813738 0.2655121080831215 0
0.6946075715013192 0.2761381466678347 0
0.70070647877402 0.2874664203798116 0
0.7946968763592326 0.2429101776906997 0
0.8014754046675808 0.2546484922320652 0
0.8150740008976521 0.254653930178352 0
0.8082526711804836 0.2667164531788799 0
0.8219073213727648 0.2669535338571303 0
0.7946752529612789 0.2664414623740369 0
0.8008423782292569 0.2790295560139808 0
0.7873297851699431 0.2792421353760012 0
0.7810578601931552 0.2665713382279603 0
0.774034628374537 0.2789319696108461 0
0.8069330272848998 0.2919754712448172 0
0.787913367356028 0.254707579816392 0
0.7744085387675239 0.2546517290919852 0
0.7676043311701638 0.2665299812399197 0
0.7608434110693989 0.2782985131270897 0
0.7671827049526304 0.2905701472941741 0
0.7473048414779602 0.2799903460907579 0
0.737796080513751 0.2910969821200565 0
0.8632864490385065 0.242953923993181 0
0.8702186174593456 0.2549746231259899 0
0.8841152376572643 0.2549892859273761 0
0.8563591517639951 0.2549665574317589 0
0.8771445748432669 0.2670310209242133 0
0.8910683665779147 0.2670528315446711 0
0.933436133560567 0.2430081927629665 0
0.940532287003821 0.255300767509186 0
0.9547667943144562 0.2553315463915571 0
0.9263285406059913 0.2551850029117563 0
0.9476233624050188 0.2674648536389287 0
0.9618502191686851 0.2676670265081268 0
1.063789472909988 0.243154353979938 0
1.07117670184666 0.2559366587896756 0
1.085986691323169 0.2559687746524348 0
1.05638466844752 0.2559163943528467 0
1.078550593845256 0.26878592859897 0
1.093381437369896 0.2688173326878364 0
1.168909491484585 0.243235235075103 0
1.176520867451735 0.2564507723912061 0
1.191826135747894 0.2564688982617127 0
1.16127525885676 0.2564076904575903 0
1.184268287747534 0.269633307683809 0
1.199492725165489 0.2689831133749111 0
1.207218472605664 0.2563712971075658 0
1.215106149386393 0.2689833421715094 0
1.190575463429141 0.2813086549282483 0
1.261702960060713 0.2433238719757781 0
1.269529382619192 0.256900182197132 0
1.285251659729696 0.2569214539994828 0
1.25387177985636 0.2568635991903127 0
1.277544482245679 0.2704146061510326 0
1.293941955097591 0.274124713801452 0
1.300977022726826 0.2574386207485597 0
1.310227114828819 0.2711451123747031 0
1.322126082275167 0.2822291370479378 0
1.325191648820254 0.2680166375285518 0
1.28271277339925 0.2854274626758998 0
1.334138504186201 0.2769423819560489 0
1.34058498760158 0.2642821458293149 0
1.357437961458078 0.2431919948442494 0
1.365550963592719 0.2571163250466698 0
1.381325202696933 0.2573453789594366 0
1.373454145310447 0.2711979271969711 0
1.389615056118299 0.2714223177026068 0
1.397306474275003 0.2572927549462358 0
1.357003489713504 0.2713227719864743 0
1.405870370372641 0.2708312034083948 0
1.41786406260509 0.2859095498650395 0
1.422273110483685 0.2692102525621527 0
1.432773635124637 0.2803173986334527 0
1.438043713545545 0.2649369673383754 0
1.38253439254277 0.2858294258176923 0
0.559397763069754 0.1421830604499524 0
0.6225012963375887 0.1420302142004591 0
0.497783147982316 0.1424980557720359 0
0.687053221367423 0.1418722591105194 0
0.7530794076129805 0.1417180117450698 0
0.821983261590705 0.1432863022333641 0
0.8905931600005296 0.1430313795097513 0
1.455412639813712 0.2432848884654207 0
1.463770831190095 0.2575799386596728 0
1.479969373027982 0.2578208801485709 0
1.471556293128479 0.2722331833500076 0
1.488466668430637 0.2723095180347996 0
1.496622336790879 0.2578709515542363 0
1.555728921780339 0.243576572295537 0
1.56421318609676 0.2581392025400707 0
1.547223529164603 0.2580687932081119 0
1.58122567301153 0.2583680885580131 0
0.2409190708136802 0.02697126506660066 0
0.2976776489736943 0.08405359512979549 0
0.2864748074050661 0.0842559336475196 0
0.03602841852503374 0.3076250141975514 0
1.837682148181392 0.2110519924758867 0
1.865044356105636 0.1946291322367998 0
0.2370537401402305 0.2535257285033051 0
0.2536691434908926 0.2433650287599689 0
0.2592351315846311 0.2534798444549961 0
0.2759967198055014 0.2432626840263751 0
0.2816117090621658 0.2534388091775462 0
0.2985248371524511 0.2432138028276004 0
1.874378295406345 0.2107156307459674 0
0.1451591382478355 0.3360845640888647 0
0.28097860838481 0.09413888051355924 0
2.072458286349365 0.01554083709670956 0
2.06257783404716 0.03338091497613367 0
0.3041923646674822 0.2534090874285473 0
0.3212572677488021 0.2431540135393661 0
0.1814034073087541 0.02055756477141033 0
0.52303743548377 0.2430278738200672 0
2.150256570360928 0.3591600406849394 0
2.160930001025 0.3419335800803194 0
2.17113580235654 0.3235190864026917 0
2.150744637356294 0.324906371669102 0
1.948724625375915 0.2099575897582177 0
0.08062079344576105 0.05928809991186476 0
1.957765908726152 0.3937773841578438 0
1.948299407136295 0.3779150918208751 0
1.929560402530345 0.3780684163006459 0
1.939128309008075 0.3610446088195172 0
1.9665183687117 0.3784729605312423 0
1.657842658969022 0.1432930733489197 0
1.649156672584763 0.1587630146961184 0
0.5406046657118724 0.3992915120336634 0
0.5342874712215915 0.3888959470603698 0
0.4792274684902736 0.3994695486690784 0
0.4730324707447576 0.3890020454870129 0
0.419220163196117 0.3997054001459987 0
0.4131639168116229 0.38947234002576 0
0.3605568544537582 0.3999359657620243 0
0.3546362536509733 0.3899320970547556 0
0.2973117292063168 0.04481441427526058 0
0.3032057325540203 0.4001907473319449 0
0.2974356164549181 0.3905567449523976 0
0.1717852677785565 0.2891678849381903 0
0.8005376438367118 0.3986603032281529 0
0.7935618217922019 0.3863839019543138 0
0.939600683288222 0.3984017923486872 0
0.9319016740991912 0.3858514912185521 0
0.6676340994209796 0.398906786866776 0
0.6627354333378856 0.3875090156830648 0
0.8692816876283979 0.3985326268590057 0
0.8618419822897139 0.3859734838899276 0
0.6034164594833661 0.3990148070794771 0
0.5982623650112155 0.3858041022828202 0
0.7333332754003137 0.3987849778431723 0
0.7266295180348605 0.387060969893373 0
1.070285523454836 0.3975676554649334 0
0.122890157836078 0.1130484445966204 0
0.1496138442399123 0.1399919926962296 0
0.6169710488415897 0.2752347734417478 0
0.6101790813435561 0.2866572169558775 0
0.2257598072280842 0.1712165317911801 0
0.1494165219002829 0.07668420040782449 0
0.1438707250014834 0.06751224027758737 0
0.1509792626344049 0.05863955136018497 0
0.4681084575882282 0.2530475179973483 0
0.5917135326177096 0.2536627000035461 0
0.1813741889497681 0.05751768190359267 0
0.1238071922407112 0.3729250549013659 0
0.2141362624079957 0.4005702354213032 0
0.2088054031932055 0.3914878034108464 0
2.014557372245797 0.3941609456401171 0
2.021159805811237 0.3785118499787951 0
0.6815045264296989 0.2758024092288177 0
1.995846152729603 0.01613409479276183 0
2.130427453310356 0.3254018666251838 0
0.26436571867832 0.1431022608757369 0
0.2588035656140251 0.1526203146620263 0
0.04091839978791639 0.2808875402002678 0
1.573790675547852 0.2724481180460317 0
2.023855300236723 0.1434724062856892 0
0.3596930843405221 0.01538950768836819 0
0.1665525435560553 0.3545969581180659 0
0.2141609089533356 0.07595749244302853 0
0.2919776671264062 0.07427379205921548 0
0.6744764239404923 0.2870248250745492 0
1.61660592294905 0.1988908297728916 0
2.100291525213404 0.1102928262044545 0
2.090574181772271 0.09362319329153225 0
2.184768524530567 0.1853876049348801 0
0.5405865976206529 0.01078783182691102 0
0.5341316815732112 0.02163250401360406 0
0.5401642505552327 0.0321885414829959 0
0.533534190175772 0.04204057088933013 0
0.5154579336347989 0.01105681707409163 0
0.5524603503787515 0.03187061326922715 0
0.9396029670349089 0.01232644848165401 0
0.9324703578869185 0.02410041958385805 0
0.9182718349679263 0.02387032649834883 0
0.92670276485919 0.03493882414780312 0
0.8692878039798297 0.01198258569197718 0
0.8623248816477738 0.02398905184010348 0
0.8704384836128554 0.03556174809433622 0
0.8569710758722856 0.03570625707930061 0
0.8486992658665087 0.02358055568072127 0
0.7333380554439276 0.01150785330083942 0
0.7266737947878407 0.02295193681938044 0
0.7341993061308517 0.03707351075189881 0
0.7200113873245524 0.03445771486328875 0
0.7265793372251724 0.04594661763091617 0
0.7465311049416744 0.03460037751578579 0
0.6034121638650181 0.01099813703097242 0
0.5970430812723095 0.02193532870473319 0
0.6031060072357759 0.0326449780008709 0
0.590827817234834 0.03260082587694513 0
0.5968802422650816 0.04244837760453666 0
0.6154549236805171 0.03219406436438181 0
0.6676393750178287 0.01125010912954798 0
0.6611243747733688 0.02243787642935716 0
0.6672932677739768 0.03323708941596935 0
0.6548246610163412 0.03362672255502141 0
0.660930077982408 0.04514472752625594 0
0.6798627527362875 0.03255347159760455 0
0.8005440974444522 0.01174862262872276 0
0.7937371023520545 0.02349191088351316 0
0.8004620979331238 0.03531383341368209 0
0.7869099275140583 0.03524714968358781 0
0.7801463585751033 0.02332671136028445 0
1.01153243180441 0.01260885062590373 0
1.004237254093305 0.02447987412164324 0
0.9897106992966611 0.02427822216476368 0
0.9983626066631688 0.03487548907223297 0
1.364234475625314 0.01340926682764835 0
1.370802426329743 0.02663249463205282 0
1.145205091161272 0.3973042044929611 0
1.175652962632733 0.3972088534431145 0
1.206383588294243 0.3966151593261447 0
1.227390470798391 0.3813456500921746 0
1.774034124273892 0.01600242333334284 0
1.74759153229743 0.03253609525844528 0
1.738105040302432 0.01641392752500348 0
1.71215503694003 0.03233980320314552 0
1.702736844747752 0.01623026707338392 0
1.676869875541233 0.0328994629155875 0
1.667610988320172 0.01649504010094559 0
1.642021556576134 0.03316543772043977 0
1.632804731330719 0.01667681295094742 0
1.607461369237627 0.03336645258869948 0
1.598283540095271 0.01678405719276227 0
1.570362594436582 0.03300953068699367 0
1.562997998607311 0.01485746049497796 0
1.396676600547722 0.01342771468346499 0
1.40603606060886 0.02829645083279118 0
1.332084982464034 0.01339036670322804 0
1.338629055841163 0.02670807170988189 0
1.300225474052146 0.01337106813093158 0
1.30674555555099 0.02678245474068588 0
1.040789865524269 0.3972658327908491 0
1.363906297144132 0.3958375729039087 0
1.462449406475725 0.01346301707997609 0
1.471468637579369 0.02791154175096842 0
1.237365980136472 0.01333145860390465 0
1.243565537288373 0.02694081761675681 0
1.42941401299293 0.01344565438129026 0
1.438392378500799 0.02797630601430917 0
1.268653339775884 0.01335141702904289 0
1.275149314501203 0.02685569183296458 0
1.206360155836903 0.01331148739588614 0
1.214091061826061 0.02675448932794577 0
1.810014912612674 0.01587718057399384 0
1.115032621514028 0.3974255100726544 0
1.495785488357704 0.01347972998044947 0
1.504917350196696 0.02758968041453287 0
1.920296547424832 0.01610161063101284 0
1.237187756001618 0.3963522233075802 0
1.258366833651796 0.3812172944469914 0
1.773637390840072 0.3943985156039868 0
1.76453306133737 0.3789314437361262 0
1.747564836721234 0.3795903765548212 0
1.755481985050768 0.3635038089517577 0
1.782597523073694 0.3789052709788472 0
1.800672899865239 0.3788433901425448 0
1.791627213370655 0.3631553979592783 0
1.011558513186807 0.3973806943798808 0
1.957797662897709 0.01622317858525735 0
1.596652776865641 0.3946827855735739 0
1.529436733525235 0.01416441106708489 0
1.84649738862859 0.01593236026096607 0
1.396333618636747 0.3957241649944072 0
0.3377618932500512 0.009152920785910691 0
0.3316748608314095 0.01983978258780469 0
1.175651459473586 0.01325408637617078 0
1.18329656533486 0.02651317175819404 0
1.167563853212515 0.02656001196405001 0
1.152702828092022 0.02629870951588947 0
1.883131617644944 0.3939674536423322 0
1.873827392805348 0.3783511656248166 0
1.85539012683544 0.3784896411023186 0
1.862659121500673 0.3626560007735584 0
1.892351019246518 0.3782670519367191 0
1.429432969428245 0.3957387217735496 0
0.2825548738817847 0.009222265755380927 0
1.331637668092057 0.3958807621293227 0
1.352807871496936 0.3805154101276157 0
1.26867505313877 0.396370398891836 0
1.289756278172981 0.3810839450910274 0
1.300246656711165 0.3962463399312324 0
1.32094169409824 0.3807731360055463 0
1.085129567364088 0.01289822330136011 0
1.092569643149933 0.02580218898525807 0
1.107565738372418 0.02776928618042566 0
1.077603084939977 0.02568534413544371 0
1.062802512840419 0.02514728564339721 0
1.920278833253804 0.3939297972520909 0
1.846269166736019 0.3941791357331076 0
1.145123191629019 0.01305411089030792 0
1.737916276822365 0.3948771483485748 0
0.1718646593731341 0.3267110527251619 0
0.03609147942787252 0.3429780542787847 0
0.01449500511975029 0.03409669580257557 0
0.03569327330029369 0.254381871728272 0
0.04537182269041158 0.1639220627138277 0
0.1445064366183911 0.1677483572235316 0
1.837077339283299 0.3786270239720368 0
1.818820124194668 0.3787525078354759 0
1.826040735937981 0.3628306853473124 0
2.022504622520291 0.07537356484338917 0
0.5533666607660774 0.1105881937159127 0
0.5467650981129921 0.100399348555359 0
0.5344257273302793 0.1002604511594943 0
0.6808939250117713 0.1087909401368228 0
0.6737612131215852 0.09864896444726538 0
0.6608376733879368 0.09893791361192579 0
0.4314531566345826 0.1119404911338755 0
0.4252435570452791 0.102107114460214 0
0.4133924355556963 0.1020556377135751 0
0.3269753132411221 0.25337521641542 0
0.3441904354488093 0.2430802194790629 0
0.3499617899394809 0.2533375243084293 0
0.3673444946475191 0.2430932051709321 0
0.09248620916154107 0.2982667329180463 0
1.72915344282963 0.3792018242523133 0
0.138850492160075 0.4008022953747239 0
1.136157387120544 0.0257564274632966 0
1.126034579841271 0.03651427128495845 0
2.184330736813938 0.1476067580947164 0
0.3493281981812266 0.1129442742799282 0
0.8143803783407085 0.1075734554487854 0
0.8074031256021217 0.09584742680081655 0
0.7938178960829817 0.09603454295720953 0
0.9540273234488248 0.1062419705185422 0
0.948003081160534 0.09411231029981997 0
0.07604145441699363 0.4010970082932989 0
0.08091983411103897 0.3925008372393313 0
0.07130500001924661 0.392554370973928 0
0.0756782205209432 0.3836293780746478 0
0.09675211032190886 0.008446849915727535 0
0.09273646577048526 0.01678172757011044 0
0.08252616216219946 0.0173849617126108 0
0.6422883688130978 0.2098757193043601 0
0.6360611663589839 0.1999976390660591 0
0.5786958141929318 0.2104251934640856 0
0.5725486570567839 0.2005124752162965 0
0.516518917858008 0.2109612789103098 0
0.5104399583586 0.2010096837437259 0
0.7073372137264637 0.2093107552998945 0
0.7008690465661188 0.1970914617417763 0
0.7753167789054017 0.2049612778076427 0
0.7660756474909873 0.1956618040072155 0
0.8433838229522992 0.2045150798642769 0
0.8353414300312179 0.195313771312037 0
1.977169146848238 0.2597981934973668 0
1.968543655607533 0.277845850114965 0
1.948803484978068 0.2756702721997744 0
0.8840753273749565 0.2791060007915789 0
0.8980262829077699 0.2791355880070324 0
0.9050676759104208 0.2670987987482429 0
0.9117920859306343 0.2792780404617169 0
0.8696447708015602 0.2793286936371735 0
0.8631710642790714 0.267025325518792 0
0.8494038083871456 0.2669229764403836 0
0.8425441413197596 0.2548930137111402 0
0.8562554624191152 0.2789280815532335 0
0.8422364175779058 0.2792606904085151 0
0.8356023293246047 0.2669020070773534 0
0.8286369732120281 0.2788994499338172 0
0.834447478277312 0.2920366040809771 0
0.8144968775099105 0.2792593236887083 0
0.8494490537413184 0.2429480372586593 0
1.901958731041744 0.1937564476040572 0
1.055412968710318 0.01273916069142183 0
0.9825433744752865 0.01234149372261427 0
0.5780792217684605 0.01086745679464459 0
0.8416273209468429 0.01182604593024356 0
0.7068310420123108 0.01137111667113286 0
0.9112214547472136 0.0121748969065109 0
0.6417260446198398 0.01111643438495047 0
0.7734573957535277 0.01164047877917656 0
1.986358133128695 0.2099190692648086 0
0.03462911406874662 0.06861437408002548 0
0.07645775127777321 0.008665889722995786 0
1.624293968454658 0.2433733353975683 0
0.07029103603696396 0.05944297985361061 0
0.2198779788739396 0.1043978217541052 0
0.1292883551494249 0.3452415132262016 0
0.6881067074360372 0.2427551304224981 0
0.7542482460462471 0.2428179226777638 0
0.821904486135006 0.2428820586592732 0
0.6234464867855097 0.2426937010090016 0
0.8911150615545134 0.2429317801306075 0
0.9618903409152377 0.243019881284895 0
1.093465879795814 0.2431583499079437 0
0.498435604343511 0.2425754632854682 0
1.589867742706409 0.2433475665128077 0
0.0653401333088897 0.08587546314246622 0
0.2642669060610149 0.1233534693693171 0
0.1877152880470424 0.2233932224876336 0
0.5870818472560829 0.2855661560528448 0
2.014985305776595 0.2594852037639865 0
0.4619289755319156 0.2843868264578083 0
1.985901839975936 0.1434746782368553 0
1.976586618763947 0.1601086446618588 0
0.9255970841339412 0.1065190003872664 0
0.9196386574166413 0.09438921743927513 0
1.070399390508362 0.1051239876237476 0
1.064010504940503 0.09306435433880521 0
1.100154298843852 0.1047671554543853 0
1.093696158378929 0.09285473815633621 0
1.130191747607421 0.1039161161549925 0
1.160490893068366 0.1035699769389877 0
1.191065695271797 0.1032206907301064 0
1.221918656766879 0.1028682301964815 0
1.253052301353253 0.1025125671910613 0
1.284469174218054 0.1021536743063544 0
1.316171841073548 0.1017915242991284 0
1.348162887512217 0.1014260908140641 0
1.380444917114442 0.1010573488710505 0
1.413020549255081 0.1006852755837142 0
1.445891209933559 0.1007903408056402 0
0.467643503543325 0.2115243851996171 0
0.4436317028438195 0.211687426567075 0
0.6169529428894919 0.2101864740547354 0
0.4198344605704035 0.2118462426027953 0
0.4922109271842557 0.2112126605646572 0
0.5538845210098047 0.2107136468304256 0
0.396297309219408 0.2120253118007665 0
0.6813234647151268 0.2072839649159759 0
0.7472687898853841 0.2067311907992437 0
0.8161276863689839 0.2072172331211716 0
0.7984230551410896 0.1940590714423183 0
1.17802883417892 0.2039851484119027 0
1.208712635107125 0.2036854427680868 0
1.239673306225785 0.2034651289896446 0
1.2708253568253 0.2032955238024647 0
1.479062161160424 0.1004350087660471 0
1.300941899155449 0.2021425959703028 0
1.3327944268743 0.2017980779265574 0
1.364936657975419 0.2014504449040697 0
1.397371193531298 0.2010996757409278 0
0.373015643870836 0.2122310077841708 0
0.3786651992289066 0.2021043016887725 0
1.430100645814076 0.2007457521860438 0
1.512534502699954 0.1000762929469143 0
0.3498377236227431 0.2124556659523639 0
0.3555326916757879 0.2023817312045603 0
0.3439637718495118 0.2024784095354543 0
0.3324777791951542 0.2025597493602917 0
0.3268432306490193 0.2126437657292055 0
0.3210332399896071 0.2025941683570935 0
0.3040165376118004 0.2120330448617094 0
1.463127633613689 0.2003886592491681 0
1.496454161956707 0.2005223509346222 0
1.546311867757548 0.09916329422110876 0
1.565673666901019 0.08210834488409979 0
1.530184077597863 0.2007201586687892 0
1.579887063276024 0.09856026016704658 0
1.600626859278832 0.08157508152589889 0
1.614299861987148 0.09817463865460781 0
0.7144267274561156 0.2428436754457497 0
0.6491789188881382 0.2427665559593592 0
0.7811670878368878 0.2429441601101501 0
0.4379925198466205 0.2842609679298518 0
1.648926651484552 0.09779245924567941 0
0.7871912553565626 0.1078875086621577 0
0.9120397407065922 0.2064045885810124 0
0.9546078740330175 0.2059448640827992 0
0.4144975971741433 0.284793057187739 0
1.684511302203408 0.09758737765475249 0
0.3905653677376482 0.2834064273221715 0
0.3672176579011449 0.2832488704084111 0
0.3440810845268573 0.2830926478520295 0
0.4440431717384138 0.2531534676047242 0
0.4380766147951156 0.2427587239051142 0
0.4202059790026788 0.2529279950687609 0
0.3965837829544631 0.2532840382657673 0
0.3907143145082751 0.2429310266551692 0
0.3211526815489537 0.2829382053244888 0
0.1705610978805642 0.009263500577381035 0
0.2314627940983017 0.2825844868776039 0
0.4142898995659751 0.2425842671897979 0
0.4620809217934971 0.2425890899454655 0
0.5854113376641715 0.2427054499146742 0
0.9192686267407059 0.2429594763750678 0
1.019761111645171 0.2431177131480148 0
1.027012447335127 0.2557593127522343 0
1.012444917624292 0.2556722608980558 0
0.9979298226751193 0.2556223276323666 0
1.005148518870546 0.2678961137545543 0
0.9906802394348884 0.2678352392460843 0
0.9970071197684504 0.2798391101603863 0
0.9834826441634048 0.2554932561776472 0
0.9762176205192883 0.2676146386282309 0
1.019652494431225 0.2679575014993574 0
1.03421057873632 0.2684055428747159 0
1.025989036738159 0.2803590500305793 0
1.040285271116493 0.2804567788058215 0
1.048761003078655 0.2680509038150165 0
1.049040697290437 0.2431738983277149 0
1.590558176928839 0.145333149817175 0
1.12345941936608 0.2432243221645988 0
1.130973764216146 0.2562587970235776 0
1.115900514062101 0.2561764894970734 0
1.123490557888971 0.2686244476408499 0
1.138569981798213 0.2692163214312024 0
1.108380502417501 0.2687001375229764 0
1.153688935556165 0.2432433649861667 0
1.246064035468425 0.2433178678918665 0
1.238264990005713 0.2567779747524045 0
1.245283999948515 0.2698806486224647 0
1.230534987982462 0.2698585910155364 0
1.236589244128103 0.2845115595112366 0
1.260764767165427 0.2726232674073968 0
0.2984305366545165 0.2827856582573988 0
1.555048570970818 0.1433100571917191 0
1.340825138723368 0.2458786468692586 0
1.521193483763827 0.1432982110118965 0
1.487643238891003 0.143286378874082 0
0.2535908167028698 0.2825741229078592 0
1.45439519814231 0.1432746040907583 0
1.438327103641357 0.2460344080091241 0
1.421446713941972 0.1432628865363006 0
0.9907105354071347 0.2430703334329568 0
1.390177359395601 0.1424839295200883 0
1.357944916329877 0.142618357841285 0
1.325918511394625 0.1427035595781257 0
1.294180314040465 0.1427875238388692 0
1.262726782551922 0.1427950215865905 0
0.87762237422737 0.1456387505193308 0
0.8694937560280585 0.15472080198985 0
0.7400733993789166 0.1422031432673895 0
0.7336795029136172 0.1544805645628756 0
0.8088245811268253 0.1458476748843661 0
0.7995761987740799 0.1553865437217339 0
0.6099869635849912 0.1423818273570336 0
0.6039661652673592 0.1522425788332992 0
0.6742966562406474 0.1422895633437672 0
0.6681616906624037 0.1521722755653035 0
0.5849444277695524 0.1423185837499247 0
0.8500972328255851 0.1432026203958604 0
0.6487059502308045 0.1422163333436843 0
0.7138019151708612 0.1444764519596318 0
0.780481669320218 0.1443729272474042 0
0.5471216230480184 0.1424672974050848 0
0.541197215374898 0.1523148407530368 0
0.5226009919526973 0.1424245320514153 0
0.4616598496322469 0.1425648142234868 0
0.4856711256772451 0.1425850499071393 0
0.4798232316328893 0.1523958915165936 0
0.4373912114709602 0.1424988686572144 0
0.4136983890584499 0.1426568245835162 0
0.3901077182836415 0.1426155521330917 0
0.9470422861715083 0.1430110765950327 0
0.3667860192147102 0.1426719893439459 0
1.538740067985628 0.2435670293168361 0
1.530285234119072 0.2582151264968415 0
1.539421321888185 0.272685643686574 0
1.522731043488587 0.27277059186932 0
1.513523454858662 0.2579672230541196 0
0.2759109893263614 0.2826353838464405 0
0.343642435645926 0.1427481131555912 0
1.685458067151459 0.2586159774882287 0
1.694181612413553 0.2740432452649783 0
1.711800220982466 0.2741619007667601 0
1.720786489649417 0.2588790340914697 0
1.729688581270524 0.2740321375301216 0
1.747480831489209 0.2743083388455384 0
0.3207821707625517 0.1428086683574165 0
0.3264430186530747 0.1526143460441529 0
1.792393685431449 0.2589798324682046 0
1.801399670150732 0.2746533706378092 0
1.819497082493226 0.2747721701495883 0
1.82871809727644 0.259074412980637 0
1.837866037001065 0.2745468704860277 0
1.856137658391665 0.274915465381862 0
2.014234367464861 0.0938924327378209 0
0.07174336054146191 0.2984349403297845 0
1.939492063867013 0.2592216164662243 0
1.902238959266186 0.2591442411885474 0
1.911493129496172 0.2752509036147163 0
1.930068290587209 0.2753637885522853 0
2.014447566226945 0.1601026039876397 0
0.1717112142983561 0.3822773250794853 0
1.156993402982049 0.04108220930165909 0
1.146112591181192 0.256314235794407 0
1.153628298283742 0.2687999416849037 0
1.144828070989347 0.2810678938643213 0
1.169013965290995 0.2687518059832948 0
2.180225971208565 0.1084229262617944 0
0.33811800926427 0.1923109909947061 0
0.6548339569783979 0.1095308623835412 0
0.5284761013692196 0.1108696145028451 0
0.4076766616977557 0.1122375793891345 0
2.182015282237387 0.3050768230893988 0
0.1344747380660941 0.2983724954951468 0
0.7803207429638013 0.09629156500166422 0
0.7668810354409022 0.0964426215734064 0
0.139781889264151 0.3082441802266571 0
0.83228977880213 0.1566528329308828 0
0.5844013583156187 0.3881825543360263 0
0.5906742113945067 0.3786285225221792 0
2.183368660988529 0.04884897975054165 0
2.167933039185423 0.03895536687675603 0
2.166780653941878 0.05997553652710533 0
0.3731653135289025 0.253276144596625 0
2.024244095305165 0.2098254427243394 0
2.090663964243422 0.1268202002629364 0
0.0559331843809877 0.236537960915895 0
0.933429411293033 0.2675608204446671 0
0.9395884023168282 0.2796842310173699 0
1.063759170653148 0.2684557654220887 0
1.384817598970999 0.3803389455911433 0
0.2923946996729229 0.1330545516760522 0
1.783551880776997 0.03195621533600602 0
1.634796202448447 0.08108269813381895 0
0.07180428094278586 0.3688984206713378 0
1.756430894527788 0.258895481011932 0
1.86533940995126 0.2590854585183149 0
2.119768932129868 0.1768240653314395 0
0.01026471931122365 0.3857724555041042 0
0.361160624459454 0.192170692218955 0
1.910918561018482 0.378281543442887 0
1.899610967024484 0.3625253313604208 0
0.4254052492628767 0.2959671227541363 0
0.2093346161383311 0.3732255558546287 0
0.008647098222790304 0.0549422749284033 0
0.01019784848958862 0.3346003947031442 0
0.2370966721543988 0.3266454782565998 0
0.2424482185073926 0.3359739293603117 0
0.2205601379841458 0.2983839218340937 0
0.297986894942741 0.3734087989078413 0
0.2703319907508487 0.3266803831943731 0
0.2759030236056906 0.3358529795507452 0
1.050485574274519 0.3404052793529249 0
0.6798075946064333 0.342024765775884 0
0.6410922463364723 0.3422800899239586 0
0.5527684232835027 0.3428625753440799 0
0.5157609329220455 0.3431066312665122 0
0.43133318848677 0.3436633594101565 0
0.3552494881921959 0.3739850492471259 0
0.3959579348726544 0.3438965699614946 0
0.4135700988737871 0.3742238829321852 0
0.315252035958174 0.3444280651382333 0
0.3039862730994627 0.3268160622024797 0
0.4732211644526541 0.3744667535505425 0
0.534227633235304 0.3747290444738307 0
0.8747447317894967 0.2921870509879435 0
0.3843333616557228 0.3269928721511287 0
0.4195505240289807 0.3270701623558686 0
0.5036004379839125 0.3272597856952383 0
0.5404422867699685 0.3273435814388143 0
0.62837081807884 0.3275435941242976 0
0.6669128192585666 0.3276296695128861 0
0.7589025161148532 0.3282677980559126 0
0.7992230963804312 0.3283889244500739 0
0.8676487395815886 0.3285944827474481 0
0.9376354723519833 0.3288047336364047 0
0.2151320615747195 0.3452244329280511 0
0.3315671123668244 0.06402307517239389 0
1.704050808917986 0.07993922611475698 0
0.008660254037853789 0.0650000000001944 0
0.008743353336332669 0.1053424292327981 0
0.008660254037856167 0.1250000000003593 0
0.007867302062526605 0.3145348215293048 0
0.007628053934562414 0.2949370666360224 0
0.008660254037814617 0.215000000000502 0
0.009664668718577608 0.2450836637798744 0
1.417166066208123 0.3800963792140863 0
2.119961538368267 0.2106302333424595 0
2.071335225167763 0.09360718140634433 0
0.04014870881200713 0.1369694199918684 0
2.110870189427741 0.2923500763845087 0
1.668990423801335 0.08050212771268746 0
1.186525479059372 0.04144929566862442 0
2.158976157784165 0.2442247497858046 0
0.778233095623642 0.08300942870544192 0
1.765342507166265 0.2743611732082381 0
1.783259545651182 0.2745574285560213 0
1.214983266873954 0.2432179335617356 0
1.308674348237444 0.2432150555768408 0
1.405276202750748 0.2431838969338797 0
1.505027580261072 0.243494421859741 0
0.1822615658352837 0.177178455172299 0
2.148308493012766 0.126504883443374 0
2.015957810637453 0.315391160986209 0
1.874477003145366 0.2749641726948805 0
1.892874522339225 0.2751605850591596 0
0.06669179237062733 0.3605834938892231 0
0.1014986758609811 0.07703673580173788 0
0.129183806881884 0.28905864866593 0
0.06040528303657037 0.1190710044798832 0
0.1768407184714586 0.2046932315208314 0
0.07651480642403735 0.1632643070713873 0
0.1170612571407578 0.1043606539067325 0
0.118673331246808 0.3076631652798701 0
0.1393354324267058 0.1957445196852073 0
0.1178378033206632 0.1402247956817971 0
1.809780645068058 0.3943691557380388 0
1.488240719034285 0.2434773946773797 0
0.2154179286943299 0.2145203784925628 0
1.38935510802562 0.2433888048021976 0
1.293101083270423 0.2433644093751152 0
1.19952299022794 0.2431998381705379 0
0.246793538281495 0.03602586159157767 0
1.949631455059755 0.2998525464912853 0
0.2076133944690807 0.02897293364556183 0
0.134156289616991 0.223226192821229 0
1.11500373200779 0.01291818405909701 0
0.2042780027346119 0.3265699722802406 0
0.9827177980692305 0.3981407343155512 0
0.5781523510673159 0.3990422253383293 0
0.7068688264189601 0.398837832001643 0
0.9115885730630758 0.3985795008712963 0
0.5158892638361873 0.399445300527404 0
0.841909221339563 0.3986747475336957 0
0.7737829528018368 0.3987615814634415 0
0.6417620991935848 0.3989745123961353 0
0.2865692241373367 0.1038115160186904 0
0.4550608243756074 0.3996292051597121 0
0.3955947984244101 0.3998614802914677 0
0.3374606732828891 0.400088547969252 0
0.03610736450614133 0.3606933548522905 0
0.2806286622470744 0.4003105167564029 0
0.1931230161413695 0.2707975750523339 0
0.2747858072224999 0.04517089931963918 0
0.1718393885733371 0.1577242620815069 0
0.04109078845703158 0.3164169674338427 0
0.247823682099804 0.1909326001122192 0
2.138462423274297 0.07682126168229203 0
0.2471638559094309 0.400465099975119 0
0.09202029067345478 0.2071038676081795 0
0.3201479033788784 0.06417182009698154 0
0.1286439883795509 0.1773947537001456 0
0.3204986907456439 0.02503788259748457 0
1.658988076153093 0.213407968524247 0
0.3841886535754929 0.1125461328972026 0
0.8974017709072517 0.106803808343446 0
0.8555975719670978 0.1072090899597942 0
0.7604428437245748 0.1077421186317321 0
0.720312671636247 0.108689190314124 0
0.6291653379559816 0.1097956622454458 0
0.5910133447198581 0.1101622639876241 0
0.5039111322950774 0.1111915109365239 0
0.9973928278868854 0.1058715452164677 0
1.041124916016236 0.1054845503986264 0
0.4674388565401974 0.1115700954207773 0
0.3151889519199733 0.1918431153564019 0
0.5665396023184582 0.2537154011128477 0
0.06654307580740206 0.2896004957438614 0
1.67668889260543 0.2734765822183426 0
0.5219784579723226 0.3892553296512041 0
0.461014130916125 0.3892501011230021 0
0.4014147940563704 0.3897148458925402 0
0.343150403035747 0.3901691876408698 0
0.2476649338911601 0.1522124651398816 0
0.2586957102188433 0.1329191261179786 0
0.2861903262931353 0.3907454611840844 0
1.819672590848607 0.03196744710593902 0
0.3150874536792874 0.1526117699057259 0
1.912537419067784 0.2997653728897512 0
0.2418321444675286 0.084971376303902 0
1.875420054717786 0.3003311597595715 0
0.7133830570472888 0.02305530411698241 0
0.6481919182629697 0.02259807137171382 0
0.5844048884071975 0.02170485896672059 0
0.3149289311097407 0.1133101285789592 0
1.838771790596231 0.3005536414689935 0
0.1763024447465628 0.08561615726353923 0
1.802370997714573 0.3007374050111174 0
0.1116072565656663 0.0408858952059783 0
1.948265184862582 0.1436354438954221 0
0.7588197874491899 0.3415782216512281 0
1.766381243503767 0.3008448029540604 0
1.600481787071919 0.2864159633788291 0
1.730736556248046 0.3009618332172898 0
0.2261089132916677 0.3265552840300665 0
0.2425224998319446 0.298102937793831 0
0.2643562166771415 0.3732864041126799 0
1.695352183052141 0.3010718910811317 0
0.2591193848519682 0.3265905456274967 0
0.6350271632306377 0.09958975286542204 0
0.6477388960019685 0.09965049463840993 0
0.5097321088783276 0.1009449273457308 0
0.5218968291190237 0.1010130920948978 0
0.3898358523852712 0.1025883085074575 0
0.4015523781314891 0.1024625245645474 0
0.4423558737880304 0.05288890154601723 0
0.5026507915261996 0.05174072887081824 0
0.5644001002449229 0.05162835735366533 0
0.6274553416967275 0.05018005863629606 0
0.6918716598366463 0.0488354119369339 0
0.9632187946424479 0.0455938349849483 0
1.035550631379407 0.04488368417050875 0
1.064887156252945 0.04458485685831425 0
1.095519421352128 0.04075205664513298 0
0.2646953303287465 0.2978699721205181 0
0.2866587272581401 0.3733238848262315 0
1.541729013836527 0.03778330208516267 0
0.2870414543621798 0.2976766627280181 0
0.3095879422292506 0.2974810362598446 0
0.3323373754031277 0.2972832386082239 0
0.3552921122913587 0.2970833934241291 0
0.757816372890551 0.04793141962953491 0
0.37845434990389 0.2968815703068355 0
0.3551734791390753 0.1620467990417372 0
0.3783380056709171 0.1617835960763518 0
0.4017083035464771 0.161565863313351 0
0.401826185624057 0.296677810406135 0
0.4252903653755531 0.1613461178567576 0
0.4491121211412756 0.1615715414023437 0
0.9022297752780082 0.1569015394604756 0
0.5096065660539293 0.1614693198095704 0
0.7657022563070062 0.1601159634455047 0
0.6993495253170361 0.1595846068097198 0
0.6347370432746442 0.1609753768718893 0
0.5714630697466936 0.1612175212797943 0
0.320792669157498 0.3735586970032144 0
0.2927191369231539 0.3267028522116818 0
1.106307599655925 0.2912287407558418 0
1.076570376607682 0.2912345263957925 0
0.9744848214824926 0.2917213412683237 0
0.3436351700114804 0.3736532584310557 0
0.6668734806525599 0.3421269510599519 0
0.6283320143070865 0.3423809013979982 0
0.5035635887108547 0.3432029909040253 0
0.5404048753920307 0.3429602512245483 0
0.4195149534547143 0.3437566971051016 0
0.3842984795238479 0.3439886219651503 0
1.60938251625272 0.3311610078763162 0
0.7059401162761947 0.3418695931398817 0
0.732279868088487 0.341696040621889 0
0.5777481488107128 0.3427142490088756 0
0.6029259606226085 0.3425483531359437 0
0.4552110656478512 0.343521602036139 0
0.4792782543864528 0.3433630454562366 0
0.3784547748568996 0.3740633788155892 0
0.3039541925515232 0.3445170057195348 0
0.4491800118389236 0.2963114616821511 0
0.3610839843760749 0.3441414810007601 0
0.3380777152424203 0.3442928309674624 0
0.4017716716634745 0.3739529464978388 0
0.3266984836807469 0.3268161109895077 0
0.4373048477711095 0.3743005333885466 0
0.4611926906798922 0.374289874338643 0
0.4974946206248571 0.374878139277562 0
0.5219397825355819 0.374662082174519 0
0.5590367858995426 0.3751943583362608 0
0.9997637286359979 0.3766705141158702 0
1.028837832293179 0.376953250470393 0
1.058612571962636 0.3770359178530299 0
1.132647116675643 0.3771257995544224 0
1.162895767647204 0.3772047872210457 0
1.193548588418377 0.3779773156680433 0
0.3496026640946092 0.3268582376116233 0
0.3727134677928171 0.3269005453646722 0
0.4077772000343424 0.3270351651810133 0
0.4433127437628341 0.3271116877417255 0
0.4672722419250848 0.3271650759916919 0
1.449509488496127 0.3797057733190217 0
0.4914495757163394 0.327219049935385 0
0.528125604447868 0.3273003266622006 0
0.5653018356508734 0.3273862926420634 0
0.5903661077676532 0.3274366191325491 0
0.6156593149437957 0.3274976792579435 0
0.6540276653532406 0.327578561896561 0
0.6929196021452573 0.3276728475209874 0
0.7191426214052813 0.327726541540793 0
0.7456131329148852 0.3282235047239699 0
0.4076869035822536 0.192049297569706 0
0.4313258227480229 0.1921491368334578 0
0.4551763130978061 0.1922065742963813 0
0.4792729090255588 0.1918692192613542 0
0.8671893451300227 0.1933203113984455 0
0.7324141954901534 0.1915873680684377 0
0.6669060170371042 0.1922508710754681 0
0.540444135744426 0.1914999744721717 0
0.6030097663352809 0.191264873653769 0
1.530834872616802 0.07923317650902621 0
1.687257748858976 0.3461892849630242 0
1.497104947966734 0.07887080829565997 0
1.463838667243853 0.07907534605390687 0
1.722905281734997 0.3459873577241561 0
1.7273219689715 0.3616167196031447 0
1.430872769094027 0.07927945266057237 0
1.398203359587932 0.07948107555641215 0
1.36582780027827 0.0796802800505985 0
1.333743469870467 0.07987713199342499 0
1.301947763506824 0.08007169106255492 0
1.270438091677563 0.08026401123125965 0
0.4012066146435952 0.08340519202332823 0
1.239211802112629 0.08045408456894065 0
1.208264875371952 0.08064191911566017 0
0.4248252039305438 0.08290604299989773 0
1.177599654179618 0.08082989836201034 0
1.147208989711902 0.08107491099710611 0
1.117090655351287 0.08107963046091282 0
0.5212464525965612 0.08317615300970502 0
0.8051947716964695 0.08238439625413434 0
0.5459692426298999 0.08229345539485584 0
0.6727034747227985 0.08202572524481751 0
0.6468261313289841 0.08282596828677415 0
0.3778617084707154 0.08355258515057871 0
1.979311032914351 0.3468021329980102 0
0.1987505139236154 0.373255509430289 0
1.100923447252162 0.2559980032288267 0
0.7609629229052387 0.2546426532627493 0
0.9690835409144385 0.2553612321506923 0
0.6946789240745979 0.2541117381895306 0
0.828782066792113 0.2548652602820226 0
0.6298639730360478 0.2537537729083779 0
0.5045605276338236 0.253164639644336 0
1.652605508407321 0.3458928699081842 0
2.091219802706843 0.2263408022231871 0
1.643817745846794 0.300937578789935 0
0.1317948202531733 0.05923880623128092 0
0.3546838802850792 0.08355043009113985 0
0.06124945112945041 0.2630563528166783 0
0.05639013399896191 0.3783030531071176 0
0.07182037158473875 0.3340653182250979 0
0.06575947416747467 0.145594070613019 0
0.05072723119869641 0.2277915308995211 0
0.06504288976718202 0.05062847824282034 0
0.08138911841802447 0.1898849392611238 0
0.1441852003785425 0.1309067433508002 0
0.2038307523829458 0.1952423485741009 0
0.1934482427757743 0.3452881231375581 0
0.2085374594441101 0.06663623857866446 0
0.15047498840252 0.3637068841585711 0
1.041629426500327 0.255738933977102 0
0.1231789282463033 0.149466553953149 0
1.198569525381286 0.02651155533708425 0
0.3670806870548035 0.2022154864318475 0
0.258627698863881 0.09427739272963831 0
0.1664118166822304 0.3175163234162567 0
0.2096455531509125 0.2987562439462716 0
0.3260977249551922 0.09361852577599321 0
0.9352115370334413 0.04640393591813325 0
1.222766335396482 0.2564135386262327 0
1.856046691120681 0.03183831202636758 0
0.9023011822096112 0.2923888497154346 0
2.061808994532094 0.1101520534309836 0
2.081563409645182 0.2430415426185225 0
0.1066357217372557 0.0680121625345257 0
0.9187120979875678 0.1429575664864122 0
0.1449814068536508 0.3912321545190745 0
0.8981196328565956 0.2550117676375355 0
0.326350079517676 0.1132167816553674 0
0.1870805934197354 0.0855436545337328 0
0.06525127168830333 0.1106969331626012 0
0.2802901200644313 0.03542577437547915 0
1.667472945271999 0.1973478666950142 0
0.912196999715947 0.2550500784778214 0
0.1394590891522775 0.23235769688599 0
1.454881592338926 0.2720052550342851 0
0.3257652111456193 0.05429944489977857 0
1.719656946824756 0.09734340523756675 0
0.6103137705850462 0.3878008686251974 0
0.8843729408588181 0.2066666917119932 0
1.660799252060439 0.3604809751809905 0
0.07150845917364523 0.2629652763099991 0
0.219480539224021 0.06623756432818698 0
0.08734804375445059 0.3251564217210566 0
0.1548243495941152 0.130763307523476 0
0.8210870134593875 0.09574560357210762 0
0.07699365646643709 0.3251786264897475 0
1.660775767118547 0.3010853486572666 0
0.007504157357374018 0.2652217343109896 0
0.4610780713013454 0.2962545566177031 0
1.5909133838272 0.2721105316885423 0
0.07534588115578361 0.05044484766814077 0
0.2042664630315298 0.3452794454864155 0
0.1611583587752835 0.3637270677576872 0
0.06083455232292578 0.2275287185361952 0
0.3208156174703182 0.1624123633020836 0
0.1926830761528259 0.09487561463083159 0
0.17193025386615 0.3637870517148277 0
0.1930072401417031 0.009536538389761243 0
1.462240100896298 0.3957841145584936 0
0.07683638509579348 0.2895309397258661 0
0.08183207366173822 0.2627584909086388 0
0.930199938275298 0.1567632432231058 0
0.1717508422553204 0.3081441179753954 0
2.081021744167734 0.1102104703827726 0
0.2143547583206032 0.1137826874195393 0
0.06685859581483414 0.3783306316399515 0
0.1601210674630729 0.400853852613189 0
0.7722079833641839 0.3415936538640127 0
1.46523745738026 0.2873124235643942 0
0.09257300787080407 0.3346392744005425 0
0.9190696069678065 0.2671620007310388 0
0.3843446737535847 0.1920056533935804 0
0.1599985730150256 0.121798640980598 0
0.9163698349324679 0.2923899221658721 0
1.758899536176587 0.3464437610565292 0
0.337198848296649 0.05418518480987129 0
0.08719488758736768 0.2894562063421193 0
1.740010556294811 0.07979690007861402 0
0.3318707917261168 0.1033626777166853 0
1.883288246406163 0.01587333576949886 0
0.10673422239328 0.08603926277381763 0
0.1174473306421013 0.008871987835240697 0
0.2097091050931285 0.3359120956965573 0
0.621954481928637 0.3753166595775663 0
0.1500421650224451 0.2322942483506065 0
0.3322000864990357 0.1624118443778066 0
0.8324320183155278 0.08213669331155719 0
0.8953331669103493 0.1930263973952427 0
0.2199306581848 0.1232231205696431 0
0.9440841032052136 0.1565998644186829 0
0.3486208748960316 0.05402936514174531 0
1.483014068156417 0.3798478025889173 0
2.08111579294328 0.1433191044990824 0
0.7857282488385989 0.3276002740933574 0
0.3902806153437115 0.2020232624464421 0
0.1553019128655419 0.2231299203633966 0
0.1162300331275506 0.08658000303897002 0
0.7736235150016753 0.03483869518254153 0
1.482098312204145 0.2873960089965481 0
0.6347149676280085 0.3753111485926251 0
0.07499802374363218 0.03330567993694845 0
0.4745285738042118 0.2844117913981218 0
1.754884727803898 0.09701917431683908 0
0.846143173078466 0.08202606390172733 0
0.2042681894313003 0.009590393293897914 0
1.217799593424199 0.04127708644608801 0
0.09235552106523044 0.2803725364790067 0
2.090856131185616 0.1599018425756318 0
0.3542464599111942 0.0440981986532131 0
1.773467050935425 0.3637897572271587 0
0.2255231930356855 0.1328028199876149 0
1.892680306107691 0.03167140016697591 0
0.3378391606767117 0.1525743652049209 0
0.961755527364504 0.1428550835230477 0
1.495765557202575 0.3959833048321529 0
0.7107405806265988 0.295966524247626 0
0.9089564244531533 0.1931095442106842 0
0.1660139124127745 0.223064475540063 0
2.110117978707645 0.160131461572564 0
0.2205557334140816 0.3358786145770346 0
0.7991598977619487 0.3421009743568064 0
0.3550192898878452 0.1031091339160022 0
0.1768576779129623 0.2232083645419329 0
0.3434193234780616 0.1032530124047772 0
1.775750492534669 0.07947875446736123 0
0.9252716685419397 0.2797032553625827 0
0.4188383968115131 0.01162768705043683 0
0.365713038652666 0.04391295183355254 0
0.2315918044155336 0.3358702277601675 0
0.648725094546368 0.3879420369277065 0
2.110236625595495 0.1934363253154341 0
0.8629091326203984 0.09521984083417258 0
0.9726173930145308 0.1565193691425918 0
2.160583255841925 0.3080844123729277 0
0.3605961062910439 0.0932482419457155 0
0.4019198507716534 0.2019319654157486 0
1.516585688680442 0.379904534503158 0
0.8121351508841936 0.3414647358651171 0
0.9267037054300942 0.2064623528205227 0
0.3717010398662062 0.05377061588105787 0
1.794830389206592 0.3461259381998395 0
1.228916823176721 0.02659112798639786 0
1.911032976105095 0.03156780257788938 0
1.790764431885606 0.09683756595071823 0
0.4848813523272648 0.2961871620676623 0
0.2370194633100012 0.3452520487044123 0
0.3493780976322228 0.1524811307340089 0
1.505664750605263 0.272417301433578 0
0.2752774158255839 0.08413788737878994 0
0.3834062999931131 0.05376964979143393 0
0.1660375966427684 0.3914195684274696 0
0.9907558528207618 0.14276774632811 0
0.2531085835425397 0.1618093569781527 0
1.528462635755146 0.3956204787596369 0
0.78463068315586 0.04804769843736471 0
0.8264127710761355 0.3272702836956854 0
0.3890463476840027 0.04370513198138054 0
0.8737508084525226 0.08166181717789837 0
1.129715705712959 0.2805831920152644 0
1.813650253453736 0.07999620530248484 0
0.6597327606536931 0.3754479185036001 0
0.4136358571935373 0.2018734576447851 0
0.937512215210792 0.1927476162976951 0
1.92968053101848 0.03153964188840506 0
1.808863720226555 0.3633836035009129 0
0.2420709090470392 0.3731507036494556 0
0.248068897677138 0.3453889016310889 0
0.3609241398861076 0.1524031859445831 0
0.2644440789269299 0.1619666798905873 0
0.1553065093878578 0.2603396116103219 0
0.007601526784155687 0.3550713702669652 0
2.16877047339608 0.0172922171360416 0
1.001091344388809 0.1562290277426781 0
0.8867800927769725 0.08190195484171602 0
2.147278829013839 0.06100181858956378 0
0.2695989221955117 0.07434601517121517 0
1.551423191157462 0.3805125744178716 0
1.102771663001369 0.37575867338499 0
0.8400631190423804 0.3432715682118718 0
1.825233509358565 0.09598198453274416 0
0.2535722223581472 0.3359485504314668 0
0.4008087653679239 0.04347725865148173 0
2.090853652260504 0.2596791082924395 0
1.515631248000048 0.287478013513369 0
0.2699921134427468 0.1714704688864558 0
1.249837642167325 0.04060959856678029 0
0.9508677031294511 0.1930105997993263 0
1.020889234997213 0.1431517022620521 0
0.675081744646586 0.3876860731134765 0
0.4067399479342907 0.05343049496781733 0
0.09638352488380139 0.4012835966792324 0
0.7972788054810647 0.04768450139690671 0
0.1817439907088936 0.4010658643336733 0
0.4786914747412387 0.01166071757878397 0
1.948449840794342 0.03154140908490235 0
0.2866016616296734 0.2009287421832626 0
0.08169241474621949 0.2445673384160909 0
1.175223003484556 0.2808716839848531 0
0.2647425932953497 0.3358129329998346 0
1.562626152253996 0.3957095651104005 0
0.945814987524493 0.2919026035083555 0
0.853846261220335 0.3269695293078238 0
0.3725182502400374 0.1523522711827751 0
0.4254582204562872 0.2018116676925854 0
2.110402271023525 0.2599230036336764 0
1.850321201849646 0.07977502812860085 0
0.2811957055611595 0.1717833138857864 0
0.9057584029440013 0.09428995385283838 0
1.006931893319739 0.04607000220422126 0
0.008017712449659948 0.0147797030573959 0
0.418611423027652 0.05349554364209436 0
0.3720821387760843 0.09300807350122574 0
1.833020195830101 0.34679770024018 0
1.532222258699154 0.2873818019566053 0
1.677846613048944 0.3606695257826529 0
0.1924783669239691 0.4011001401209022 0
2.119732409215949 0.2763374554548644 0
0.269746414952816 0.3451244581428173 0
1.029507285633195 0.1557683055378377 0
0.970372480725713 0.2057391621588999 0
0.4243542387818271 0.04333381881653863 0
0.6863368248277838 0.375048598715478 0
0.7799545883116352 0.2922691675706295 0
1.861831125678913 0.09575212418428355 0
1.584974825109798 0.3795077178904139 0
1.967271821965498 0.03148660244350667 0
0.8675959501512696 0.3425499094061369 0
1.259272062623162 0.02699483458041984 0
0.3841583839199715 0.1522930011837524 0
0.01474659633070422 0.4027885553465156 0
1.556669239358105 0.2727381716014912 0
0.1982448748896405 0.3916687241609674 0
0.3837588483937272 0.09299980876932316 0
1.050150664427751 0.1430130602184042 0
0.6989018390809444 0.3752383557996243 0
0.8155504959133453 0.03546081902286772 0
0.43733223003804 0.2017730372081079 0
2.129647583650625 0.2926544425624 0
0.9542978944433991 0.2793300411422073 0
0.9141647105526222 0.08204757046737342 0
1.844170032580913 0.3626241501345191 0
2.167227542995461 0.1945459408986341 0
0.2809902699945105 0.1909092078130848 0
0.2821093482778259 0.345036941106714 0
0.4362482820559948 0.04316182407733755 0
0.9789554268550118 0.1933106323943443 0
1.887134175926437 0.07951397673992025 0
1.221206520632481 0.281376142582659 0
0.4982523863252098 0.2829863984942854 0
0.8801171886359747 0.3411494090324672 0
0.3954674793492007 0.09292388479232157 0
1.986074526733201 0.03140813678893703 0
0.5271077245504168 0.05184206503398357 0
1.058813854158758 0.1556322469949316 0
0.4979361796406638 0.2011193511984782 0
0.2037114288725967 0.3824249352749128 0
0.9341990313246309 0.09399087978187962 0
0.3958547084192253 0.152247086665273 0
1.5659540038357 0.2871300222026796 0
1.90024521720729 0.09600442828393603 0
0.7132654512056736 0.38959722531351 0
0.4483990795204325 0.04313580675117588 0
0.2869971108116945 0.3357614595438081 0
0.2191934596640567 0.04697585348443632 0
0.9994605021429052 0.2056349463891086 0
0.08794583311135806 0.375666522827582 0
0.8959339520708077 0.3260525963126402 0
1.270610474186616 0.2825407834903015 0
0.0660044698543842 0.2181141066717259 0
0.9686243357766171 0.2792201368107668 0
0.4492658458523475 0.201708008827596 0
1.079678268411935 0.1428720978874131 0
1.869647338340648 0.3466770600028524 0
1.281481206899347 0.0404439647910533 0
0.4603460399303419 0.04306678007141828 0
2.004400592353272 0.03148919087671903 0
0.8238708338138701 0.04719381107058946 0
1.598855847120939 0.2576011295391191 0
1.921385972849639 0.07581609091780211 0
0.4076068615288579 0.1521997653767241 0
0.9424666154214721 0.08175745091879547 0
0.2983078596793668 0.3356844535567593 0
0.9094413687806432 0.3430145005739285 0
0.2141410113895344 0.3824778875668011 0
0.2040531424374052 0.2525314084699275 0
0.4784708620365262 0.05259006750473092 0
0.4072028606883189 0.09277330191085804 0
1.007891822352924 0.1932122103250672 0
1.088386199737795 0.1554950857866586 0
0.7258839768079511 0.3735874042572107 0
0.4664692382790885 0.05280518691101244 0
0.4430688010904702 0.09196915520698423 0
1.880952036617265 0.3624395852917656 0
0.8481952211875061 0.2919296464661907 0
0.4674488092702132 0.1523975594524881 0
1.938869674477594 0.09829699153746961 0
0.1183595940838955 0.2516775622100081 0
0.4612478049467281 0.2016683359558251 0
1.366426544988888 0.2851003461847486 0
1.316315841552244 0.2563940326154541 0
0.01587532656747929 0.2897869983839911 0
0.9235100972512712 0.3261072518948301 0
0.2251495926851975 0.3823793944073129 0
1.109473181308658 0.1427313922058892 0
1.290818993238532 0.02693992839595211 0
0.9627101417121073 0.09363141940390013 0
0.3095932415668915 0.3356815911891506 0
0.4194126213522889 0.1521600944365069 0
1.028527380467323 0.205506650135709 0
1.958204319627772 0.07566728649649082 0
0.4190560704665323 0.09261104008538351 0
0.4842471871374307 0.04249551857164215 0
2.184816565463163 0.08774267186650057 0
0.7397756902888641 0.3894964401950662 0
0.04470272255800441 0.1829759571122257 0
0.2309673294007628 0.3730781845495368 0
0.04002408538364749 0.1919219894593425 0
2.167866547833711 0.1582198167264861 0
1.616209393465187 0.2573264110550624 0
0.8432622711034587 0.03557836586658612 0
0.007480584594831059 0.3649150018244762 0
0.9376030746892555 0.3432826412671465 0
0.1474015971783186 0.0496102054785113 0
1.413256347449392 0.2565967843150637 0
0.1024388029513182 0.2246993960125781 0
1.118226696158835 0.1553569519785229 0
0.9719599659461184 0.08080333445973037 0
1.906580668035093 0.3465546734185935 0
0.3209423409658112 0.3356566664247494 0
1.976382976508434 0.09769354082432971 0
0.4964174690106908 0.04239526874258432 0
0.4733369334903148 0.2016135720463218 0
0.9828295447213025 0.2795441413382422 0
0.4312584266898917 0.1520895312454944 0
1.037002074150182 0.1931074628909837 0
0.5098746593985484 0.2982677782284911 0
0.9855083771241879 0.0812337946700442 0
0.7524407441006092 0.3733205650251594 0
1.620230759451762 0.37968668231711 0
0.5596419738275435 0.2006456802179432 0
1.139538762449813 0.1425893787065478 0
0.09076603044302957 0.3925125532418549 0
0.4792336404869587 0.09151372647743237 0
1.633558527401825 0.2572538857493107 0
0.9503790799365481 0.3412230201042758 0
0.5837833788467293 0.04233618167112577 0
1.99479195029998 0.07579288145438162 0
0.1612621215212302 0.05849882199936979 0
1.313091588598194 0.04029194990129446 0
0.508614214868643 0.04227791817448463 0
0.127782107334964 0.1047086278899388 0
2.140212403576697 0.3087946030448307 0
0.3323670324897047 0.3356145310694204 0
0.7645103204083072 0.3752709549436836 0
1.057857268674464 0.205376248911841 0
0.2471833085912235 0.3823481441929494 0
1.919235458838705 0.3628587928798722 0
1.650609169519562 0.2571494276534704 0
0.4857010000781981 0.2014316807952442 0
0.4310865929603927 0.09231741836779826 0
0.5209368316244456 0.2965096715521607 0
1.148337891838699 0.1552195988488496 0
0.1988522400057376 0.2804877152544169 0
0.5284448061437561 0.1522975941455189 0
0.4431675958104443 0.1520905383434598 0
0.01671095270860217 0.377424348050909 0
1.003216842889252 0.2919608401336549 0
0.9665447053498124 0.3260001300420173 0
0.5210165043034185 0.04217495519253689 0
0.1386474122552068 0.1047198909026429 0
1.005973844972231 0.09316768582726766 0
0.3438238086732746 0.3355882823145412 0
1.659550578750425 0.272017424290881 0
0.01617858302447021 0.220000000000485 0
1.169877389718438 0.1424482315015189 0
0.8523455294773044 0.04785248861186742 0
0.09372502074198949 0.3540213700946778 0
0.7804008795589241 0.3894968795560572 0
0.2582858109637082 0.3824281126914208 0
0.1478959263599201 0.1040634696126552 0
1.066376140087909 0.1930016400574482 0
0.9803609206834406 0.342907020260449 0
1.32255350742456 0.02688901248429258 0
0.4553628128397331 0.1522125241573895 0
0.209633371124877 0.2812495871739722 0
1.941040695902728 0.3429934292169296 0
1.12177740392269 0.02476363967104158 0
0.09208416750029938 0.1890503078447437 0
0.5354576136714664 0.2834333779649981 0
1.01520049315357 0.08035860650485048 0
0.5040784272349181 0.1913313463133751 0
1.011412763332576 0.2800746681892219 0
2.184957281923337 0.223879122458972 0
0.3553270945139346 0.3355615981016709 0
1.178721191303796 0.1551128947654539 0
1.66820058960587 0.2868186677086346 0
0.2694157701706181 0.3824550338773585 0
1.087453595739934 0.2052448888536801 0
0.9947717324458156 0.3260349398858141 0
2.185017269442804 0.2642632430150367 0
0.10255322932946 0.1879898347329501 0
1.029295848277256 0.08056904940819087 0
0.4490848569685301 0.08239907222474548 0
0.6227482109852638 0.200151989151376 0
1.200491585356699 0.1423087147383978 0
0.8656904554595694 0.04747421319268793 0
1.957238504487601 0.3651692151825789 0
2.165900555530334 0.1255740564859102 0
0.7927292053587426 0.3736426965576607 0
0.01640248808738715 0.3088958077579648 0
0.4736234827166054 0.161961662636995 0
0.460951298199222 0.08228633174582646 0
0.5908303330826018 0.1522093954188391 0
0.3668832744628338 0.3355377632547114 0
0.5163842912798247 0.1914565630727469 0
0.5468474760830245 0.2979612995533413 0
0.5399563833510895 0.05178667652424578 0
1.009189099056761 0.3428683876037352 0
0.280598665046297 0.3823981885444704 0
1.031260110469109 0.292909701438743 0
1.34498895368017 0.04013840829812757 0
1.096016974141231 0.1928950547556728 0
0.4858169233747145 0.1617130238192875 0
0.2149532072965184 0.2903742419135256 0
0.1651222248680206 0.1136731939441427 0
1.049728998525869 0.09280609649857702 0
2.167825760994871 0.2900622438312331 0
1.209381156470865 0.1549823243780072 0
0.0169269183361375 0.3425993558370239 0
0.8070482356499752 0.3892396889084826 0
0.1150345665751625 0.03295449140594151 0
0.5458601468166879 0.04185672233010165 0
0.5653352377684147 0.09042250361384385 0
0.3784882752596099 0.335510127807962 0
1.0237294910186 0.3260194945684748 0
0.4672549085010263 0.0917556546290919 0
1.685349463343089 0.2866613574241804 0
1.702340582970163 0.397029880899461 0
0.8847555602784635 0.03562790841982747 0
1.231385716741255 0.1423409558178613 0
1.117320374524134 0.2051112782393203 0
0.5599755783641071 0.2836180413174942 0
0.007218474074814227 0.2750000000003379 0
0.2120336101000347 0.01956803785080897 0
0.01580564589216618 0.1104373144173065 0
0.6502329087638926 0.04322549443786013 0
0.5221262923492502 0.2012414136493735 0
0.8198561973713221 0.3731991246004326 0
1.058482515050655 0.08032436280675127 0
1.037800806859258 0.3429714866209232 0
0.02504914791531447 0.006717538300010195 0
0.654636540186003 0.1521250151346856 0
1.046723859120466 0.2919416721906989 0
1.354576499362414 0.02683737718124108 0
0.3901463605364726 0.3354956033015208 0
1.986135322858754 0.38008780451214 0
0.6900676307022315 0.1990798098129548 0
1.241073594627106 0.1557507774996947 0
0.2918183649412396 0.3823021072160457 0
0.4914053645019873 0.1520330496249194 0
0.2259475002675296 0.29038052654354 0
0.6032008862645776 0.08993543515717944 0
0.8318864543081894 0.3753470121127307 0
1.125927010644572 0.1927864420708216 0
0.1745496894109052 0.1127315756354158 0
0.558234076758399 0.04178179116605549 0
1.703040961907907 0.2867810047770141 0
1.079190937629562 0.09255344682369561 0
2.003404008979273 0.3791026178211878 0
0.5717578626741369 0.2982441549987632 0
0.01648826247456459 0.2006025040390153 0
1.054987450903305 0.3279927742743405 0
1.450087176105927 0.2567682915013756 0
0.4018585952689884 0.3354726593535695 0
0.5035364932420616 0.151909620372842 0
1.256689102148903 0.155767568578932 0
0.534402470292652 0.2012557067020336 0
0.3032200265260836 0.3822456196998823 0
0.8933818295364018 0.04734508923577326 0
0.2253009676373948 0.00717413338900493 0
1.560143617181813 0.192640098490429 0
1.604960153177271 0.1592753608697717 0
1.147456874669829 0.2047822121484947 0
0.01624442760155665 0.1292021619638679 0
1.720787959215801 0.2867707242717278 0
0.7226196241701739 0.1528259503563991 0
0.2369664123298553 0.2903810806103908 0
1.35228050821785 0.2563583769151934 0
0.4970959979192654 0.08200330524137646 0
0.4851352657655093 0.0819554027373396 0
0.03408303223405031 0.01811976315176975 0
0.8486655777523194 0.3893982926825409 0
0.08457873023649894 0.383911986263856 0
1.068062677842815 0.3257777016623224 0
1.272605193578289 0.1560224242511971 0
1.055782429625198 0.27940274157018 0
1.087677278254255 0.08045252090159329 0
0.3146669979994394 0.3822186081190935 0
0.7559258454656301 0.1983209197287098 0
0.01723217775112786 0.326210021967124 0
2.027729374215518 0.3628110141065375 0
0.5827950970330162 0.2962382939188799 0
1.377175910518524 0.03998331672179115 0
0.4136262029353002 0.3354470450268063 0
0.01588834958413746 0.06975251315688184 0
0.5471041222582866 0.2010201898176248 0
0.5160508658377216 0.1520379217328877 0
0.7892990062772421 0.1527589917311802 0
1.156852971040211 0.1916865091741374 0
1.082405286756337 0.3426550265166037 0
1.738783980776225 0.2869427527324396 0
0.2480339002738098 0.2903386930472689 0
1.288124687082608 0.155810596693498 0
1.107802556289178 0.0935760909583243 0
0.3260923454249745 0.3822062557377855 0
0.2353735331695135 0.0196640452063985 0
0.5711152781452213 0.04198364645734137 0
0.6960166333045836 0.08813001268828922 0
0.82432237498566 0.1947556811425201 0
0.006929285342353682 0.235000000000446 0
0.01569158486421918 0.05008020848968916 0
0.8584368638752614 0.1556439538986668 0
0.9128033474724978 0.0355565751378441 0
2.051852940728675 0.3954977369737102 0
0.425442898678742 0.3354230537097198 0
0.8612287453861017 0.373653933250423 0
0.715661477642783 0.04627654090394006 0
1.304081939060713 0.1559454371750225 0
0.5030637930294017 0.09168512178046281 0
1.122958759832916 0.0933191290308585 0
0.5980813389965294 0.2835208970690145 0
1.097274296912436 0.3259057104423215 0
0.2126709535813264 0.1944530274881908 0
0.7357587167990707 0.08494488620313119 0
0.5347972259557282 0.161768619164064 0
0.5468877744617171 0.1615665834711777 0
0.04638713758112283 0.007870428095763821 0
1.756601159663006 0.2869410287983248 0
1.387899249548298 0.02614240744328949 0
1.17208627838971 0.1915298245903783 0
0.5659665732366584 0.1910099085312911 0
0.3374928287688759 0.3822157075146533 0
0.02111022713926641 0.09396497679711063 0
1.070827032510416 0.2791802918395693 0
0.01704579965348906 0.2534148913549372 0
0.4373145069255971 0.3353980797769622 0
0.5153442496957326 0.09178160571450292 0
1.319748258862547 0.1557251360386299 0
0.8759384893251992 0.3890411499442588 0
0.5781775225497645 0.191113105488415 0
1.112171699279759 0.3425942568942374 0
0.259132536156663 0.2902890368322167 0
0.02993285759825418 0.09260587294111493 0
1.187616422839321 0.191115898053892 0
1.137646009759371 0.09363122398099563 0
2.186828363456511 0.3602627592378969 0
1.335843926948521 0.1558667483734938 0
0.0554009605602029 0.006458805196383116 0
0.4492438536768237 0.3353732880895059 0
0.6096855873255543 0.2978876505357592 0
1.127174461537006 0.325899050766665 0
0.8889266909917213 0.3730810745949606 0
1.08594482684011 0.2788082032310978 0
1.153039374940147 0.0932386554532955 0
1.774568561267756 0.2870799429765515 0
1.329443573894203 0.255509729050636 0
0.03949682050325813 0.1041758661322171 0
0.9211171900402813 0.04676453756487692 0
1.407319086572606 0.04280418684259534 0
1.351658449754715 0.1556379981987792 0
1.202752504267545 0.1912066628129103 0
0.248556387470008 0.008469446331925201 0
0.9011898256447595 0.3751766828805994 0
0.2702732538015858 0.290266512655299 0
0.348993890280761 0.3821276769562036 0
0.5276168609949338 0.09168318955983507 0
1.426649911632563 0.2559635330072943 0
0.4612249726835644 0.3353509180961519 0
0.07406199933910519 0.1444448620394067 0
1.142195894964522 0.3425764479861924 0
0.1676063501394342 0.02786992493985956 0
1.792610592628992 0.2871222499442155 0
0.08863414416606689 0.1415295285424557 0
1.367893717705817 0.1557862761019877 0
0.5527730986034034 0.1518511600905884 0
0.05141096676676527 0.09399409523101949 0
2.187104239279179 0.3229215342736291 0
1.168014936818728 0.09342355557699589 0
0.3604991610017104 0.3822044313062347 0
1.218321514217852 0.1909187601877476 0
0.5902742205148044 0.05191497061103374 0
0.06428864544429383 0.01806341374650326 0
1.100518888301259 0.2790210012108508 0
0.006632338163828296 0.14511370191497 0
0.9399626541353369 0.03434804310499483 0
0.0839004538183008 0.1268773482180727 0
0.1743266253623675 0.147688735622622 0
1.157322948911235 0.3258557070666237 0
0.9184431944690248 0.3892286745035486 0
0.4732582308714946 0.3353236507641273 0
0.1896260890282995 0.1444008578306485 0
0.5652607670465197 0.1517024147094113 0
0.5842861550694621 0.2008635165013287 0
0.5400726678949904 0.09149034741424195 0
0.2584221226132553 0.006954720812248885 0
1.383854160221115 0.1555470307902664 0
1.183455482680237 0.09309694149560542 0
1.421899652055959 0.02441105415345197 0
0.3722164798790165 0.3821691383645582 0
0.6025780302167429 0.05170705997998004 0
0.06046485408721892 0.09256836653907562 0
0.00657571848335987 0.1850000000004708 0
2.151012269437522 0.03232383101218022 0
0.2814612340845459 0.2902537558844338 0
1.810720160112831 0.287134617471681 0
1.233601035293204 0.1910191095027793 0
1.399726042620294 0.155311691892337 0
1.172476170644757 0.3424726562774714 0
0.4853473240804763 0.3353008003419 0
0.3838630253331441 0.3821954835328356 0
0.6230810647189963 0.284063146503502 0
1.623772593570754 0.139089300538749 0
0.5968514451337559 0.2008954348046807 0
0.5781314169104657 0.1518737130757685 0
1.198660147005262 0.09321312618780381 0
0.9311610138952219 0.3735259281131948 0
1.828849162444057 0.2869418965401022 0
1.413462250323537 0.1539540002490469 0
0.6095276715571317 0.1615569019220961 0
1.249304891371459 0.1907207064536774 0
1.187751110039881 0.3258267379888009 0
0.2689483968371181 0.01945601722942331 0
0.9537914638907463 0.03388946820623121 0
1.429673875644892 0.15379824299634 0
0.4974879621424609 0.3352716432764902 0
0.006688955666525338 0.08518750767403169 0
0.2926999268209224 0.2902522116056422 0
1.214235694393911 0.09287650151404454 0
0.5527600275095882 0.09101378430774643 0
0.3955686693211822 0.3821347866769848 0
1.439377993720432 0.04227452138440216 0
0.5970274420827251 0.1616787274704154 0
1.115611637159577 0.2791195583792012 0
0.9462825422581782 0.3887800423101347 0
0.5838717880631907 0.08084004881715651 0
0.6099021240717759 0.2006173082827188 0
1.847385110060165 0.2871988287229403 0
1.203041656798634 0.3424024711046384 0
1.446086504101643 0.153731095687135 0
1.264901695237538 0.1906031374196654 0
1.972870039487251 0.3624163775843484 0
0.006383882934153796 0.1650000000004397 0
2.034995668920432 0.01366273288674662 0
1.134884754410304 0.2934150131418526 0
0.5096826820250608 0.3352478136735598 0
0.6415322662307881 0.1906032658983375 0
0.1895696043864947 0.1245935206914606 0
0.06990405355496909 0.1039929655477462 0
1.229584147756289 0.09299984187724035 0
1.462696689714576 0.1537178028403431 0
0.6087583542931725 0.04197403639253171 0
1.218459136634766 0.3258359778921203 0
0.9594081028649667 0.3728431268588748 0
1.865508188077893 0.286901732952493 0
1.280207819747009 0.1908049861991391 0
1.667650005879437 0.3725104676515602 0
0.6289093946370525 0.1905829743436443 0
0.07985484895039478 0.02609776729090041 0
0.968381735117813 0.03415930231940058 0
0.635092866300072 0.2985058004372348 0
0.3039881178972971 0.2902430125205392 0
1.454749642877586 0.02434184794072523 0
0.5713792725892938 0.08100669365316093 0
1.245295978473741 0.0926533117743449 0
0.5219351371484725 0.3352219552959388 0
0.1722719979439954 0.03867451785438581 0
1.479259650481341 0.1536501418654286 0
0.9714698837669445 0.3748136985603766 0
0.4072862813000946 0.3820731869514597 0
1.233886987325238 0.3423645034835125 0
1.293061379086603 0.1922896514376148 0
1.335329201002463 0.2895445739910054 0
1.649627588295407 0.1733876255186618 0
0.01782148589896065 0.3947928760800862 0
0.2787470145481977 0.01810741100010531 0
0.09066873189999342 0.3685654367989825 0
1.713930740507268 0.3571389782151445 0
1.496019722254281 0.1536379658339644 0
0.4191416871060419 0.3820696601117741 0
0.6470816486939617 0.2972791916987142 0
0.5342459374789233 0.335194395519575 0
0.02476713381558797 0.403253205602252 0
0.07283792766381818 0.01676911997353012 0
0.6212762234706766 0.04170491080104296 0
1.308792217548665 0.1922749759754728 0
1.883939977023366 0.2870057870077303 0
1.249493122353303 0.3256924084696762 0
1.26078946739688 0.09278360306224628 0
0.9900602334330195 0.3882669310923874 0
0.6156329175666548 0.1516874429377937 0
0.3153277971947485 0.2902424741207158 0
0.006365514450349753 0.03478885935333789 0
0.4311607604864129 0.381980478491507 0
1.151099942548676 0.292170635427674 0
2.06232456528133 0.04892895810634485 0
1.512734334372164 0.1535698143977537 0
0.5809369541644082 0.3774856856514975 0
0.03622450808060069 0.3931536691125597 0
0.9838851892820426 0.03540405167474344 0
0.6217698017046107 0.08066896271160617 0
2.039095441570152 0.3790062890302058 0
1.276441752956691 0.09266363675062704 0
1.472409116713132 0.04215455088723254 0
1.981637176276086 0.2890490117075448 0
0.6284182049869381 0.1515274159748771 0
0.5466075645309071 0.3351713725120734 0
1.902479174828669 0.2869888650665409 0
0.6621126864677871 0.2840479334925562 0
0.5907144746947949 0.09019842094579143 0
1.265012064664455 0.3422927044503339 0
1.324857231319418 0.1919580659668108 0
0.6737053136375702 0.1613784816748643 0
1.52964563066656 0.1535588222711296 0
0.4430970417107585 0.3819643659748093 0
0.01583734179491135 0.01751285014819089 0
0.1253737352674957 0.08750705566760485 0
1.004791676145217 0.3881084587913333 0
0.1670976533731641 0.04867733455258755 0
0.04557710019486388 0.4043170990056985 0
2.082045215426497 0.02849325775395514 0
1.546513222087071 0.1534902115471468 0
2.185416577735599 0.3955122824351396 0
0.5590271661642094 0.3351456927797146 0
0.1306000297308134 0.07830187654694938 0
2.067413652860064 0.3070765718056807 0
1.28075714987545 0.3256950629329474 0
1.292278656222545 0.09256430360679681 0
1.340898321552533 0.1918292756727064 0
0.3267177565574723 0.2902334756613473 0
0.4550710803275702 0.3818764680088431 0
0.1575369287469313 0.1034673216265591 0
0.6478838487055926 0.2004520082306651 0
0.05453770000775429 0.4031143055455429 0
0.6416319261259729 0.1517182587634252 0
0.1832525242583823 0.1115733099578115 0
1.921054622536946 0.286962483190176 0
1.160016302681491 0.280742174417961 0
0.6331790711968821 0.04190060061239815 0
2.059469014878163 0.333237610808731 0
0.1357631445572524 0.06911060662890922 0
2.086403542185664 0.3396894048956018 0
1.487997848437046 0.02427223323649958 0
1.018827676270559 0.3886503970131451 0
1.563577038998012 0.1534804629973155 0
1.308074675824406 0.09244320905822627 0
0.1410898104504823 0.05936178346595817 0
1.296376228228094 0.3421999469853058 0
0.007325651490975933 0.007328471190725544 0
0.5715072042093587 0.335118804596767 0
0.6738699904648319 0.2980900903335452 0
0.6093352576201031 0.08061051854786216 0
2.185670810630409 0.01422873502813431 0
0.6609421168259173 0.1615165031110271 0
1.357008703145142 0.191637321532675 0
0.08970789512882983 0.02526130317998795 0
0.2902696394740532 0.01761978982726412 0
2.100204591540236 0.04879598446003006 0
0.1207777658893607 0.09590774215694695 0
1.579868896057902 0.1537105290157253 0
0.9924584146595663 0.046261528063251 0
1.180348143896555 0.2936802183669092 0
0.007273929975084912 0.4027231956846749 0
0.6606153273023205 0.2005694316936268 0
0.1842241273681933 0.1300829575686276 0
1.033663236637388 0.3884285404296966 0
0.3381598961295301 0.2902333751296386 0
0.7090731745515174 0.190525363638354 0
1.312256500216095 0.3255787452835322 0
0.1878675051819925 0.1706579894780611 0
0.5840409945631014 0.3350947829892271 0
1.324054283738656 0.09234183168740515 0
1.011773370247954 0.03404676034326289 0
1.939646257521614 0.2870283028451932 0
1.373184312204889 0.1915112682046227 0
0.6690658701561834 0.05147989777517229 0
1.711641035364537 0.3847597136460879 0
0.4671049643478052 0.3818084069039446 0
0.5986747495563975 0.3740352121625983 0
2.130793578611872 0.01140265800540663 0
1.340181810839318 0.09196578696295263 0
1.506313081542112 0.04173050303392236 0
1.328068269799265 0.3422432737235171 0
1.048125344967547 0.38869041833384 0
2.046310408911475 0.0284625818705372 0
0.3040050895304319 0.007225780426763924 0
0.1033670554777052 0.0161929692107022 0
0.6728073960800328 0.2003966507346132 0
0.1968022616905356 0.1696991630649642 0
0.5966296110402762 0.335066117135435 0
0.4792318646706591 0.3817473765393809 0
1.389368801417563 0.1914199564174307 0
2.172188665786192 0.07714867475909412 0
0.628085958916659 0.09029758915692286 0
1.34409149043237 0.325420632614471 0
0.3496529498487658 0.2902244808619124 0
1.195311437721942 0.2941751956093835 0
1.064388570090743 0.3877885272380634 0
0.6921654089839373 0.1898293842382229 0
0.7421310602209976 0.1607381738433964 0
1.35629212097626 0.09184310605832646 0
0.4913870881261662 0.3818338269928894 0
0.609276520986089 0.3350434407084349 0
0.6878078533677571 0.2843671565987578 0
0.6523873202684896 0.05234789045151701 0
1.405679249257189 0.1913051038044004 0
0.3148658580496617 0.006923644535727402 0
0.6407735027081557 0.09056581828581615 0
0.1734420225529942 0.0175670927525315 0
1.521508363349259 0.02328531350317775 0
1.360047555026441 0.3422878823547059 0
1.372470384036417 0.09160879844764085 0
0.6799343967700602 0.1514982916745353 0
1.957199285164262 0.2868442265142007 0
0.07790365549867348 0.1029592370440453 0
1.026281388613459 0.03384888403465561 0
0.1122783616624473 0.01505029125970847 0
0.6219776132535857 0.3350122294234751 0
0.503592378711649 0.3819764694995454 0
1.206714259167462 0.2792000257627447 0
1.422092624216718 0.1910611316458167 0
1.077525059332604 0.389350415891175 0
0.0769435236268694 0.3755257195455494 0
0.3611986472983506 0.2902248161174529 0
0.1053010041660241 0.3711052229479529 0
0.6929957208252012 0.1511874529464462 0
1.3762149817916 0.32526018124948 0
0.08641049707276222 0.1664022623735294 0
0.5158139004052548 0.3819802428451486 0
0.08336399575762113 0.1115268386501156 0
1.388715217122521 0.09148522949359954 0
1.108115625062616 0.3875984367469114 0
0.7150401092054792 0.08031611196296867 0
0.6347347316406265 0.3349880676718591 0
1.438538004171308 0.1909260428128375 0
1.089800686708664 0.3733815664939917 0
0.6535587852741452 0.09058034055820034 0
1.987643033067231 0.3023247931832128 0
1.392316680863469 0.3423338211399196 0
1.404970709272784 0.0913587970213192 0
2.019577804983089 0.0583694389647996 0
1.536449863493621 0.02488806165300909 0
2.005793254385418 0.3031442948789282 0
0.7052331145647304 0.1513564216863356 0
0.6994723423288733 0.29830704185587 0
1.636486315839179 0.1561772065073231 0
1.040969539047538 0.03386607362991007 0
1.585205344021061 0.2013664301093385 0
2.154244993402165 0.04742173905890138 0
0.6475526477404377 0.3349601746944854 0
1.455145763364236 0.1905867218646016 0
0.08887465931349613 0.1205836038242993 0
0.7749362339270287 0.1912863503164507 0
0.3727958524044377 0.2902160231320403 0
0.7248659498815517 0.1618686857543077 0
1.408629567739607 0.3250973310991694 0
2.024723239700985 0.3031457164086407 0
1.432971246902044 0.2922349947936093 0
0.7154440920713809 0.2859135580588896 0
0.666498499719496 0.0903071817571976 0
0.5280698255101007 0.3818804318066912 0
1.225050153279728 0.2930906835051928 0
1.421358226278374 0.09123988448896087 0
2.042819499790458 0.3031748835292948 0
0.3311360968606921 0.02833985679476798 0
2.008022131103831 0.08045575417440788 0
0.6604318478857554 0.3349303532331313 0
0.1799753733309894 0.1599094120011155 0
1.61159984589692 0.1865661724657911 0
0.01333190571391395 0.2792225141491671 0
1.471746394634318 0.1904388552230534 0
0.7134164636791833 0.1997483888877372 0
1.123084583237093 0.3881494624171652 0
1.424878264995765 0.3423811445322288 0
0.8085524999123169 0.159631889091619 0
1.437689844865311 0.09125205874197109 0
2.076933762608496 0.3622661991728896 0
1.443349185674314 0.2762090168241442 0
0.3844463073001957 0.2902167701958607 0
1.055546039232511 0.03366981392058823 0
2.068724882177524 0.3783740599865609 0
0.2205473190687887 0.2072714939998765 0
1.344697984300995 0.2779818111327237 0
0.6736330421716779 0.04253400574768643 0
1.666915147318174 0.3998521833664575 0
0.5404636425697132 0.3818360396795389 0
0.7545052104619234 0.08083799143717099 0
1.488272485137103 0.1906189726067476 0
1.441337864457519 0.3249320195766631 0
1.137859790824344 0.3885227408796377 0
1.664215346937046 0.1707923015745299 0
0.6733636328281366 0.3349080601648198 0
1.116048808499095 0.03292452878749197 0
0.7261227498919364 0.2001456389365109 0
0.7272430139972195 0.2846240778640912 0
0.01350840842005851 0.3694714981848405 0
1.454504472824929 0.09065616489027011 0
0.6791136403982134 0.08971696993990642 0
2.172751554689345 0.1757284316013306 0
0.3428468986549779 0.01721331076945264 0
0.1301543555512025 0.03302073468392364 0
2.01842049802387 0.03233609949541238 0
1.457734947539596 0.3424299072661693 0
1.505268868844145 0.1899830200659821 0
0.6863564412720746 0.3348815376401038 0
1.470863739327408 0.09087284602149902 0
2.011565622102449 0.04633025402789454 0
1.153136313157619 0.3884177152181841 0
0.734404901212856 0.05003247187077083 0
1.245932446705991 0.2918657588551907 0
0.0139564070292022 0.2610840189196844 0
0.6855292118209368 0.04188556815844648 0
0.236937548196089 0.2172545318590562 0
0.7388349362846547 0.1999058961773755 0
0.3961486499662293 0.2902081242264014 0
1.474342502499376 0.3247641834067493 0
1.521965062818954 0.1901874870844577 0
0.699412744849624 0.3348538541249788 0
0.6980344260671738 0.07912907004769967 0
0.7463456114576343 0.1516210816347605 0
1.070752443957943 0.03411528897276713 0
0.2059617192596394 0.1697630147447212 0
0.7580654943391536 0.189160550451085 0
1.168226209305186 0.3885640314730498 0
2.171599515055104 0.1389733487491323 0
1.487745786737566 0.09038062259366456 0
1.56305712909016 0.20422720658408 0
1.249485336204766 0.2815453729598962 0
0.5529056851495511 0.3818816113965152 0
2.17233046062096 0.2139958977303889 0
0.7591825337446871 0.1511701408400465 0
0.2110338658812129 0.1775654268022467 0
1.125985083276225 0.04774905395185434 0
1.490889387283052 0.3424801602578963 0
1.50425442097156 0.09062027422210972 0
1.538461875327398 0.190864195456856 0
0.3611427301560182 0.006559091458536083 0
0.8435611984318723 0.1910433856352443 0
0.7125252560357789 0.3348295718490258 0
0.01424304135698806 0.3191360621719846 0
1.553087587420182 0.02554711599308073 0
0.01404074258323438 0.3509013804313711 0
1.272167392072849 0.2930599183149878 0
0.3216555217803221 0.01635361505852283 0
0.4076404690169488 0.2905427830342385 0
0.8777337131500588 0.15911810430857 0
1.183552291875182 0.3885960590379164 0
0.06378995505485956 0.39368618818497 0
0.07909533767964086 0.1562395706057845 0
0.5652255080423176 0.3816534159235985 0
0.217991001374574 0.1892153322730954 0
1.50749157295835 0.3247702650830905 0
1.741081989248507 0.3666936918799754 0
1.084579386249918 0.03348984695094342 0
2.172416560627837 0.274603241278809 0
0.7256949248672351 0.3347962000872074 0
0.7715643496332499 0.1512403620037543 0
0.6982958765845281 0.04205348640877214 0
1.521471163816738 0.08989580002260628 0
0.09364458664487471 0.1650345911780084 0
0.7915031740179539 0.1619588148816132 0
1.198611965204374 0.3889164930601022 0
1.523787014455955 0.3417552117999834 0
0.3719763964630735 0.00600788222968525 0
1.320101877189705 0.2944061318578278 0
2.115026038771315 0.02993004942349631 0
0.06851769948194415 0.3853140265966926 0
0.7388482707128223 0.3349632509940275 0
1.537708855083433 0.09085099737876595 0
1.293012323294668 0.2912162521481781 0
0.718505129465938 0.08943223822225202 0
0.01371691487453701 0.3000000000002718 0
$EndNodes
$Elements
5 11334 1 11334
1 1 1 153
1 1 5 
2 5 6 
3 6 7 
4 7 8 
5 8 9 
6 9 10 
7 10 11 
8 11 12 
9 12 13 
10 13 14 
11 14 15 
12 15 16 
13 16 17 
14 17 18 
15 18 19 
16 19 20 
17 20 21 
18 21 22 
19 22 23 
20 23 24 
21 24 25 
22 25 26 
23 26 27 
24 27 28 
25 28 29 
26 29 30 
27 30 31 
28 31 32 
29 32 33 
30 33 34 
31 34 35 
32 35 36 
33 36 37 
34 37 38 
35 38 39 
36 39 40 
37 40 41 
38 41 42 
39 42 43 
40 43 44 
41 44 45 
42 45 46 
43 46 47 
44 47 48 
45 48 49 
46 49 50 
47 50 51 
48 51 52 
49 52 53 
50 53 54 
51 54 55 
52 55 56 
53 56 57 
54 57 58 
55 58 59 
56 59 60 
57 60 61 
58 61 62 
59 62 63 
60 63 64 
61 64 65 
62 65 66 
63 66 67 
64 67 68 
65 68 69 
66 69 70 
67 70 71 
68 71 72 
69 72 73 
70 73 74 
71 74 75 
72 75 76 
73 76 77 
74 77 78 
75 78 79 
76 79 80 
77 80 81 
78 81 82 
79 82 83 
80 83 84 
81 84 85 
82 85 86 
83 86 87 
84 87 88 
85 88 89 
86 89 90 
87 90 91 
88 91 92 
89 92 93 
90 93 94 
91 94 95 
92 95 96 
93 96 97 
94 97 98 
95 98 99 
96 99 100 
97 100 101 
98 101 102 
99 102 103 
100 103 104 
101 104 105 
102 105 106 
103 106 107 
104 107 108 
105 108 109 
106 109 110 
107 110 111 
108 111 112 
109 112 113 
110 113 114 
111 114 115 
112 115 116 
113 116 117 
114 117 118 
115 118 119 
116 119 120 
117 120 121 
118 121 122 
119 122 123 
120 123 124 
121 124 125 
122 125 126 
123 126 127 
124 127 128 
125 128 129 
126 129 130 
127 130 131 
128 131 132 
129 132 133 
130 133 134 
131 134 135 
132 135 136 
133 136 137 
134 137 138 
135 138 139 
136 139 140 
137 140 141 
138 141 142 
139 142 143 
140 143 144 
141 144 145 
142 145 146 
143 146 147 
144 147 148 
145 148 149 
146 149 150 
147 150 151 
148 151 152 
149 152 153 
150 153 154 
151 154 155 
152 155 156 
153 156 2 
1 2 1 21
154 2 157 
155 157 158 
156 158 159 
157 159 160 
158 160 161 
159 161 162 
160 162 163 
161 163 164 
162 164 165 
163 165 166 
164 166 167 
165 167 168 
166 168 169 
167 169 170 
168 170 171 
169 171 172 
170 172 173 
171 173 174 
172 174 175 
173 175 176 
174 176 3 
1 3 1 153
175 3 177 
176 177 178 
177 178 179 
178 179 180 
179 180 181 
180 181 182 
181 182 183 
182 183 184 
183 184 185 
184 185 186 
185 186 187 
186 187 188 
187 188 189 
188 189 190 
189 190 191 
190 191 192 
191 192 193 
192 193 194 
193 194 195 
194 195 196 
195 196 197 
196 197 198 
197 198 199 
198 199 200 
199 200 201 
200 201 202 
201 202 203 
202 203 204 
203 204 205 
204 205 206 
205 206 207 
206 207 208 
207 208 209 
208 209 210 
209 210 211 
210 211 212 
211 212 213 
212 213 214 
213 214 215 
214 215 216 
215 216 217 
216 217 218 
217 218 219 
218 219 220 
219 220 221 
220 221 222 
221 222 223 
222 223 224 
223 224 225 
224 225 226 
225 226 227 
226 227 228 
227 228 229 
228 229 230 
229 230 231 
230 231 232 
231 232 233 
232 233 234 
233 234 235 
234 235 236 
235 236 237 
236 237 238 
237 238 239 
238 239 240 
239 240 241 
240 241 242 
241 242 243 
242 243 244 
243 244 245 
244 245 246 
245 246 247 
246 247 248 
247 248 249 
248 249 250 
249 250 251 
250 251 252 
251 252 253 
252 253 254 
253 254 255 
254 255 256 
255 256 257 
256 257 258 
257 258 259 
258 259 260 
259 260 261 
260 261 262 
261 262 263 
262 263 264 
263 264 265 
264 265 266 
265 266 267 
266 267 268 
267 268 269 
268 269 270 
269 270 271 
270 271 272 
271 272 273 
272 273 274 
273 274 275 
274 275 276 
275 276 277 
276 277 278 
277 278 279 
278 279 280 
279 280 281 
280 281 282 
281 282 283 
282 283 284 
283 284 285 
284 285 286 
285 286 287 
286 287 288 
287 288 289 
288 289 290 
289 290 291 
290 291 292 
291 292 293 
292 293 294 
293 294 295 
294 295 296 
295 296 297 
296 297 298 
297 298 299 
298 299 300 
299 300 301 
300 301 302 
301 302 303 
302 303 304 
303 304 305 
304 305 306 
305 306 307 
306 307 308 
307 308 309 
308 309 310 
309 310 311 
310 311 312 
311 312 313 
312 313 314 
313 314 315 
314 315 316 
315 316 317 
316 317 318 
317 318 319 
318 319 320 
319 320 321 
320 321 322 
321 322 323 
322 323 324 
323 324 325 
324 325 326 
325 326 327 
326 327 328 
327 328 4 
1 4 1 41
328 4 329 
329 329 330 
330 330 331 
331 331 332 
332 332 333 
333 333 334 
334 334 335 
335 335 336 
336 336 337 
337 337 338 
338 338 339 
339 339 340 
340 340 341 
341 341 342 
342 342 343 
343 343 344 
344 344 345 
345 345 346 
346 346 347 
347 347 348 
348 348 349 
349 349 350 
350 350 351 
351 351 352 
352 352 353 
353 353 354 
354 354 355 
355 355 356 
356 356 357 
357 357 358 
358 358 359 
359 359 360 
360 360 361 
361 361 362 
362 362 363 
363 363 364 
364 364 365 
365 365 366 
366 366 367 
367 367 368 
368 368 1 
2 1 2 10966
369 3010 403 3986 
370 4059 4060 4563 
371 4540 2948 4636 
372 2979 1374 4222 
373 2422 2415 3544 
374 1412 3087 3088 
375 2356 2358 5394 
376 886 3124 3196 
377 4422 4540 4636 
378 3124 886 5544 
379 4540 4422 4755 
380 4422 1566 4755 
381 3064 1764 3066 
382 4060 2507 4563 
383 2024 2026 5221 
384 3043 388 3046 
385 3021 462 3998 
386 2422 3544 3545 
387 2799 4117 5549 
388 3677 1667 4392 
389 2799 3611 4117 
390 3810 1883 5666 
391 1667 3677 4231 
392 3087 1412 3367 
393 520 3338 3339 
394 1374 2979 4223 
395 1717 1724 3231 
396 3031 483 4024 
397 4808 4423 4825 
398 1883 3810 3812 
399 2022 2020 5214 
400 2592 3543 3544 
401 2996 1303 4225 
402 4423 1571 4825 
403 1761 3774 3775 
404 2358 4369 5394 
405 3769 3767 4910 
406 2376 3903 5475 
407 4423 2971 4781 
408 1618 4236 4392 
409 3903 2376 4725 
410 4725 2376 4771 
411 503 3003 3160 
412 1566 2971 4755 
413 2383 3208 4496 
414 4817 2703 4848 
415 2971 4423 4808 
416 3470 4725 4771 
417 2971 1566 4781 
418 3899 4817 4848 
419 1531 1529 3775 
420 1529 1761 3775 
421 3836 2807 4301 
422 462 3021 3999 
423 3094 2661 3095 
424 4236 3677 4392 
425 4301 2807 5571 
426 1667 4231 4606 
427 2415 2592 3544 
428 1303 2996 4226 
429 403 3010 3987 
430 4231 3674 4606 
431 4876 2448 4909 
432 3283 4035 4912 
433 3003 503 3293 
434 3815 3810 5666 
435 3032 2571 5578 
436 2571 3032 3206 
437 3456 4876 4909 
438 3005 1375 4227 
439 3543 2592 3546 
440 3036 423 4054 
441 1703 1715 3217 
442 3470 4771 4787 
443 4914 4424 4937 
444 2470 2472 5206 
445 3589 2636 4365 
446 828 3011 4198 
447 2636 3589 5583 
448 3471 3470 4787 
449 4424 1583 4937 
450 1625 4789 4832 
451 2411 2409 3999 
452 2932 4357 5095 
453 507 2997 3867 
454 1327 4934 4947 
455 3078 498 3080 
456 4789 3725 4832 
457 1375 3005 4383 
458 4934 3089 4947 
459 3042 509 3546 
460 4606 3674 4736 
461 2997 507 4745 
462 783 785 3215 
463 2513 2482 5209 
464 2422 3545 5268 
465 3674 4169 4736 
466 2741 3905 4948 
467 3011 828 4199 
468 3063 424 3996 
469 803 3033 3208 
470 1407 4893 4911 
471 1685 2989 4843 
472 388 3043 3139 
473 2568 2567 5026 
474 1571 2989 4825 
475 483 3031 4025 
476 3766 1755 3767 
477 3093 1410 4966 
478 42 43 4814 
479 3905 2741 4977 
480 3019 1295 4308 
481 3717 1668 4936 
482 2989 1685 4866 
483 4893 3075 4911 
484 3300 2171 3303 
485 1410 3093 4983 
486 2989 1571 4843 
487 3012 1304 4232 
488 2026 3590 5221 
489 3033 803 3206 
490 3774 1761 3776 
491 2998 2997 4745 
492 369 3053 4434 
493 3125 4268 5169 
494 1320 4847 4867 
495 2998 4745 4792 
496 4388 3437 5371 
497 3767 1755 4910 
498 4847 3072 4867 
499 3051 454 4056 
500 520 3339 5207 
501 2961 3547 3548 
502 2495 3509 5001 
503 17 18 3546 
504 509 3042 3547 
505 1295 3019 4367 
506 3224 2551 4071 
507 1304 3012 4441 
508 4169 1625 4736 
509 1668 3717 5023 
510 3509 2495 5025 
511 1400 4812 4831 
512 2703 3471 4787 
513 5009 4425 5032 
514 1625 4169 4789 
515 3471 2703 4817 
516 4425 1595 5032 
517 4812 3052 4831 
518 1314 4765 4790 
519 2161 3878 5073 
520 4044 2557 4093 
521 3959 2022 5214 
522 4091 3165 4651 
523 2661 3094 3158 
524 423 3036 4055 
525 4424 3004 4889 
526 3878 2161 5094 
527 424 3063 3997 
528 4765 3041 4790 
529 1685 3004 4866 
530 3026 1377 4237 
531 3099 1693 4997 
532 3611 2799 4199 
533 3004 4424 4914 
534 4362 3871 4821 
535 3004 1685 4889 
536 1693 3099 5017 
537 3748 3749 3776 
538 2426 2424 3997 
539 1377 3026 4428 
540 2807 3836 4367 
541 2069 3957 3960 
542 4223 2996 4225 
543 4391 5015 5044 
544 3957 2069 5605 
545 2641 4099 4364 
546 2129 3164 4647 
547 43 3155 4814 
548 5015 2237 5044 
549 583 585 3421 
550 2641 4364 4444 
551 43 44 3155 
552 1935 1633 3830 
553 3073 405 4052 
554 4226 3005 4227 
555 516 3108 4430 
556 1780 4135 4136 
557 3015 502 3931 
558 1377 4428 4724 
559 4365 2636 4444 
560 1762 3405 3407 
561 4048 4960 4980 
562 3159 391 3362 
563 502 3015 5596 
564 1764 3064 3217 
565 524 4388 5371 
566 4792 370 5131 
567 1637 1635 3826 
568 3012 4232 4383 
569 4237 1304 4441 
570 4428 3034 4724 
571 3034 1314 4724 
572 3456 4909 4922 
573 1412 3088 3215 
574 2778 3895 5065 
575 4960 2220 4980 
576 3026 4237 4441 
577 3822 1935 3830 
578 3718 1639 5076 
579 454 3051 4057 
580 3457 3456 4922 
581 1630 1628 4986 
582 3895 2778 5096 
583 2069 3960 4571 
584 436 3203 3269 
585 4099 2641 4666 
586 3184 806 4883 
587 4232 1375 4383 
588 1639 3718 5103 
589 434 3128 4431 
590 1314 3034 4765 
591 5038 3049 5057 
592 1540 1780 4136 
593 2961 3548 5118 
594 3097 504 3994 
595 2557 4044 4352 
596 4098 4099 4666 
597 514 3172 4443 
598 3049 2714 5057 
599 1303 4226 4227 
600 3129 2478 3236 
601 2590 3453 5117 
602 369 349 3261 
603 449 3327 5138 
604 3960 3531 4571 
605 518 3181 3213 
606 4364 4365 4444 
607 3046 388 3235 
608 1040 1038 3418 
609 4075 4900 4928 
610 1374 4223 4225 
611 3453 2590 5135 
612 40 41 3235 
613 2145 4785 4842 
614 2448 3899 4848 
615 3327 449 5178 
616 3180 514 4443 
617 1755 3766 3770 
618 1001 3129 3236 
619 4785 3976 4842 
620 5057 2714 5067 
621 3836 1295 4367 
622 2831 3612 4119 
623 1419 3316 5002 
624 3164 2129 5374 
625 3837 2830 4297 
626 828 3611 4199 
627 3899 2448 4876 
628 1687 3020 4954 
629 4900 2170 4928 
630 2472 4120 5206 
631 5190 3983 5226 
632 2714 2429 5067 
633 498 3078 3235 
634 1583 3020 4937 
635 3066 1764 3231 
636 3987 3031 4024 
637 3725 1668 4832 
638 3233 2528 3234 
639 3020 1687 4970 
640 2831 4119 5634 
641 3041 1400 4790 
642 2528 2509 3234 
643 2705 2707 5064 
644 2833 5190 5226 
645 2998 4792 5131 
646 1724 1770 3231 
647 3020 1583 4954 
648 4029 4762 4797 
649 2932 2933 4357 
650 44 375 3155 
651 3086 478 4008 
652 3111 375 3113 
653 2830 3837 4579 
654 4297 2830 5642 
655 4289 3829 5264 
656 405 3073 4053 
657 370 3249 5131 
658 3129 1001 3240 
659 1764 1717 3231 
660 3098 4402 5159 
661 1400 3041 4812 
662 4284 3817 5253 
663 4032 4828 4852 
664 2914 3196 5169 
665 3829 4289 5160 
666 3715 1669 5129 
667 3208 3033 4496 
668 2340 4098 4666 
669 4828 2165 4852 
670 1770 3085 3231 
671 4042 2616 4043 
672 4762 2147 4797 
673 3098 5159 5181 
674 3817 4284 5175 
675 2462 2460 3995 
676 1315 3401 3403 
677 3837 1299 4579 
678 4732 2340 4774 
679 3612 2831 4641 
680 1001 963 3240 
681 4298 2513 5209 
682 1669 3715 5157 
683 1312 3409 3419 
684 3593 4732 4774 
685 4098 2340 4732 
686 5108 4004 5141 
687 3196 3125 5169 
688 504 3097 3995 
689 4819 2363 4845 
690 5112 2354 5152 
691 1668 3725 4936 
692 960 923 3275 
693 830 3612 4641 
694 3596 4819 4845 
695 375 3111 3155 
696 175 176 3273 
697 2797 5108 5141 
698 3324 445 4069 
699 2242 5007 5063 
700 4025 3036 4054 
701 3150 960 3275 
702 2383 3087 3208 
703 5007 3953 5063 
704 3208 3087 3367 
705 3052 1320 4831 
706 2660 3158 3159 
707 2884 3108 5230 
708 2412 5010 5443 
709 3085 1770 3282 
710 2832 3901 5179 
711 4425 3035 4989 
712 2354 2779 5152 
713 3871 4362 5274 
714 2884 5230 5240 
715 1687 3035 4970 
716 5036 4006 5070 
717 4002 2866 5256 
718 1036 1034 3420 
719 3531 2145 4571 
720 4268 3125 5456 
721 1320 3052 4847 
722 3095 2661 3224 
723 3035 4425 5009 
724 478 3086 4380 
725 3901 2832 5213 
726 1299 3076 4579 
727 3283 2568 5026 
728 3406 3404 3422 
729 2616 4042 4442 
730 2866 4002 5295 
731 4726 3077 4775 
732 3035 1687 4989 
733 1527 1524 3777 
734 3076 1299 4712 
735 2879 4395 5187 
736 2760 5036 5070 
737 2650 3516 5236 
738 4895 2702 4927 
739 3412 1768 3556 
740 1760 1703 3217 
741 1647 3678 3679 
742 2111 4923 4964 
743 1367 4726 4775 
744 4029 2140 4762 
745 3077 830 4641 
746 3096 422 4038 
747 3516 2650 5249 
748 4133 4132 4981 
749 4173 4895 4927 
750 4961 4016 4992 
751 830 3077 4726 
752 4055 3051 4056 
753 3593 4774 4791 
754 2409 2990 3999 
755 2145 3531 4785 
756 1633 1630 3830 
757 4923 3462 4964 
758 1715 1764 3217 
759 3108 516 5230 
760 5023 3717 5048 
761 3594 3593 4791 
762 4651 3165 5374 
763 3076 4712 4749 
764 2731 4961 4992 
765 3072 1407 4867 
766 4712 1398 4749 
767 5010 3914 5443 
768 785 1412 3215 
769 2844 4801 4820 
770 427 4864 4887 
771 4873 4012 4915 
772 2304 5210 5255 
773 3717 3716 5048 
774 4749 1398 4777 
775 1774 3397 3399 
776 4826 2855 4850 
777 3021 2411 3999 
778 3118 410 3992 
779 2140 4029 5649 
780 4801 1301 4820 
781 1407 3072 4893 
782 3509 5025 5041 
783 2660 2661 3158 
784 5210 3949 5255 
785 4859 4371 5300 
786 2899 2898 5273 
787 3431 3411 4719 
788 4357 439 5095 
789 422 3096 4436 
790 4793 4018 4829 
791 837 4826 4850 
792 4864 3133 4887 
793 2704 4873 4915 
794 2579 3431 4719 
795 2147 4032 4797 
796 4944 2722 4968 
797 466 4824 4841 
798 806 783 3215 
799 2871 2887 3987 
800 3510 3509 5041 
801 1543 1540 4136 
802 1398 4321 4777 
803 2899 5273 5298 
804 3073 4052 4057 
805 3409 1312 3418 
806 3117 4839 4860 
807 1367 4775 4804 
808 2171 3300 5521 
809 3468 2051 5435 
810 2682 4793 4829 
811 798 796 3689 
812 2741 3457 4922 
813 450 3274 3870 
814 3910 1659 5218 
815 2146 5126 5166 
816 4101 4944 4968 
817 47 48 4881 
818 407 4779 4802 
819 4839 1705 4860 
820 4824 3126 4841 
821 1032 1030 3423 
822 4394 3330 4429 
823 4043 2616 4352 
824 2051 3468 5133 
825 4234 1367 4804 
826 2661 2551 3224 
827 2365 5396 5457 
828 509 17 3546 
829 2488 2486 3993 
830 3250 2730 5012 
831 4993 2418 5014 
832 1659 3910 5247 
833 876 878 3352 
834 440 3013 5245 
835 4032 2147 4828 
836 3457 2741 4948 
837 3137 490 3142 
838 2876 3897 5286 
839 4907 2860 4933 
840 5126 3522 5166 
841 829 3680 3854 
842 3075 1327 4911 
843 3599 4993 5014 
844 1935 3822 3825 
845 3402 3400 3557 
846 3830 1630 4986 
847 4779 3116 4802 
848 3135 4875 4906 
849 5396 3981 5457 
850 794 792 3688 
851 4442 4042 4699 
852 1688 3054 5055 
853 436 3269 5323 
854 5058 2455 5077 
855 2700 3483 5331 
856 2568 3243 3282 
857 3013 440 5279 
858 3749 3774 3776 
859 1345 4907 4933 
860 3897 2876 5313 
861 3602 5058 5077 
862 3107 464 4050 
863 3086 4008 4053 
864 3251 521 5300 
865 4135 1780 4137 
866 1595 3054 5032 
867 4875 1317 4906 
868 3289 3290 4757 
869 870 872 4857 
870 18 3543 3546 
871 450 3870 3871 
872 1327 3075 4934 
873 3054 1688 5069 
874 2644 4442 4699 
875 3483 2700 5350 
876 1419 3224 4071 
877 3413 884 3558 
878 4842 3976 4879 
879 3445 3444 4499 
880 3054 1595 5055 
881 2363 3594 4791 
882 4018 2644 4699 
883 464 3107 4627 
884 4952 3156 4975 
885 1697 3445 4499 
886 5493 3804 5516 
887 4044 4043 4352 
888 3152 4921 4941 
889 49 384 3230 
890 410 3118 3993 
891 955 951 4956 
892 3976 3975 4879 
893 3185 3124 5544 
894 839 4952 4975 
895 806 3215 4883 
896 2478 2480 3236 
897 4921 1727 4941 
898 3096 4038 4380 
899 1872 5493 5516 
900 3594 2363 4819 
901 2424 3021 3997 
902 4321 2844 4777 
903 4014 2900 5328 
904 3751 3748 3776 
905 5113 2769 5136 
906 464 4627 4746 
907 3243 3085 3282 
908 4050 422 4436 
909 3596 4845 4861 
910 2844 4321 4801 
911 3411 1758 4719 
912 4821 3872 5039 
913 3089 1410 4947 
914 4996 3176 5022 
915 932 934 3305 
916 1319 3393 3395 
917 4627 3110 4746 
918 3168 4959 4976 
919 2900 4014 5359 
920 1762 3407 3418 
921 2644 4018 4793 
922 4175 5113 5136 
923 3597 3596 4861 
924 3107 4050 4436 
925 1758 3411 3421 
926 790 788 3855 
927 3405 1762 3420 
928 3110 407 4746 
929 1408 3681 3856 
930 3260 876 3352 
931 1713 4996 5022 
932 934 3286 3305 
933 881 583 3421 
934 4959 1322 4976 
935 3273 176 5419 
936 3063 2426 3997 
937 1883 3812 3813 
938 4038 478 4380 
939 1410 3089 4966 
940 3679 3692 4972 
941 3224 1419 5002 
942 384 3166 3230 
943 3250 961 3444 
944 881 3410 3422 
945 1028 1026 3424 
946 2889 2906 4025 
947 468 3249 5167 
948 3053 369 5158 
949 3444 961 4499 
950 2165 4075 4852 
951 4117 4118 5549 
952 122 123 4000 
953 1610 3074 5086 
954 3914 3002 5035 
955 3283 409 4035 
956 3290 2707 4757 
957 585 1758 3421 
958 5042 3201 5068 
959 4008 405 4053 
960 3158 519 3159 
961 3002 3914 5010 
962 3410 881 3421 
963 3183 4991 5013 
964 3171 953 3262 
965 984 3255 3257 
966 3296 3298 3303 
967 1688 3074 5069 
968 5143 2821 5156 
969 3074 1610 5105 
970 3249 468 5203 
971 848 5042 5068 
972 3246 2858 4951 
973 3740 1722 5308 
974 4991 1745 5013 
975 4052 454 4057 
976 407 3110 4779 
977 2821 2820 5156 
978 953 942 3262 
979 3113 375 3277 
980 3074 1688 5086 
981 963 955 3240 
982 3398 3396 3559 
983 837 4850 4874 
984 5155 2789 5184 
985 4128 1765 4132 
986 423 4055 4056 
987 3243 3283 4912 
988 4069 445 5389 
989 3093 1693 4983 
990 2784 3533 5518 
991 5391 4355 5434 
992 5085 3225 5109 
993 2855 4234 4804 
994 483 4025 4054 
995 1538 1536 3770 
996 4235 837 4874 
997 349 350 3261 
998 1312 1040 3418 
999 3205 5028 5049 
1000 4268 1884 5169 
1001 403 3987 4024 
1002 5112 3100 5428 
1003 518 3213 5281 
1004 4309 5139 5431 
1005 4280 1608 5558 
1006 4075 2165 4900 
1007 2707 3290 5064 
1008 3091 3175 5259 
1009 4177 5155 5184 
1010 4234 2855 4826 
1011 388 40 3235 
1012 3533 2784 5532 
1013 1734 5085 5109 
1014 3775 3769 4910 
1015 1878 4281 4955 
1016 2495 3905 4977 
1017 5028 1328 5049 
1018 1693 3093 4997 
1019 3414 1785 3560 
1020 3252 3254 4984 
1021 1608 4280 5606 
1022 1635 1935 3826 
1023 786 784 3857 
1024 3445 5075 5088 
1025 3268 3188 4729 
1026 3905 2495 5001 
1027 3091 5259 5292 
1028 3147 456 3990 
1029 4435 3364 5232 
1030 1867 5391 5434 
1031 831 3682 3858 
1032 3296 3297 3298 
1033 2875 5268 5363 
1034 1722 3740 5357 
1035 3419 3409 5587 
1036 5128 3245 5151 
1037 1315 3403 3420 
1038 490 3137 3277 
1039 3223 5062 5082 
1040 4035 463 4912 
1041 41 498 3235 
1042 3503 5033 5204 
1043 2504 2502 3991 
1044 874 876 3260 
1045 3221 497 3941 
1046 498 42 4814 
1047 124 125 3998 
1048 3116 466 4802 
1049 48 49 3230 
1050 5139 2878 5431 
1051 1038 1762 3418 
1052 3401 1315 3423 
1053 5075 3234 5088 
1054 5149 3581 5406 
1055 851 5128 5151 
1056 5062 1759 5082 
1057 1689 3090 5122 
1058 4395 2879 5116 
1059 3298 3300 3303 
1060 2517 3140 5288 
1061 4196 2895 5144 
1062 3409 3431 5587 
1063 5157 3715 5189 
1064 3099 1711 5017 
1065 2660 3159 3362 
1066 2460 3063 3995 
1067 1610 3090 5105 
1068 1696 3692 3693 
1069 1798 3389 3391 
1070 3437 4388 5053 
1071 3090 1689 5137 
1072 3140 2517 5461 
1073 1024 1022 3426 
1074 3453 5135 5150 
1075 5170 3333 5196 
1076 466 3116 4824 
1077 1768 3412 3557 
1078 3999 2990 5637 
1079 2463 3188 3268 
1080 3248 2114 4474 
1081 519 3158 3202 
1082 3210 3032 5578 
1083 3239 5092 5115 
1084 3080 498 4814 
1085 2609 3303 3918 
1086 1301 3117 4820 
1087 1637 3826 5554 
1088 4302 4301 5571 
1089 4000 3999 5637 
1090 1696 3693 4492 
1091 3246 2114 3248 
1092 4431 3128 5171 
1093 521 4859 5300 
1094 3715 4167 5189 
1095 3281 1343 4701 
1096 923 925 3275 
1097 3090 1610 5122 
1098 1711 3099 5034 
1099 3454 3453 5150 
1100 847 858 3336 
1101 3117 1301 4839 
1102 2895 4196 5484 
1103 1754 5170 5196 
1104 5091 4191 5333 
1105 4012 2682 4829 
1106 5092 1763 5115 
1107 5466 3177 5485 
1108 3097 2462 3995 
1109 2354 5112 5428 
1110 1765 4128 4415 
1111 2172 5149 5406 
1112 3763 3764 4137 
1113 2908 2918 4055 
1114 5143 3879 5338 
1115 4132 1765 4981 
1116 48 3230 4881 
1117 1524 1739 3777 
1118 4010 2931 5400 
1119 3177 2560 5485 
1120 4953 5180 5519 
1121 3195 3154 5270 
1122 782 780 3859 
1123 3188 2463 3189 
1124 4434 3053 5061 
1125 3154 3195 5266 
1126 5363 3357 5415 
1127 1647 3679 3689 
1128 456 3147 3991 
1129 3276 5127 5145 
1130 3173 425 3988 
1131 1762 1036 3420 
1132 2463 1920 3189 
1133 3394 3392 3561 
1134 3678 1647 3688 
1135 960 3150 3252 
1136 2931 4010 5439 
1137 1403 3683 3865 
1138 2170 4048 4928 
1139 3339 3364 4435 
1140 3410 3406 3422 
1141 45 46 3277 
1142 5120 3565 5326 
1143 5127 1769 5145 
1144 317 318 3297 
1145 126 127 3996 
1146 2875 2422 5268 
1147 391 3213 3362 
1148 3126 427 4841 
1149 2875 5363 5415 
1150 2702 3597 4861 
1151 1884 3132 5169 
1152 2682 4012 4873 
1153 3222 3221 3941 
1154 1034 1315 3420 
1155 5140 4265 5183 
1156 1774 3399 3423 
1157 3404 3412 3422 
1158 3935 1719 5405 
1159 2877 5268 5505 
1160 3597 2702 4895 
1161 3397 1774 3424 
1162 3415 891 3852 
1163 4048 2170 4960 
1164 427 3126 4864 
1165 1988 4940 5104 
1166 2163 2792 3292 
1167 1689 4402 5137 
1168 3310 1660 4363 
1169 1719 3935 5447 
1170 4281 1878 5624 
1171 961 3250 5012 
1172 4307 5100 5311 
1173 3222 3941 3942 
1174 430 3161 3162 
1175 3240 955 4956 
1176 3422 3412 3556 
1177 3131 1709 5344 
1178 1531 3775 4910 
1179 5372 4051 5453 
1180 931 924 4884 
1181 5054 4259 5079 
1182 779 781 4219 
1183 4402 1689 5159 
1184 3166 384 3219 
1185 1803 4124 4125 
1186 3975 2111 4879 
1187 1761 1527 3777 
1188 4888 4378 4926 
1189 3165 3164 5374 
1190 3106 4821 5039 
1191 3997 3021 3998 
1192 884 3413 3559 
1193 3010 2871 3987 
1194 1020 1018 3427 
1195 1611 3098 5181 
1196 3680 829 3855 
1197 778 776 3866 
1198 1811 5140 5183 
1199 3255 984 3260 
1200 1709 3131 5432 
1201 826 798 3689 
1202 5409 2326 5450 
1203 4395 515 5187 
1204 2111 3975 4923 
1205 1315 1032 3423 
1206 206 207 3293 
1207 1323 3385 3387 
1208 1870 5054 5079 
1209 3589 3590 5583 
1210 3098 1611 5197 
1211 2592 3042 3546 
1212 128 129 3994 
1213 834 3684 4086 
1214 2486 3097 3993 
1215 1705 3135 4860 
1216 2887 3031 3987 
1217 1803 4125 4708 
1218 3133 463 4887 
1219 4128 4124 4415 
1220 2220 4391 4980 
1221 3412 3402 3557 
1222 1647 794 3688 
1223 1816 4888 4926 
1224 2003 5397 5448 
1225 3135 1705 4875 
1226 4124 1803 4415 
1227 796 1647 3689 
1228 386 3091 5292 
1229 3759 1746 5500 
1230 3336 870 4857 
1231 3688 829 3854 
1232 1030 1774 3423 
1233 5050 3693 5072 
1234 4306 5409 5450 
1235 4051 496 5453 
1236 3013 3197 5224 
1237 4125 4127 4708 
1238 953 3171 4741 
1239 386 4051 5372 
1240 2527 3314 3360 
1241 3310 4363 4366 
1242 5319 386 5372 
1243 3118 2488 3993 
1244 2778 3510 5041 
1245 3400 3413 3557 
1246 792 829 3688 
1247 463 3133 4912 
1248 4708 4127 4761 
1249 3091 386 5319 
1250 2518 4836 4863 
1251 2533 2531 3989 
1252 2920 2939 4057 
1253 942 931 3262 
1254 3390 3388 3853 
1255 3013 5224 5245 
1256 3692 1696 4972 
1257 2860 4235 4874 
1258 1319 3395 3424 
1259 948 3289 4757 
1260 2821 5143 5338 
1261 5397 3580 5448 
1262 2408 2410 4223 
1263 4076 2959 5537 
1264 4391 2220 5015 
1265 3510 2778 5065 
1266 3393 1319 3426 
1267 1934 5050 5072 
1268 3716 1639 5048 
1269 3681 1408 3857 
1270 878 913 3352 
1271 2114 3246 4951 
1272 4235 2860 4907 
1273 5027 4194 5193 
1274 5188 2964 5398 
1275 3289 948 3305 
1276 3557 3413 3558 
1277 2834 5091 5333 
1278 3219 384 3944 
1279 3280 1256 4529 
1280 369 3261 5158 
1281 1639 3716 5076 
1282 3280 3281 4701 
1283 829 790 3855 
1284 4022 2968 5478 
1285 4116 2350 5464 
1286 1690 3109 5219 
1287 4016 2704 4915 
1288 2596 3268 4729 
1289 774 772 4087 
1290 4835 4326 4871 
1291 408 122 4000 
1292 2160 5120 5326 
1293 1746 3759 5541 
1294 3855 1408 3856 
1295 1774 1028 3424 
1296 130 131 3992 
1297 1402 3685 4088 
1298 2968 4022 5506 
1299 3031 2889 4025 
1300 3092 447 5395 
1301 1611 3109 5197 
1302 3109 1690 5238 
1303 3599 5014 5024 
1304 3416 1808 3860 
1305 948 932 3305 
1306 3314 852 3360 
1307 1785 3414 3561 
1308 788 1408 3855 
1309 806 3184 4219 
1310 2011 3971 5472 
1311 2068 4835 4871 
1312 2350 4116 5495 
1313 3119 2884 5240 
1314 3222 3942 3943 
1315 3600 3599 5024 
1316 1016 1014 3428 
1317 3413 3398 3559 
1318 425 3173 3989 
1319 3109 1611 5219 
1320 1026 1319 3424 
1321 447 3092 5416 
1322 2294 2024 5221 
1323 3995 3063 3996 
1324 4173 2722 4944 
1325 5063 3953 5093 
1326 2722 4173 4927 
1327 521 3251 5476 
1328 2959 4076 5562 
1329 2308 5343 5354 
1330 2925 4310 5173 
1331 3286 934 3309 
1332 2906 3036 4025 
1333 503 3160 3161 
1334 123 462 4000 
1335 984 874 3260 
1336 5355 4108 5452 
1337 2567 3003 5026 
1338 2884 3119 5254 
1339 3140 2748 3216 
1340 1536 1755 3770 
1341 2499 4218 4515 
1342 858 870 3336 
1343 4314 5051 5194 
1344 532 534 3925 
1345 2704 4016 4961 
1346 960 3252 4984 
1347 3682 831 3859 
1348 3953 3952 5093 
1349 525 4371 4859 
1350 4429 3330 5192 
1351 1408 786 3857 
1352 3764 4135 4137 
1353 3396 3414 3559 
1354 3516 5249 5260 
1355 1996 5332 5360 
1356 462 124 3998 
1357 3857 831 3858 
1358 1317 3152 4906 
1359 3971 2011 5501 
1360 3178 2517 5288 
1361 3303 2171 3918 
1362 1780 1538 3770 
1363 1808 3416 4139 
1364 1616 3815 5666 
1365 3249 370 5167 
1366 1798 3391 3426 
1367 2502 3118 3991 
1368 3152 1317 4921 
1369 3212 3211 5482 
1370 3517 3516 5260 
1371 3389 1798 3427 
1372 3001 3251 5300 
1373 784 831 3857 
1374 1376 3192 4218 
1375 1784 4761 4813 
1376 2609 3296 3303 
1377 2020 2090 5214 
1378 1632 3115 5248 
1379 2517 3178 5284 
1380 132 133 3990 
1381 2237 3878 5044 
1382 4093 2557 4094 
1383 3158 3094 3202 
1384 3559 3414 3560 
1385 2451 2453 4199 
1386 4647 3164 4902 
1387 3207 482 4019 
1388 1319 1024 3426 
1389 3212 5482 5503 
1390 2992 4735 5607 
1391 770 768 4089 
1392 4761 4127 4813 
1393 5416 3092 5430 
1394 5316 2278 5329 
1395 3379 3381 3429 
1396 3264 974 3335 
1397 3815 1616 5639 
1398 5033 2033 5204 
1399 2991 2992 5607 
1400 3922 5188 5398 
1401 3189 1920 3278 
1402 3115 1632 5267 
1403 2499 4216 4218 
1404 3010 3986 5658 
1405 1690 3115 5238 
1406 3128 434 5132 
1407 3147 2504 3991 
1408 2911 3864 5392 
1409 125 424 3998 
1410 3751 3776 3777 
1411 5100 2816 5311 
1412 3310 3309 4463 
1413 3959 3957 5605 
1414 2056 4722 4756 
1415 3259 3264 3335 
1416 3173 3988 4382 
1417 497 3221 3944 
1418 3249 3248 5131 
1419 3078 3046 3235 
1420 838 3686 4373 
1421 3766 3763 4137 
1422 2293 3929 4737 
1423 831 782 3859 
1424 318 433 3297 
1425 3355 2457 5417 
1426 3092 3241 5430 
1427 1022 1798 3426 
1428 3036 2908 4055 
1429 3221 3219 3944 
1430 1628 1893 4986 
1431 3115 1690 5248 
1432 3878 2237 5073 
1433 3309 934 4463 
1434 2060 4853 5003 
1435 2423 2425 4226 
1436 3192 1376 4219 
1437 3414 3394 3561 
1438 2941 2952 4053 
1439 974 3266 3267 
1440 3683 1403 3866 
1441 424 126 3996 
1442 2528 3193 3292 
1443 375 45 3277 
1444 927 3332 4748 
1445 3262 931 4884 
1446 3929 3847 4737 
1447 4722 3841 4756 
1448 891 3415 3853 
1449 5030 3570 5123 
1450 3859 1403 3865 
1451 1999 5278 5297 
1452 4378 1784 4813 
1453 3335 847 3336 
1454 2590 3895 5096 
1455 974 3264 3266 
1456 2088 2271 3308 
1457 2457 3355 5454 
1458 3462 2242 4964 
1459 3895 2590 5117 
1460 1740 2088 3534 
1461 780 1403 3859 
1462 3156 1345 4933 
1463 2918 3051 4055 
1464 3864 2911 5481 
1465 4108 4107 5452 
1466 3137 3113 3277 
1467 2088 3308 3534 
1468 3392 3415 3561 
1469 3193 2163 3292 
1470 1660 3310 4463 
1471 5343 4110 5354 
1472 1345 3156 4952 
1473 46 490 3277 
1474 4942 4193 5046 
1475 3993 3097 3994 
1476 3119 2898 5254 
1477 3271 927 4748 
1478 3345 2899 5298 
1479 127 504 3996 
1480 3292 2792 3314 
1481 392 4435 5232 
1482 781 806 4219 
1483 873 871 3363 
1484 1691 3127 5285 
1485 2473 2471 4367 
1486 3718 1669 5103 
1487 1329 3417 4539 
1488 2898 3119 5273 
1489 510 317 3297 
1490 3200 510 3296 
1491 3226 893 3307 
1492 1798 1020 3427 
1493 1403 778 3866 
1494 3842 2068 4786 
1495 1323 3387 3427 
1496 3385 1323 3428 
1497 559 561 3442 
1498 3190 3278 3279 
1499 207 409 3293 
1500 1669 3718 5129 
1501 3132 1884 5309 
1502 504 128 3994 
1503 3561 3415 3852 
1504 3602 5077 5089 
1505 3870 2419 3872 
1506 5332 3566 5360 
1507 3127 1691 5305 
1508 3380 894 3382 
1509 4006 2731 4992 
1510 2575 2573 4382 
1511 1632 3127 5267 
1512 4589 4957 5020 
1513 1376 779 4219 
1514 2157 2144 4352 
1515 3866 834 4086 
1516 3338 520 5061 
1517 3684 834 4087 
1518 3307 893 3893 
1519 3603 3602 5089 
1520 2242 3462 5007 
1521 2418 4101 4968 
1522 1018 1323 3427 
1523 3011 2470 5206 
1524 510 3200 4092 
1525 490 47 4881 
1526 872 984 4857 
1527 776 834 3866 
1528 4101 2418 4993 
1529 2094 4905 4931 
1530 4310 2925 5540 
1531 2498 4122 5401 
1532 4979 3574 5047 
1533 3127 1632 5285 
1534 5357 3740 5377 
1535 4119 4120 5634 
1536 1727 3168 4941 
1537 503 206 3293 
1538 3547 3042 3548 
1539 2527 3292 3314 
1540 4315 4982 5071 
1541 2086 4918 4946 
1542 3190 3189 3278 
1543 3168 1727 4959 
1544 3415 3390 3853 
1545 1420 3446 4794 
1546 4298 4297 5642 
1547 3740 3739 5377 
1548 129 410 3994 
1549 2531 3147 3989 
1550 3316 2553 5002 
1551 3051 2920 4057 
1552 3872 2419 3925 
1553 4218 3192 4515 
1554 482 3207 4382 
1555 2820 3922 5156 
1556 2979 2408 4223 
1557 2187 2189 4358 
1558 5228 2259 5237 
1559 3841 3842 4786 
1560 410 130 3992 
1561 3190 3280 4529 
1562 3172 514 5087 
1563 834 774 4087 
1564 1420 3291 3332 
1565 4918 3929 4946 
1566 3227 2570 3363 
1567 3388 3416 3853 
1568 2899 3345 5345 
1569 4304 5316 5329 
1570 766 764 4245 
1571 2482 3019 5209 
1572 3881 3419 5587 
1573 2731 4006 5036 
1574 4940 3943 5104 
1575 2380 4300 5496 
1576 3173 2533 3989 
1577 2939 3073 4057 
1578 3719 3619 3723 
1579 4087 1402 4088 
1580 1640 3136 5318 
1581 2410 2996 4223 
1582 3867 2877 5505 
1583 4756 3841 4786 
1584 3216 2748 3308 
1585 2231 5222 5223 
1586 1323 1016 3428 
1587 1729 3120 5168 
1588 4092 3200 4713 
1589 1379 3687 4244 
1590 4363 3227 4366 
1591 772 1402 4087 
1592 3384 1810 3429 
1593 5370 3881 5587 
1594 3685 1402 4089 
1595 2662 2356 5394 
1596 391 3159 5339 
1597 1896 3132 5309 
1598 3687 1379 4249 
1599 1810 3384 3428 
1600 401 4092 4713 
1601 2535 3366 4501 
1602 3136 1640 5335 
1603 4197 2950 5186 
1604 2810 3926 4524 
1605 1691 3136 5305 
1606 2945 4437 4818 
1607 3148 437 5211 
1608 4836 3281 4863 
1609 131 456 3992 
1610 3853 3416 3860 
1611 468 3175 5203 
1612 3332 3291 4748 
1613 3207 4019 4526 
1614 2553 3236 5004 
1615 3922 2820 5188 
1616 1935 3825 3826 
1617 2459 2461 4383 
1618 1014 1810 3428 
1619 744 742 3868 
1620 3991 3118 3992 
1621 4136 4133 4981 
1622 3015 3014 5596 
1623 3619 3719 3724 
1624 2507 4060 5589 
1625 456 132 3990 
1626 5278 3965 5297 
1627 4589 1816 4957 
1628 534 1823 3925 
1629 1654 1656 4798 
1630 555 557 3873 
1631 2954 2974 4380 
1632 5002 2553 5004 
1633 3136 1691 5318 
1634 514 3180 5080 
1635 409 3283 5026 
1636 2961 2960 5483 
1637 3237 2705 5064 
1638 3238 4953 5519 
1639 2786 3307 3893 
1640 1402 770 4089 
1641 2764 5027 5193 
1642 2419 532 3925 
1643 3064 3039 3217 
1644 1256 3280 4701 
1645 852 2535 3360 
1646 3330 4394 5208 
1647 3871 3870 3872 
1648 2799 2451 4199 
1649 3381 3384 3429 
1650 3376 1815 3378 
1651 1784 4378 4888 
1652 984 3257 4857 
1653 3686 838 4245 
1654 5340 435 5481 
1655 1816 4926 4957 
1656 2961 5483 5513 
1657 3176 839 4975 
1658 3142 490 4881 
1659 5211 461 5398 
1660 508 4754 4838 
1661 509 3547 4769 
1662 2570 3227 4363 
1663 4722 3829 5160 
1664 3348 2848 3350 
1665 3329 3204 3330 
1666 3813 3816 5369 
1667 4216 2499 4358 
1668 2068 3842 4835 
1669 1980 5176 5177 
1670 4089 838 4373 
1671 3327 526 5138 
1672 1822 4589 5020 
1673 787 789 3367 
1674 2529 4214 4215 
1675 3708 3710 3727 
1676 3132 1896 5542 
1677 839 3176 4996 
1678 3585 2267 5205 
1679 3375 3377 4171 
1680 2271 3216 3308 
1681 133 425 3990 
1682 768 838 4089 
1683 2996 2423 4226 
1684 3073 2941 4053 
1685 3175 468 5259 
1686 893 3226 3363 
1687 3244 2880 3614 
1688 3417 3379 3429 
1689 3218 401 4713 
1690 2453 3011 4199 
1691 3770 3766 4137 
1692 1692 3141 5349 
1693 3140 3216 5288 
1694 2786 3317 4750 
1695 3720 3723 4679 
1696 3228 1318 4437 
1697 1312 3419 3880 
1698 3228 3229 4681 
1699 3723 3619 4679 
1700 1656 1740 3534 
1701 3629 3631 4243 
1702 1044 1042 3880 
1703 4917 5371 5379 
1704 3178 4494 5284 
1705 3291 1420 4794 
1706 3417 1329 4171 
1707 401 3218 4754 
1708 3548 2076 5118 
1709 1469 1467 4392 
1710 3360 2535 4501 
1711 2570 873 3363 
1712 3334 3313 4894 
1713 3417 3429 4539 
1714 894 3380 3873 
1715 3442 1808 4139 
1716 1322 3183 4976 
1717 1821 3926 3927 
1718 3141 1692 5367 
1719 5355 2874 5380 
1720 1780 3770 4137 
1721 2090 3477 5214 
1722 2425 3005 4226 
1723 2952 3086 4053 
1724 561 1808 3442 
1725 3382 894 3442 
1726 2848 3348 3851 
1727 2471 2807 4367 
1728 3183 1322 4991 
1729 1640 3141 5335 
1730 3483 5350 5365 
1731 4059 4563 5650 
1732 3813 3812 3814 
1733 3348 3346 3851 
1734 4871 4326 4901 
1735 3285 2148 3287 
1736 4681 3229 4710 
1737 2832 3454 5150 
1738 4166 3267 4810 
1739 5051 2761 5194 
1740 2573 3173 4382 
1741 3232 412 4037 
1742 1821 3927 4523 
1743 437 3148 5577 
1744 1868 1949 3288 
1745 2144 2557 4352 
1746 871 893 3363 
1747 1893 3824 4986 
1748 3484 3483 5365 
1749 1820 3425 4170 
1750 3720 1382 3868 
1751 4326 4325 4901 
1752 3295 508 4838 
1753 4122 2498 5510 
1754 4004 2760 5070 
1755 3614 2880 4068 
1756 3141 1640 5349 
1757 3304 2079 4351 
1758 894 559 3442 
1759 2810 3263 3926 
1760 1318 3228 4681 
1761 2030 2034 4444 
1762 3019 2473 4367 
1763 951 953 4956 
1764 3154 2292 5270 
1765 3988 482 4382 
1766 3454 2832 5179 
1767 554 552 4121 
1768 462 3999 4000 
1769 838 766 4245 
1770 3289 3288 3290 
1771 2534 3169 5438 
1772 3824 3817 5175 
1773 2810 2788 3263 
1774 3207 2575 4382 
1775 2212 5098 5110 
1776 803 3208 3367 
1777 2499 2187 4358 
1778 1649 1709 3315 
1779 738 736 3728 
1780 3425 1820 4350 
1781 2611 3304 4351 
1782 3926 1821 4524 
1783 5078 2217 5102 
1784 2616 2157 4352 
1785 1343 3281 4836 
1786 949 4122 4123 
1787 3287 2148 3288 
1788 3903 4369 5475 
1789 4494 3178 5564 
1790 3741 3698 3744 
1791 551 553 4148 
1792 4300 2380 5551 
1793 2526 4883 4930 
1794 433 319 4878 
1795 3204 3329 4149 
1796 3989 3147 3990 
1797 1379 4244 4245 
1798 3243 2568 3283 
1799 2968 5506 5538 
1800 2566 3282 4597 
1801 1658 3153 5384 
1802 1382 3720 4679 
1803 5090 1973 5099 
1804 3813 5369 5661 
1805 412 3232 4526 
1806 3714 3726 3727 
1807 1382 744 3868 
1808 2791 3181 3270 
1809 3307 2786 4750 
1810 764 1379 4245 
1811 1815 3376 4148 
1812 3407 3409 3418 
1813 2189 2529 4358 
1814 1413 3553 3555 
1815 4243 3687 4249 
1816 3165 4091 5473 
1817 557 894 3873 
1818 3372 897 3374 
1819 3005 2459 4383 
1820 3726 3714 3868 
1821 3159 519 5339 
1822 2455 3600 5024 
1823 4112 5228 5237 
1824 4019 412 4526 
1825 2970 4311 5195 
1826 3378 1815 3873 
1827 3733 3757 3758 
1828 3749 3773 3774 
1829 4167 1659 5189 
1830 3153 1658 5407 
1831 3086 2954 4380 
1832 2292 3154 5283 
1833 2115 5030 5123 
1834 3403 3405 3420 
1835 2730 3275 5012 
1836 3254 3255 3260 
1837 2858 3268 4951 
1838 1659 4167 5218 
1839 430 3162 3163 
1840 2615 2613 4526 
1841 1661 3177 5466 
1842 3365 2787 3366 
1843 3179 5340 5481 
1844 1692 3153 5367 
1845 3288 1949 3290 
1846 3690 840 4242 
1847 424 3997 3998 
1848 3776 1761 3777 
1849 2148 1868 3288 
1850 789 803 3367 
1851 2760 4004 5108 
1852 4214 2529 4389 
1853 3689 3679 4972 
1854 1656 3534 4798 
1855 3331 3361 4738 
1856 1272 1649 4743 
1857 742 3726 3868 
1858 3710 3714 3727 
1859 3377 3417 4171 
1860 449 3197 5178 
1861 2910 4616 5386 
1862 1820 3930 4350 
1863 3698 3741 3909 
1864 1815 555 3873 
1865 3346 1747 3851 
1866 3542 3306 4718 
1867 1772 1806 4154 
1868 4566 2968 5538 
1869 1383 3722 4516 
1870 3259 3335 3336 
1871 3631 3687 4243 
1872 1896 1044 3880 
1873 2485 2487 4441 
1874 3366 2787 4501 
1875 2461 3012 4383 
1876 949 4121 4122 
1877 2396 3294 3364 
1878 758 756 4242 
1879 4437 1318 4818 
1880 2148 3285 4154 
1881 3153 1692 5384 
1882 3733 3758 3923 
1883 2974 3096 4380 
1884 4754 3218 4838 
1885 3149 954 5422 
1886 4853 3540 5003 
1887 897 3372 4374 
1888 5386 4616 5414 
1889 579 581 3556 
1890 3764 4134 4135 
1891 3365 3342 4464 
1892 1467 1618 4392 
1893 2992 2558 3351 
1894 1346 3149 5422 
1895 3721 3708 3727 
1896 827 974 3267 
1897 3399 3401 3423 
1898 3132 2914 5169 
1899 3721 850 3728 
1900 3600 2455 5058 
1901 849 852 4698 
1902 3372 3370 4374 
1903 3282 1770 4597 
1904 1412 787 3367 
1905 1416 2256 3435 
1906 522 3326 4069 
1907 3267 3266 4810 
1908 3850 2518 3934 
1909 3425 3375 4171 
1910 3161 430 5581 
1911 3222 3943 5056 
1912 3313 2665 4894 
1913 3139 3931 5633 
1914 5222 4313 5223 
1915 4170 3425 4171 
1916 2566 2568 3282 
1917 801 827 3267 
1918 2518 3850 4836 
1919 2976 2982 4436 
1920 3263 2788 3435 
1921 1550 1548 4415 
1922 3169 2534 5573 
1923 3756 3757 4676 
1924 3772 3773 4674 
1925 50 51 3944 
1926 3329 1873 4149 
1927 3937 4375 4751 
1928 2076 3548 5597 
1929 3690 3629 4243 
1930 1042 1312 3880 
1931 2903 3542 4718 
1932 1893 5369 5579 
1933 1267 1262 4153 
1934 924 927 4884 
1935 949 554 4121 
1936 2626 4387 4806 
1937 4651 2140 5649 
1938 850 738 3728 
1939 3232 4037 4707 
1940 2394 1895 3535 
1941 3366 2535 4072 
1942 2636 2030 4444 
1943 504 3995 3996 
1944 2191 2193 4389 
1945 1380 3691 4241 
1946 840 3690 4243 
1947 2559 3347 3349 
1948 4973 1976 4978 
1949 2712 4942 5046 
1950 3139 5633 5660 
1951 1708 3157 5423 
1952 3722 1383 4251 
1953 3691 1380 4250 
1954 1649 3315 4743 
1955 2529 4215 4358 
1956 553 1815 4148 
1957 1667 1469 4392 
1958 1316 3357 3917 
1959 575 577 3558 
1960 2791 3270 3535 
1961 850 3721 3727 
1962 3395 3397 3424 
1963 3757 3733 4676 
1964 3773 3749 4674 
1965 3201 1713 5022 
1966 3553 1413 4168 
1967 3254 3260 3352 
1968 2547 2549 4149 
1969 2787 3365 4464 
1970 475 3954 4143 
1971 476 3977 4147 
1972 1745 3205 5013 
1973 3743 3744 4678 
1974 2536 3331 4738 
1975 3386 3383 4139 
1976 4131 4134 4677 
1977 437 3433 3434 
1978 4502 4040 5561 
1979 881 3422 3556 
1980 181 182 3434 
1981 3205 1745 5028 
1982 3968 3970 4532 
1983 3956 3958 4531 
1984 3962 3964 4533 
1985 1747 3447 4495 
1986 1713 3201 5042 
1987 3958 3477 4531 
1988 3970 3468 4532 
1989 3964 3503 4533 
1990 550 548 4168 
1991 3184 3192 4219 
1992 3744 3698 4678 
1993 3149 1346 5436 
1994 3374 897 4148 
1995 552 1413 4121 
1996 3197 449 5224 
1997 3274 3869 3870 
1998 4277 4279 4706 
1999 3175 2902 3848 
2000 2068 1698 4786 
2001 1877 3614 4068 
2002 2559 3349 3351 
2003 599 3185 5544 
2004 4279 3803 4706 
2005 3850 2569 3862 
2006 3157 1708 5444 
2007 2556 2554 4068 
2008 949 4123 4346 
2009 736 1383 3728 
2010 3254 3352 4984 
2011 4037 479 4707 
2012 1413 3555 4121 
2013 3190 3279 3280 
2014 1938 3306 3890 
2015 2034 2641 4444 
2016 1806 2148 4154 
2017 897 551 4148 
2018 2613 3207 4526 
2019 840 758 4242 
2020 2091 4979 5047 
2021 2558 2559 3351 
2022 4134 3764 4677 
2023 1658 3157 5407 
2024 5145 1769 5163 
2025 3391 3393 3426 
2026 571 573 3560 
2027 581 881 3556 
2028 2256 3263 3435 
2029 388 3139 5660 
2030 4260 4261 4675 
2031 4108 5355 5380 
2032 3826 3828 5554 
2033 3294 2396 4070 
2034 1769 4296 5163 
2035 3719 3717 4936 
2036 3728 1383 4516 
2037 2581 4210 4700 
2038 3829 4722 5574 
2039 3012 2485 4441 
2040 3678 3688 3854 
2041 1768 3557 3558 
2042 1543 4136 4981 
2043 1920 1917 3278 
2044 4377 4378 4813 
2045 384 50 3944 
2046 3541 2547 4149 
2047 280 281 3882 
2048 285 286 3884 
2049 290 291 3886 
2050 295 296 3888 
2051 300 301 3891 
2052 2604 3444 3445 
2053 3851 1747 4495 
2054 4905 4401 4931 
2055 4261 3789 4675 
2056 3297 433 3298 
2057 410 3993 3994 
2058 919 4327 4450 
2059 1191 1193 4077 
2060 1171 1173 4080 
2061 1211 1213 4083 
2062 1261 3440 3441 
2063 801 3267 4166 
2064 3328 1873 3329 
2065 1648 1267 4153 
2066 704 702 4230 
2067 724 722 4229 
2068 714 712 4228 
2069 3226 3227 3363 
2070 3270 2394 3535 
2071 1791 1873 3328 
2072 3311 2563 3911 
2073 1771 3284 3861 
2074 2538 1819 3861 
2075 4327 3843 4450 
2076 4266 3793 4379 
2077 3586 2019 5529 
2078 2600 3250 3443 
2079 3480 3478 4498 
2080 852 3314 4698 
2081 1292 1294 3917 
2082 1771 1772 4154 
2083 1338 2547 3541 
2084 2104 3311 3911 
2085 1917 1916 3278 
2086 3954 3461 4143 
2087 3977 3529 4147 
2088 2079 3304 4744 
2089 3198 3320 3321 
2090 546 547 3430 
2091 3539 3480 4498 
2092 2167 2159 4442 
2093 4217 1376 4218 
2094 3096 2976 4436 
2095 1548 1765 4415 
2096 3570 3567 4514 
2097 3581 3577 4510 
2098 3591 3587 4508 
2099 2549 3204 4149 
2100 3416 3386 4139 
2101 3157 1658 5423 
2102 1241 2810 4165 
2103 3313 2526 4930 
2104 4432 5097 5636 
2105 3564 3581 4510 
2106 3584 3591 4508 
2107 1779 1776 4439 
2108 4351 3295 4838 
2109 4271 4274 4673 
2110 3575 3570 4514 
2111 3680 3855 3856 
2112 3387 3389 3427 
2113 577 1768 3558 
2114 1234 1414 4381 
2115 4949 3114 4962 
2116 567 569 3852 
2117 3353 181 3434 
2118 475 3951 3954 
2119 476 3974 3977 
2120 3148 5211 5398 
2121 1389 4267 4697 
2122 3287 3288 3289 
2123 3916 3722 4251 
2124 3915 3691 4250 
2125 1380 4241 4242 
2126 3443 3250 3444 
2127 470 3948 4145 
2128 481 3980 4141 
2129 4375 997 4751 
2130 182 437 3434 
2131 2529 2191 4389 
2132 3232 2615 4526 
2133 756 1380 4242 
2134 1413 550 4168 
2135 1912 1906 3934 
2136 4215 807 4216 
2137 1414 1416 3435 
2138 548 3613 4168 
2139 3323 3322 3324 
2140 2786 1423 3317 
2141 2880 2556 4068 
2142 2800 4664 5201 
2143 4244 3686 4245 
2144 5176 3571 5177 
2145 3347 2559 3928 
2146 4982 2727 5071 
2147 527 528 3272 
2148 2604 3443 3444 
2149 1792 1875 3319 
2150 4274 3795 4673 
2151 3284 1771 4154 
2152 1329 4170 4171 
2153 4346 4123 4349 
2154 5414 2926 5440 
2155 16 509 4769 
2156 3446 2546 4794 
2157 805 2564 4460 
2158 1768 579 3556 
2159 2564 3368 4460 
2160 3296 510 3297 
2161 3370 3430 4374 
2162 3901 2650 5236 
2163 3306 2561 3890 
2164 1801 2079 4744 
2165 1344 3366 4072 
2166 775 777 4217 
2167 884 3559 3560 
2168 1308 3913 3914 
2169 4118 2399 5549 
2170 977 2553 3316 
2171 2650 3901 5213 
2172 2475 3338 3340 
2173 2116 1796 3928 
2174 3492 3882 3883 
2175 3496 3884 3885 
2176 3513 3886 3887 
2177 3525 3888 3889 
2178 3661 3663 3854 
2179 281 494 3882 
2180 286 491 3884 
2181 291 499 3886 
2182 296 501 3888 
2183 301 492 3891 
2184 3506 3891 3892 
2185 1418 1417 3334 
2186 4616 2926 5414 
2187 1875 1791 3328 
2188 1262 1261 4153 
2189 3826 3825 3827 
2190 4213 807 4215 
2191 1877 1757 4490 
2192 4256 4260 4291 
2193 2487 3026 4441 
2194 3538 3919 3920 
2195 1193 1251 4077 
2196 1173 1258 4080 
2197 1213 1244 4083 
2198 512 4108 4150 
2199 1337 1877 3318 
2200 1895 1779 3535 
2201 402 4044 4065 
2202 51 497 3944 
2203 3930 3439 4350 
2204 3198 3319 3320 
2205 3272 528 3869 
2206 3681 3857 3858 
2207 919 4324 4327 
2208 179 446 527 
2209 1294 1316 3917 
2210 4241 3690 4242 
2211 3565 4077 4078 
2212 3585 4080 4081 
2213 3574 4083 4084 
2214 1730 2430 3912 
2215 516 3269 5230 
2216 927 916 3332 
2217 3621 3618 3724 
2218 3319 1875 3320 
2219 3274 3272 3869 
2220 497 3940 3941 
2221 475 3950 3951 
2222 470 3946 3947 
2223 487 3955 3956 
2224 473 3967 3968 
2225 495 3961 3962 
2226 476 3973 3974 
2227 481 3978 3979 
2228 884 575 3558 
2229 936 918 3359 
2230 890 4256 4291 
2231 3614 1877 4490 
2232 3320 3322 3323 
2233 3384 3385 3428 
2234 1004 996 3930 
2235 3341 3342 3365 
2236 972 959 3344 
2237 966 546 3430 
2238 2902 2262 4472 
2239 3383 3382 4139 
2240 529 446 3353 
2241 2569 1342 4486 
2242 573 884 3560 
2243 2518 1912 3934 
2244 3738 3741 3744 
2245 470 3947 3948 
2246 481 3979 3980 
2247 3756 1384 4228 
2248 3743 1381 4229 
2249 3772 1385 4230 
2250 2603 3286 3309 
2251 3380 3378 3873 
2252 1790 1887 3342 
2253 4165 2810 4524 
2254 563 565 3860 
2255 1344 821 3341 
2256 3713 3719 3723 
2257 407 216 4746 
2258 799 801 4166 
2259 1421 2786 3893 
2260 1946 2600 3443 
2261 500 4062 4140 
2262 3983 2797 5141 
2263 3284 2538 3861 
2264 3344 3345 4164 
2265 456 3991 3992 
2266 1811 5183 5231 
2267 1718 3170 5465 
2268 3490 280 3882 
2269 3494 285 3884 
2270 3511 290 3886 
2271 3523 295 3888 
2272 3504 300 3891 
2273 1261 1253 3440 
2274 3295 2850 4880 
2275 907 2292 3358 
2276 1752 2104 3911 
2277 1896 3880 3881 
2278 4389 2581 4700 
2279 527 446 528 
2280 1420 896 3446 
2281 2526 3184 4883 
2282 777 1376 4217 
2283 2534 531 3432 
2284 3948 3521 4145 
2285 3980 3488 4141 
2286 2982 3107 4436 
2287 3848 2902 4472 
2288 1747 998 3447 
2289 4260 1388 4291 
2290 1803 1550 4415 
2291 1261 3441 4153 
2292 987 1338 3541 
2293 5201 4664 5217 
2294 3213 2683 3362 
2295 4095 513 5005 
2296 903 4276 4277 
2297 919 4323 4324 
2298 2430 3050 3912 
2299 3862 2569 4486 
2300 1308 3912 3913 
2301 4131 1386 4138 
2302 1785 571 3560 
2303 3562 1191 4077 
2304 3582 1171 4080 
2305 3572 1211 4083 
2306 3682 3859 3865 
2307 2281 2823 4711 
2308 694 692 4138 
2309 3331 2058 3361 
2310 529 3353 3432 
2311 4074 428 4466 
2312 3849 3850 3934 
2313 3657 3659 3856 
2314 1785 3561 3852 
2315 1819 1678 3861 
2316 3181 518 5171 
2317 1344 3341 3365 
2318 548 545 3613 
2319 4031 4074 4466 
2320 2257 3371 3439 
2321 1384 714 4228 
2322 1381 724 4229 
2323 1385 704 4230 
2324 2159 2616 4442 
2325 702 3760 4230 
2326 722 3729 4229 
2327 712 3745 4228 
2328 2602 2603 3309 
2329 3376 3374 4148 
2330 1820 1004 3930 
2331 3299 433 4878 
2332 3663 3678 3854 
2333 530 2419 3869 
2334 4365 1349 4507 
2335 2554 3318 4068 
2336 1417 1782 3334 
2337 3326 3323 4069 
2338 1750 1340 3356 
2339 2193 2581 4389 
2340 178 179 527 
2341 435 150 3863 
2342 3589 4365 4507 
2343 1423 1425 3317 
2344 3306 1938 4718 
2345 531 529 3432 
2346 3440 2582 3441 
2347 2240 1792 3319 
2348 3700 3697 3909 
2349 593 595 3936 
2350 528 530 3869 
2351 3745 3746 3755 
2352 3760 3761 3771 
2353 3729 3730 3742 
2354 4267 3793 4697 
2355 1807 1805 3918 
2356 3618 3619 3724 
2357 4387 1324 4806 
2358 2534 3432 3433 
2359 3735 3732 3923 
2360 1333 1337 3318 
2361 3699 3702 3916 
2362 3620 3623 3915 
2363 3702 3722 3916 
2364 3623 3691 3915 
2365 891 567 3852 
2366 1384 3756 4676 
2367 1385 3772 4674 
2368 1381 3743 4678 
2369 2171 1807 3918 
2370 1796 1767 3928 
2371 3849 2569 3850 
2372 580 941 4333 
2373 595 886 3936 
2374 1880 2552 4070 
2375 1731 1725 4542 
2376 2476 2475 3340 
2377 978 977 3316 
2378 1726 1732 4597 
2379 3298 433 3299 
2380 2559 2116 3928 
2381 4338 4339 4446 
2382 523 178 527 
2383 569 1785 3852 
2384 568 1409 4341 
2385 3692 3666 3693 
2386 3538 3536 3919 
2387 1414 3435 4381 
2388 189 471 3875 
2389 187 188 3489 
2390 2552 3294 4070 
2391 487 3956 4531 
2392 473 3968 4532 
2393 495 3962 4533 
2394 1898 2569 3849 
2395 242 453 3906 
2396 256 472 3900 
2397 251 469 3896 
2398 266 484 3904 
2399 271 474 3898 
2400 261 465 3894 
2401 276 493 3902 
2402 1314 1035 4724 
2403 2550 3331 4788 
2404 3813 3814 3816 
2405 4347 4348 4455 
2406 3683 3866 4086 
2407 3356 1340 3917 
2408 259 260 3452 
2409 249 250 3482 
2410 269 270 3455 
2411 284 285 3494 
2412 279 280 3490 
2413 274 275 3469 
2414 254 255 3515 
2415 264 265 3508 
2416 240 241 3532 
2417 289 290 3511 
2418 294 295 3523 
2419 299 300 3504 
2420 304 305 3478 
2421 307 308 3536 
2422 4065 4044 4093 
2423 1652 2582 3440 
2424 4271 4270 4272 
2425 150 151 3863 
2426 3714 3720 3868 
2427 309 372 3919 
2428 4880 2850 4903 
2429 3357 3356 3917 
2430 188 189 3875 
2431 3737 3738 3744 
2432 475 77 3950 
2433 497 52 3940 
2434 470 82 3946 
2435 487 67 3955 
2436 473 62 3967 
2437 476 72 3973 
2438 495 57 3961 
2439 481 87 3978 
2440 4332 4333 4334 
2441 77 78 3950 
2442 52 53 3940 
2443 67 68 3955 
2444 82 83 3946 
2445 62 63 3967 
2446 57 58 3961 
2447 72 73 3973 
2448 87 88 3978 
2449 898 4275 4353 
2450 2138 2396 3337 
2451 1680 1677 3932 
2452 241 242 3906 
2453 255 256 3900 
2454 265 266 3904 
2455 270 271 3898 
2456 250 251 3896 
2457 275 276 3902 
2458 260 261 3894 
2459 895 2546 3446 
2460 3712 3713 3723 
2461 836 847 3335 
2462 1330 1747 3346 
2463 5369 3816 5579 
2464 186 416 3921 
2465 918 909 3359 
2466 856 849 4698 
2467 414 146 3924 
2468 3369 966 3430 
2469 1386 694 4138 
2470 1268 1279 3933 
2471 959 946 3344 
2472 3772 3768 3773 
2473 3756 3753 3757 
2474 3781 4129 4130 
2475 916 914 3332 
2476 3321 3320 3323 
2477 3781 3779 4129 
2478 930 936 3343 
2479 1808 563 3860 
2480 308 309 3919 
2481 1253 1252 3440 
2482 985 2545 3447 
2483 4340 4341 4342 
2484 1189 1191 3562 
2485 1183 1185 3577 
2486 1169 1171 3582 
2487 1163 1165 3587 
2488 1203 1205 3567 
2489 1149 1151 3592 
2490 1143 1145 3595 
2491 1129 1131 3598 
2492 1209 1211 3572 
2493 1123 1125 3601 
2494 3318 1877 4068 
2495 731 733 3607 
2496 741 743 3608 
2497 721 723 3609 
2498 711 713 3610 
2499 701 703 3611 
2500 691 693 3612 
2501 1223 1225 3604 
2502 1754 5196 5227 
2503 528 446 529 
2504 3665 3666 3692 
2505 3408 3411 3431 
2506 4047 485 4064 
2507 1676 1818 4067 
2508 467 144 4034 
2509 404 106 4005 
2510 429 142 4023 
2511 406 114 4013 
2512 237 455 3984 
2513 452 108 4003 
2514 244 426 4007 
2515 219 422 4050 
2516 227 423 4056 
2517 419 110 3982 
2518 193 485 4045 
2519 457 116 4009 
2520 412 138 4037 
2521 460 112 4001 
2522 432 102 4011 
2523 239 400 4020 
2524 231 403 4024 
2525 235 420 3985 
2526 421 118 4021 
2527 225 454 4052 
2528 482 136 4019 
2529 459 120 4036 
2530 209 463 4035 
2531 386 30 4051 
2532 246 480 4033 
2533 486 104 4015 
2534 425 134 3988 
2535 223 405 4008 
2536 373 35 4039 
2537 221 478 4038 
2538 233 505 3986 
2539 229 483 4054 
2540 199 411 4026 
2541 402 98 4041 
2542 506 100 4017 
2543 500 92 4058 
2544 582 580 4333 
2545 4028 411 4066 
2546 969 971 3874 
2547 435 3863 3864 
2548 896 885 3446 
2549 3278 1916 3279 
2550 2683 2469 3362 
2551 900 907 3358 
2552 821 817 3341 
2553 1153 1263 4097 
2554 1133 1270 4100 
2555 1227 1240 4096 
2556 735 1360 4111 
2557 745 1361 4113 
2558 725 1359 4109 
2559 715 1364 4115 
2560 705 1365 4117 
2561 695 1366 4119 
2562 4131 4130 4134 
2563 3659 3680 3856 
2564 2706 4384 4456 
2565 2535 844 4072 
2566 3653 3655 3858 
2567 3877 471 4063 
2568 570 568 4341 
2569 185 186 3921 
2570 998 975 3447 
2571 4045 4046 4049 
2572 146 147 3924 
2573 820 1790 3342 
2574 2551 1879 4071 
2575 1340 1292 3917 
2576 4099 1263 4233 
2577 3621 3724 3725 
2578 968 966 3369 
2579 935 1924 4090 
2580 4368 493 4479 
2581 4026 4027 4030 
2582 3285 3284 4154 
2583 2570 4363 4458 
2584 91 500 4140 
2585 61 473 4146 
2586 81 470 4145 
2587 56 495 4142 
2588 76 475 4143 
2589 86 481 4141 
2590 71 476 4147 
2591 66 487 4144 
2592 4363 1660 4458 
2593 3163 3162 3164 
2594 3169 1346 5438 
2595 1677 1675 3932 
2596 3170 1718 5479 
2597 1906 1904 3934 
2598 4041 4042 4043 
2599 4058 4059 4061 
2600 891 3853 3860 
2601 4095 5005 5621 
2602 106 107 4005 
2603 144 145 4034 
2604 142 143 4023 
2605 114 115 4013 
2606 236 237 3984 
2607 226 227 4056 
2608 218 219 4050 
2609 243 244 4007 
2610 192 193 4045 
2611 138 139 4037 
2612 108 109 4003 
2613 102 103 4011 
2614 238 239 4020 
2615 230 231 4024 
2616 110 111 3982 
2617 30 31 4051 
2618 116 117 4009 
2619 118 119 4021 
2620 120 121 4036 
2621 224 225 4052 
2622 136 137 4019 
2623 208 209 4035 
2624 245 246 4033 
2625 112 113 4001 
2626 222 223 4008 
2627 35 36 4039 
2628 134 135 3988 
2629 234 235 3985 
2630 104 105 4015 
2631 220 221 4038 
2632 198 199 4026 
2633 232 233 3986 
2634 228 229 4054 
2635 98 99 4041 
2636 100 101 4017 
2637 92 93 4058 
2638 1266 1268 3933 
2639 4062 3451 4140 
2640 972 3344 4164 
2641 4214 4389 4700 
2642 1386 4131 4677 
2643 3797 3800 4356 
2644 1137 1350 4172 
2645 1117 1351 4174 
2646 1113 1278 4176 
2647 1109 1352 4178 
2648 1105 1283 4179 
2649 1101 1353 4180 
2650 1097 1286 4181 
2651 1093 1354 4182 
2652 1089 1288 4183 
2653 1085 1356 4184 
2654 1081 1290 4185 
2655 1077 1357 4186 
2656 3549 954 3550 
2657 739 816 4194 
2658 753 1362 4189 
2659 757 811 4190 
2660 749 812 4193 
2661 729 818 4191 
2662 761 1363 4192 
2663 765 808 4195 
2664 719 822 4196 
2665 709 823 4197 
2666 699 828 4198 
2667 1073 1298 4187 
2668 649 1754 4200 
2669 645 855 4201 
2670 641 1368 4202 
2671 3549 3551 3613 
2672 637 860 4203 
2673 2602 3310 4366 
2674 1069 1358 4188 
2675 633 1369 4205 
2676 629 861 4206 
2677 769 1373 4209 
2678 625 1370 4207 
2679 773 807 4213 
2680 1065 1300 4204 
2681 621 863 4208 
2682 617 1372 4211 
2683 1061 1371 4212 
2684 613 867 4220 
2685 609 1712 4221 
2686 1057 1302 4222 
2687 605 882 4224 
2688 1053 1374 4225 
2689 3677 3628 4231 
2690 1049 1303 4227 
2691 3676 3632 4236 
2692 3675 3636 4238 
2693 1045 1375 4232 
2694 3673 3640 4239 
2695 3627 3690 4241 
2696 3320 1875 3322 
2697 2396 1931 4070 
2698 3672 3644 4240 
2699 3635 3686 4244 
2700 1041 1304 4237 
2701 3493 4368 4479 
2702 3671 3648 4246 
2703 1380 754 4250 
2704 1379 762 4249 
2705 1383 734 4251 
2706 1387 684 4252 
2707 890 670 4253 
2708 1389 666 4267 
2709 1390 656 4269 
2710 898 652 4275 
2711 903 640 4276 
2712 908 628 4284 
2713 1282 1188 4307 
2714 1391 1184 4303 
2715 1276 1198 4314 
2716 1392 1194 4312 
2717 1285 1178 4309 
2718 1393 1174 4305 
2719 1284 1208 4315 
2720 1394 1204 4316 
2721 1287 1168 4310 
2722 1395 1164 4299 
2723 1289 1158 4311 
2724 1396 1154 4301 
2725 1295 1148 4308 
2726 1397 1144 4297 
2727 1399 1212 4318 
2728 1769 1092 4296 
2729 1781 1088 4295 
2730 1281 1216 4319 
2731 1787 1084 4294 
2732 1799 1080 4293 
2733 1809 1076 4292 
2734 1812 1072 4290 
2735 1817 1068 4288 
2736 1824 1064 4286 
2737 1871 1060 4285 
2738 911 616 4289 
2739 1401 1220 4320 
2740 1874 1056 4283 
2741 3535 1779 4439 
2742 1277 1224 4322 
2743 1773 1052 4268 
2744 919 604 4323 
2745 3670 3652 4282 
2746 2748 2775 3308 
2747 2809 1671 4067 
2748 1405 1228 4329 
2749 3195 1788 5266 
2750 1673 1676 4067 
2751 1339 983 4164 
2752 3669 3656 4328 
2753 3668 3660 4287 
2754 523 527 3272 
2755 177 178 523 
2756 3667 3664 4248 
2757 992 2257 3439 
2758 1151 1153 4097 
2759 1131 1133 4100 
2760 1225 1227 4096 
2761 733 735 4111 
2762 743 745 4113 
2763 723 725 4109 
2764 713 715 4115 
2765 703 705 4117 
2766 693 695 4119 
2767 4082 1258 4359 
2768 4079 1251 4360 
2769 4085 1244 4361 
2770 825 1344 4072 
2771 1305 1419 4071 
2772 844 833 4072 
2773 1879 1325 4071 
2774 3781 4130 4131 
2775 2546 905 4090 
2776 921 935 4090 
2777 545 543 3613 
2778 4384 1814 4456 
2779 21 507 4247 
2780 1329 1008 4170 
2781 2809 4067 4702 
2782 446 180 3353 
2783 3489 188 3875 
2784 4200 1754 5227 
2785 2058 1735 3361 
2786 4333 941 4334 
2787 1135 1137 4172 
2788 1115 1117 4174 
2789 1111 1113 4176 
2790 1107 1109 4178 
2791 1103 1105 4179 
2792 1099 1101 4180 
2793 1095 1097 4181 
2794 1091 1093 4182 
2795 1087 1089 4183 
2796 1083 1085 4184 
2797 1079 1081 4185 
2798 1075 1077 4186 
2799 737 739 4194 
2800 727 729 4191 
2801 747 749 4193 
2802 751 753 4189 
2803 755 757 4190 
2804 759 761 4192 
2805 763 765 4195 
2806 717 719 4196 
2807 707 709 4197 
2808 697 699 4198 
2809 1071 1073 4187 
2810 647 649 4200 
2811 643 645 4201 
2812 639 641 4202 
2813 767 769 4209 
2814 635 637 4203 
2815 631 633 4205 
2816 1067 1069 4188 
2817 627 629 4206 
2818 623 625 4207 
2819 771 773 4213 
2820 619 621 4208 
2821 1063 1065 4204 
2822 615 617 4211 
2823 1059 1061 4212 
2824 611 613 4220 
2825 1344 3365 3366 
2826 607 609 4221 
2827 1055 1057 4222 
2828 603 605 4224 
2829 1051 1053 4225 
2830 3628 3626 4231 
2831 1047 1049 4227 
2832 3632 3630 4236 
2833 3636 3634 4238 
2834 3430 547 4374 
2835 3875 3876 3879 
2836 1043 1045 4232 
2837 3625 3627 4241 
2838 1197 1198 1199 
2839 1195 1196 1197 
2840 1199 1200 1201 
2841 1193 1194 1195 
2842 1189 1190 1191 
2843 1191 1192 1193 
2844 1187 1188 1189 
2845 1185 1186 1187 
2846 1201 1202 1203 
2847 1183 1184 1185 
2848 1203 1204 1205 
2849 1181 1182 1183 
2850 1205 1206 1207 
2851 1207 1208 1209 
2852 1179 1180 1181 
2853 1209 1210 1211 
2854 1177 1178 1179 
2855 1211 1212 1213 
2856 1175 1176 1177 
2857 1173 1174 1175 
2858 1171 1172 1173 
2859 1169 1170 1171 
2860 1167 1168 1169 
2861 1165 1166 1167 
2862 1163 1164 1165 
2863 1161 1162 1163 
2864 1159 1160 1161 
2865 1157 1158 1159 
2866 1155 1156 1157 
2867 1153 1154 1155 
2868 1151 1152 1153 
2869 1149 1150 1151 
2870 1147 1148 1149 
2871 1145 1146 1147 
2872 1143 1144 1145 
2873 1141 1142 1143 
2874 1139 1140 1141 
2875 1137 1138 1139 
2876 1135 1136 1137 
2877 1133 1134 1135 
2878 1131 1132 1133 
2879 1129 1130 1131 
2880 1127 1128 1129 
2881 1125 1126 1127 
2882 1123 1124 1125 
2883 1121 1122 1123 
2884 1119 1120 1121 
2885 1117 1118 1119 
2886 1115 1116 1117 
2887 1213 1214 1215 
2888 1113 1114 1115 
2889 1111 1112 1113 
2890 1109 1110 1111 
2891 1107 1108 1109 
2892 1215 1216 1217 
2893 1105 1106 1107 
2894 1103 1104 1105 
2895 1101 1102 1103 
2896 1099 1100 1101 
2897 1219 1220 1221 
2898 1217 1218 1219 
2899 1097 1098 1099 
2900 1095 1096 1097 
2901 1093 1094 1095 
2902 1091 1092 1093 
2903 733 734 735 
2904 735 736 737 
2905 731 732 733 
2906 737 738 739 
2907 729 730 731 
2908 739 740 741 
2909 741 742 743 
2910 727 728 729 
2911 743 744 745 
2912 745 746 747 
2913 725 726 727 
2914 763 764 765 
2915 747 748 749 
2916 767 768 769 
2917 765 766 767 
2918 761 762 763 
2919 759 760 761 
2920 749 750 751 
2921 753 754 755 
2922 757 758 759 
2923 751 752 753 
2924 755 756 757 
2925 723 724 725 
2926 721 722 723 
2927 719 720 721 
2928 717 718 719 
2929 715 716 717 
2930 713 714 715 
2931 711 712 713 
2932 709 710 711 
2933 707 708 709 
2934 705 706 707 
2935 703 704 705 
2936 701 702 703 
2937 699 700 701 
2938 697 698 699 
2939 695 696 697 
2940 693 694 695 
2941 691 692 693 
2942 689 690 691 
2943 687 688 689 
2944 685 686 687 
2945 683 684 685 
2946 1089 1090 1091 
2947 681 682 683 
2948 679 680 681 
2949 677 678 679 
2950 675 676 677 
2951 673 674 675 
2952 671 672 673 
2953 669 670 671 
2954 667 668 669 
2955 665 666 667 
2956 663 664 665 
2957 661 662 663 
2958 1087 1088 1089 
2959 659 660 661 
2960 983 972 4164 
2961 657 658 659 
2962 655 656 657 
2963 653 654 655 
2964 1085 1086 1087 
2965 651 652 653 
2966 649 650 651 
2967 3640 3638 4239 
2968 1083 1084 1085 
2969 647 648 649 
2970 769 770 771 
2971 645 646 647 
2972 1221 1222 1223 
2973 643 644 645 
2974 1081 1082 1083 
2975 641 642 643 
2976 639 640 641 
2977 1079 1080 1081 
2978 637 638 639 
2979 635 636 637 
2980 1077 1078 1079 
2981 633 634 635 
2982 1075 1076 1077 
2983 631 632 633 
2984 1223 1224 1225 
2985 4253 4254 4255 
2986 629 630 631 
2987 1073 1074 1075 
2988 627 628 629 
2989 4269 4270 4271 
2990 625 626 627 
2991 1071 1072 1073 
2992 771 772 773 
2993 623 624 625 
2994 1069 1070 1071 
2995 621 622 623 
2996 1225 1226 1227 
2997 1067 1068 1069 
2998 1227 1228 1229 
2999 619 620 621 
3000 3710 3709 3711 
3001 3708 3707 3709 
3002 617 618 619 
3003 1065 1066 1067 
3004 3712 3711 3713 
3005 3706 3705 3707 
3006 615 616 617 
3007 1063 1064 1065 
3008 613 614 615 
3009 3627 3626 3628 
3010 1061 1062 1063 
3011 773 774 775 
3012 3629 3628 3630 
3013 611 612 613 
3014 1059 1060 1061 
3015 3631 3630 3632 
3016 3337 2396 3364 
3017 609 610 611 
3018 3633 3632 3634 
3019 3635 3634 3636 
3020 1057 1058 1059 
3021 607 608 609 
3022 3644 3642 4240 
3023 775 776 777 
3024 3633 3635 4244 
3025 1055 1056 1057 
3026 605 606 607 
3027 3637 3636 3638 
3028 3708 3709 3710 
3029 3710 3711 3712 
3030 3706 3707 3708 
3031 3773 3769 3774 
3032 3757 3754 3758 
3033 3704 3703 3705 
3034 3627 3628 3629 
3035 3629 3630 3631 
3036 3633 3634 3635 
3037 1039 1041 4237 
3038 3631 3632 3633 
3039 1053 1054 1055 
3040 603 604 605 
3041 3635 3636 3637 
3042 3625 3624 3626 
3043 3704 3705 3706 
3044 3625 3626 3627 
3045 1229 1230 1231 
3046 1051 1052 1053 
3047 3637 3638 3639 
3048 3639 3638 3640 
3049 601 602 603 
3050 777 778 779 
3051 735 734 736 
3052 733 732 734 
3053 731 730 732 
3054 737 736 738 
3055 739 738 740 
3056 767 766 768 
3057 729 728 730 
3058 765 764 766 
3059 763 762 764 
3060 741 740 742 
3061 761 760 762 
3062 743 742 744 
3063 759 758 760 
3064 745 744 746 
3065 757 756 758 
3066 727 726 728 
3067 755 754 756 
3068 747 746 748 
3069 753 752 754 
3070 749 748 750 
3071 751 750 752 
3072 725 724 726 
3073 723 722 724 
3074 721 720 722 
3075 719 718 720 
3076 717 716 718 
3077 715 714 716 
3078 713 712 714 
3079 711 710 712 
3080 709 708 710 
3081 707 706 708 
3082 705 704 706 
3083 703 702 704 
3084 701 700 702 
3085 699 698 700 
3086 697 696 698 
3087 695 694 696 
3088 693 692 694 
3089 691 690 692 
3090 689 688 690 
3091 687 686 688 
3092 685 684 686 
3093 683 682 684 
3094 681 680 682 
3095 679 678 680 
3096 677 676 678 
3097 675 674 676 
3098 673 672 674 
3099 671 670 672 
3100 669 668 670 
3101 667 666 668 
3102 665 664 666 
3103 663 662 664 
3104 661 660 662 
3105 659 658 660 
3106 657 656 658 
3107 655 654 656 
3108 653 652 654 
3109 651 650 652 
3110 649 648 650 
3111 769 768 770 
3112 647 646 648 
3113 645 644 646 
3114 643 642 644 
3115 641 640 642 
3116 3641 3642 3643 
3117 1197 1196 1198 
3118 1199 1198 1200 
3119 1189 1188 1190 
3120 1195 1194 1196 
3121 1187 1186 1188 
3122 1191 1190 1192 
3123 1193 1192 1194 
3124 1185 1184 1186 
3125 1201 1200 1202 
3126 1183 1182 1184 
3127 1203 1202 1204 
3128 1181 1180 1182 
3129 1205 1204 1206 
3130 1207 1206 1208 
3131 1179 1178 1180 
3132 1209 1208 1210 
3133 1211 1210 1212 
3134 1177 1176 1178 
3135 1175 1174 1176 
3136 1173 1172 1174 
3137 1171 1170 1172 
3138 1169 1168 1170 
3139 1167 1166 1168 
3140 1165 1164 1166 
3141 1163 1162 1164 
3142 3639 3640 3641 
3143 1161 1160 1162 
3144 1159 1158 1160 
3145 1157 1156 1158 
3146 1155 1154 1156 
3147 1153 1152 1154 
3148 1151 1150 1152 
3149 1149 1148 1150 
3150 1147 1146 1148 
3151 1145 1144 1146 
3152 1143 1142 1144 
3153 1141 1140 1142 
3154 1139 1138 1140 
3155 1137 1136 1138 
3156 1135 1134 1136 
3157 639 638 640 
3158 1133 1132 1134 
3159 1131 1130 1132 
3160 1129 1128 1130 
3161 1127 1126 1128 
3162 1125 1124 1126 
3163 1123 1122 1124 
3164 1121 1120 1122 
3165 1119 1118 1120 
3166 1117 1116 1118 
3167 1213 1212 1214 
3168 1115 1114 1116 
3169 1113 1112 1114 
3170 1111 1110 1112 
3171 637 636 638 
3172 1109 1108 1110 
3173 3641 3640 3642 
3174 1107 1106 1108 
3175 1105 1104 1106 
3176 1103 1102 1104 
3177 1215 1214 1216 
3178 1101 1100 1102 
3179 635 634 636 
3180 1099 1098 1100 
3181 1097 1096 1098 
3182 633 632 634 
3183 1095 1094 1096 
3184 1217 1216 1218 
3185 1093 1092 1094 
3186 1091 1090 1092 
3187 1049 1050 1051 
3188 1219 1218 1220 
3189 631 630 632 
3190 1089 1088 1090 
3191 1087 1086 1088 
3192 599 600 601 
3193 629 628 630 
3194 1085 1084 1086 
3195 1083 1082 1084 
3196 627 626 628 
3197 1081 1080 1082 
3198 771 770 772 
3199 1079 1078 1080 
3200 1221 1220 1222 
3201 625 624 626 
3202 3643 3642 3644 
3203 1077 1076 1078 
3204 623 622 624 
3205 1075 1074 1076 
3206 1073 1072 1074 
3207 621 620 622 
3208 3643 3644 3645 
3209 1071 1070 1072 
3210 619 618 620 
3211 1223 1222 1224 
3212 1069 1068 1070 
3213 1047 1048 1049 
3214 597 598 599 
3215 779 780 781 
3216 617 616 618 
3217 1067 1066 1068 
3218 615 614 616 
3219 1065 1064 1066 
3220 773 772 774 
3221 1063 1062 1064 
3222 613 612 614 
3223 1225 1224 1226 
3224 1061 1060 1062 
3225 611 610 612 
3226 1231 1232 1233 
3227 781 782 783 
3228 1913 1914 1915 
3229 1227 1226 1228 
3230 1059 1058 1060 
3231 1045 1046 1047 
3232 609 608 610 
3233 1057 1056 1058 
3234 775 774 776 
3235 3697 3698 3909 
3236 607 606 608 
3237 3645 3644 3646 
3238 3645 3646 3647 
3239 1055 1054 1056 
3240 3300 3302 5521 
3241 605 604 606 
3242 1053 1052 1054 
3243 1043 1044 1045 
3244 777 776 778 
3245 603 602 604 
3246 1051 1050 1052 
3247 783 784 785 
3248 595 596 597 
3249 601 600 602 
3250 3647 3648 3649 
3251 1049 1048 1050 
3252 1041 1042 1043 
3253 1229 1228 1230 
3254 3649 3650 3651 
3255 1005 1711 4344 
3256 599 598 600 
3257 779 778 780 
3258 1047 1046 1048 
3259 589 590 591 
3260 3648 3646 4246 
3261 3647 3646 3648 
3262 754 752 4250 
3263 734 732 4251 
3264 762 760 4249 
3265 684 682 4252 
3266 670 668 4253 
3267 666 664 4267 
3268 656 654 4269 
3269 652 650 4275 
3270 640 638 4276 
3271 781 780 782 
3272 1915 1916 1917 
3273 1045 1044 1046 
3274 628 626 4284 
3275 597 596 598 
3276 783 782 784 
3277 1233 1234 1235 
3278 3768 3769 3773 
3279 3753 3754 3757 
3280 3702 3703 3704 
3281 3623 3624 3625 
3282 1188 1186 4307 
3283 1184 1182 4303 
3284 1198 1196 4314 
3285 1194 1192 4312 
3286 1178 1176 4309 
3287 1174 1172 4305 
3288 1208 1206 4315 
3289 1204 1202 4316 
3290 1168 1166 4310 
3291 1164 1162 4299 
3292 1158 1156 4311 
3293 1154 1152 4301 
3294 1148 1146 4308 
3295 1144 1142 4297 
3296 1039 1040 1041 
3297 1212 1210 4318 
3298 1092 1090 4296 
3299 1088 1086 4295 
3300 1084 1082 4294 
3301 1216 1214 4319 
3302 1043 1042 1044 
3303 1080 1078 4293 
3304 1076 1074 4292 
3305 3649 3648 3650 
3306 1072 1070 4290 
3307 1068 1066 4288 
3308 587 588 589 
3309 1220 1218 4320 
3310 616 614 4289 
3311 1064 1062 4286 
3312 1060 1058 4285 
3313 1056 1054 4283 
3314 785 784 786 
3315 1041 1040 1042 
3316 1052 1050 4268 
3317 1224 1222 4322 
3318 1037 1038 1039 
3319 3651 3650 3652 
3320 1231 1230 1232 
3321 3407 3408 3409 
3322 1921 2463 2858 
3323 585 586 587 
3324 589 588 590 
3325 604 602 4323 
3326 1039 1038 1040 
3327 1035 1036 1037 
3328 3745 3755 4228 
3329 3760 3771 4230 
3330 3729 3742 4229 
3331 3651 3652 3653 
3332 3409 3408 3431 
3333 1228 1226 4329 
3334 1037 1036 1038 
3335 583 584 585 
3336 3405 3406 3407 
3337 587 586 588 
3338 3680 3661 3854 
3339 530 529 531 
3340 3652 3650 4282 
3341 3407 3406 3408 
3342 1233 1232 1234 
3343 1033 1034 1035 
3344 1035 1034 1036 
3345 595 594 596 
3346 585 584 586 
3347 581 582 583 
3348 3403 3404 3405 
3349 1915 1914 1916 
3350 3405 3404 3406 
3351 1033 1032 1034 
3352 583 582 584 
3353 3653 3652 3654 
3354 1031 1032 1033 
3355 579 580 581 
3356 1294 1296 1297 
3357 3401 3402 3403 
3358 3403 3402 3404 
3359 1239 1241 1242 
3360 581 580 582 
3361 1868 1807 1869 
3362 1031 1030 1032 
3363 3653 3654 3655 
3364 1029 1030 1031 
3365 1913 1912 1914 
3366 577 578 579 
3367 1029 1028 1030 
3368 1725 2293 4542 
3369 4134 4133 4135 
3370 3401 3400 3402 
3371 3399 3400 3401 
3372 579 578 580 
3373 3655 3654 3656 
3374 1027 1028 1029 
3375 3875 471 3876 
3376 3656 3654 4328 
3377 3399 3398 3400 
3378 575 576 577 
3379 1249 1252 1253 
3380 2858 2463 3268 
3381 1027 1026 1028 
3382 3655 3656 3657 
3383 3397 3398 3399 
3384 716 1384 4155 
3385 706 1385 4156 
3386 726 1381 4158 
3387 696 1386 4157 
3388 686 1387 4159 
3389 676 1388 4160 
3390 658 1390 4161 
3391 3660 3658 4287 
3392 746 1382 4162 
3393 577 576 578 
3394 3768 3767 3769 
3395 3753 3752 3754 
3396 3737 3736 3738 
3397 3702 3701 3703 
3398 1678 1677 1679 
3399 3657 3656 3658 
3400 1307 1730 3912 
3401 3623 3622 3624 
3402 1908 1912 1913 
3403 3659 3658 3660 
3404 1297 1307 1308 
3405 593 594 595 
3406 1268 1272 1273 
3407 3657 3658 3659 
3408 1025 1026 1027 
3409 3397 3396 3398 
3410 573 574 575 
3411 1025 1024 1026 
3412 1921 1920 2463 
3413 575 574 576 
3414 1949 1869 1950 
3415 2256 2836 2837 
3416 1919 1920 1921 
3417 3395 3396 3397 
3418 596 1378 4163 
3419 5371 3438 5379 
3420 785 786 787 
3421 3664 3662 4248 
3422 3395 3394 3396 
3423 3321 3323 3326 
3424 571 572 573 
3425 3659 3660 3661 
3426 3661 3660 3662 
3427 1023 1024 1025 
3428 573 572 574 
3429 1023 1022 1024 
3430 1239 1238 1241 
3431 3393 3394 3395 
3432 1770 1726 4597 
3433 2511 2537 2877 
3434 1247 1248 1249 
3435 1771 1681 1772 
3436 996 994 3930 
3437 1237 1238 1239 
3438 3393 3392 3394 
3439 1021 1020 1022 
3440 2602 2538 2603 
3441 3663 3662 3664 
3442 569 570 571 
3443 787 786 788 
3444 1021 1022 1023 
3445 571 570 572 
3446 2271 2560 2896 
3447 2430 2714 3048 
3448 3661 3662 3663 
3449 2896 3177 3178 
3450 1266 1267 1268 
3451 3354 444 3355 
3452 1249 1248 1252 
3453 3665 3664 3666 
3454 1292 1293 1294 
3455 2088 2270 2271 
3456 3391 3392 3393 
3457 791 790 792 
3458 1676 1675 1677 
3459 3391 3390 3392 
3460 789 788 790 
3461 793 792 794 
3462 1257 1261 1262 
3463 795 794 796 
3464 1806 1805 1807 
3465 567 568 569 
3466 1019 1020 1021 
3467 3663 3664 3665 
3468 569 568 570 
3469 1019 1018 1020 
3470 2896 2560 3177 
3471 2239 2602 4366 
3472 2271 2270 2560 
3473 3389 3390 3391 
3474 1294 1293 1296 
3475 1268 1267 1272 
3476 2256 1418 2836 
3477 1297 1296 1307 
3478 541 954 3549 
3479 3389 3388 3390 
3480 787 788 789 
3481 797 796 798 
3482 1676 1677 1678 
3483 4341 1409 4342 
3484 565 566 567 
3485 567 566 568 
3486 3732 3733 3923 
3487 1017 1016 1018 
3488 789 790 791 
3489 3286 3287 3305 
3490 1017 1018 1019 
3491 817 820 3341 
3492 791 792 793 
3493 3341 820 3342 
3494 1889 1945 1946 
3495 793 794 795 
3496 3286 3285 3287 
3497 3452 260 3894 
3498 3482 250 3896 
3499 3455 270 3898 
3500 3469 275 3902 
3501 3515 255 3900 
3502 3508 265 3904 
3503 3532 241 3906 
3504 799 798 801 
3505 795 796 797 
3506 1887 1888 1889 
3507 1889 1888 1945 
3508 1946 1945 2600 
3509 3387 3388 3389 
3510 797 798 799 
3511 563 564 565 
3512 565 564 566 
3513 3551 3553 4168 
3514 3048 2714 3049 
3515 870 869 871 
3516 2088 2087 2270 
3517 1868 1869 1949 
3518 1806 1807 1868 
3519 425 3989 3990 
3520 1015 1014 1016 
3521 3387 3386 3388 
3522 872 871 873 
3523 1015 1016 1017 
3524 565 891 3860 
3525 874 873 875 
3526 870 871 872 
3527 872 873 874 
3528 876 875 877 
3529 874 875 876 
3530 878 885 896 
3531 4336 1405 4337 
3532 878 877 885 
3533 876 877 878 
3534 3317 2809 4750 
3535 4330 1404 4331 
3536 2582 1654 4798 
3537 974 836 3335 
3538 3882 494 3883 
3539 3884 491 3885 
3540 3886 499 3887 
3541 817 815 820 
3542 3888 501 3889 
3543 2164 2469 2683 
3544 563 562 564 
3545 1013 1012 1014 
3546 909 3358 3359 
3547 1887 1886 1888 
3548 561 562 563 
3549 2239 2538 2602 
3550 950 940 957 
3551 3891 492 3892 
3552 2552 2558 2991 
3553 962 957 975 
3554 2991 2558 2992 
3555 2553 1001 3236 
3556 849 844 852 
3557 2430 2429 2714 
3558 1013 1014 1015 
3559 3347 3346 3348 
3560 814 815 817 
3561 3349 3348 3350 
3562 3338 3337 3339 
3563 843 844 849 
3564 3347 3348 3349 
3565 4102 438 4104 
3566 2552 2116 2558 
3567 946 3343 3344 
3568 4130 4133 4134 
3569 889 899 900 
3570 900 899 907 
3571 914 1420 3332 
3572 950 957 962 
3573 2164 1879 2469 
3574 3900 472 3901 
3575 3904 484 3905 
3576 3896 469 3897 
3577 3894 465 3895 
3578 3898 474 3899 
3579 3902 493 3903 
3580 962 975 998 
3581 1008 1006 4170 
3582 977 1001 2553 
3583 3720 3712 3723 
3584 561 560 562 
3585 559 560 561 
3586 3713 3717 3719 
3587 3738 3740 3741 
3588 3743 3737 3744 
3589 2359 2821 4671 
3590 935 940 950 
3591 3700 3909 3910 
3592 4256 4258 4260 
3593 2475 3337 3338 
3594 1003 1005 4344 
3595 3385 3386 3387 
3596 2545 1332 2554 
3597 935 933 940 
3598 593 591 594 
3599 1775 1879 2164 
3600 2555 2554 2556 
3601 3381 3382 3383 
3602 973 983 987 
3603 1011 1010 1012 
3604 1011 1012 1013 
3605 4324 4326 4327 
3606 2776 2556 2879 
3607 3951 3953 3954 
3608 3974 3976 3977 
3609 2759 2394 3128 
3610 3765 3767 3768 
3611 3750 3752 3753 
3612 3734 3736 3737 
3613 3699 3701 3702 
3614 3620 3622 3623 
3615 1880 2116 2552 
3616 3344 3343 3345 
3617 2547 2548 2549 
3618 3381 3380 3382 
3619 2549 2762 3203 
3620 2947 2561 3306 
3621 2393 2394 2759 
3622 1919 1917 1920 
3623 1908 1906 1912 
3624 1766 3346 3347 
3625 559 558 560 
3626 3536 308 3919 
3627 557 558 559 
3628 4338 944 4339 
3629 1237 1235 1238 
3630 3203 2762 3269 
3631 1247 1242 1248 
3632 987 983 1338 
3633 4215 4216 4358 
3634 971 972 973 
3635 2549 2548 2762 
3636 2545 2554 2555 
3637 1252 1652 3440 
3638 3912 3050 3913 
3639 2555 2556 2776 
3640 1416 1418 2256 
3641 154 155 521 
3642 3549 3550 3551 
3643 3735 3923 3935 
3644 2184 2526 3313 
3645 973 972 983 
3646 807 775 4217 
3647 1266 1262 1267 
3648 1257 1253 1261 
3649 1009 1008 1010 
3650 3937 2565 4375 
3651 2511 2113 2537 
3652 3342 1887 4464 
3653 3379 3380 3381 
3654 1652 1654 2582 
3655 1009 1010 1011 
3656 858 869 870 
3657 3323 3324 4069 
3658 3876 471 3877 
3659 1679 1681 1771 
3660 3379 3378 3380 
3661 557 556 558 
3662 4271 4272 4274 
3663 1673 1675 1676 
3664 1772 1805 1806 
3665 555 556 557 
3666 2547 1786 2548 
3667 1740 2087 2088 
3668 1730 2429 2430 
3669 2239 1819 2538 
3670 3679 3665 3692 
3671 1292 1280 1293 
3672 1429 1671 2809 
3673 2302 2284 2713 
3674 2603 3285 3286 
3675 2104 2655 3311 
3676 3377 3376 3378 
3677 3377 3378 3379 
3678 2561 1910 3890 
3679 1790 1886 1887 
3680 2600 2730 3250 
3681 152 444 3354 
3682 907 2162 2292 
3683 1007 1006 1008 
3684 827 836 974 
3685 555 554 556 
3686 805 802 2564 
3687 914 896 1420 
3688 2584 3194 3195 
3689 2236 1948 2604 
3690 553 554 555 
3691 3919 372 3920 
3692 1904 1900 3849 
3693 885 895 3446 
3694 3439 3371 4350 
3695 1007 1008 1009 
3696 4045 485 4046 
3697 3385 3383 3386 
3698 442 4395 5116 
3699 2469 2660 3362 
3700 814 810 815 
3701 825 821 1344 
3702 924 916 927 
3703 591 590 4151 
3704 951 942 953 
3705 4046 485 4047 
3706 843 833 844 
3707 909 900 3358 
3708 977 963 1001 
3709 1330 998 1747 
3710 2475 2138 3337 
3711 3181 2683 3213 
3712 895 905 2546 
3713 3375 3376 3377 
3714 2138 1931 2396 
3715 1766 1330 3346 
3716 2766 2479 3053 
3717 1305 981 1419 
3718 3375 3374 3376 
3719 3202 2768 3261 
3720 889 865 899 
3721 1880 1796 2116 
3722 1775 1325 1879 
3723 2947 3306 3542 
3724 4026 411 4027 
3725 1338 1786 2547 
3726 4027 411 4028 
3727 4081 1258 4082 
3728 4078 1251 4079 
3729 4084 1244 4085 
3730 921 933 935 
3731 1005 1004 1006 
3732 975 985 3447 
3733 2550 2058 3331 
3734 553 552 554 
3735 2393 1895 2394 
3736 402 4041 4043 
3737 500 4058 4061 
3738 2525 3295 4351 
3739 4260 4258 4261 
3740 373 4039 4040 
3741 946 930 3343 
3742 402 4043 4044 
3743 1005 1006 1007 
3744 551 552 553 
3745 930 918 936 
3746 4098 1263 4099 
3747 3197 2873 3198 
3748 1776 1775 4439 
3749 985 1332 2545 
3750 4347 1411 4348 
3751 4077 1251 4078 
3752 4080 1258 4081 
3753 4083 1244 4084 
3754 1708 3170 5444 
3755 3373 3374 3375 
3756 903 4277 4706 
3757 3553 3554 3555 
3758 1242 1241 4165 
3759 971 959 972 
3760 3655 3681 3858 
3761 3373 3372 3374 
3762 4097 1263 4098 
3763 4100 1270 4101 
3764 890 4255 4256 
3765 3551 3552 3553 
3766 4111 1360 4112 
3767 4109 1359 4110 
3768 4113 1361 4114 
3769 4115 1364 4116 
3770 4117 1365 4118 
3771 4119 1366 4120 
3772 551 550 552 
3773 3681 3657 3856 
3774 1791 1706 1873 
3775 1900 1898 3849 
3776 549 550 551 
3777 2302 2713 2993 
3778 1235 1234 4381 
3779 528 529 530 
3780 1337 1757 1877 
3781 1003 1004 1005 
3782 2434 1922 4076 
3783 1388 4260 4675 
3784 97 402 4065 
3785 1003 996 1004 
3786 3551 3550 3552 
3787 3371 3372 3373 
3788 3869 2419 3870 
3789 549 548 550 
3790 4172 1350 4173 
3791 4174 1351 4175 
3792 4176 1278 4177 
3793 3553 3552 3554 
3794 692 3778 4138 
3795 547 548 549 
3796 1876 2284 2302 
3797 3371 3370 3372 
3798 532 531 533 
3799 3300 3299 3301 
3800 416 187 3489 
3801 890 4253 4255 
3802 1390 4269 4271 
3803 1391 4303 4304 
3804 1392 4312 4313 
3805 1393 4305 4306 
3806 1395 4299 4300 
3807 1396 4301 4302 
3808 1397 4297 4298 
3809 1394 4316 4317 
3810 3592 1151 4097 
3811 3598 1131 4100 
3812 3604 1225 4096 
3813 3607 733 4111 
3814 3609 723 4109 
3815 3608 743 4113 
3816 3610 713 4115 
3817 3611 703 4117 
3818 3612 693 4119 
3819 3441 2582 4776 
3820 3684 4087 4088 
3821 3361 1309 3874 
3822 3013 2873 3197 
3823 3649 3651 3865 
3824 1309 969 3874 
3825 543 3549 3613 
3826 994 992 3439 
3827 2644 2167 4442 
3828 547 545 548 
3829 3448 3449 3450 
3830 3485 3486 3487 
3831 3472 3473 3475 
3832 3498 3499 3501 
3833 3458 3459 3460 
3834 3463 3464 3466 
3835 3518 3519 3520 
3836 3527 3528 3530 
3837 4130 4132 4133 
3838 394 259 3452 
3839 383 269 3455 
3840 378 274 3469 
3841 399 249 3482 
3842 387 279 3490 
3843 380 264 3508 
3844 397 254 3515 
3845 400 240 3532 
3846 376 284 3494 
3847 385 289 3511 
3848 374 294 3523 
3849 382 299 3504 
3850 1772 1804 1805 
3851 371 304 3478 
3852 179 180 446 
3853 1679 1680 1681 
3854 2859 2858 3246 
3855 1876 2283 2284 
3856 3880 3419 3881 
3857 2257 3370 3371 
3858 3432 3353 3434 
3859 3779 3782 4129 
3860 1918 1917 1919 
3861 1254 1189 3562 
3862 1255 1183 3577 
3863 1259 1169 3582 
3864 1260 1163 3587 
3865 1264 1149 3592 
3866 1250 1203 3567 
3867 1269 1143 3595 
3868 1271 1129 3598 
3869 1245 1209 3572 
3870 1275 1123 3601 
3871 818 731 3607 
3872 816 741 3608 
3873 822 721 3609 
3874 823 711 3610 
3875 828 701 3611 
3876 830 691 3612 
3877 1243 1223 3604 
3878 1279 1273 1280 
3879 1236 1235 1237 
3880 1256 1253 1257 
3881 3713 3716 3717 
3882 2603 3284 3285 
3883 1265 1262 1266 
3884 443 307 3536 
3885 1246 1242 1247 
3886 3738 3739 3740 
3887 4276 3808 4277 
3888 1792 1791 1875 
3889 2341 2058 2550 
3890 592 591 593 
3891 3778 3779 3781 
3892 3784 3785 3787 
3893 3790 3791 3793 
3894 3796 3797 3799 
3895 3805 3806 3808 
3896 3714 3712 3720 
3897 2713 3436 3437 
3898 4323 3846 4324 
3899 3844 3845 3846 
3900 2609 3200 3296 
3901 2913 3881 5370 
3902 3247 3246 3248 
3903 576 1406 4385 
3904 3742 3737 3743 
3905 3755 3753 3756 
3906 3771 3768 3772 
3907 1673 1674 1675 
3908 3408 3410 3411 
3909 2441 2565 3937 
3910 1291 1280 1292 
3911 4256 4257 4258 
3912 992 990 2257 
3913 1234 1274 1414 
3914 975 976 985 
3915 3563 3562 3565 
3916 3583 3582 3585 
3917 3568 3567 3570 
3918 3573 3572 3574 
3919 1000 987 1706 
3920 1907 1906 1908 
3921 902 900 909 
3922 3682 3653 3858 
3923 2303 2113 2511 
3924 3429 1810 4539 
3925 3091 2902 3175 
3926 2079 2525 4351 
3927 151 3354 3863 
3928 534 533 535 
3929 853 849 856 
3930 4277 4278 4279 
3931 3613 3551 4168 
3932 4114 5078 5102 
3933 3491 3490 3492 
3934 3495 3494 3496 
3935 3512 3511 3513 
3936 4324 4325 4326 
3937 3524 3523 3525 
3938 1671 1672 1673 
3939 180 181 3353 
3940 2562 2561 2947 
3941 858 868 869 
3942 3951 3952 3953 
3943 3968 3969 3970 
3944 3962 3963 3964 
3945 3956 3957 3958 
3946 3974 3975 3976 
3947 1241 2788 2810 
3948 3505 3504 3506 
3949 885 887 895 
3950 14 415 4106 
3951 1905 1904 1906 
3952 819 817 821 
3953 800 799 802 
3954 152 153 444 
3955 3750 3751 3752 
3956 3765 3766 3767 
3957 3734 3735 3736 
3958 3699 3700 3701 
3959 3620 3621 3622 
3960 1947 1946 1948 
3961 2913 2580 2914 
3962 945 930 946 
3963 3782 4128 4129 
3964 985 986 1332 
3965 3678 3665 3679 
3966 1707 1706 1791 
3967 801 826 827 
3968 1252 1651 1652 
3969 917 909 918 
3970 3479 3478 3480 
3971 847 857 858 
3972 2566 2567 2568 
3973 1414 1415 1416 
3974 864 856 865 
3975 958 946 959 
3976 1416 1417 1418 
3977 895 904 905 
3978 2791 2683 3181 
3979 2600 2601 2730 
3980 928 918 930 
3981 888 865 889 
3982 905 920 921 
3983 824 821 825 
3984 536 535 537 
3985 3578 3577 3581 
3986 3588 3587 3591 
3987 969 959 971 
3988 820 1789 1790 
3989 832 825 833 
3990 921 932 933 
3991 3537 3536 3538 
3992 841 833 843 
3993 2184 2483 2526 
3994 809 805 810 
3995 813 810 814 
3996 4273 4354 4355 
3997 1818 1678 1819 
3998 2537 3356 3357 
3999 804 802 805 
4000 1922 1720 4076 
4001 1429 1670 1671 
4002 913 896 914 
4003 2884 2759 3108 
4004 4216 807 4217 
4005 2235 1948 2236 
4006 543 541 3549 
4007 3287 3289 3305 
4008 2527 2509 2528 
4009 1272 1648 1649 
4010 2508 2236 2509 
4011 1652 1653 1654 
4012 1757 1813 1876 
4013 1654 1655 1656 
4014 827 835 836 
4015 1306 1305 1325 
4016 3787 4377 4758 
4017 836 846 847 
4018 1656 1657 1740 
4019 1326 1325 1775 
4020 537 535 1346 
4021 2730 3150 3275 
4022 1740 1741 2087 
4023 1790 1885 1886 
4024 2655 3032 3210 
4025 952 951 955 
4026 956 955 963 
4027 2391 1895 2393 
4028 1307 1311 1730 
4029 1337 1743 1757 
4030 3094 2768 3202 
4031 964 963 977 
4032 2767 2766 2768 
4033 2469 2551 2660 
4034 915 914 916 
4035 943 942 951 
4036 937 931 942 
4037 923 916 924 
4038 925 924 931 
4039 2139 2138 2475 
4040 907 1894 2162 
4041 2104 2364 2655 
4042 1649 1650 1709 
4043 982 981 1305 
4044 3926 2837 3927 
4045 3384 3383 3385 
4046 1251 1195 4360 
4047 1258 1175 4359 
4048 999 998 1330 
4049 1244 1215 4361 
4050 1892 1779 1895 
4051 513 165 3939 
4052 2480 2479 2766 
4053 3322 1875 3328 
4054 500 4061 4062 
4055 2238 1819 2239 
4056 2433 2436 3938 
4057 479 3312 4707 
4058 1932 1931 2138 
4059 12 512 4150 
4060 2584 3193 3194 
4061 2162 2163 2584 
4062 533 531 2534 
4063 1730 1800 2429 
4064 3685 3641 4088 
4065 1797 1796 1880 
4066 541 539 954 
4067 1331 1330 1766 
4068 3686 3637 4373 
4069 564 947 4386 
4070 538 537 539 
4071 2777 2776 2847 
4072 3695 3699 3916 
4073 3616 3620 3915 
4074 672 890 4291 
4075 1338 1339 1786 
4076 2602 3309 3310 
4077 4076 1720 4344 
4078 1316 5035 5415 
4079 3273 3272 3274 
4080 584 1404 4330 
4081 3940 3501 3941 
4082 3946 3487 3947 
4083 3950 3520 3951 
4084 3955 3530 3956 
4085 3961 3466 3962 
4086 3967 3475 3968 
4087 3973 3460 3974 
4088 3978 3450 3979 
4089 1230 1405 4336 
4090 3324 3322 3325 
4091 2872 2240 2873 
4092 4129 4128 4132 
4093 4214 4213 4215 
4094 4047 4064 4073 
4095 530 531 532 
4096 572 944 4338 
4097 413 4049 4390 
4098 4275 3799 4353 
4099 3977 3976 4785 
4100 3228 3059 3229 
4101 3683 3649 3865 
4102 4254 1389 4697 
4103 151 152 3354 
4104 439 163 4095 
4105 4063 413 4390 
4106 3730 3734 3742 
4107 3761 3765 3771 
4108 3746 3750 3755 
4109 182 183 437 
4110 2592 2414 3042 
4111 1782 2184 3334 
4112 523 3272 3273 
4113 4028 4066 4091 
4114 3478 305 4498 
4115 149 150 435 
4116 3806 3809 4281 
4117 2284 2928 3436 
4118 2525 2850 3295 
4119 2223 2607 2609 
4120 5163 4296 5182 
4121 540 539 541 
4122 2057 1735 2058 
4123 1735 1309 3361 
4124 2994 2993 2995 
4125 1308 1307 3912 
4126 2901 2262 2902 
4127 4216 4217 4218 
4128 2112 1750 2113 
4129 1273 1272 4743 
4130 1801 2078 2079 
4131 560 1411 4347 
4132 1425 1429 3317 
4133 2113 1750 3356 
4134 3492 3490 3882 
4135 3746 3748 3750 
4136 3761 3763 3765 
4137 3730 3732 3734 
4138 3695 3697 3699 
4139 3496 3494 3884 
4140 3616 3618 3620 
4141 3513 3511 3886 
4142 1898 1342 2569 
4143 3819 3821 3824 
4144 2257 3369 3370 
4145 2578 1749 2580 
4146 3525 3523 3888 
4147 2322 1910 2561 
4148 1333 1335 1337 
4149 3506 3504 3891 
4150 1902 1900 1904 
4151 3057 3059 3228 
4152 2715 2306 2740 
4153 3782 4124 4128 
4154 477 4065 4093 
4155 2479 2476 3340 
4156 4082 4359 4550 
4157 4079 4360 4552 
4158 4085 4361 4554 
4159 4714 1387 4720 
4160 1782 2183 2184 
4161 981 978 3316 
4162 1421 1423 2786 
4163 1827 2106 2566 
4164 1002 996 1003 
4165 1425 1427 1429 
4166 1805 2223 3918 
4167 544 543 545 
4168 542 541 543 
4169 1778 1776 1779 
4170 980 978 981 
4171 3874 971 4152 
4172 2478 2476 2479 
4173 546 545 547 
4174 802 799 4166 
4175 1948 1946 3443 
4176 1930 1881 1931 
4177 1752 2092 2104 
4178 556 949 4346 
4179 1710 2748 3140 
4180 2911 2434 2967 
4181 995 994 996 
4182 1795 1767 1796 
4183 3226 2505 3227 
4184 3447 2545 4495 
4185 994 3439 3930 
4186 3651 3682 3865 
4187 4121 3555 4122 
4188 1749 593 3936 
4189 4357 2933 5000 
4190 1904 3849 3934 
4191 2223 2609 3918 
4192 3321 3326 3327 
4193 184 185 461 
4194 3298 3299 3300 
4195 147 148 488 
4196 2281 2617 2823 
4197 993 992 994 
4198 512 4107 4108 
4199 4255 4254 4262 
4200 2439 3937 3938 
4201 1678 1679 3861 
4202 3684 3645 4086 
4203 1881 1880 4070 
4204 3948 3947 3949 
4205 3980 3979 3981 
4206 2873 2240 3319 
4207 461 185 3921 
4208 147 488 3924 
4209 3784 3787 4252 
4210 3790 3793 4267 
4211 3796 3799 4275 
4212 3805 3808 4276 
4213 3325 3329 3330 
4214 3844 3846 4323 
4215 3498 3501 3940 
4216 3485 3487 3946 
4217 3518 3520 3950 
4218 3527 3530 3955 
4219 3463 3466 3961 
4220 3472 3475 3967 
4221 3458 3460 3973 
4222 3448 3450 3978 
4223 3227 2505 4366 
4224 4099 4233 4364 
4225 1706 987 3541 
4226 1332 1333 3318 
4227 2997 2511 3867 
4228 3382 3442 4139 
4229 3577 1185 4510 
4230 3587 1165 4508 
4231 3595 1145 4506 
4232 3567 1205 4514 
4233 3601 1125 4512 
4234 991 990 992 
4235 2436 2439 3938 
4236 1671 1673 4067 
4237 2565 2624 2824 
4238 990 968 3369 
4239 162 439 4357 
4240 889 902 3907 
4241 2580 1749 3936 
4242 1325 1305 4071 
4243 833 825 4072 
4244 843 853 3908 
4245 3565 3562 4077 
4246 3585 3582 4080 
4247 3574 3572 4083 
4248 3057 3228 4437 
4249 1908 1938 3890 
4250 3721 3728 4516 
4251 2713 2284 3436 
4252 905 921 4090 
4253 1931 1881 4070 
4254 532 533 534 
4255 4103 4102 4104 
4256 4064 428 4073 
4257 868 1421 3893 
4258 2439 2441 3937 
4259 4066 458 4091 
4260 4073 428 4074 
4261 53 3498 3940 
4262 83 3485 3946 
4263 78 3518 3950 
4264 63 3472 3967 
4265 68 3527 3955 
4266 73 3458 3973 
4267 58 3463 3961 
4268 88 3448 3978 
4269 89 398 3448 
4270 59 390 3463 
4271 54 377 3498 
4272 64 379 3472 
4273 74 381 3458 
4274 84 396 3485 
4275 79 393 3518 
4276 69 389 3527 
4277 3448 398 3449 
4278 3485 396 3486 
4279 3498 377 3499 
4280 3472 379 3473 
4281 3458 381 3459 
4282 3518 393 3519 
4283 3463 390 3464 
4284 3527 389 3528 
4285 233 234 505 
4286 99 100 506 
4287 127 128 504 
4288 133 134 425 
4289 205 206 503 
4290 111 112 460 
4291 89 90 398 
4292 109 110 419 
4293 199 200 411 
4294 135 136 482 
4295 103 104 486 
4296 129 130 410 
4297 221 222 478 
4298 24 25 370 
4299 235 236 420 
4300 203 204 430 
4301 197 198 489 
4302 223 224 405 
4303 59 60 390 
4304 273 274 378 
4305 229 230 483 
4306 117 118 421 
4307 91 92 500 
4308 239 240 400 
4309 268 269 383 
4310 83 84 3485 
4311 258 259 394 
4312 261 262 465 
4313 41 42 498 
4314 215 216 407 
4315 74 75 381 
4316 291 292 499 
4317 53 54 3498 
4318 296 297 501 
4319 276 277 493 
4320 36 37 502 
4321 56 57 495 
4322 46 47 490 
4323 286 287 491 
4324 64 65 379 
4325 71 72 476 
4326 263 264 380 
4327 141 142 429 
4328 121 122 408 
4329 246 247 480 
4330 211 212 427 
4331 143 144 467 
4332 186 187 416 
4333 191 192 413 
4334 189 190 471 
4335 281 282 494 
4336 137 138 412 
4337 301 302 492 
4338 51 52 497 
4339 115 116 457 
4340 207 208 409 
4341 26 27 468 
4342 209 210 463 
4343 244 245 426 
4344 125 126 424 
4345 123 124 462 
4346 31 32 496 
4347 69 70 389 
4348 63 64 3472 
4349 278 279 387 
4350 145 146 414 
4351 251 252 469 
4352 81 82 470 
4353 54 55 377 
4354 78 79 3518 
4355 253 254 397 
4356 79 80 393 
4357 237 238 455 
4358 195 196 428 
4359 231 232 403 
4360 298 299 382 
4361 131 132 456 
4362 73 74 3458 
4363 271 272 474 
4364 119 120 459 
4365 248 249 399 
4366 84 85 396 
4367 39 40 388 
4368 86 87 481 
4369 293 294 374 
4370 266 267 484 
4371 34 35 373 
4372 61 62 473 
4373 97 98 402 
4374 101 102 432 
4375 139 140 479 
4376 107 108 452 
4377 213 214 466 
4378 217 218 464 
4379 44 45 375 
4380 66 67 487 
4381 288 289 385 
4382 283 284 376 
4383 193 194 485 
4384 68 69 3527 
4385 49 50 384 
4386 88 89 3448 
4387 256 257 472 
4388 201 202 458 
4389 76 77 475 
4390 303 304 371 
4391 58 59 3463 
4392 242 243 453 
4393 29 30 386 
4394 93 94 431 
4395 105 106 404 
4396 225 226 454 
4397 113 114 406 
4398 95 96 477 
4399 219 220 422 
4400 227 228 423 
4401 2441 2444 2565 
4402 4130 4129 4132 
4403 3437 3436 3438 
4404 3685 4089 4373 
4405 2431 1922 2434 
4406 3615 3616 3915 
4407 3694 3695 3916 
4408 534 535 536 
4409 2284 2283 2928 
4410 940 4730 4733 
4411 306 307 443 
4412 2359 2820 2821 
4413 4390 4049 4391 
4414 3057 3058 3059 
4415 3263 2837 3926 
4416 21 22 507 
4417 4353 3799 4354 
4418 309 310 372 
4419 18 19 3543 
4420 1869 1807 2171 
4421 312 313 508 
4422 1767 1766 3928 
4423 19 20 395 
4424 16 17 509 
4425 314 315 401 
4426 14 15 415 
4427 1741 1752 3911 
4428 973 987 1000 
4429 3876 3877 3878 
4430 316 317 510 
4431 1294 1297 1316 
4432 1675 1694 3932 
4433 3645 3647 4086 
4434 1679 1677 1680 
4435 1772 1681 1804 
4436 975 957 976 
4437 2430 3048 3050 
4438 1707 1791 1792 
4439 2511 2877 3867 
4440 536 537 538 
4441 318 319 433 
4442 1876 1813 2283 
4443 2603 2538 3284 
4444 320 321 511 
4445 322 323 438 
4446 12 13 512 
4447 1921 2858 2859 
4448 1268 1273 1279 
4449 3781 4131 4138 
4450 4233 1349 4364 
4451 471 190 4063 
4452 2554 1332 3318 
4453 3543 395 3544 
4454 989 968 990 
4455 889 900 902 
4456 2747 2944 2945 
4457 19 395 3543 
4458 1249 1253 1256 
4459 191 413 4063 
4460 2872 2873 3013 
4461 1915 1917 1918 
4462 90 91 4140 
4463 85 86 4141 
4464 75 76 4143 
4465 65 66 4144 
4466 55 56 4142 
4467 1933 1266 3933 
4468 80 81 4145 
4469 60 61 4146 
4470 70 71 4147 
4471 485 194 4064 
4472 1257 1262 1265 
4473 1239 1242 1246 
4474 195 428 4064 
4475 411 200 4066 
4476 166 418 3939 
4477 1233 1235 1236 
4478 843 849 853 
4479 1227 1229 1240 
4480 1193 1195 1251 
4481 1197 1199 1347 
4482 1201 1203 1250 
4483 1207 1209 1245 
4484 1213 1215 1244 
4485 1187 1189 1254 
4486 1181 1183 1255 
4487 1177 1179 1348 
4488 1173 1175 1258 
4489 1167 1169 1259 
4490 1161 1163 1260 
4491 1157 1159 1349 
4492 1153 1155 1263 
4493 1147 1149 1264 
4494 1908 1913 1938 
4495 1141 1143 1269 
4496 1221 1223 1243 
4497 1137 1139 1350 
4498 1133 1135 1270 
4499 1127 1129 1271 
4500 1121 1123 1275 
4501 1117 1119 1351 
4502 1113 1115 1278 
4503 1109 1111 1352 
4504 1105 1107 1283 
4505 1101 1103 1353 
4506 1217 1219 1355 
4507 1097 1099 1286 
4508 1093 1095 1354 
4509 1089 1091 1288 
4510 1085 1087 1356 
4511 1081 1083 1290 
4512 1077 1079 1357 
4513 1073 1075 1298 
4514 1069 1071 1358 
4515 735 737 1360 
4516 753 755 1362 
4517 749 751 812 
4518 757 759 811 
4519 739 741 816 
4520 745 747 1361 
4521 725 727 1359 
4522 761 763 1363 
4523 729 731 818 
4524 765 767 808 
4525 719 721 822 
4526 715 717 1364 
4527 709 711 823 
4528 705 707 1365 
4529 699 701 828 
4530 695 697 1366 
4531 689 691 830 
4532 685 687 1367 
4533 679 681 837 
4534 673 675 1345 
4535 669 671 839 
4536 665 667 1713 
4537 661 663 848 
4538 657 659 1734 
4539 653 655 851 
4540 649 651 1754 
4541 641 643 1368 
4542 645 647 855 
4543 633 635 1369 
4544 637 639 860 
4545 629 631 861 
4546 625 627 1370 
4547 1065 1067 1300 
4548 773 775 807 
4549 201 458 4066 
4550 621 623 863 
4551 617 619 1372 
4552 1061 1063 1371 
4553 769 771 1373 
4554 613 615 867 
4555 609 611 1712 
4556 1057 1059 1302 
4557 781 783 806 
4558 1053 1055 1374 
4559 605 607 882 
4560 601 603 1729 
4561 2879 2556 2880 
4562 777 779 1376 
4563 145 414 4034 
4564 143 467 4023 
4565 111 460 3982 
4566 505 234 3985 
4567 135 482 3988 
4568 420 236 3984 
4569 109 419 4003 
4570 1049 1051 1303 
4571 137 412 4019 
4572 413 192 4045 
4573 103 486 4011 
4574 489 198 4026 
4575 139 479 4037 
4576 478 222 4008 
4577 107 452 4005 
4578 403 232 3986 
4579 117 421 4009 
4580 115 457 4013 
4581 483 230 4024 
4582 453 243 4007 
4583 99 506 4041 
4584 455 238 4020 
4585 119 459 4021 
4586 113 406 4001 
4587 101 432 4017 
4588 426 245 4033 
4589 105 404 4015 
4590 409 208 4035 
4591 121 408 4036 
4592 405 224 4052 
4593 464 218 4050 
4594 36 502 4039 
4595 31 496 4051 
4596 454 226 4056 
4597 422 220 4038 
4598 423 228 4054 
4599 93 431 4058 
4600 1045 1047 1375 
4601 3709 3707 3718 
4602 3713 3711 3716 
4603 3758 3754 3759 
4604 3774 3769 3775 
4605 3705 3703 3715 
4606 595 597 886 
4607 3630 3628 3677 
4608 3626 3624 3674 
4609 2271 2896 3216 
4610 3634 3632 3676 
4611 3638 3636 3675 
4612 3651 3653 3682 
4613 589 591 592 
4614 1041 1043 1304 
4615 3647 3649 3683 
4616 3642 3640 3673 
4617 4135 4133 4136 
4618 585 587 1758 
4619 3643 3645 3684 
4620 4017 4018 4699 
4621 1037 1039 1377 
4622 3639 3641 3685 
4623 3635 3637 3686 
4624 3646 3644 3672 
4625 3631 3633 3687 
4626 3627 3629 3690 
4627 3710 3712 3714 
4628 3706 3708 3721 
4629 885 877 887 
4630 2256 2837 3263 
4631 750 845 3615 
4632 720 859 3729 
4633 730 854 3694 
4634 710 862 3745 
4635 700 866 3760 
4636 690 879 3778 
4637 740 850 3726 
4638 680 883 3784 
4639 662 892 3790 
4640 648 901 3796 
4641 636 906 3805 
4642 3650 3648 3671 
4643 3528 3531 3960 
4644 3464 3467 3966 
4645 3473 3476 3972 
4646 3499 3502 3945 
4647 624 910 3818 
4648 3738 3736 3739 
4649 10 11 440 
4650 581 583 881 
4651 3623 3625 3691 
4652 1140 1299 3837 
4653 1180 1285 3832 
4654 1190 1282 3831 
4655 1160 1289 3835 
4656 1150 1295 3836 
4657 1170 1287 3834 
4658 1200 1276 3833 
4659 3745 862 3746 
4660 3729 859 3730 
4661 3760 866 3761 
4662 3778 879 3779 
4663 3694 854 3695 
4664 3784 883 3785 
4665 3726 850 3727 
4666 3790 892 3791 
4667 3702 3704 3722 
4668 3615 845 3616 
4669 3796 901 3797 
4670 612 912 3838 
4671 3805 906 3806 
4672 3818 910 3819 
4673 577 579 1768 
4674 814 817 819 
4675 1033 1035 1314 
4676 3838 912 3839 
4677 768 766 838 
4678 764 762 1379 
4679 760 758 840 
4680 756 754 1380 
4681 752 750 3615 
4682 750 748 845 
4683 746 744 1382 
4684 726 724 1381 
4685 740 738 850 
4686 716 714 1384 
4687 736 734 1383 
4688 722 720 3729 
4689 732 730 3694 
4690 730 728 854 
4691 720 718 859 
4692 712 710 3745 
4693 710 708 862 
4694 706 704 1385 
4695 702 700 3760 
4696 696 694 1386 
4697 700 698 866 
4698 692 690 3778 
4699 690 688 879 
4700 686 684 1387 
4701 682 680 3784 
4702 676 674 1388 
4703 680 678 883 
4704 742 740 3726 
4705 668 666 1389 
4706 672 670 890 
4707 664 662 3790 
4708 658 656 1390 
4709 662 660 892 
4710 654 652 898 
4711 650 648 3796 
4712 648 646 901 
4713 642 640 903 
4714 638 636 3805 
4715 792 790 829 
4716 636 634 906 
4717 630 628 908 
4718 626 624 3818 
4719 624 622 910 
4720 1058 1056 1874 
4721 1066 1064 1824 
4722 1054 1052 1773 
4723 1062 1060 1871 
4724 1074 1072 1812 
4725 618 616 911 
4726 1070 1068 1817 
4727 1050 1048 1884 
4728 1082 1080 1799 
4729 1078 1076 1809 
4730 1090 1088 1781 
4731 1098 1096 1763 
4732 1118 1116 1727 
4733 1110 1108 1745 
4734 1114 1112 1322 
4735 1122 1120 1317 
4736 1126 1124 1705 
4737 1102 1100 1759 
4738 1106 1104 1328 
4739 1130 1128 1301 
4740 1190 1188 1282 
4741 1186 1184 1391 
4742 1182 1180 3832 
4743 1196 1194 1392 
4744 1180 1178 1285 
4745 1192 1190 3831 
4746 1200 1198 1276 
4747 1176 1174 1393 
4748 1172 1170 3834 
4749 1170 1168 1287 
4750 1206 1204 1394 
4751 1210 1208 1284 
4752 1166 1164 1395 
4753 1162 1160 3835 
4754 1086 1084 1787 
4755 1160 1158 1289 
4756 1136 1134 1398 
4757 1152 1150 3836 
4758 1156 1154 1396 
4759 1142 1140 3837 
4760 1150 1148 1295 
4761 1146 1144 1397 
4762 1140 1138 1299 
4763 1202 1200 3833 
4764 1094 1092 1769 
4765 1046 1044 1896 
4766 3666 3664 3667 
4767 1214 1212 1399 
4768 1218 1216 1281 
4769 600 922 3844 
4770 875 873 2570 
4771 776 774 834 
4772 614 612 3838 
4773 4046 4047 4048 
4774 772 770 1402 
4775 1038 1036 1762 
4776 1042 1040 1312 
4777 612 610 912 
4778 1222 1220 1401 
4779 1226 1224 1277 
4780 1030 1028 1774 
4781 784 782 831 
4782 1034 1032 1315 
4783 606 604 919 
4784 3408 3406 3410 
4785 3658 3656 3669 
4786 3655 3657 3681 
4787 1029 1031 1400 
4788 3844 922 3845 
4789 602 600 3844 
4790 1022 1020 1798 
4791 780 778 1403 
4792 1026 1024 1319 
4793 3654 3652 3670 
4794 3404 3402 3412 
4795 600 598 922 
4796 596 594 1378 
4797 796 794 1647 
4798 3396 3394 3414 
4799 3400 3398 3413 
4800 871 869 893 
4801 3662 3660 3668 
4802 2549 3203 3204 
4803 1018 1016 1323 
4804 1230 1228 1405 
4805 2164 2683 2791 
4806 1234 1232 1274 
4807 1014 1012 1810 
4808 573 575 884 
4809 1346 3169 5436 
4810 588 586 938 
4811 3392 3390 3415 
4812 3659 3661 3680 
4813 584 582 1404 
4814 1889 1946 1947 
4815 973 1000 4152 
4816 801 798 826 
4817 3300 3301 3302 
4818 1000 1706 1707 
4819 569 571 1785 
4820 3388 3386 3416 
4821 797 799 800 
4822 2393 2759 2884 
4823 3778 3781 4138 
4824 1025 1027 1320 
4825 1010 1008 1329 
4826 789 791 803 
4827 580 578 941 
4828 576 574 1406 
4829 1021 1023 1407 
4830 1914 1912 2518 
4831 793 795 2571 
4832 3663 3665 3678 
4833 2600 1945 2601 
4834 1888 1886 1890 
4835 3308 2775 3534 
4836 1241 1238 2788 
4837 788 786 1408 
4838 4364 1349 4365 
4839 2552 2991 3294 
4840 4664 2819 5217 
4841 1006 1004 1820 
4842 565 567 891 
4843 3734 3737 3742 
4844 3765 3768 3771 
4845 3750 3753 3755 
4846 886 3196 5565 
4847 878 896 913 
4848 4027 4028 4029 
4849 2558 2116 2559 
4850 985 976 986 
4851 1332 986 1333 
4852 2946 3056 3057 
4853 2184 3313 3334 
4854 561 563 1808 
4855 785 787 1412 
4856 572 570 944 
4857 2270 2087 2563 
4858 325 326 447 
4859 872 874 984 
4860 3615 3915 4250 
4861 3694 3916 4251 
4862 820 815 1789 
4863 1252 1248 1651 
4864 568 566 1409 
4865 3339 3337 3364 
4866 945 946 958 
4867 3591 2294 5221 
4868 538 539 540 
4869 164 513 4095 
4870 1757 1743 1813 
4871 1017 1019 1327 
4872 958 959 969 
4873 4273 4353 4354 
4874 852 844 2535 
4875 928 930 945 
4876 1676 1678 1818 
4877 2469 1879 2551 
4878 1805 1804 2223 
4879 1429 2809 3317 
4880 902 909 917 
4881 962 998 999 
4882 2564 802 4166 
4883 1272 1267 1648 
4884 3793 4266 4697 
4885 4256 4255 4257 
4886 3128 2394 3270 
4887 3381 3383 3384 
4888 935 950 1924 
4889 4264 4265 5107 
4890 917 918 928 
4891 2604 1948 3443 
4892 907 899 1894 
4893 560 558 1411 
4894 1013 1015 1410 
4895 511 4102 4103 
4896 557 559 894 
4897 1279 1280 1291 
4898 564 562 947 
4899 853 856 864 
4900 3053 2479 3340 
4901 1307 1296 1311 
4902 2303 2511 2997 
4903 3247 3248 3249 
4904 921 920 932 
4905 2859 3246 3247 
4906 1291 1292 1340 
4907 7 8 449 
4908 1419 981 3316 
4909 895 887 904 
4910 905 904 920 
4911 553 555 1815 
4912 864 865 888 
4913 933 932 948 
4914 2537 2113 3356 
4915 1675 1674 1694 
4916 20 21 4247 
4917 2057 2058 2341 
4918 1265 1266 1933 
4919 888 889 3907 
4920 1806 1868 2148 
4921 1918 1919 2262 
4922 2548 1786 3119 
4923 1673 1672 1674 
4924 2555 2776 2777 
4925 1338 983 1339 
4926 166 167 418 
4927 819 821 824 
4928 1246 1247 1343 
4929 824 825 832 
4930 3377 3379 3417 
4931 1679 1771 3861 
4932 1337 1335 1743 
4933 832 833 841 
4934 858 857 868 
4935 1766 3347 3928 
4936 841 843 3908 
4937 1255 3577 3578 
4938 1254 3562 3563 
4939 1259 3582 3583 
4940 1260 3587 3588 
4941 1264 3592 3593 
4942 1269 3595 3596 
4943 1250 3567 3568 
4944 1271 3598 3599 
4945 1275 3601 3602 
4946 1245 3572 3573 
4947 1236 1237 1342 
4948 644 4447 4471 
4949 1243 3604 3605 
4950 632 4448 4470 
4951 2562 2947 3211 
4952 620 4449 4469 
4953 190 191 4063 
4954 1907 1908 3890 
4955 608 4450 4467 
4956 552 550 1413 
4957 401 315 4092 
4958 1905 1906 1907 
4959 809 810 813 
4960 399 3482 3483 
4961 383 3455 3456 
4962 397 3515 3516 
4963 394 3452 3453 
4964 380 3508 3509 
4965 387 3490 3491 
4966 400 3532 3533 
4967 378 3469 3470 
4968 376 3494 3495 
4969 385 3511 3512 
4970 374 3523 3524 
4971 592 593 1749 
4972 4277 3808 4278 
4973 800 802 804 
4974 804 805 809 
4975 194 195 4064 
4976 382 3504 3505 
4977 4324 3846 4325 
4978 3787 3785 4377 
4979 3793 3791 4379 
4980 4258 4257 4259 
4981 1671 1670 1672 
4982 1009 1011 1693 
4983 4370 448 4372 
4984 200 201 4066 
4985 3958 3957 3959 
4986 3970 3969 3971 
4987 3964 3963 3965 
4988 1326 1775 1776 
4989 1947 1948 2235 
4990 4279 4278 4280 
4991 2913 2914 3132 
4992 1892 1895 2391 
4993 2609 2607 3200 
4994 2527 2528 3292 
4995 1306 1325 1326 
4996 847 846 857 
4997 827 826 835 
4998 2508 2509 2527 
4999 3411 3410 3421 
5000 982 1305 1306 
5001 2235 2236 2508 
5002 371 3478 3479 
5003 316 510 4092 
5004 556 554 949 
5005 1873 3541 4149 
5006 1414 1274 1415 
5007 2257 990 3369 
5008 2526 2483 3184 
5009 836 835 846 
5010 2767 2768 3094 
5011 952 955 956 
5012 956 963 964 
5013 2480 2766 2767 
5014 964 977 978 
5015 1416 1415 1417 
5016 3373 3375 3425 
5017 943 951 952 
5018 1006 1820 4170 
5019 2730 2601 3150 
5020 2112 2113 2303 
5021 913 914 915 
5022 2139 2475 2476 
5023 937 942 943 
5024 1790 1789 1885 
5025 915 916 923 
5026 923 924 925 
5027 925 931 937 
5028 4371 4370 4372 
5029 1932 2138 2139 
5030 164 165 513 
5031 2079 2078 2525 
5032 3951 3520 3952 
5033 3941 3501 3942 
5034 3956 3530 3957 
5035 3974 3460 3975 
5036 3962 3466 3963 
5037 3968 3475 3969 
5038 1652 1651 1653 
5039 443 3536 3537 
5040 549 551 897 
5041 1654 1653 1655 
5042 1656 1655 1657 
5043 2901 2902 3091 
5044 1740 1657 1741 
5045 2655 2364 3032 
5046 1263 1155 4233 
5047 1797 1880 1881 
5048 4270 898 4353 
5049 1270 1135 4172 
5050 1278 1115 4174 
5051 1352 1111 4176 
5052 1283 1107 4178 
5053 1353 1103 4179 
5054 1286 1099 4180 
5055 1354 1095 4181 
5056 1288 1091 4182 
5057 1356 1087 4183 
5058 1290 1083 4184 
5059 1357 1079 4185 
5060 1298 1075 4186 
5061 1358 1071 4187 
5062 1157 1349 4233 
5063 1818 1819 2238 
5064 2660 2551 2661 
5065 1300 1067 4188 
5066 812 751 4189 
5067 1362 755 4190 
5068 811 759 4192 
5069 1361 747 4193 
5070 1359 727 4191 
5071 1360 737 4194 
5072 1364 717 4196 
5073 1363 763 4195 
5074 1365 707 4197 
5075 1366 697 4198 
5076 1368 643 4201 
5077 855 647 4200 
5078 1369 635 4203 
5079 860 639 4202 
5080 1371 1063 4204 
5081 1370 627 4206 
5082 861 631 4205 
5083 808 767 4209 
5084 1372 619 4208 
5085 863 623 4207 
5086 867 615 4211 
5087 1873 1706 3541 
5088 1712 611 4220 
5089 1373 771 4213 
5090 685 1367 4234 
5091 679 837 4235 
5092 1302 1059 4212 
5093 540 541 542 
5094 1374 1055 4222 
5095 882 607 4221 
5096 1729 603 4224 
5097 1303 1051 4225 
5098 2322 2561 2562 
5099 1375 1047 4227 
5100 1331 1766 1767 
5101 999 1330 1331 
5102 3626 3674 4231 
5103 1304 1043 4232 
5104 3630 3677 4236 
5105 840 4243 4249 
5106 1902 1904 1905 
5107 2238 2239 2505 
5108 3634 3676 4238 
5109 1377 1039 4237 
5110 1778 1779 1892 
5111 1649 1648 1650 
5112 3638 3675 4239 
5113 168 169 514 
5114 2578 2580 2913 
5115 3370 3369 3430 
5116 315 316 4092 
5117 3642 3673 4240 
5118 2162 1894 2163 
5119 1709 1650 1710 
5120 3750 3748 3751 
5121 3765 3763 3766 
5122 3734 3732 3735 
5123 3699 3697 3700 
5124 3620 3618 3621 
5125 3691 3625 4241 
5126 2584 2163 3193 
5127 5217 2819 5242 
5128 511 321 4102 
5129 3646 3672 4246 
5130 3687 3633 4244 
5131 1005 1007 1711 
5132 980 981 982 
5133 3662 3668 4248 
5134 1429 1427 1670 
5135 3658 3669 4287 
5136 322 438 4102 
5137 3650 3671 4282 
5138 2777 2847 2848 
5139 2184 2183 2483 
5140 2478 2479 2480 
5141 3654 3670 4328 
5142 1050 1884 4268 
5143 752 3615 4250 
5144 760 840 4249 
5145 732 3694 4251 
5146 682 3784 4252 
5147 668 1389 4253 
5148 664 3790 4267 
5149 1054 1773 4283 
5150 654 898 4269 
5151 650 3796 4275 
5152 638 3805 4276 
5153 1058 1874 4285 
5154 626 3818 4284 
5155 1062 1871 4286 
5156 1066 1824 4288 
5157 1070 1817 4290 
5158 1074 1812 4292 
5159 614 3838 4289 
5160 1078 1809 4293 
5161 1082 1799 4294 
5162 1086 1787 4295 
5163 1090 1781 4296 
5164 1142 3837 4297 
5165 1152 3836 4301 
5166 1146 1397 4308 
5167 1162 3835 4299 
5168 1156 1396 4311 
5169 1172 3834 4305 
5170 1166 1395 4310 
5171 1182 3832 4303 
5172 1186 1391 4307 
5173 1176 1393 4309 
5174 1196 1392 4314 
5175 1192 3831 4312 
5176 1206 1394 4315 
5177 1202 3833 4316 
5178 1210 1284 4318 
5179 1214 1399 4319 
5180 1218 1281 4320 
5181 1730 1311 1800 
5182 1222 1401 4322 
5183 602 3844 4323 
5184 1226 1277 4329 
5185 542 543 544 
5186 2566 2106 2567 
5187 162 163 439 
5188 1930 1931 1932 
5189 3647 3683 4086 
5190 708 706 4156 
5191 718 716 4155 
5192 698 696 4157 
5193 688 686 4159 
5194 728 726 4158 
5195 678 676 4160 
5196 660 658 4161 
5197 748 746 4162 
5198 441 171 4362 
5199 598 596 4163 
5200 2302 2993 2994 
5201 2104 2092 2364 
5202 1795 1796 1797 
5203 5 6 526 
5204 4210 4209 4700 
5205 321 322 4102 
5206 2565 2444 2624 
5207 3179 488 5340 
5208 161 162 4357 
5209 1924 950 4345 
5210 962 999 4345 
5211 170 171 441 
5212 971 973 4152 
5213 2994 2995 3244 
5214 461 3921 3922 
5215 3198 2873 3319 
5216 544 545 546 
5217 2626 2747 4387 
5218 3373 3425 4350 
5219 3433 3432 3434 
5220 1720 1003 4344 
5221 3170 1708 5465 
5222 165 166 3939 
5223 3280 3279 3281 
5224 3799 3797 4356 
5225 3312 479 4767 
5226 810 805 4460 
5227 1861 2484 4473 
5228 2945 2944 2946 
5229 4296 1781 5182 
5230 163 164 4095 
5231 3903 493 4368 
5232 1155 1157 4233 
5233 683 685 4234 
5234 677 679 4235 
5235 3489 3875 3879 
5236 1721 1923 4438 
5237 865 856 4465 
5238 1002 1003 1720 
5239 3828 2056 5554 
5240 995 996 1002 
5241 2911 2967 3179 
5242 3350 2848 5097 
5243 993 994 995 
5244 2306 1731 4542 
5245 3057 3056 3058 
5246 2849 2119 4760 
5247 1404 582 4333 
5248 989 990 991 
5249 3802 4447 4706 
5250 944 570 4341 
5251 1857 2458 4528 
5252 950 962 4345 
5253 1732 1827 4597 
5254 991 992 993 
5255 3059 3058 3060 
5256 1757 1876 4490 
5257 1231 4534 4715 
5258 2565 2824 4375 
5259 171 172 4362 
5260 3371 3373 4350 
5261 3755 3756 4228 
5262 3742 3743 4229 
5263 3771 3772 4230 
5264 159 160 448 
5265 2431 2434 2911 
5266 2926 4617 5440 
5267 1853 2427 4530 
5268 814 819 4451 
5269 1849 2416 4535 
5270 159 448 4370 
5271 2505 2239 4366 
5272 3877 4063 4390 
5273 1625 1476 4736 
5274 1845 2390 4537 
5275 2608 3218 4713 
5276 4073 4074 4075 
5277 2436 2438 2439 
5278 1841 2371 4541 
5279 3435 2788 4381 
5280 1837 2353 4543 
5281 1970 1993 4555 
5282 1981 2005 4556 
5283 1992 2023 4557 
5284 2004 2032 4558 
5285 2015 2046 4559 
5286 2066 2221 4560 
5287 2103 2269 4561 
5288 2110 2445 4562 
5289 2127 2481 4563 
5290 1833 2334 4547 
5291 1390 4271 4673 
5292 2105 2073 4546 
5293 2386 2968 4566 
5294 1466 1431 4544 
5295 2343 2095 4565 
5296 2262 1919 4472 
5297 1450 1596 4569 
5298 2194 2642 4574 
5299 2202 2684 4577 
5300 1458 1603 4572 
5301 2198 2664 4575 
5302 2206 2701 4578 
5303 2216 2695 4580 
5304 2258 2728 4584 
5305 2307 2742 4583 
5306 2349 2763 4582 
5307 2398 2790 4581 
5308 2540 2830 4579 
5309 1454 1665 4570 
5310 2190 2634 4573 
5311 1462 1666 4576 
5312 1587 1882 4587 
5313 1581 1811 4588 
5314 1564 1816 4589 
5315 1473 1437 4548 
5316 1940 1939 4453 
5317 1442 1584 4567 
5318 2128 2121 4585 
5319 1446 1664 4568 
5320 2389 2135 4590 
5321 2406 2904 4591 
5322 2377 2885 4592 
5323 2315 2829 4594 
5324 2290 2798 4593 
5325 2177 2744 4595 
5326 2465 2927 4598 
5327 2489 2937 4599 
5328 2153 2729 4596 
5329 2372 2867 4601 
5330 2355 2857 4600 
5331 2285 2785 4603 
5332 2263 2765 4602 
5333 2155 2152 4604 
5334 2456 2174 4609 
5335 2945 2946 4437 
5336 2247 2246 4611 
5337 2500 2264 4612 
5338 2289 2288 4613 
5339 2599 2312 4614 
5340 2149 2711 4607 
5341 2337 2336 4615 
5342 2910 2726 4616 
5343 2926 2739 4617 
5344 2936 2756 4618 
5345 2972 2804 4619 
5346 2980 2828 4620 
5347 2999 2854 4621 
5348 1484 1443 4586 
5349 2134 2690 4608 
5350 4536 1293 4716 
5351 1342 1237 4486 
5352 1489 1449 4610 
5353 1496 1457 4623 
5354 1438 1663 4564 
5355 4103 4104 4105 
5356 2098 2673 4605 
5357 1507 1463 4624 
5358 1512 1470 4625 
5359 1519 1479 4628 
5360 1526 1486 4629 
5361 1533 1493 4630 
5362 1542 1502 4632 
5363 1545 1509 4633 
5364 1556 1516 4634 
5365 1561 1525 4636 
5366 1686 1498 4631 
5367 1684 1521 4635 
5368 1683 1475 4626 
5369 1682 1453 4622 
5370 3952 2146 5093 
5371 2627 2199 4637 
5372 2643 2203 4638 
5373 2666 2207 4639 
5374 2689 2211 4640 
5375 2831 2512 4641 
5376 2770 2379 4642 
5377 2743 2325 4643 
5378 2685 2230 4644 
5379 2720 2277 4645 
5380 2977 2385 4646 
5381 4153 3441 4752 
5382 2305 1959 4670 
5383 428 196 4466 
5384 413 4045 4049 
5385 95 477 4476 
5386 493 277 4479 
5387 465 262 4484 
5388 480 247 4478 
5389 484 267 4480 
5390 494 282 4482 
5391 469 252 4481 
5392 474 272 4485 
5393 472 257 4483 
5394 491 287 4487 
5395 499 292 4488 
5396 501 297 4489 
5397 173 174 450 
5398 4146 473 4532 
5399 4144 487 4531 
5400 4142 495 4533 
5401 492 302 4491 
5402 4427 1903 4500 
5403 2880 3244 5116 
5404 489 4026 4030 
5405 197 489 4466 
5406 642 903 4447 
5407 630 908 4448 
5408 618 911 4449 
5409 606 919 4450 
5410 431 94 4476 
5411 253 397 4481 
5412 248 399 4478 
5413 268 383 4480 
5414 258 394 4483 
5415 263 380 4484 
5416 278 387 4479 
5417 283 376 4482 
5418 273 378 4485 
5419 288 385 4487 
5420 293 374 4488 
5421 298 382 4489 
5422 4021 459 4022 
5423 4009 421 4010 
5424 4013 457 4014 
5425 4001 406 4002 
5426 3982 460 3983 
5427 4005 452 4006 
5428 4003 419 4004 
5429 4015 404 4016 
5430 4011 486 4012 
5431 4017 432 4018 
5432 4041 506 4042 
5433 4058 431 4059 
5434 303 371 4491 
5435 3902 3903 4725 
5436 525 4370 4371 
5437 1923 2433 4438 
5438 306 443 4498 
5439 1336 2706 4456 
5440 158 159 4370 
5441 875 2570 4458 
5442 1925 888 3907 
5443 887 877 4458 
5444 2433 3938 4438 
5445 1938 1913 4493 
5446 1921 2859 4472 
5447 3026 2501 4428 
5448 530 532 2419 
5449 1239 1246 4486 
5450 1789 815 4460 
5451 1926 841 3908 
5452 1915 1918 4493 
5453 1888 1890 4475 
5454 519 3202 5299 
5455 1348 1179 4509 
5456 1349 1159 4507 
5457 1347 1199 4511 
5458 1350 1139 4505 
5459 1351 1119 4513 
5460 1355 1219 4504 
5461 1411 4346 4349 
5462 2571 795 4468 
5463 1758 587 4503 
5464 1889 1947 4464 
5465 2439 2440 2441 
5466 3722 3704 4516 
5467 797 800 4468 
5468 3361 3874 4738 
5469 1221 1243 4504 
5470 1187 1254 4510 
5471 1181 1255 4509 
5472 1167 1259 4508 
5473 1161 1260 4507 
5474 1201 1250 4511 
5475 1147 1264 4506 
5476 1141 1269 4505 
5477 1207 1245 4514 
5478 1127 1271 4512 
5479 1121 1275 4513 
5480 808 4209 4210 
5481 1373 4213 4214 
5482 1930 1932 4376 
5483 589 592 4503 
5484 2601 1945 4475 
5485 1894 899 4465 
5486 1910 1907 3890 
5487 3706 3721 4516 
5488 4253 1389 4254 
5489 4269 898 4270 
5490 2441 2443 2444 
5491 2546 4090 4764 
5492 2846 2067 4459 
5493 1428 1466 4477 
5494 2624 2625 2626 
5495 1010 1329 4539 
5496 3803 3802 4706 
5497 4447 3802 4471 
5498 4448 3811 4470 
5499 4449 3823 4469 
5500 4450 3843 4467 
5501 3808 3806 4281 
5502 4385 1406 4445 
5503 1810 1012 4539 
5504 2928 2929 3092 
5505 4740 3932 4744 
5506 3785 3788 4377 
5507 3791 3794 4379 
5508 2555 2777 4495 
5509 819 1661 4451 
5510 4126 4714 4720 
5511 2626 2746 2747 
5512 2185 2499 4515 
5513 2747 2945 4387 
5514 2093 2383 4496 
5515 1793 1792 2240 
5516 3477 3474 4531 
5517 3468 3465 4532 
5518 3503 3500 4533 
5519 2747 2943 2944 
5520 2757 2755 4402 
5521 2449 2446 4403 
5522 2404 2402 4404 
5523 2338 2335 4405 
5524 2313 2311 4406 
5525 2248 2245 4407 
5526 1952 1903 4427 
5527 2175 2173 4409 
5528 1432 1430 4398 
5529 2122 2120 4411 
5530 2302 2994 4490 
5531 157 158 525 
5532 2962 2361 2965 
5533 1943 1941 4426 
5534 96 97 4065 
5535 3474 4144 4531 
5536 3465 4146 4532 
5537 3500 4142 4533 
5538 2241 2240 2872 
5539 1333 1334 1335 
5540 4159 1387 4714 
5541 1406 4338 4446 
5542 525 158 4370 
5543 2946 3055 3056 
5544 4386 947 4454 
5545 4377 3788 4378 
5546 2361 1940 4453 
5547 947 4347 4455 
5548 970 969 1309 
5549 2583 2341 2960 
5550 1343 1247 4701 
5551 13 14 4106 
5552 4210 2581 4759 
5553 869 868 3893 
5554 4155 1384 4676 
5555 4156 1385 4674 
5556 4157 1386 4677 
5557 4158 1381 4678 
5558 4160 1388 4675 
5559 4161 1390 4673 
5560 4162 1382 4679 
5561 11 12 4150 
5562 5029 4103 5180 
5563 578 576 4385 
5564 547 549 4374 
5565 2823 4457 4711 
5566 2087 1741 3911 
5567 939 888 1925 
5568 2706 3237 3238 
5569 2223 2224 2607 
5570 1310 1309 1735 
5571 3470 3469 4725 
5572 2392 2391 2898 
5573 3530 3528 3960 
5574 3475 3473 3972 
5575 3466 3464 3966 
5576 3501 3499 3945 
5577 1777 1776 1778 
5578 965 546 966 
5579 1736 1735 2057 
5580 3903 4368 4369 
5581 329 330 524 
5582 566 564 4386 
5583 842 841 1926 
5584 1341 1340 1750 
5585 1280 1273 4716 
5586 1238 1235 4381 
5587 2525 2663 2850 
5588 2706 3238 4384 
5589 2791 3535 4439 
5590 868 880 1421 
5591 1694 1695 1801 
5592 979 978 980 
5593 926 813 2978 
5594 2464 1933 3188 
5595 534 536 1823 
5596 5182 1781 5200 
5597 2477 2476 2478 
5598 1660 887 4458 
5599 4262 4263 4264 
5600 383 3457 4480 
5601 394 3454 4483 
5602 399 3484 4478 
5603 397 3517 4481 
5604 380 3510 4484 
5605 378 3471 4485 
5606 387 3493 4479 
5607 376 3497 4482 
5608 385 3514 4487 
5609 2576 2262 2901 
5610 374 3526 4488 
5611 2415 2414 2592 
5612 489 4031 4466 
5613 382 3507 4489 
5614 3150 3151 3252 
5615 371 3481 4491 
5616 3519 3521 3522 
5617 3459 3461 3462 
5618 3473 3474 3476 
5619 3528 3529 3531 
5620 3464 3465 3467 
5621 3499 3500 3502 
5622 1929 1881 1930 
5623 3060 3061 3062 
5624 1909 1907 1910 
5625 1897 1342 1898 
5626 1578 1432 4398 
5627 1794 1767 1795 
5628 3589 3588 3590 
5629 3579 3578 3580 
5630 3584 3583 3586 
5631 3564 3563 3566 
5632 3569 3568 3571 
5633 3575 3573 3576 
5634 3098 2757 4402 
5635 2927 2449 4403 
5636 2904 2404 4404 
5637 2857 2338 4405 
5638 2829 2313 4406 
5639 2577 1749 2578 
5640 2765 2248 4407 
5641 4060 431 4476 
5642 1955 1952 4427 
5643 2744 2175 4409 
5644 594 591 4151 
5645 3746 3747 3748 
5646 3761 3762 3763 
5647 3730 3731 3732 
5648 3779 3780 3782 
5649 3785 3786 3788 
5650 3695 3696 3697 
5651 3791 3792 3794 
5652 3797 3798 3800 
5653 3806 3807 3809 
5654 3616 3617 3618 
5655 3819 3820 3821 
5656 3839 3840 3841 
5657 3845 3847 3929 
5658 2690 2122 4411 
5659 3032 3033 3206 
5660 3703 3701 4167 
5661 3624 3622 4169 
5662 1215 1217 4361 
5663 1175 1177 4359 
5664 1195 1197 4360 
5665 2859 3848 4472 
5666 4359 1348 4550 
5667 4360 1347 4552 
5668 562 560 4347 
5669 4361 1355 4554 
5670 2897 2846 3134 
5671 3826 3827 3828 
5672 2118 1926 2119 
5673 988 968 989 
5674 1417 1704 1782 
5675 558 556 4346 
5676 1751 1750 2112 
5677 2516 2119 2849 
5678 1865 1863 2498 
5679 3641 3643 4088 
5680 1741 1742 1752 
5681 3637 3639 4373 
5682 4031 4030 4032 
5683 2688 2709 3099 
5684 2506 2505 3226 
5685 586 584 4330 
5686 1248 1242 4165 
5687 967 966 968 
5688 2567 2585 3003 
5689 574 572 4338 
5690 3325 3328 3329 
5691 610 608 4467 
5692 622 620 4469 
5693 634 632 4470 
5694 646 644 4471 
5695 674 672 4291 
5696 443 3539 4498 
5697 1134 1132 4321 
5698 1232 1230 4336 
5699 1801 1802 2078 
5700 3368 1789 4460 
5701 1246 3862 4486 
5702 1249 1256 4701 
5703 2635 1943 4426 
5704 1710 2254 2748 
5705 5503 373 5640 
5706 3539 3537 3540 
5707 1947 2787 4464 
5708 3252 3253 3254 
5709 1918 2576 4493 
5710 1421 1422 1423 
5711 800 1662 4468 
5712 1423 1424 1425 
5713 1425 1426 1427 
5714 3749 3747 4674 
5715 3733 3731 4676 
5716 3764 3762 4677 
5717 3698 3696 4678 
5718 3789 3786 4675 
5719 3795 3792 4673 
5720 3619 3617 4679 
5721 1911 1910 2322 
5722 4375 2824 4780 
5723 1800 2255 2354 
5724 1899 1898 1900 
5725 1901 1900 1902 
5726 3151 2601 4475 
5727 1863 1861 4473 
5728 1136 1398 4712 
5729 2946 3057 4437 
5730 1336 2705 2706 
5731 1243 3606 4504 
5732 1752 1753 2092 
5733 1254 3564 4510 
5734 1255 3579 4509 
5735 1260 3589 4507 
5736 1259 3584 4508 
5737 1250 3569 4511 
5738 1264 3594 4506 
5739 1269 3597 4505 
5740 1245 3575 4514 
5741 1271 3600 4512 
5742 1275 3603 4513 
5743 2439 2438 2440 
5744 1861 1859 2484 
5745 3782 3783 4124 
5746 3800 3801 3804 
5747 3809 3810 3815 
5748 3821 3822 3830 
5749 2348 2306 2715 
5750 3062 3105 3106 
5751 592 2577 4503 
5752 1782 1783 2183 
5753 330 331 4388 
5754 2383 2384 3087 
5755 2676 2686 3093 
5756 4588 1811 5231 
5757 2792 1894 4465 
5758 4330 4331 4518 
5759 1299 1138 4712 
5760 1827 1828 2106 
5761 3803 4935 5516 
5762 2413 2077 2414 
5763 1928 1738 2076 
5764 3747 4156 4674 
5765 3731 4155 4676 
5766 3762 4157 4677 
5767 3786 4160 4675 
5768 3696 4158 4678 
5769 3792 4161 4673 
5770 3617 4162 4679 
5771 3134 2846 4717 
5772 3120 1729 5632 
5773 2624 2444 2625 
5774 538 540 1321 
5775 1857 1855 2458 
5776 2658 2674 3089 
5777 4272 4270 4273 
5778 2845 2067 2846 
5779 2608 2611 3218 
5780 1781 4295 5200 
5781 1853 1851 2427 
5782 5098 4317 5110 
5783 512 4106 4107 
5784 1721 1720 1922 
5785 2933 2497 2934 
5786 2639 2656 3075 
5787 2281 2282 2617 
5788 2777 3851 4495 
5789 1942 2089 4393 
5790 3816 3814 3817 
5791 1775 2164 4439 
5792 1849 1847 2416 
5793 1859 1857 4528 
5794 2745 2428 3171 
5795 1428 1431 1466 
5796 4396 1473 4397 
5797 2614 2637 3072 
5798 1435 1473 4396 
5799 2441 2440 2443 
5800 1845 1843 2390 
5801 1937 1942 4393 
5802 1942 1944 2089 
5803 938 4330 4518 
5804 3139 3017 3931 
5805 3017 3015 3931 
5806 1841 1839 2371 
5807 2564 4166 4810 
5808 1958 1956 1977 
5809 1433 1435 4396 
5810 2574 2612 3052 
5811 2071 2073 2105 
5812 1435 1437 1473 
5813 1837 1835 2353 
5814 1434 1432 1578 
5815 2099 2128 4399 
5816 4400 1484 4401 
5817 3043 3017 3139 
5818 2093 2297 2383 
5819 2946 2944 3055 
5820 2818 2606 3014 
5821 1441 1484 4400 
5822 3264 3258 3265 
5823 4336 4337 4527 
5824 3111 3082 3155 
5825 3166 3144 3230 
5826 2075 2095 2343 
5827 1833 1831 2334 
5828 1964 1962 1986 
5829 1954 1952 1955 
5830 1970 1968 1993 
5831 1974 1972 2000 
5832 1981 1979 2005 
5833 1985 1983 2016 
5834 1992 1990 2023 
5835 1997 1995 2033 
5836 2004 2002 2032 
5837 2009 2007 2051 
5838 2020 2018 2090 
5839 2027 2025 2069 
5840 2015 2013 2046 
5841 2031 2029 2145 
5842 2043 2041 2242 
5843 2039 2037 2111 
5844 2050 2048 2146 
5845 2055 2053 2304 
5846 2066 2064 2221 
5847 2083 2081 2365 
5848 2103 2101 2269 
5849 2110 2108 2445 
5850 2127 2125 2481 
5851 2133 2131 2507 
5852 2144 2142 2557 
5853 2159 2157 2616 
5854 2169 2167 2644 
5855 2182 2180 2682 
5856 2228 2226 2704 
5857 1442 1440 1584 
5858 2251 2244 2731 
5859 2273 2253 2760 
5860 2299 2275 2797 
5861 2318 2301 2833 
5862 2330 2320 2866 
5863 2345 2332 2900 
5864 2532 2572 3041 
5865 2367 2347 2931 
5866 1825 1731 2306 
5867 2386 2369 2968 
5868 2409 2388 2990 
5869 1450 1448 1596 
5870 2150 2155 4408 
5871 2424 2411 3021 
5872 1438 1436 1663 
5873 1725 1723 2293 
5874 1447 1489 4412 
5875 1439 1441 4400 
5876 2097 2099 4399 
5877 2460 2426 3063 
5878 1716 1714 2086 
5879 331 332 451 
5880 1446 1444 1664 
5881 2185 2187 2499 
5882 2178 2247 4410 
5883 4252 3787 4720 
5884 1458 1456 1603 
5885 1454 1452 1665 
5886 1700 1698 2068 
5887 2190 2188 2634 
5888 1441 1443 1484 
5889 2286 2289 4413 
5890 2486 2462 3097 
5891 366 367 522 
5892 2194 2192 2642 
5893 2316 2337 4414 
5894 2099 2121 2128 
5895 1643 1641 2056 
5896 2198 2196 2664 
5897 1462 1460 1666 
5898 2202 2200 2684 
5899 1467 1464 1618 
5900 1635 1633 1935 
5901 2206 2204 2701 
5902 2210 2208 2727 
5903 2216 2214 2695 
5904 2229 2218 2761 
5905 2796 2794 3239 
5906 2258 2233 2728 
5907 2482 2473 3019 
5908 2420 2400 2970 
5909 2276 2260 2816 
5910 2471 2454 2807 
5911 2540 2515 2830 
5912 2370 2351 2925 
5913 2324 2309 2878 
5914 2544 2542 3076 
5915 2398 2382 2790 
5916 2349 2328 2763 
5917 2307 2280 2742 
5918 2623 2621 2844 
5919 2654 2652 3117 
5920 2815 2813 3276 
5921 2681 2679 3135 
5922 2752 2750 3205 
5923 2719 2717 3168 
5924 2774 2772 3223 
5925 2694 2692 3152 
5926 2735 2733 3183 
5927 1628 1626 1893 
5928 1471 1469 1667 
5929 1621 1619 1883 
5930 3085 3066 3231 
5931 1614 1612 1878 
5932 1478 1476 1625 
5933 1606 1604 1872 
5934 2123 2135 2389 
5935 1482 1480 1668 
5936 1599 1597 1867 
5937 1591 1589 1891 
5938 1490 1487 1639 
5939 1587 1585 1882 
5940 1494 1492 1669 
5941 1581 1579 1811 
5942 1574 1572 1870 
5943 1569 1567 1822 
5944 1501 1499 1659 
5945 1564 1562 1816 
5946 1559 1557 1784 
5947 1505 1503 1722 
5948 1552 1550 1803 
5949 1548 1546 1765 
5950 1513 1510 1719 
5951 1540 1538 1780 
5952 1536 1534 1755 
5953 1517 1515 1746 
5954 1529 1527 1761 
5955 1524 1522 1739 
5956 2503 2530 3034 
5957 2502 2488 3118 
5958 3037 3024 3214 
5959 3022 3008 3209 
5960 1461 1507 4416 
5961 3006 2983 3199 
5962 1445 1447 4412 
5963 2981 2975 3191 
5964 2137 2150 4408 
5965 1468 1512 4417 
5966 2973 2953 3182 
5967 2951 2940 3174 
5968 1855 1853 4530 
5969 2938 2919 3170 
5970 2917 2907 3157 
5971 2905 2888 3153 
5972 2886 2870 3141 
5973 2868 2853 3136 
5974 1483 1526 4418 
5975 2851 2827 3127 
5976 2825 2803 3115 
5977 1491 1533 4419 
5978 1447 1449 1489 
5979 2801 2782 3109 
5980 2780 2757 3098 
5981 2753 2738 3090 
5982 2736 2725 3074 
5983 2723 2698 3054 
5984 2671 2669 3035 
5985 1506 1545 4420 
5986 2667 2648 3020 
5987 2632 2630 3004 
5988 2628 2588 2989 
5989 1514 1556 4421 
5990 2465 2449 2927 
5991 2406 2404 2904 
5992 2489 2467 2937 
5993 2523 2521 2971 
5994 1530 1566 4422 
5995 2493 2491 2948 
5996 2377 2374 2885 
5997 1537 1571 4423 
5998 2372 2357 2867 
5999 1549 1583 4424 
6000 2355 2338 2857 
6001 2290 2287 2798 
6002 1560 1595 4425 
6003 2315 2313 2829 
6004 2150 2152 2155 
6005 2263 2248 2765 
6006 2285 2265 2785 
6007 2153 2151 2729 
6008 2177 2175 2744 
6009 2154 2174 2456 
6010 2149 2136 2711 
6011 2531 2504 3147 
6012 2134 2122 2690 
6013 2176 2178 4410 
6014 2487 2501 3026 
6015 2178 2246 2247 
6016 2249 2264 2500 
6017 2266 2286 4413 
6018 2286 2288 2289 
6019 2291 2312 2599 
6020 2314 2316 4414 
6021 2316 2336 2337 
6022 2339 2356 2662 
6023 2373 2375 2376 
6024 2403 2405 2703 
6025 2407 2447 2448 
6026 2466 2468 2741 
6027 2520 2522 2778 
6028 2490 2492 2495 
6029 2524 2587 2590 
6030 2629 2631 2832 
6031 2633 2647 2650 
6032 2668 2670 2876 
6033 2672 2697 2700 
6034 2724 2726 2910 
6035 2737 2739 2926 
6036 2754 2756 2936 
6037 2758 2781 2784 
6038 2802 2804 2972 
6039 2826 2828 2980 
6040 2852 2854 2999 
6041 2869 2871 3010 
6042 2887 2889 3031 
6043 2906 2908 3036 
6044 2918 2920 3051 
6045 2939 2941 3073 
6046 2952 2954 3086 
6047 2098 2096 2673 
6048 2974 2976 3096 
6049 1455 1457 1496 
6050 2982 2984 3107 
6051 2994 3614 4490 
6052 3007 3009 3110 
6053 1451 1453 1682 
6054 3122 3124 3185 
6055 2189 2191 2529 
6056 3023 3025 3116 
6057 3038 3040 3126 
6058 1459 1461 4416 
6059 1461 1463 1507 
6060 2074 2072 2645 
6061 3065 3067 3133 
6062 1465 1468 4417 
6063 1468 1470 1512 
6064 1477 1479 1519 
6065 1472 1475 1683 
6066 2193 2195 2581 
6067 1481 1483 4418 
6068 1483 1486 1526 
6069 1488 1491 4419 
6070 1491 1493 1533 
6071 2461 2485 3012 
6072 1500 1502 1542 
6073 1495 1498 1686 
6074 1504 1506 4420 
6075 1506 1509 1545 
6076 1511 1514 4421 
6077 1514 1516 1556 
6078 1518 1521 1684 
6079 1523 1525 1561 
6080 1530 1532 1566 
6081 1528 1530 4422 
6082 1535 1537 4423 
6083 1537 1539 1571 
6084 1541 1544 1685 
6085 1547 1549 4424 
6086 1549 1551 1583 
6087 1553 1555 1687 
6088 1558 1560 4425 
6089 1565 1568 1688 
6090 1560 1563 1595 
6091 1570 1573 1610 
6092 1575 1577 1689 
6093 1582 1586 1611 
6094 1588 1590 1690 
6095 1592 1594 1632 
6096 1598 1600 1691 
6097 1602 1605 1640 
6098 1607 1609 1692 
6099 1613 1615 1658 
6100 1617 1620 1708 
6101 1622 1624 1718 
6102 1627 1629 1728 
6103 2197 2199 2627 
6104 1631 1634 1733 
6105 1636 1638 1744 
6106 2201 2203 2643 
6107 2751 2771 3333 
6108 1642 1644 1748 
6109 2205 2207 2666 
6110 2734 2749 3245 
6111 2718 2732 3225 
6112 2693 2716 3201 
6113 2680 2691 3176 
6114 2209 2211 2689 
6115 2653 2678 3156 
6116 2622 2651 2860 
6117 2543 2618 2855 
6118 2213 2215 2712 
6119 2514 2539 3077 
6120 2474 2512 2831 
6121 2453 2470 3011 
6122 2401 2451 2799 
6123 2381 2397 2950 
6124 2352 2379 2770 
6125 2327 2342 2895 
6126 2219 2230 2685 
6127 2310 2325 2743 
6128 2232 2234 2764 
6129 2279 2295 2834 
6130 2261 2277 2720 
6131 1646 1699 1756 
6132 1701 1703 1760 
6133 2573 2533 3173 
6134 644 642 4447 
6135 632 630 4448 
6136 620 618 4449 
6137 2425 2459 3005 
6138 1715 1717 1764 
6139 608 606 4450 
6140 1724 1726 1770 
6141 1728 3174 5491 
6142 1951 1953 2838 
6143 2410 2423 2996 
6144 1732 1826 1827 
6145 4650 2140 4651 
6146 2387 2408 2979 
6147 2059 1943 2635 
6148 1830 1832 2117 
6149 2368 2385 2977 
6150 1957 1959 2305 
6151 2346 2366 2969 
6152 398 90 4140 
6153 377 55 4142 
6154 396 85 4141 
6155 379 65 4144 
6156 381 75 4143 
6157 393 80 4145 
6158 390 60 4146 
6159 389 70 4147 
6160 2331 2344 2949 
6161 2319 2329 2942 
6162 2300 2317 2930 
6163 2274 2298 2912 
6164 2252 2272 2909 
6165 1961 1963 2321 
6166 2243 2250 2892 
6167 2225 2227 2883 
6168 2179 2181 2865 
6169 1965 1967 2333 
6170 2166 2168 2856 
6171 1969 1971 2091 
6172 2156 2158 2835 
6173 2141 2143 2819 
6174 2130 2132 2800 
6175 2124 2126 2789 
6176 1975 1978 2115 
6177 2107 2109 2769 
6178 2084 2100 2455 
6179 2065 2080 2418 
6180 2061 2063 2722 
6181 2052 2054 2702 
6182 1982 1984 2395 
6183 2044 2047 2363 
6184 2038 2040 2340 
6185 2034 2036 2641 
6186 1987 1989 2417 
6187 2028 2030 2636 
6188 2021 2024 2294 
6189 1991 1994 2160 
6190 2014 2017 2267 
6191 2010 2012 2510 
6192 2006 2008 2496 
6193 1998 2001 2172 
6194 2613 2575 3207 
6195 1834 1836 2129 
6196 3138 3143 3146 
6197 3079 3081 3084 
6198 3018 3044 3045 
6199 1838 1840 2140 
6200 1842 1844 2147 
6201 2626 2625 2746 
6202 2638 2615 3232 
6203 1846 1848 2165 
6204 3593 3592 4732 
6205 2421 2875 3002 
6206 1851 1849 4535 
6207 2657 2640 3312 
6208 395 20 4247 
6209 1850 1852 2170 
6210 2747 2746 2943 
6211 4097 4098 4732 
6212 1737 1927 2281 
6213 2707 2268 2822 
6214 2950 4197 5610 
6215 922 598 4163 
6216 892 660 4161 
6217 883 678 4160 
6218 879 688 4159 
6219 862 708 4156 
6220 866 698 4157 
6221 859 718 4155 
6222 854 728 4158 
6223 845 748 4162 
6224 4334 941 4335 
6225 1847 1845 4537 
6226 3060 3058 3061 
6227 1854 1856 2220 
6228 1923 1922 2431 
6229 4342 1409 4343 
6230 2359 2360 2820 
6231 1681 1680 4696 
6232 1843 1841 4541 
6233 2978 813 4451 
6234 1862 1864 2161 
6235 4331 1404 4332 
6236 1858 1860 2237 
6237 544 546 965 
6238 4339 944 4340 
6239 1839 1837 4543 
6240 4348 1411 4349 
6241 813 814 4451 
6242 1835 1833 4547 
6243 1431 1433 4544 
6244 364 365 445 
6245 334 335 442 
6246 2073 2075 4546 
6247 1972 1970 4555 
6248 1983 1981 4556 
6249 1995 1992 4557 
6250 2007 2004 4558 
6251 2018 2015 4559 
6252 2081 2066 4560 
6253 2108 2103 4561 
6254 2125 2110 4562 
6255 2131 2127 4563 
6256 1240 1229 4715 
6257 2388 2386 4566 
6258 1256 1257 4529 
6259 196 197 4466 
6260 2095 2097 4565 
6261 1444 1442 4567 
6262 1440 1438 4564 
6263 1437 1439 4548 
6264 1448 1446 4568 
6265 1452 1450 4569 
6266 1456 1454 4570 
6267 2196 2194 4574 
6268 2192 2190 4573 
6269 1460 1458 4572 
6270 2200 2198 4575 
6271 2204 2202 4577 
6272 2208 2206 4578 
6273 2218 2216 4580 
6274 2260 2258 4584 
6275 2351 2349 4582 
6276 2309 2307 4583 
6277 2400 2398 4581 
6278 2542 2540 4579 
6279 1464 1462 4576 
6280 1589 1587 4587 
6281 1585 1581 4588 
6282 1567 1564 4589 
6283 2121 2123 4585 
6284 94 95 4476 
6285 247 248 4478 
6286 252 253 4481 
6287 282 283 4482 
6288 277 278 4479 
6289 267 268 4480 
6290 262 263 4484 
6291 257 258 4483 
6292 272 273 4485 
6293 287 288 4487 
6294 292 293 4488 
6295 1866 1940 2359 
6296 2446 2406 4591 
6297 2402 2377 4592 
6298 2335 2315 4594 
6299 2311 2290 4593 
6300 2245 2177 4595 
6301 297 298 4489 
6302 2173 2153 4596 
6303 2135 2137 4590 
6304 2467 2465 4598 
6305 2491 2489 4599 
6306 2374 2372 4601 
6307 2357 2355 4600 
6308 335 336 4395 
6309 2287 2285 4603 
6310 2265 2263 4602 
6311 1443 1445 4586 
6312 2152 2154 4604 
6313 2151 2149 4607 
6314 302 303 4491 
6315 2136 2134 4608 
6316 2174 2176 4609 
6317 2120 2098 4605 
6318 2246 2249 4611 
6319 2264 2266 4612 
6320 2288 2291 4613 
6321 2312 2314 4614 
6322 2336 2339 4615 
6323 2726 2737 4616 
6324 2739 2754 4617 
6325 2756 2758 4618 
6326 2804 2826 4619 
6327 2828 2852 4620 
6328 2854 2869 4621 
6329 2928 2283 2929 
6330 1449 1451 4610 
6331 1453 1455 4622 
6332 1457 1459 4623 
6333 1463 1465 4624 
6334 1470 1472 4625 
6335 1475 1477 4626 
6336 1479 1481 4628 
6337 1486 1488 4629 
6338 1493 1495 4630 
6339 1498 1500 4631 
6340 1502 1504 4632 
6341 1509 1511 4633 
6342 1516 1518 4634 
6343 1521 1523 4635 
6344 1525 1528 4636 
6345 363 364 4394 
6346 2199 2201 4637 
6347 2203 2205 4638 
6348 2207 2209 4639 
6349 2512 2514 4641 
6350 2211 2213 4640 
6351 2379 2381 4642 
6352 2325 2327 4643 
6353 2230 2232 4644 
6354 2277 2279 4645 
6355 993 995 997 
6356 305 306 4498 
6357 2385 2387 4646 
6358 336 337 515 
6359 362 363 4429 
6360 1707 1792 1793 
6361 1959 1961 4670 
6362 3056 3055 3180 
6363 4387 2945 4818 
6364 361 362 436 
6365 2797 3983 5190 
6366 359 360 516 
6367 358 359 4430 
6368 357 358 434 
6369 337 338 4432 
6370 2146 3952 5126 
6371 3325 3322 3328 
6372 356 357 4431 
6373 3330 3204 5192 
6374 877 875 4458 
6375 355 356 518 
6376 2436 2437 2438 
6377 338 339 417 
6378 353 354 391 
6379 339 340 4433 
6380 340 341 517 
6381 351 352 519 
6382 348 349 369 
6383 1813 1743 1814 
6384 347 348 4434 
6385 346 347 520 
6386 343 344 392 
6387 344 345 4435 
6388 1887 1889 4464 
6389 2362 2963 2964 
6390 1919 1921 4472 
6391 1237 1239 4486 
6392 815 810 4460 
6393 1945 1888 4475 
6394 3163 3164 3165 
6395 1913 1915 4493 
6396 3062 3061 3105 
6397 795 797 4468 
6398 1231 1233 4534 
6399 2964 2966 3148 
6400 1333 986 1334 
6401 988 989 1324 
6402 899 865 4465 
6403 549 897 4374 
6404 967 968 988 
6405 2788 1238 4381 
6406 587 589 4503 
6407 965 966 967 
6408 1219 1221 4504 
6409 1139 1141 4505 
6410 1145 1147 4506 
6411 1159 1161 4507 
6412 1165 1167 4508 
6413 1179 1181 4509 
6414 1185 1187 4510 
6415 1199 1201 4511 
6416 1125 1127 4512 
6417 1119 1121 4513 
6418 1205 1207 4514 
6419 2545 2555 4495 
6420 3576 5090 5099 
6421 3910 1722 5247 
6422 2625 2444 4452 
6423 958 969 970 
6424 3314 2792 4698 
6425 4534 2805 4715 
6426 4868 4548 4886 
6427 3704 3706 4516 
6428 524 330 4388 
6429 2962 2965 3149 
6430 2501 2503 4428 
6431 2444 2443 4452 
6432 1296 1293 4536 
6433 2965 2361 4453 
6434 917 928 929 
6435 2057 2341 2583 
6436 2435 2432 2457 
6437 904 887 1660 
6438 932 920 934 
6439 4398 1430 4703 
6440 864 888 939 
6441 1876 2302 4490 
6442 1892 2391 2392 
6443 2443 2497 2932 
6444 1326 1776 1777 
6445 893 869 3893 
6446 2443 2440 2497 
6447 819 824 1661 
6448 982 1306 1788 
6449 2767 3094 3095 
6450 832 841 842 
6451 1411 558 4346 
6452 2746 2625 2935 
6453 3519 393 3521 
6454 3449 398 3451 
6455 3459 381 3461 
6456 3486 396 3488 
6457 3473 379 3474 
6458 3499 377 3500 
6459 3464 390 3465 
6460 3528 389 3529 
6461 809 813 926 
6462 2223 1804 2224 
6463 800 804 1662 
6464 2139 2476 2477 
6465 868 857 880 
6466 2508 2527 3360 
6467 477 96 4065 
6468 3105 3061 3172 
6469 964 978 979 
6470 952 956 1697 
6471 1947 2235 2787 
6472 846 835 1696 
6473 4262 4254 4263 
6474 4354 3799 4356 
6475 2303 2997 2998 
6476 2994 3244 3614 
6477 2433 2435 2436 
6478 937 943 961 
6479 1291 1340 1341 
6480 3150 2601 3151 
6481 915 923 960 
6482 947 562 4347 
6483 2563 2087 3911 
6484 2806 4536 4716 
6485 1797 1881 1929 
6486 1672 1670 2593 
6487 1331 1767 1794 
6488 1957 2305 4684 
6489 1265 1933 2464 
6490 1694 1674 1695 
6491 1217 1355 4361 
6492 1177 1348 4359 
6493 1197 1347 4360 
6494 2777 2848 3851 
6495 2859 3247 3848 
6496 3715 3703 4167 
6497 3674 3624 4169 
6498 1885 1789 3368 
6499 3643 3684 4088 
6500 1406 574 4338 
6501 3639 3685 4373 
6502 3798 901 4471 
6503 3807 906 4470 
6504 3845 922 3847 
6505 3820 910 4469 
6506 3840 912 4467 
6507 1274 1232 4336 
6508 3791 892 3792 
6509 3779 879 3780 
6510 3785 883 3786 
6511 3746 862 3747 
6512 3761 866 3762 
6513 3730 859 3731 
6514 3797 901 3798 
6515 3806 906 3807 
6516 3695 854 3696 
6517 3819 910 3820 
6518 3839 912 3840 
6519 3616 845 3617 
6520 1378 594 4151 
6521 3171 2428 4376 
6522 938 586 4330 
6523 2428 1930 4376 
6524 1918 2262 2576 
6525 912 610 4467 
6526 1651 1248 4165 
6527 910 622 4469 
6528 906 634 4470 
6529 901 646 4471 
6530 1388 674 4291 
6531 3032 2364 3033 
6532 1246 1343 3862 
6533 1398 1134 4321 
6534 2525 2078 2663 
6535 2740 2306 4542 
6536 2163 1894 2792 
6537 3544 395 3545 
6538 2238 2505 2506 
6539 4257 4255 4262 
6540 2562 3211 3212 
6541 1905 1907 1909 
6542 1236 1342 1897 
6543 592 1749 2577 
6544 3184 2483 3192 
6545 1243 3605 3606 
6546 1269 3596 3597 
6547 1264 3593 3594 
6548 1260 3588 3589 
6549 1259 3583 3584 
6550 1255 3578 3579 
6551 1254 3563 3564 
6552 1250 3568 3569 
6553 1271 3599 3600 
6554 1275 3602 3603 
6555 1245 3573 3575 
6556 1655 1653 1821 
6557 1741 1657 1742 
6558 1002 1720 1721 
6559 1417 1415 1704 
6560 4278 3808 4281 
6561 967 988 1318 
6562 2932 2497 2933 
6563 399 3483 3484 
6564 397 3516 3517 
6565 380 3509 3510 
6566 383 3456 3457 
6567 394 3453 3454 
6568 378 3470 3471 
6569 387 3491 3493 
6570 376 3495 3497 
6571 385 3512 3514 
6572 374 3524 3526 
6573 1710 1650 2254 
6574 382 3505 3507 
6575 3957 3530 3960 
6576 3969 3475 3972 
6577 3963 3466 3966 
6578 3942 3501 3945 
6579 371 3479 3481 
6580 372 4903 4919 
6581 1966 4877 4898 
6582 1800 1311 2255 
6583 1827 2566 4597 
6584 443 3537 3539 
6585 1409 566 4386 
6586 2567 2106 2585 
6587 1012 1010 4539 
6588 1793 2240 2241 
6589 2665 4872 4894 
6590 4695 2596 4729 
6591 3092 2929 3241 
6592 941 578 4385 
6593 512 13 4106 
6594 2241 2872 2874 
6595 2442 2437 3000 
6596 3933 4695 4729 
6597 1324 4795 4806 
6598 440 11 4150 
6599 1335 1334 1336 
6600 3907 902 4462 
6601 536 538 4440 
6602 2498 1863 4473 
6603 489 4030 4031 
6604 970 1309 1310 
6605 3058 3056 4443 
6606 331 451 4388 
6607 1367 687 4726 
6608 4059 431 4060 
6609 2583 2960 2961 
6610 1951 2838 4704 
6611 2392 2898 2899 
6612 3312 2640 4707 
6613 1823 536 4440 
6614 1777 1778 2067 
6615 3274 450 5243 
6616 2706 2705 3237 
6617 1310 1735 1736 
6618 4327 4326 4835 
6619 494 4482 4519 
6620 491 4487 4520 
6621 499 4488 4521 
6622 939 1925 2721 
6623 501 4489 4522 
6624 3883 494 4519 
6625 3885 491 4520 
6626 3887 499 4521 
6627 3908 853 4692 
6628 3001 3000 3251 
6629 492 4491 4525 
6630 3889 501 4522 
6631 979 980 1313 
6632 2477 2478 3129 
6633 842 1926 2118 
6634 933 948 4730 
6635 1929 1930 2428 
6636 3252 3151 3253 
6637 4152 1000 4690 
6638 1737 2281 4711 
6639 689 830 4726 
6640 2607 2224 2608 
6641 926 2978 3186 
6642 2118 2119 2516 
6643 3892 492 4525 
6644 1794 1795 2222 
6645 2516 2849 3131 
6646 3254 3253 3255 
6647 2845 2846 2897 
6648 2935 2625 4452 
6649 1421 880 1422 
6650 3056 3180 4443 
6651 3304 4740 4744 
6652 1341 1750 1751 
6653 1928 2076 2077 
6654 2464 3188 3189 
6655 1751 2112 2114 
6656 1801 1695 1802 
6657 2413 2414 2415 
6658 2484 1859 4528 
6659 2576 2901 2903 
6660 2745 3171 3262 
6661 2506 3226 3307 
6662 1423 1422 1424 
6663 1752 1742 1753 
6664 1923 2432 2433 
6665 4264 4263 4265 
6666 1425 1424 1426 
6667 1897 1898 1899 
6668 1427 1426 1428 
6669 1909 1910 1911 
6670 2577 2578 2579 
6671 2748 2254 2775 
6672 3476 3474 3477 
6673 3467 3465 3468 
6674 3502 3500 3503 
6675 2092 1753 2093 
6676 4403 2446 4591 
6677 4404 2402 4592 
6678 4405 2335 4594 
6679 4406 2311 4593 
6680 4407 2245 4595 
6681 4409 2173 4596 
6682 3087 2384 3088 
6683 4411 2120 4605 
6684 3841 3840 3842 
6685 1782 1704 1783 
6686 3821 3820 3822 
6687 3809 3807 3810 
6688 3800 3798 3801 
6689 3794 3792 3795 
6690 3788 3786 3789 
6691 3782 3780 3783 
6692 3748 3747 3749 
6693 3763 3762 3764 
6694 3732 3731 3733 
6695 3697 3696 3698 
6696 3618 3617 3619 
6697 1899 1900 1901 
6698 1911 2322 2323 
6699 3938 3937 4751 
6700 2354 2255 2779 
6701 3264 3265 3266 
6702 1901 1902 1903 
6703 538 1321 4440 
6704 2348 2715 2915 
6705 3003 2585 3160 
6706 4335 4385 4445 
6707 2183 1783 2185 
6708 4124 3783 4125 
6709 1736 2057 4538 
6710 2383 2297 2384 
6711 2438 2437 2442 
6712 1721 1922 1923 
6713 2818 3014 3015 
6714 1825 2306 2348 
6715 2436 2435 2437 
6716 1954 1955 1956 
6717 2458 1855 4530 
6718 2164 2791 4439 
6719 2359 1940 2360 
6720 3933 1279 4695 
6721 3803 4279 4935 
6722 1827 1826 1828 
6723 2838 1953 2839 
6724 2966 2963 3169 
6725 3828 3827 3829 
6726 4730 2822 4733 
6727 2281 1927 2282 
6728 4343 4386 4454 
6729 2296 4840 4856 
6730 1328 3223 5049 
6731 2964 2963 2966 
6732 4482 3497 4519 
6733 4487 3514 4520 
6734 4488 3526 4521 
6735 4489 3507 4522 
6736 2427 1851 4535 
6737 2360 1940 2361 
6738 4491 3481 4525 
6739 1923 2431 2432 
6740 4067 1818 4702 
6741 2078 1802 4672 
6742 2416 1847 4537 
6743 3061 3058 4443 
6744 2443 2932 4452 
6745 2362 2361 2962 
6746 965 967 4681 
6747 1348 4509 4549 
6748 1347 4511 4551 
6749 1355 4504 4553 
6750 2390 1843 4541 
6751 2106 1828 4680 
6752 1433 4396 4544 
6753 2371 1839 4543 
6754 2076 1738 4538 
6755 1663 1436 4545 
6756 2145 2029 4571 
6757 2075 2343 4546 
6758 2353 1835 4547 
6759 1439 4400 4548 
6760 1584 1440 4564 
6761 4345 999 4517 
6762 2000 1972 4555 
6763 2016 1983 4556 
6764 2033 1995 4557 
6765 2051 2007 4558 
6766 2090 2018 4559 
6767 2365 2081 4560 
6768 2445 2108 4561 
6769 2481 2125 4562 
6770 2507 2131 4563 
6771 1434 1578 4545 
6772 2990 2388 4566 
6773 2097 4399 4565 
6774 1596 1448 4568 
6775 1664 1444 4567 
6776 1665 1452 4569 
6777 1603 1456 4570 
6778 2642 2192 4573 
6779 2027 2069 4571 
6780 1666 1460 4572 
6781 2664 2196 4574 
6782 1618 1464 4576 
6783 2684 2200 4575 
6784 2701 2204 4577 
6785 2727 2208 4578 
6786 2761 2218 4580 
6787 3076 2542 4579 
6788 2970 2400 4581 
6789 2925 2351 4582 
6790 2816 2260 4584 
6791 2878 2309 4583 
6792 2123 2389 4585 
6793 2433 2432 2435 
6794 1891 1589 4587 
6795 1882 1585 4588 
6796 1822 1567 4589 
6797 1445 4412 4586 
6798 3007 3110 4627 
6799 2137 4408 4590 
6800 2503 3034 4428 
6801 2937 2467 4598 
6802 2948 2491 4599 
6803 2885 2374 4601 
6804 2867 2357 4600 
6805 2798 2287 4603 
6806 2785 2265 4602 
6807 2729 2151 4607 
6808 2154 2456 4604 
6809 2711 2136 4608 
6810 2176 4410 4609 
6811 2249 2500 4611 
6812 2266 4413 4612 
6813 1451 1682 4610 
6814 2291 2599 4613 
6815 2314 4414 4614 
6816 2339 2662 4615 
6817 2737 2926 4616 
6818 2754 2936 4617 
6819 2758 2784 4618 
6820 2826 2980 4619 
6821 2852 2999 4620 
6822 2869 3010 4621 
6823 1455 1496 4622 
6824 1471 1667 4606 
6825 5440 4617 5462 
6826 1459 4416 4623 
6827 1465 4417 4624 
6828 1472 1683 4625 
6829 1477 1519 4626 
6830 1481 4418 4628 
6831 1488 4419 4629 
6832 1495 1686 4630 
6833 1500 1542 4631 
6834 1504 4420 4632 
6835 1511 4421 4633 
6836 1518 1684 4634 
6837 1523 1561 4635 
6838 1528 4422 4636 
6839 4343 1409 4386 
6840 4209 1373 4700 
6841 4509 3579 4549 
6842 4511 3569 4551 
6843 2201 2643 4637 
6844 2205 2666 4638 
6845 2209 2689 4639 
6846 2213 2712 4640 
6847 2514 3077 4641 
6848 2381 2950 4642 
6849 2327 2895 4643 
6850 2232 2764 4644 
6851 2279 2834 4645 
6852 2368 2977 4648 
6853 4504 3606 4553 
6854 2346 2969 4649 
6855 2331 2949 4652 
6856 1834 2129 4647 
6857 2319 2942 4653 
6858 2300 2930 4654 
6859 2274 2912 4655 
6860 2252 2909 4656 
6861 2243 2892 4657 
6862 1965 2333 4658 
6863 2225 2883 4659 
6864 2179 2865 4660 
6865 1969 2091 4661 
6866 2166 2856 4662 
6867 2156 2835 4663 
6868 2141 2819 4664 
6869 1987 2417 4665 
6870 2038 2340 4666 
6871 1991 2160 4667 
6872 2014 2267 4668 
6873 2010 2510 4669 
6874 3107 2984 4627 
6875 1838 2140 4650 
6876 2387 2979 4646 
6877 2934 2497 4497 
6878 1961 2321 4670 
6879 2442 3000 3001 
6880 4340 944 4341 
6881 2117 1832 4647 
6882 2969 2366 4648 
6883 4273 4270 4353 
6884 2949 2344 4649 
6885 2942 2329 4652 
6886 2930 2317 4653 
6887 2912 2298 4654 
6888 2909 2272 4655 
6889 2892 2250 4656 
6890 2321 1963 4658 
6891 2883 2227 4657 
6892 2865 2181 4659 
6893 2129 1836 4650 
6894 2856 2168 4660 
6895 2333 1967 4661 
6896 2835 2158 4662 
6897 2819 2143 4663 
6898 2800 2132 4664 
6899 2395 1984 4665 
6900 2641 2036 4666 
6901 2417 1989 4667 
6902 2510 2012 4668 
6903 2496 2008 4669 
6904 4335 941 4385 
6905 442 335 4395 
6906 364 445 4394 
6907 1866 1865 1939 
6908 4332 1404 4333 
6909 1743 1335 4456 
6910 542 544 4710 
6911 2440 2438 4497 
6912 506 4017 4699 
6913 3210 1662 5220 
6914 336 515 4395 
6915 2119 1926 4731 
6916 363 4394 4429 
6917 4588 5231 5250 
6918 3545 395 4247 
6919 2362 2962 2963 
6920 1794 2222 2597 
6921 507 22 4745 
6922 1937 4393 4672 
6923 2360 2361 2362 
6924 3223 1328 5062 
6925 436 362 4429 
6926 2161 1864 4671 
6927 1929 2428 2591 
6928 2477 3129 3130 
6929 1777 2067 2594 
6930 2057 2583 4538 
6931 1866 1939 1940 
6932 515 337 4432 
6933 979 1313 2595 
6934 3451 398 4140 
6935 3500 377 4142 
6936 3474 379 4144 
6937 3465 390 4146 
6938 3461 381 4143 
6939 3529 389 4147 
6940 3488 396 4141 
6941 3521 393 4145 
6942 3847 922 4163 
6943 3255 3253 3256 
6944 359 516 4430 
6945 3792 892 4161 
6946 3786 883 4160 
6947 3780 879 4159 
6948 3762 866 4157 
6949 3747 862 4156 
6950 3731 859 4155 
6951 3696 854 4158 
6952 3617 845 4162 
6953 4376 1932 4689 
6954 945 958 4457 
6955 434 358 4430 
6956 1864 1863 1865 
6957 1336 1334 2268 
6958 1793 2241 2536 
6959 939 2721 2808 
6960 357 434 4431 
6961 2709 2710 2959 
6962 2779 2255 2806 
6963 926 3186 3187 
6964 2118 2516 2517 
6965 518 356 4431 
6966 3843 3840 4467 
6967 3823 3820 4469 
6968 3811 3807 4470 
6969 3802 3798 4471 
6970 338 417 4432 
6971 3241 2929 3242 
6972 1778 1892 4459 
6973 1424 1422 1934 
6974 902 917 4462 
6975 2093 1753 2296 
6976 1428 1426 1430 
6977 1830 2117 4680 
6978 1866 2359 4671 
6979 1310 1736 1737 
6980 920 904 4463 
6981 1335 1336 4456 
6982 2384 2297 2665 
6983 1035 1037 4724 
6984 2464 3189 3190 
6985 417 339 4433 
6986 1802 1695 1936 
6987 1928 2077 2412 
6988 1341 1751 2596 
6989 2688 2708 2709 
6990 1336 2268 2705 
6991 2283 1813 4686 
6992 2608 2224 2610 
6993 340 517 4433 
6994 1862 1861 1863 
6995 2413 2415 2421 
6996 980 982 4461 
6997 1247 1249 4701 
6998 1897 1899 2805 
6999 2185 1783 2186 
7000 3842 3840 3843 
7001 2594 2067 2845 
7002 3822 3820 3823 
7003 3810 3807 3811 
7004 2348 2915 2916 
7005 3801 3798 3802 
7006 4265 4263 4266 
7007 1901 1903 1951 
7008 4125 3783 4126 
7009 3130 3129 3240 
7010 1911 2323 2605 
7011 1828 1826 1829 
7012 2591 2428 2745 
7013 986 976 4687 
7014 2595 1313 3233 
7015 1000 1707 4690 
7016 348 369 4434 
7017 520 347 4434 
7018 2597 2222 2598 
7019 1954 1956 1957 
7020 392 344 4435 
7021 2818 3015 3016 
7022 824 832 4494 
7023 3172 3061 4443 
7024 1737 1736 1738 
7025 857 846 4492 
7026 1860 1859 1861 
7027 2808 2721 3100 
7028 3255 3256 3257 
7029 2686 2687 2688 
7030 1138 1136 4712 
7031 1795 1797 4685 
7032 2597 2598 2811 
7033 943 952 4499 
7034 1306 1326 4688 
7035 2591 2745 3271 
7036 2663 2078 4672 
7037 1932 2139 4689 
7038 2112 2303 4474 
7039 2235 2508 4501 
7040 967 1318 4681 
7041 1864 1865 1866 
7042 2412 2077 2413 
7043 2221 2064 4705 
7044 1858 1857 1859 
7045 1670 1427 4477 
7046 956 964 4691 
7047 5107 4265 5140 
7048 2421 2415 2422 
7049 2595 3233 3234 
7050 2594 2845 3154 
7051 2676 2677 2686 
7052 999 1331 4517 
7053 853 864 4692 
7054 1428 1430 1431 
7055 2811 2598 3291 
7056 1856 1855 1857 
7057 1927 1738 1928 
7058 2364 2092 4496 
7059 2705 2268 2707 
7060 3257 3256 3258 
7061 804 809 4693 
7062 2674 2675 2676 
7063 1854 1853 1855 
7064 2067 1778 4459 
7065 2608 2610 2611 
7066 2093 2296 2297 
7067 2709 2708 2710 
7068 1862 1863 1864 
7069 2779 2806 3315 
7070 1802 1936 1937 
7071 3257 3258 3259 
7072 1431 1430 1432 
7073 3259 3258 3264 
7074 2658 2659 2674 
7075 2438 2442 4497 
7076 1902 1905 4500 
7077 1852 1851 1853 
7078 1431 1432 1433 
7079 2656 2657 2658 
7080 2322 2562 4502 
7081 1433 1432 1434 
7082 1737 1738 1927 
7083 2585 2106 4680 
7084 1850 1849 1851 
7085 1433 1434 1435 
7086 1435 1434 1436 
7087 2483 2183 4515 
7088 2688 2687 2708 
7089 1313 980 4461 
7090 1848 1847 1849 
7091 2605 2323 2606 
7092 1951 1903 1952 
7093 2185 2186 2187 
7094 2639 2640 2656 
7095 1435 1436 1437 
7096 1437 1436 1438 
7097 1937 1941 1942 
7098 3016 3015 3017 
7099 1957 1956 1958 
7100 1942 1943 1944 
7101 1846 1845 1847 
7102 3822 3823 3825 
7103 3810 3811 3812 
7104 3801 3802 3803 
7105 1860 1861 1862 
7106 4125 4126 4127 
7107 2637 2638 2639 
7108 1657 1655 4523 
7109 2493 2948 4540 
7110 1828 1829 1830 
7111 1944 2059 2060 
7112 1437 1438 1439 
7113 2421 2422 2875 
7114 1937 1936 1941 
7115 1439 1438 1440 
7116 2060 2070 2071 
7117 2614 2615 2637 
7118 1279 1291 4695 
7119 1844 1843 1845 
7120 1942 1941 1943 
7121 1858 1859 1860 
7122 1944 1943 2059 
7123 2071 2072 2073 
7124 2612 2613 2614 
7125 1441 1440 1442 
7126 1439 1440 1441 
7127 1856 1857 1858 
7128 1842 1841 1843 
7129 1674 1672 4694 
7130 1854 1855 1856 
7131 2060 2059 2070 
7132 2071 2070 2072 
7133 2073 2074 2075 
7134 2114 2112 4474 
7135 1840 1839 1841 
7136 1443 1442 1444 
7137 1653 1651 4524 
7138 1441 1442 1443 
7139 1838 1837 1839 
7140 2073 2072 2074 
7141 1830 1829 1831 
7142 2574 2575 2612 
7143 2611 2610 3304 
7144 1445 1444 1446 
7145 2187 2186 2188 
7146 1852 1853 1854 
7147 2075 2094 2095 
7148 1443 1444 1445 
7149 1836 1835 1837 
7150 2075 2074 2094 
7151 2572 2573 2574 
7152 1447 1446 1448 
7153 1834 1833 1835 
7154 2532 2533 2572 
7155 1445 1446 1447 
7156 1832 1831 1833 
7157 2095 2096 2097 
7158 2095 2094 2096 
7159 1449 1448 1450 
7160 2530 2531 2532 
7161 1848 1849 1850 
7162 1850 1851 1852 
7163 2097 2098 2099 
7164 1846 1847 1848 
7165 2676 2675 2677 
7166 1447 1448 1449 
7167 2658 2657 2659 
7168 1451 1450 1452 
7169 2099 2120 2121 
7170 2097 2096 2098 
7171 2817 2606 2818 
7172 2099 2098 2120 
7173 2614 2613 2615 
7174 1953 1952 1954 
7175 1732 1731 1825 
7176 1844 1845 1846 
7177 1804 1681 4696 
7178 1453 1452 1454 
7179 1951 1952 1953 
7180 3018 3017 3043 
7181 2686 2677 2687 
7182 1449 1450 1451 
7183 2503 2504 2530 
7184 1959 1958 1960 
7185 2189 2188 2190 
7186 2822 2268 4687 
7187 1726 1725 1731 
7188 2187 2188 2189 
7189 2121 2122 2123 
7190 2674 2659 2675 
7191 2121 2120 2122 
7192 1724 1723 1725 
7193 1455 1454 1456 
7194 2532 2531 2533 
7195 3124 3123 3125 
7196 2637 2615 2638 
7197 3044 3043 3046 
7198 2501 2502 2503 
7199 2612 2575 2613 
7200 1717 1716 1723 
7201 2639 2638 2640 
7202 1451 1452 1453 
7203 3047 3046 3078 
7204 2123 2134 2135 
7205 1957 1958 1959 
7206 3122 3121 3123 
7207 3079 3078 3080 
7208 3081 3080 3082 
7209 2605 2606 2817 
7210 1457 1456 1458 
7211 3083 3082 3111 
7212 3112 3111 3113 
7213 2487 2486 2488 
7214 1840 1841 1842 
7215 2656 2640 2657 
7216 3114 3113 3137 
7217 2572 2533 2573 
7218 3138 3137 3142 
7219 3143 3142 3144 
7220 3145 3144 3166 
7221 2530 2504 2531 
7222 3167 3166 3219 
7223 2123 2122 2134 
7224 3220 3219 3221 
7225 1961 1960 1962 
7226 1842 1843 1844 
7227 1415 1274 4527 
7228 1838 1839 1840 
7229 2574 2573 2575 
7230 2191 2190 2192 
7231 2222 1795 4685 
7232 2485 2462 2486 
7233 2501 2488 2502 
7234 3120 3104 3121 
7235 1715 1714 1716 
7236 1963 1962 1964 
7237 2135 2134 2136 
7238 2425 2424 2426 
7239 2503 2502 2504 
7240 2487 2488 2501 
7241 1830 1831 1832 
7242 1965 1964 1966 
7243 2387 2386 2388 
7244 2459 2426 2460 
7245 3103 3102 3104 
7246 2423 2411 2424 
7247 1459 1458 1460 
7248 1967 1966 1968 
7249 2461 2460 2462 
7250 1969 1968 1970 
7251 2408 2388 2409 
7252 2385 2369 2386 
7253 1971 1970 1972 
7254 2410 2409 2411 
7255 2346 2345 2347 
7256 2344 2332 2345 
7257 2366 2347 2367 
7258 1973 1972 1974 
7259 2319 2318 2320 
7260 1975 1974 1976 
7261 2317 2301 2318 
7262 2329 2320 2330 
7263 1978 1976 1979 
7264 2227 2226 2228 
7265 2274 2273 2275 
7266 2272 2253 2273 
7267 2243 2228 2244 
7268 2181 2180 2182 
7269 2368 2367 2369 
7270 2179 2169 2180 
7271 2298 2275 2299 
7272 1453 1454 1455 
7273 2225 2182 2226 
7274 2168 2167 2169 
7275 2250 2244 2251 
7276 1980 1979 1981 
7277 2331 2330 2332 
7278 2166 2159 2167 
7279 1703 1702 1714 
7280 2158 2157 2159 
7281 2252 2251 2253 
7282 2300 2299 2301 
7283 1982 1981 1983 
7284 2156 2144 2157 
7285 1984 1983 1985 
7286 2135 2136 2137 
7287 2143 2142 2144 
7288 1987 1985 1988 
7289 1989 1988 1990 
7290 2044 2043 2045 
7291 2047 2045 2048 
7292 2042 2041 2043 
7293 2049 2048 2050 
7294 2040 2039 2041 
7295 1991 1990 1992 
7296 2038 2037 2039 
7297 2052 2050 2053 
7298 2036 2035 2037 
7299 2030 2029 2031 
7300 2034 2031 2035 
7301 2028 2027 2029 
7302 2026 2025 2027 
7303 1994 1992 1995 
7304 2132 2131 2133 
7305 2024 2022 2025 
7306 2130 2127 2131 
7307 2021 2020 2022 
7308 2054 2053 2055 
7309 2141 2133 2142 
7310 1996 1995 1997 
7311 2019 2018 2020 
7312 2017 2015 2018 
7313 1998 1997 1999 
7314 2014 2013 2015 
7315 2126 2125 2127 
7316 2001 1999 2002 
7317 2003 2002 2004 
7318 2012 2011 2013 
7319 2006 2004 2007 
7320 2061 2055 2062 
7321 2008 2007 2009 
7322 2010 2009 2011 
7323 2063 2062 2064 
7324 2065 2064 2066 
7325 2124 2110 2125 
7326 2109 2108 2110 
7327 2107 2103 2108 
7328 2080 2066 2081 
7329 2102 2101 2103 
7330 2082 2081 2083 
7331 2084 2083 2085 
7332 2100 2085 2101 
7333 3101 3071 3102 
7334 1836 1837 1838 
7335 1701 1700 1702 
7336 3124 3125 3196 
7337 2485 2486 2487 
7338 2193 2192 2194 
7339 1461 1460 1462 
7340 3070 3069 3071 
7341 1699 1698 1700 
7342 3016 3017 3018 
7343 2137 2136 2149 
7344 3068 3030 3069 
7345 3122 3123 3124 
7346 1463 1462 1464 
7347 1646 1645 1698 
7348 3029 3028 3030 
7349 2137 2149 2150 
7350 1644 1643 1645 
7351 2195 2194 2196 
7352 3067 3066 3085 
7353 3027 2988 3028 
7354 2150 2149 2151 
7355 1455 1456 1457 
7356 1832 1833 1834 
7357 3120 3121 3122 
7358 1465 1464 1467 
7359 2189 2190 2191 
7360 2987 2986 2988 
7361 1642 1641 1643 
7362 2985 2958 2986 
7363 1468 1467 1469 
7364 2150 2151 2152 
7365 2957 2956 2958 
7366 1638 1637 1641 
7367 2197 2196 2198 
7368 1834 1835 1836 
7369 2152 2151 2153 
7370 1636 1635 1637 
7371 2955 2924 2956 
7372 3065 3064 3066 
7373 3103 3104 3120 
7374 2923 2922 2924 
7375 1470 1469 1471 
7376 1634 1633 1635 
7377 2921 2894 2922 
7378 2199 2198 2200 
7379 2893 2891 2894 
7380 1631 1630 1633 
7381 1457 1458 1459 
7382 2890 2882 2891 
7383 1629 1628 1630 
7384 3040 3039 3064 
7385 1472 1471 1474 
7386 2881 2864 2882 
7387 2152 2153 2154 
7388 2461 2462 2485 
7389 2863 2862 2864 
7390 2201 2200 2202 
7391 2861 2843 2862 
7392 2154 2153 2173 
7393 1627 1626 1628 
7394 2842 2841 2843 
7395 1475 1474 1476 
7396 1624 1623 1626 
7397 2840 2815 2841 
7398 2203 2202 2204 
7399 2814 2813 2815 
7400 2812 2796 2813 
7401 1622 1621 1623 
7402 3038 3037 3039 
7403 2795 2794 2796 
7404 1477 1476 1478 
7405 2793 2774 2794 
7406 2205 2204 2206 
7407 2773 2772 2774 
7408 2771 2752 2772 
7409 1620 1619 1621 
7410 2751 2750 2752 
7411 2207 2206 2208 
7412 2749 2735 2750 
7413 2734 2733 2735 
7414 2732 2719 2733 
7415 1479 1478 1480 
7416 2718 2717 2719 
7417 1617 1616 1619 
7418 2209 2208 2210 
7419 2716 2694 2717 
7420 3101 3102 3103 
7421 2693 2692 2694 
7422 2691 2681 2692 
7423 2680 2679 2681 
7424 2678 2654 2679 
7425 2211 2210 2212 
7426 2653 2652 2654 
7427 2651 2623 2652 
7428 2622 2621 2623 
7429 2620 2619 2621 
7430 2618 2544 2619 
7431 2543 2542 2544 
7432 2541 2540 2542 
7433 2213 2212 2214 
7434 2539 2515 2540 
7435 2514 2513 2515 
7436 2512 2482 2513 
7437 2215 2214 2216 
7438 2474 2473 2482 
7439 2472 2471 2473 
7440 2470 2454 2471 
7441 2453 2452 2454 
7442 1615 1614 1616 
7443 2451 2420 2452 
7444 2401 2400 2420 
7445 2399 2398 2400 
7446 2397 2382 2398 
7447 2381 2380 2382 
7448 2217 2216 2218 
7449 2379 2370 2380 
7450 2352 2351 2370 
7451 2219 2218 2229 
7452 2350 2349 2351 
7453 2342 2328 2349 
7454 2327 2326 2328 
7455 2230 2229 2231 
7456 2325 2324 2326 
7457 2310 2309 2324 
7458 2232 2231 2233 
7459 2308 2307 2309 
7460 2234 2233 2258 
7461 2295 2280 2307 
7462 2279 2278 2280 
7463 2277 2276 2278 
7464 2259 2258 2260 
7465 2261 2260 2276 
7466 3025 3024 3037 
7467 1481 1480 1482 
7468 1613 1612 1614 
7469 1609 1608 1612 
7470 2174 2173 2175 
7471 1607 1606 1608 
7472 1483 1482 1485 
7473 1605 1604 1606 
7474 1486 1485 1487 
7475 1602 1601 1604 
7476 1600 1599 1601 
7477 1488 1487 1490 
7478 1598 1597 1599 
7479 1491 1490 1492 
7480 1594 1593 1597 
7481 1592 1591 1593 
7482 2154 2173 2174 
7483 1590 1589 1591 
7484 3023 3022 3024 
7485 1493 1492 1494 
7486 1588 1587 1589 
7487 1586 1585 1587 
7488 1582 1581 1585 
7489 1495 1494 1497 
7490 1580 1579 1581 
7491 1498 1497 1499 
7492 1577 1576 1579 
7493 1575 1574 1576 
7494 1500 1499 1501 
7495 1573 1572 1574 
7496 1570 1569 1572 
7497 1568 1567 1569 
7498 1502 1501 1503 
7499 1565 1564 1567 
7500 1563 1562 1564 
7501 1504 1503 1505 
7502 1560 1559 1562 
7503 1506 1505 1508 
7504 1558 1557 1559 
7505 1509 1508 1510 
7506 1511 1510 1513 
7507 1555 1554 1557 
7508 1553 1552 1554 
7509 1514 1513 1515 
7510 1551 1550 1552 
7511 1549 1548 1550 
7512 1547 1546 1548 
7513 1544 1543 1546 
7514 1516 1515 1517 
7515 1541 1540 1543 
7516 1518 1517 1520 
7517 1539 1538 1540 
7518 1521 1520 1522 
7519 1537 1536 1538 
7520 1523 1522 1524 
7521 1535 1534 1536 
7522 1525 1524 1527 
7523 1528 1527 1529 
7524 1532 1531 1534 
7525 1530 1529 1531 
7526 3009 3008 3022 
7527 1459 1460 1461 
7528 2176 2175 2177 
7529 1732 1825 1826 
7530 3070 3071 3101 
7531 3007 3006 3008 
7532 2178 2177 2245 
7533 2191 2192 2193 
7534 2984 2983 3006 
7535 2459 2460 2461 
7536 2246 2245 2248 
7537 2982 2981 2983 
7538 2174 2175 2176 
7539 2976 2975 2981 
7540 2974 2973 2975 
7541 2249 2248 2263 
7542 2954 2953 2973 
7543 2264 2263 2265 
7544 1461 1462 1463 
7545 2176 2177 2178 
7546 2952 2951 2953 
7547 2266 2265 2285 
7548 1726 1731 1732 
7549 3068 3069 3070 
7550 2941 2940 2951 
7551 2939 2938 2940 
7552 1724 1725 1726 
7553 2920 2919 2938 
7554 2286 2285 2287 
7555 2178 2245 2246 
7556 2918 2917 2919 
7557 2425 2426 2459 
7558 2908 2907 2917 
7559 2288 2287 2290 
7560 2906 2905 2907 
7561 2291 2290 2311 
7562 2889 2888 2905 
7563 3029 3030 3068 
7564 2887 2886 2888 
7565 2312 2311 2313 
7566 2871 2870 2886 
7567 2869 2868 2870 
7568 2314 2313 2315 
7569 1717 1723 1724 
7570 2854 2853 2868 
7571 2852 2851 2853 
7572 2316 2315 2335 
7573 2828 2827 2851 
7574 2826 2825 2827 
7575 2336 2335 2338 
7576 2804 2803 2825 
7577 2802 2801 2803 
7578 2781 2780 2782 
7579 2783 2782 2801 
7580 2356 2355 2357 
7581 2339 2338 2355 
7582 2758 2757 2780 
7583 2756 2755 2757 
7584 2754 2753 2755 
7585 2739 2738 2753 
7586 2737 2736 2738 
7587 2358 2357 2372 
7588 2726 2725 2736 
7589 2724 2723 2725 
7590 2699 2698 2723 
7591 2373 2372 2374 
7592 2375 2374 2377 
7593 2697 2696 2698 
7594 2378 2377 2402 
7595 2403 2402 2404 
7596 2405 2404 2406 
7597 2407 2406 2446 
7598 2447 2446 2449 
7599 2672 2671 2696 
7600 2450 2449 2465 
7601 2633 2632 2646 
7602 2466 2465 2467 
7603 2647 2646 2648 
7604 2631 2630 2632 
7605 2670 2669 2671 
7606 2468 2467 2489 
7607 2629 2628 2630 
7608 2668 2667 2669 
7609 2490 2489 2491 
7610 2649 2648 2667 
7611 2589 2588 2628 
7612 2492 2491 2493 
7613 2587 2586 2588 
7614 2494 2493 2519 
7615 2520 2519 2521 
7616 2522 2521 2523 
7617 2524 2523 2586 
7618 2246 2248 2249 
7619 3067 3085 3243 
7620 1463 1464 1465 
7621 2249 2263 2264 
7622 3027 3028 3029 
7623 2193 2194 2195 
7624 2264 2265 2266 
7625 3065 3066 3067 
7626 1715 1716 1717 
7627 2423 2424 2425 
7628 2266 2285 2286 
7629 1257 1265 4529 
7630 1465 1467 1468 
7631 2987 2988 3027 
7632 2286 2287 2288 
7633 2288 2290 2291 
7634 2291 2311 2312 
7635 2312 2313 2314 
7636 2314 2315 2316 
7637 2316 2335 2336 
7638 2336 2338 2339 
7639 3038 3039 3040 
7640 3023 3024 3025 
7641 2339 2355 2356 
7642 2356 2357 2358 
7643 3007 3008 3009 
7644 2358 2372 2373 
7645 2974 2975 2976 
7646 2373 2374 2375 
7647 2952 2953 2954 
7648 3009 3022 3023 
7649 2375 2377 2378 
7650 2982 2983 2984 
7651 2378 2402 2403 
7652 2758 2780 2781 
7653 2737 2738 2739 
7654 2754 2755 2756 
7655 2739 2753 2754 
7656 2781 2782 2783 
7657 2756 2757 2758 
7658 2403 2404 2405 
7659 2954 2973 2974 
7660 1701 1702 1703 
7661 2726 2736 2737 
7662 3025 3037 3038 
7663 2405 2406 2407 
7664 2724 2725 2726 
7665 2407 2446 2447 
7666 2976 2981 2982 
7667 2447 2449 2450 
7668 2918 2919 2920 
7669 2450 2465 2466 
7670 2699 2723 2724 
7671 2466 2467 2468 
7672 2939 2940 2941 
7673 2468 2489 2490 
7674 2490 2491 2492 
7675 2783 2801 2802 
7676 2697 2698 2699 
7677 2941 2951 2952 
7678 2920 2938 2939 
7679 2826 2827 2828 
7680 2908 2917 2918 
7681 2633 2646 2647 
7682 2631 2632 2633 
7683 2906 2907 2908 
7684 2492 2493 2494 
7685 2629 2630 2631 
7686 2802 2803 2804 
7687 2589 2628 2629 
7688 2871 2886 2887 
7689 2647 2648 2649 
7690 2494 2519 2520 
7691 2587 2588 2589 
7692 2869 2870 2871 
7693 2649 2667 2668 
7694 2984 3006 3007 
7695 2520 2521 2522 
7696 2668 2669 2670 
7697 2804 2825 2826 
7698 2672 2696 2697 
7699 2887 2888 2889 
7700 2524 2586 2587 
7701 2852 2853 2854 
7702 2522 2523 2524 
7703 2670 2671 2672 
7704 2828 2851 2852 
7705 2889 2905 2906 
7706 1468 1469 1470 
7707 2854 2868 2869 
7708 3040 3064 3065 
7709 2985 2986 2987 
7710 1703 1714 1715 
7711 2957 2958 2985 
7712 2195 2196 2197 
7713 2955 2956 2957 
7714 1699 1700 1701 
7715 1470 1471 1472 
7716 1644 1645 1646 
7717 1646 1698 1699 
7718 2923 2924 2955 
7719 1472 1474 1475 
7720 2410 2411 2423 
7721 1642 1643 1644 
7722 1475 1476 1477 
7723 2921 2922 2923 
7724 1636 1637 1638 
7725 2197 2198 2199 
7726 2893 2894 2921 
7727 1638 1641 1642 
7728 1477 1478 1479 
7729 2890 2891 2893 
7730 1634 1635 1636 
7731 1479 1480 1481 
7732 1629 1630 1631 
7733 1631 1633 1634 
7734 2881 2882 2890 
7735 1627 1628 1629 
7736 1481 1482 1483 
7737 1622 1623 1624 
7738 1624 1626 1627 
7739 1483 1485 1486 
7740 1620 1621 1622 
7741 1486 1487 1488 
7742 2863 2864 2881 
7743 1615 1616 1617 
7744 1617 1619 1620 
7745 2199 2200 2201 
7746 2861 2862 2863 
7747 1488 1490 1491 
7748 1613 1614 1615 
7749 1491 1492 1493 
7750 1607 1608 1609 
7751 1609 1612 1613 
7752 2842 2843 2861 
7753 1605 1606 1607 
7754 1493 1494 1495 
7755 1600 1601 1602 
7756 1602 1604 1605 
7757 1495 1497 1498 
7758 1598 1599 1600 
7759 1498 1499 1500 
7760 2408 2409 2410 
7761 1594 1597 1598 
7762 1592 1593 1594 
7763 1500 1501 1502 
7764 1590 1591 1592 
7765 1586 1587 1588 
7766 1588 1589 1590 
7767 1580 1581 1582 
7768 1502 1503 1504 
7769 1582 1585 1586 
7770 1577 1579 1580 
7771 1575 1576 1577 
7772 1573 1574 1575 
7773 1570 1572 1573 
7774 1568 1569 1570 
7775 1504 1505 1506 
7776 1506 1508 1509 
7777 1565 1567 1568 
7778 1509 1510 1511 
7779 1563 1564 1565 
7780 1511 1513 1514 
7781 1560 1562 1563 
7782 1514 1515 1516 
7783 2840 2841 2842 
7784 1558 1559 1560 
7785 1516 1517 1518 
7786 1518 1520 1521 
7787 1521 1522 1523 
7788 1544 1546 1547 
7789 1523 1524 1525 
7790 1539 1540 1541 
7791 1541 1543 1544 
7792 1555 1557 1558 
7793 1547 1548 1549 
7794 1549 1550 1551 
7795 1537 1538 1539 
7796 1551 1552 1553 
7797 1525 1527 1528 
7798 1535 1536 1537 
7799 1553 1554 1555 
7800 1528 1529 1530 
7801 1532 1534 1535 
7802 1530 1531 1532 
7803 2201 2202 2203 
7804 2814 2815 2840 
7805 2812 2813 2814 
7806 2795 2796 2812 
7807 2793 2794 2795 
7808 2203 2204 2205 
7809 2773 2774 2793 
7810 2771 2772 2773 
7811 2751 2752 2771 
7812 2749 2750 2751 
7813 2387 2388 2408 
7814 2205 2206 2207 
7815 2734 2735 2749 
7816 2732 2733 2734 
7817 2718 2719 2732 
7818 2716 2717 2718 
7819 2207 2208 2209 
7820 2693 2694 2716 
7821 2691 2692 2693 
7822 2680 2681 2691 
7823 2678 2679 2680 
7824 2209 2210 2211 
7825 2653 2654 2678 
7826 2651 2652 2653 
7827 2622 2623 2651 
7828 2620 2621 2622 
7829 2618 2619 2620 
7830 2543 2544 2618 
7831 2541 2542 2543 
7832 2211 2212 2213 
7833 2539 2540 2541 
7834 2514 2515 2539 
7835 2512 2513 2514 
7836 2474 2482 2512 
7837 2213 2214 2215 
7838 2472 2473 2474 
7839 2470 2471 2472 
7840 2453 2454 2470 
7841 2451 2452 2453 
7842 2401 2420 2451 
7843 2399 2400 2401 
7844 2397 2398 2399 
7845 2215 2216 2217 
7846 2381 2382 2397 
7847 2379 2380 2381 
7848 2352 2370 2379 
7849 2350 2351 2352 
7850 2217 2218 2219 
7851 2342 2349 2350 
7852 2327 2328 2342 
7853 2219 2229 2230 
7854 2325 2326 2327 
7855 2310 2324 2325 
7856 2230 2231 2232 
7857 2308 2309 2310 
7858 2232 2233 2234 
7859 2295 2307 2308 
7860 2279 2280 2295 
7861 2234 2258 2259 
7862 2277 2278 2279 
7863 2261 2276 2277 
7864 2259 2260 2261 
7865 2385 2386 2387 
7866 2368 2369 2385 
7867 1959 1960 1961 
7868 2366 2367 2368 
7869 2346 2347 2366 
7870 1427 1428 4477 
7871 2344 2345 2346 
7872 2331 2332 2344 
7873 2329 2330 2331 
7874 1961 1962 1963 
7875 2319 2320 2329 
7876 2317 2318 2319 
7877 2300 2301 2317 
7878 1963 1964 1965 
7879 2298 2299 2300 
7880 2274 2275 2298 
7881 2272 2273 2274 
7882 1965 1966 1967 
7883 2252 2253 2272 
7884 2250 2251 2252 
7885 1967 1968 1969 
7886 2243 2244 2250 
7887 2227 2228 2243 
7888 2225 2226 2227 
7889 1969 1970 1971 
7890 2181 2182 2225 
7891 2179 2180 2181 
7892 2168 2169 2179 
7893 2166 2167 2168 
7894 1971 1972 1973 
7895 2158 2159 2166 
7896 2156 2157 2158 
7897 2143 2144 2156 
7898 1973 1974 1975 
7899 2141 2142 2143 
7900 1975 1976 1978 
7901 2132 2133 2141 
7902 2130 2131 2132 
7903 1978 1979 1980 
7904 2126 2127 2130 
7905 2124 2125 2126 
7906 1980 1981 1982 
7907 2109 2110 2124 
7908 2107 2108 2109 
7909 1982 1983 1984 
7910 2102 2103 2107 
7911 1984 1985 1987 
7912 2100 2101 2102 
7913 2047 2048 2049 
7914 2044 2045 2047 
7915 2049 2050 2052 
7916 2063 2064 2065 
7917 2052 2053 2054 
7918 2054 2055 2061 
7919 2042 2043 2044 
7920 1987 1988 1989 
7921 2061 2062 2063 
7922 2082 2083 2084 
7923 2040 2041 2042 
7924 2038 2039 2040 
7925 2065 2066 2080 
7926 2084 2085 2100 
7927 2036 2037 2038 
7928 2080 2081 2082 
7929 2034 2035 2036 
7930 1989 1990 1991 
7931 2030 2031 2034 
7932 2028 2029 2030 
7933 2026 2027 2028 
7934 2024 2025 2026 
7935 2021 2022 2024 
7936 1991 1992 1994 
7937 2019 2020 2021 
7938 2017 2018 2019 
7939 1994 1995 1996 
7940 2014 2015 2017 
7941 2012 2013 2014 
7942 1996 1997 1998 
7943 2010 2011 2012 
7944 1998 1999 2001 
7945 2008 2009 2010 
7946 2001 2002 2003 
7947 2006 2007 2008 
7948 2003 2004 2006 
7949 3018 3043 3044 
7950 3044 3046 3047 
7951 3047 3078 3079 
7952 3079 3080 3081 
7953 3083 3111 3112 
7954 3081 3082 3083 
7955 3112 3113 3114 
7956 3114 3137 3138 
7957 3138 3142 3143 
7958 3145 3166 3167 
7959 3143 3144 3145 
7960 3167 3219 3220 
7961 3220 3221 3222 
7962 4447 903 4706 
7963 2092 2093 4496 
7964 3908 4692 4731 
7965 1818 2238 4702 
7966 1903 1902 4500 
7967 2323 2322 4502 
7968 4461 3194 5524 
7969 1233 1236 4534 
7970 1814 1743 4456 
7971 2497 2440 4497 
7972 2183 2185 4515 
7973 1311 1296 4536 
7974 957 940 4733 
7975 3174 1728 5507 
7976 4465 856 4698 
7977 2929 2283 4686 
7978 4776 2582 4798 
7979 1707 1793 4690 
7980 4780 2824 4795 
7981 1813 1814 4686 
7982 1373 4214 4700 
7983 997 995 4709 
7984 958 970 4457 
7985 1334 986 4687 
7986 1892 2392 4459 
7987 508 313 4754 
7988 904 1660 4463 
7989 917 929 4462 
7990 2740 4542 4737 
7991 934 920 4463 
7992 982 1788 4461 
7993 544 965 4710 
7994 216 217 4746 
7995 2607 2608 4713 
7996 1661 824 4494 
7997 1788 1306 4688 
7998 1326 1777 4688 
7999 1721 4438 4709 
8000 1797 1929 4685 
8001 880 857 4492 
8002 832 842 4494 
8003 864 939 4692 
8004 846 1696 4492 
8005 2303 2998 4474 
8006 2139 2477 4689 
8007 952 1697 4499 
8008 1697 956 4691 
8009 314 401 4754 
8010 4493 2576 4718 
8011 2508 3360 4501 
8012 964 979 4691 
8013 2593 1670 4477 
8014 2787 2235 4501 
8015 961 943 4499 
8016 4844 3047 4869 
8017 809 926 4693 
8018 1662 804 4693 
8019 995 1002 4709 
8020 3033 2364 4496 
8021 1331 1794 4517 
8022 3188 1933 4729 
8023 1960 4827 4837 
8024 1905 1909 4500 
8025 2562 3212 4502 
8026 1672 2593 4694 
8027 3192 2483 4515 
8028 1695 1674 4694 
8029 1738 1736 4538 
8030 4042 506 4699 
8031 1655 1821 4523 
8032 1742 1657 4523 
8033 4503 2577 4719 
8034 4325 2086 4901 
8035 1821 1653 4524 
8036 3200 2607 4713 
8037 1704 1415 4527 
8038 1291 1341 4695 
8039 2224 1804 4696 
8040 4445 1406 4446 
8041 1265 2464 4529 
8042 4454 947 4455 
8043 1002 1721 4709 
8044 1651 4165 4524 
8045 1274 4336 4527 
8046 4263 4254 4697 
8047 1802 1937 4672 
8048 2638 3232 4707 
8049 1229 1231 4715 
8050 1236 1897 4534 
8051 2086 4325 4918 
8052 1828 1830 4680 
8053 965 4681 4710 
8054 1436 1434 4545 
8055 2255 1311 4536 
8056 2576 2903 4718 
8057 2238 2506 4702 
8058 1680 3932 4740 
8059 4692 2808 4731 
8060 2029 2027 4571 
8061 1387 4252 4720 
8062 1474 1471 4606 
8063 1293 1280 4716 
8064 2984 3007 4627 
8065 1832 1834 4647 
8066 2366 2368 4648 
8067 1836 1838 4650 
8068 2344 2346 4649 
8069 2329 2331 4652 
8070 2317 2319 4653 
8071 2298 2300 4654 
8072 2272 2274 4655 
8073 2250 2252 4656 
8074 1963 1965 4658 
8075 2227 2243 4657 
8076 2181 2225 4659 
8077 2168 2179 4660 
8078 1967 1969 4661 
8079 2158 2166 4662 
8080 2143 2156 4663 
8081 2132 2141 4664 
8082 1984 1987 4665 
8083 2036 2038 4666 
8084 1989 1991 4667 
8085 2012 2014 4668 
8086 2008 2010 4669 
8087 1864 1866 4671 
8088 2809 4702 4750 
8089 2577 2579 4719 
8090 3151 4475 4721 
8091 3060 3062 4904 
8092 4759 2627 4782 
8093 2070 4833 4854 
8094 2519 2493 4540 
8095 1694 1801 4744 
8096 3242 2929 4686 
8097 1718 3174 5479 
8098 4032 4030 4797 
8099 4426 1941 4739 
8100 1793 2536 4690 
8101 3253 3151 4721 
8102 1348 4549 4550 
8103 1347 4551 4552 
8104 1355 4553 4554 
8105 4767 429 4799 
8106 2268 1334 4687 
8107 2334 1831 4734 
8108 141 429 4767 
8109 2221 4705 5282 
8110 4475 1890 4721 
8111 1777 2594 4688 
8112 1929 2591 4685 
8113 4696 1680 4740 
8114 2477 3130 4689 
8115 1794 2597 4517 
8116 939 2808 4692 
8117 979 2595 4691 
8118 2707 2822 4757 
8119 926 3187 4693 
8120 479 140 4767 
8121 1938 4493 4718 
8122 2640 2638 4707 
8123 2792 4465 4698 
8124 4152 4690 4738 
8125 1825 2348 4682 
8126 1936 1695 4694 
8127 2282 1927 4683 
8128 2222 4685 4728 
8129 1928 2412 4683 
8130 1758 4503 4719 
8131 2839 1953 4684 
8132 4752 3441 4776 
8133 1552 1803 4708 
8134 1927 1928 4683 
8135 2806 2255 4536 
8136 1829 1826 4682 
8137 1341 2596 4695 
8138 2464 3190 4529 
8139 2610 2224 4696 
8140 1954 1957 4684 
8141 1826 1825 4682 
8142 3839 3841 4722 
8143 4796 3016 4815 
8144 1897 2805 4534 
8145 1953 1954 4684 
8146 3062 3106 4925 
8147 4266 4263 4697 
8148 2064 2062 4705 
8149 1648 4153 4752 
8150 1554 1552 4708 
8151 2348 2916 4682 
8152 1829 4682 4734 
8153 2971 2521 4755 
8154 15 16 4769 
8155 3872 3925 5039 
8156 2819 4663 5242 
8157 1426 1424 4703 
8158 2619 4749 4777 
8159 4169 3622 4789 
8160 1430 1426 4703 
8161 1424 1934 4703 
8162 4376 4689 4741 
8163 3225 848 5068 
8164 1899 1901 4704 
8165 4908 3083 4932 
8166 2846 4459 4717 
8167 687 689 4726 
8168 970 1310 4711 
8169 4682 2916 4734 
8170 343 392 4735 
8171 1901 1951 4704 
8172 1310 1737 4711 
8173 2805 1899 4704 
8174 5462 2936 5480 
8175 3469 3902 4725 
8176 4690 2536 4738 
8177 4200 5227 5241 
8178 3315 2806 4743 
8179 2392 2899 4717 
8180 4126 3783 4714 
8181 3783 3780 4714 
8182 3596 3595 4819 
8183 2197 2627 4759 
8184 3780 4159 4714 
8185 4427 4500 4723 
8186 1650 1648 4752 
8187 4694 2593 4739 
8188 2581 2195 4759 
8189 1911 2605 4723 
8190 4457 970 4711 
8191 1784 1557 4761 
8192 4459 2392 4717 
8193 997 4709 4751 
8194 1037 1377 4724 
8195 848 3225 5085 
8196 4617 2936 5462 
8197 4687 976 4733 
8198 4685 2591 4728 
8199 4800 4329 4834 
8200 940 933 4730 
8201 1842 2147 4762 
8202 2598 4728 4748 
8203 4689 3130 4741 
8204 4345 4517 4747 
8205 1909 1911 4723 
8206 2532 3041 4765 
8207 2140 1840 4762 
8208 2598 2222 4728 
8209 3256 3253 4721 
8210 24 370 4792 
8211 2806 4716 4743 
8212 1400 1031 4790 
8213 1924 4345 4747 
8214 1554 4708 4761 
8215 3034 2530 4765 
8216 3174 1718 5491 
8217 2452 4302 5571 
8218 2585 4680 4727 
8219 1405 4329 4800 
8220 2186 4742 4773 
8221 4500 1909 4723 
8222 2519 4540 4755 
8223 4027 4029 4797 
8224 1924 4747 4764 
8225 2376 2375 4771 
8226 1033 1314 4790 
8227 342 343 4735 
8228 4127 4126 4758 
8229 1476 1474 4736 
8230 22 23 4745 
8231 2822 4687 4733 
8232 4210 4759 4782 
8233 1933 3933 4729 
8234 3265 3258 4772 
8235 3234 2509 5088 
8236 1936 4694 4739 
8237 976 957 4733 
8238 3213 391 5281 
8239 2610 4696 4740 
8240 3160 2585 4727 
8241 1698 1645 4786 
8242 2340 2040 4774 
8243 2769 3603 5089 
8244 3592 4097 4732 
8245 4362 4821 5114 
8246 2186 1783 4742 
8247 2634 2188 4773 
8248 1886 1885 4783 
8249 4321 1132 4801 
8250 4517 2597 4747 
8251 2822 4730 4757 
8252 2844 2621 4777 
8253 1240 4715 4766 
8254 4716 1273 4743 
8255 3077 2539 4775 
8256 3301 5029 5180 
8257 4723 2605 4763 
8258 1926 3908 4731 
8259 2221 5282 5320 
8260 5242 4663 5251 
8261 3874 4152 4738 
8262 4783 1885 4805 
8263 2619 2544 4749 
8264 855 4200 5241 
8265 1321 4870 4892 
8266 3331 2536 4788 
8267 4728 3271 4748 
8268 3236 2480 5004 
8269 466 214 4802 
8270 4709 4438 4751 
8271 1733 3182 5523 
8272 1645 1643 4756 
8273 4542 2293 4737 
8274 2591 3271 4728 
8275 4680 2117 4727 
8276 3023 3116 4779 
8277 2507 4094 5629 
8278 1704 4527 4742 
8279 4527 4337 4742 
8280 3605 3604 4809 
8281 929 928 4768 
8282 215 407 4802 
8283 1535 4423 4781 
8284 3110 3009 4779 
8285 1130 1301 4801 
8286 997 4375 4780 
8287 1882 4588 5250 
8288 1240 4766 4811 
8289 4587 5280 5330 
8290 1566 1532 4781 
8291 4126 4720 4758 
8292 1977 1956 4778 
8293 929 4768 4784 
8294 4195 808 4782 
8295 217 464 4746 
8296 4702 2506 4750 
8297 1831 1829 4734 
8298 1363 4195 4823 
8299 3932 1694 4744 
8300 4747 2811 4764 
8301 1814 4384 4753 
8302 4720 3787 4758 
8303 2403 2703 4787 
8304 4011 4012 4829 
8305 313 314 4754 
8306 945 4457 4768 
8307 1783 1704 4742 
8308 2044 2363 4791 
8309 4730 948 4757 
8310 993 997 4780 
8311 3899 474 4817 
8312 1941 1936 4739 
8313 4971 2089 4990 
8314 4427 4723 4763 
8315 3304 2610 4740 
8316 4075 4074 4852 
8317 2682 2180 4793 
8318 3171 4376 4741 
8319 2169 2644 4793 
8320 2808 3100 4760 
8321 4742 4337 4773 
8322 5200 4295 5215 
8323 4477 1466 4770 
8324 4904 3062 4925 
8325 1522 1520 4803 
8326 3621 3725 4789 
8327 2544 3076 4749 
8328 855 5241 5258 
8329 2624 2626 4806 
8330 2506 3307 4750 
8331 3603 2769 5113 
8332 2254 1650 4752 
8333 1324 989 4795 
8334 1950 3237 5064 
8335 2597 2811 4747 
8336 4721 1890 4772 
8337 4809 4096 4811 
8338 1474 4606 4736 
8339 3177 1661 5564 
8340 3291 2598 4748 
8341 3182 1733 5535 
8342 1643 2056 4756 
8343 2119 4731 4760 
8344 2521 2519 4755 
8345 3312 4767 4799 
8346 2543 2855 4804 
8347 4090 1924 4764 
8348 3256 4721 4772 
8349 4438 3938 4751 
8350 4201 855 5258 
8351 4259 1822 5020 
8352 4795 2824 4806 
8353 2523 2971 4808 
8354 4430 3108 5132 
8355 4295 1787 5215 
8356 508 3295 4880 
8357 2740 4737 4965 
8358 3082 3080 4814 
8359 927 3271 4884 
8360 837 681 4826 
8361 4758 4377 4813 
8362 2536 2241 4788 
8363 2195 2197 4759 
8364 4745 23 4792 
8365 1728 3182 5507 
8366 2574 3052 4812 
8367 4457 2823 4768 
8368 1320 1027 4831 
8369 4731 2808 4760 
8370 140 141 4767 
8371 1955 4763 4778 
8372 5038 4462 5455 
8373 4686 1814 4753 
8374 4426 4739 4770 
8375 3041 2572 4812 
8376 1029 1400 4831 
8377 1662 3210 5578 
8378 683 4234 4826 
8379 1557 1554 4761 
8380 3862 1343 4836 
8381 4560 2221 5320 
8382 2659 2657 4799 
8383 2267 3585 5594 
8384 1977 4796 4815 
8385 928 945 4768 
8386 4002 2833 5226 
8387 1840 1842 4762 
8388 3018 3045 4815 
8389 4763 2817 4778 
8390 5215 1787 5235 
8391 1955 4427 4763 
8392 415 15 4769 
8393 4485 3471 4817 
8394 4663 2835 5251 
8395 4770 1466 4807 
8396 1787 4294 5235 
8397 4356 3800 4885 
8398 2818 3016 4796 
8399 5251 2835 5275 
8400 4396 4397 4816 
8401 3193 2528 5656 
8402 3529 3977 4785 
8403 3242 4686 4753 
8404 3117 2652 4820 
8405 2530 2532 4765 
8406 2675 4830 4851 
8407 1126 1705 4839 
8408 427 212 4841 
8409 3265 4772 4783 
8410 2623 2844 4820 
8411 2605 2817 4763 
8412 2375 2378 4771 
8413 3038 3126 4824 
8414 2989 2588 4825 
8415 1301 1128 4839 
8416 213 466 4841 
8417 1363 4823 4849 
8418 3531 3529 4785 
8419 2936 4618 5480 
8420 1722 3910 5308 
8421 4739 2593 4770 
8422 3116 3025 4824 
8423 1846 2165 4828 
8424 2040 2042 4774 
8425 2546 4764 4794 
8426 3503 3964 5033 
8427 1324 4387 4818 
8428 3258 3256 4772 
8429 4766 2838 4811 
8430 1668 1480 4832 
8431 3182 1728 5523 
8432 4704 2838 4766 
8433 2593 4477 4770 
8434 2934 4372 5489 
8435 2147 1844 4828 
8436 4805 3368 4810 
8437 2254 4752 4776 
8438 988 1324 4818 
8439 4198 3011 5206 
8440 2675 2659 4830 
8441 4768 2823 4784 
8442 2539 2541 4775 
8443 1478 1625 4832 
8444 1744 3191 5552 
8445 4192 1363 4849 
8446 4018 432 4829 
8447 2188 2186 4773 
8448 4030 4027 4797 
8449 2621 2619 4777 
8450 2837 2836 4856 
8451 4506 3594 4819 
8452 1885 3368 4805 
8453 2775 2254 4776 
8454 953 4741 4956 
8455 526 3327 5412 
8456 2839 4809 4811 
8457 1986 1962 4837 
8458 155 156 4859 
8459 4771 2378 4787 
8460 4715 2805 4766 
8461 991 993 4780 
8462 4393 2089 4971 
8463 2457 3864 5417 
8464 4096 1240 4811 
8465 3009 3023 4779 
8466 4272 4273 4846 
8467 4774 2042 4791 
8468 1956 1955 4778 
8469 3898 3899 4876 
8470 1031 1033 4790 
8471 4827 3045 4837 
8472 1541 1685 4843 
8473 2805 4704 4766 
8474 333 4858 5008 
8475 1960 1958 4827 
8476 3268 2596 4951 
8477 3259 3336 4857 
8478 4840 3927 4856 
8479 4523 3927 4840 
8480 1914 2518 4863 
8481 4426 4770 4807 
8482 1532 1535 4781 
8483 23 24 4792 
8484 3456 3455 4876 
8485 2031 2145 4842 
8486 808 4210 4782 
8487 1822 4259 5054 
8488 3622 3621 4789 
8489 2060 2071 4853 
8490 1407 1023 4867 
8491 1890 1886 4783 
8492 1571 1539 4843 
8493 2614 3072 4847 
8494 2407 2448 4848 
8495 4833 4397 4854 
8496 4807 4544 4816 
8497 2363 2047 4845 
8498 2823 2617 4784 
8499 4372 448 5489 
8500 3191 1744 5570 
8501 1025 1320 4867 
8502 3106 3105 5114 
8503 2811 3291 4794 
8504 2876 3517 5260 
8505 3052 2612 4847 
8506 2703 2405 4848 
8507 3265 4783 4805 
8508 4560 5320 5356 
8509 5480 4618 5494 
8510 3146 4973 4978 
8511 333 334 4858 
8512 2855 2618 4850 
8513 2740 4965 5006 
8514 2070 2059 4833 
8515 2645 2072 4854 
8516 4772 1890 4783 
8517 1418 3334 4894 
8518 2378 2403 4787 
8519 1122 1317 4875 
8520 4173 1350 4895 
8521 3135 2679 4860 
8522 4775 2541 4804 
8523 1466 4544 4807 
8524 2241 2874 4788 
8525 2783 2802 4865 
8526 2042 2044 4791 
8527 2052 2702 4861 
8528 1986 4844 4869 
8529 463 210 4887 
8530 991 4780 4795 
8531 2654 3117 4860 
8532 1705 1124 4875 
8533 2296 1753 4840 
8534 3279 1916 4863 
8535 1759 3239 5082 
8536 2715 2740 5006 
8537 4872 2836 4894 
8538 2634 4800 4834 
8539 1733 3191 5535 
8540 4015 4016 4915 
8541 3065 3133 4864 
8542 3004 2630 4866 
8543 3239 1759 5092 
8544 319 320 4878 
8545 2180 2169 4793 
8546 211 427 4887 
8547 312 508 4880 
8548 989 991 4795 
8549 3196 2914 5565 
8550 214 215 4802 
8551 2775 4776 4798 
8552 3864 2457 5392 
8553 3126 3040 4864 
8554 2628 2989 4866 
8555 2000 4949 4962 
8556 3943 4940 5056 
8557 1645 4756 4786 
8558 1742 4523 4840 
8559 3871 3872 4821 
8560 3281 3279 4863 
8561 3534 2775 4798 
8562 1132 1130 4801 
8563 2704 2226 4873 
8564 3079 3084 4869 
8565 4372 2934 4862 
8566 4337 1405 4800 
8567 3517 2876 5286 
8568 3044 3047 4844 
8569 4587 1882 5280 
8570 1473 4548 4868 
8571 2622 2860 4874 
8572 3059 3060 4892 
8573 3212 5503 5640 
8574 1700 2068 4871 
8575 2657 3312 4799 
8576 372 310 4903 
8577 2835 4662 5275 
8578 1321 540 4870 
8579 3368 2564 4810 
8580 3257 3259 4857 
8581 2182 2682 4873 
8582 2645 4868 4886 
8583 2111 2037 4879 
8584 3144 3142 4881 
8585 2839 4684 4822 
8586 1345 675 4907 
8587 2915 5031 5045 
8588 2442 3001 4862 
8589 542 4710 4870 
8590 2635 4807 4816 
8591 1748 3199 5585 
8592 954 3149 5560 
8593 4048 4047 4928 
8594 4201 5258 5277 
8595 3215 3088 4883 
8596 3019 4308 5209 
8597 1739 1522 4803 
8598 1977 4778 4796 
8599 2824 2624 4806 
8600 367 368 4897 
8601 4877 3084 4898 
8602 3191 1733 5552 
8603 3850 3862 4836 
8604 2101 2085 4896 
8605 5494 2784 5518 
8606 1327 1019 4911 
8607 2833 4002 5256 
8608 1882 5250 5280 
8609 1816 1562 4888 
8610 1547 4424 4889 
8611 2541 2543 4804 
8612 4618 2784 5494 
8613 3266 4805 4810 
8614 2639 3075 4893 
8615 4329 1277 4834 
8616 4281 3809 4955 
8617 677 4235 4907 
8618 2817 2818 4796 
8619 3842 3843 4835 
8620 4400 4401 4886 
8621 2086 1714 4901 
8622 2634 4773 4800 
8623 1021 1407 4911 
8624 1739 5555 5591 
8625 1788 3195 5645 
8626 1685 1544 4889 
8627 1559 1784 4888 
8628 3954 3953 5007 
8629 4031 4032 4852 
8630 2571 3206 5609 
8631 3072 2637 4893 
8632 2117 4647 4902 
8633 4040 4502 5640 
8634 5097 2847 5636 
8635 1993 1968 4898 
8636 1850 2170 4900 
8637 5235 4294 5244 
8638 4325 3846 4918 
8639 4505 3597 4895 
8640 2665 3313 4930 
8641 4764 2811 4794 
8642 4192 4849 4891 
8643 5275 4662 5294 
8644 1118 1727 4921 
8645 2586 2523 4808 
8646 3266 3265 4805 
8647 3152 2692 4906 
8648 4093 4094 5074 
8649 826 3689 4972 
8650 2165 1848 4900 
8651 1368 4201 5277 
8652 3975 3460 4923 
8653 2659 4799 4830 
8654 811 4192 4891 
8655 1966 1964 4877 
8656 2635 4426 4807 
8657 1317 1120 4921 
8658 4172 4173 4944 
8659 3199 1748 5599 
8660 1534 1531 4910 
8661 4710 3229 4870 
8662 2681 3135 4906 
8663 2934 4497 4862 
8664 2665 2297 4872 
8665 3590 2026 5583 
8666 2915 2715 5031 
8667 3604 4096 4809 
8668 1891 4587 5330 
8669 2448 2447 4909 
8670 2715 5006 5031 
8671 496 3211 5453 
8672 4294 1799 5244 
8673 3271 2745 4884 
8674 4378 3788 4926 
8675 3438 447 5379 
8676 5035 3002 5415 
8677 3468 3970 5133 
8678 474 4485 4817 
8679 3845 3929 4918 
8680 3155 3082 4814 
8681 4195 4782 4823 
8682 3905 484 4948 
8683 3459 3462 4923 
8684 2838 2839 4811 
8685 4903 2850 4919 
8686 2572 2574 4812 
8687 3133 3067 4912 
8688 2632 3004 4914 
8689 3605 4809 4822 
8690 2466 2741 4922 
8691 3275 925 5012 
8692 1744 3199 5570 
8693 4012 486 4915 
8694 2061 2722 4927 
8695 1368 5277 5303 
8696 2611 4351 4838 
8697 3843 4327 4835 
8698 2096 2094 4931 
8699 1799 4293 5257 
8700 5244 1799 5257 
8701 4356 4885 5434 
8702 2365 4560 5356 
8703 3595 4506 4819 
8704 2944 2943 4929 
8705 2586 4808 4825 
8706 4432 417 5097 
8707 1410 1015 4947 
8708 3351 4988 5566 
8709 4202 1368 5303 
8710 3245 1734 5109 
8711 3929 2293 4946 
8712 432 4011 4829 
8713 2653 3156 4933 
8714 4834 1277 4855 
8715 2658 3089 4934 
8716 2702 2054 4927 
8717 839 671 4952 
8718 1277 4322 4855 
8719 3217 3039 5659 
8720 1756 3209 5612 
8721 447 3438 5395 
8722 3020 2648 4937 
8723 1734 3245 5128 
8724 3016 3018 4815 
8725 1017 1327 4947 
8726 1993 4908 4932 
8727 2677 2675 4851 
8728 2860 2651 4933 
8729 429 4023 4830 
8730 3075 2656 4934 
8731 1114 1322 4959 
8732 4391 4049 4980 
8733 4684 2305 4822 
8734 4773 4337 4800 
8735 3211 496 5482 
8736 673 1345 4952 
8737 1361 4193 4942 
8738 681 683 4826 
8739 450 3871 5274 
8740 1318 988 4818 
8741 3206 803 5609 
8742 2094 2074 4905 
8743 3168 2717 4941 
8744 4175 2789 5155 
8745 1739 4803 5555 
8746 3081 3083 4908 
8747 3293 409 5026 
8748 2652 2623 4820 
8749 2627 4637 4823 
8750 4815 3045 4827 
8751 3522 2304 5166 
8752 4544 4396 4816 
8753 4101 1270 4944 
8754 3199 1744 5585 
8755 3302 1950 5521 
8756 3817 3824 5579 
8757 5294 2856 5312 
8758 2293 1723 4946 
8759 1727 1116 4959 
8760 4662 2856 5294 
8761 4073 4075 4928 
8762 1027 1029 4831 
8763 4005 4006 4992 
8764 2694 3152 4941 
8765 811 4891 4924 
8766 1308 3914 5035 
8767 4870 3229 4892 
8768 4778 2817 4796 
8769 3025 3038 4824 
8770 1760 3217 5659 
8771 1716 2086 4946 
8772 1958 1977 4827 
8773 4830 4023 4851 
8774 2588 2586 4825 
8775 4480 3457 4948 
8776 1553 1687 4954 
8777 3209 1756 5630 
8778 4190 811 4924 
8779 2384 2665 4930 
8780 3445 1697 5075 
8781 3185 599 5623 
8782 3573 3574 4979 
8783 3053 3340 5061 
8784 3326 522 5412 
8785 3847 4163 4965 
8786 2789 4175 5136 
8787 4046 4048 4980 
8788 3114 3138 4962 
8789 2731 2244 4961 
8790 3824 3821 4986 
8791 1844 1846 4828 
8792 3599 3598 4993 
8793 1854 2220 4960 
8794 4127 4758 4813 
8795 1583 1551 4954 
8796 2242 2041 4964 
8797 3477 3958 5214 
8798 4448 908 4987 
8799 1693 1011 4983 
8800 1988 1985 4940 
8801 3003 3293 5026 
8802 2365 5356 5396 
8803 1480 1478 4832 
8804 2676 3093 4966 
8805 2228 2704 4961 
8806 4809 2839 4822 
8807 4100 4101 4993 
8808 2170 1852 4960 
8809 4573 2634 4834 
8810 2039 2111 4964 
8811 3339 4435 5207 
8812 2065 2418 4968 
8813 1748 3209 5599 
8814 3509 3508 5001 
8815 1013 1410 4983 
8816 4014 2866 5295 
8817 3904 3905 5001 
8818 1110 1745 4991 
8819 1128 1126 4839 
8820 3035 2669 4970 
8821 1979 1976 4973 
8822 3089 2674 4966 
8823 3352 913 4984 
8824 1760 3214 5648 
8825 2677 4851 4882 
8826 1713 667 4996 
8827 212 213 4841 
8828 3183 2733 4976 
8829 2680 3176 4975 
8830 4816 4397 4833 
8831 2059 2635 4833 
8832 4782 2627 4823 
8833 2722 2063 4968 
8834 4315 1394 4982 
8835 2019 3586 5615 
8836 3218 2611 4838 
8837 5043 2105 5066 
8838 2490 2495 4977 
8839 1322 1112 4991 
8840 2667 3020 4970 
8841 1546 1543 4981 
8842 3602 3601 5058 
8843 2596 1751 4951 
8844 4737 3847 4965 
8845 3194 3193 5656 
8846 4449 911 5011 
8847 3540 4990 5003 
8848 161 4357 5000 
8849 669 839 4996 
8850 2719 3168 4976 
8851 3156 2678 4975 
8852 4883 3088 4930 
8853 4799 429 4830 
8854 835 826 4972 
8855 3493 2662 5394 
8856 2741 2468 4977 
8857 4935 1872 5516 
8858 448 160 5000 
8859 3540 3537 4990 
8860 1962 1960 4837 
8861 2687 4882 4913 
8862 3128 3270 5171 
8863 4074 4031 4852 
8864 4388 451 5053 
8865 2604 3445 5088 
8866 4823 4637 4849 
8867 4258 4259 5020 
8868 3209 1748 5612 
8869 1558 4425 4989 
8870 4401 1484 4950 
8871 4322 1401 4890 
8872 2304 3522 5210 
8873 4855 4322 4890 
8874 1753 1742 4840 
8875 3214 1760 5659 
8876 3814 3812 4987 
8877 913 915 4984 
8878 1711 1007 5017 
8879 4822 2305 4899 
8880 2688 3099 4997 
8881 4492 3693 5050 
8882 3751 3777 5591 
8883 4672 4393 4943 
8884 4273 4355 4846 
8885 1687 1555 4989 
8886 2035 2031 4842 
8887 3605 4822 4899 
8888 2399 4118 5619 
8889 3568 3570 5030 
8890 4016 404 4992 
8891 1009 1693 5017 
8892 1106 1328 5028 
8893 1539 1541 4843 
8894 2687 2677 4882 
8895 2993 2713 5053 
8896 3093 2686 4997 
8897 1763 3276 5115 
8898 3203 436 5192 
8899 5257 4293 5271 
8900 3276 1763 5127 
8901 2047 2049 4845 
8902 2856 4660 5312 
8903 1316 1297 5035 
8904 477 4093 5074 
8905 5180 4105 5519 
8906 5045 938 5060 
8907 3241 438 5430 
8908 4573 4834 4855 
8909 3205 2750 5013 
8910 3878 3877 5044 
8911 1756 3214 5630 
8912 3146 3143 4999 
8913 2421 3002 5010 
8914 1986 4837 4844 
8915 3897 2700 5331 
8916 1745 1108 5028 
8917 4003 4004 5070 
8918 3693 3666 5072 
8919 5268 3545 5505 
8920 2022 3959 5605 
8921 1858 2237 5015 
8922 2405 2407 4848 
8923 2612 2614 4847 
8924 2071 2105 4853 
8925 3606 3605 4899 
8926 848 663 5042 
8927 2480 2767 5004 
8928 4202 5303 5317 
8929 3045 3044 4844 
8930 4311 2970 5653 
8931 588 938 5045 
8932 2618 2620 4850 
8933 2671 3035 5009 
8934 2735 3183 5013 
8935 2693 3201 5022 
8936 511 4103 5029 
8937 4293 1809 5271 
8938 4023 467 4851 
8939 2418 2080 5014 
8940 1360 4194 5027 
8941 451 332 5008 
8942 2943 2746 5005 
8943 4896 2085 5457 
8944 4190 4924 4958 
8945 1974 2000 4978 
8946 3175 3848 5203 
8947 2084 2455 5024 
8948 2700 3897 5313 
8949 925 937 5012 
8950 2220 1856 5015 
8951 3895 465 5065 
8952 1362 4190 4958 
8953 4845 2049 4861 
8954 3927 2837 4856 
8955 2412 2413 5010 
8956 665 1713 5042 
8957 5312 4660 5325 
8958 3054 2698 5032 
8959 3176 2691 5022 
8960 3939 418 4929 
8961 1944 2060 5003 
8962 3907 4462 5038 
8963 4858 2995 5008 
8964 1482 1668 5023 
8965 4890 1401 4916 
8966 1401 4320 4916 
8967 1809 4292 5293 
8968 2760 2253 5036 
8969 521 155 4859 
8970 2072 2070 4854 
8971 5271 1809 5293 
8972 2495 2492 5025 
8973 3214 1756 5648 
8974 1102 1759 5062 
8975 334 442 4858 
8976 4637 2643 4849 
8977 860 4202 5317 
8978 3099 2709 5034 
8979 1916 1914 4863 
8980 2520 2778 5041 
8981 3294 2991 5232 
8982 3244 2995 5638 
8983 2509 2236 5088 
8984 2679 2654 4860 
8985 4314 1392 5051 
8986 4741 3130 4956 
8987 1977 4815 4827 
8988 3741 3740 5308 
8989 1023 1025 4867 
8990 3223 2772 5049 
8991 2251 2731 5036 
8992 1639 1487 5048 
8993 4988 517 5566 
8994 3709 3718 5076 
8995 2049 2052 4861 
8996 2035 4842 4879 
8997 1328 1104 5062 
8998 1565 1688 5055 
8999 1870 1572 5054 
9000 1949 1950 5064 
9001 4892 3060 4904 
9002 2802 2972 4865 
9003 2642 4573 4855 
9004 4850 2620 4874 
9005 3606 4899 4920 
9006 2866 4014 5328 
9007 3812 3811 4987 
9008 2645 4854 4868 
9009 418 167 5080 
9010 4390 4391 5044 
9011 4856 2836 4872 
9012 168 514 5080 
9013 3477 2090 5654 
9014 2752 3205 5049 
9015 4497 2442 4862 
9016 3716 3711 5076 
9017 1734 659 5085 
9018 860 5317 5337 
9019 1595 1563 5055 
9020 3040 3065 4864 
9021 1569 1822 5054 
9022 2297 2296 4872 
9023 2630 2628 4866 
9024 3827 3825 5011 
9025 4203 860 5337 
9026 4397 1473 4868 
9027 3462 3461 5007 
9028 514 169 5087 
9029 2718 3225 5068 
9030 170 441 5087 
9031 3074 2725 5069 
9032 1098 1763 5092 
9033 540 542 4870 
9034 4175 1351 5113 
9035 4272 4846 5330 
9036 661 848 5085 
9037 1702 1700 4871 
9038 4849 2643 4891 
9039 1862 2161 5073 
9040 4484 3510 5065 
9041 2043 2242 5063 
9042 430 3163 5125 
9043 1124 1122 4875 
9044 5325 2865 5346 
9045 3453 3452 5117 
9046 1362 4958 4985 
9047 4851 467 4882 
9048 4259 4257 5079 
9049 3201 2716 5068 
9050 3825 3823 5011 
9051 1934 1422 5050 
9052 467 4034 4882 
9053 4105 4753 5519 
9054 3239 2794 5082 
9055 4869 3084 4877 
9056 4060 4476 5074 
9057 4660 2865 5325 
9058 3876 3878 5094 
9059 2783 4865 5532 
9060 2723 3054 5069 
9061 3047 3079 4869 
9062 2642 4855 4890 
9063 1870 4264 5107 
9064 4189 1362 4985 
9065 4264 1870 5079 
9066 3894 3895 5117 
9067 4512 3600 5058 
9068 3982 3983 5141 
9069 2226 2182 4873 
9070 3455 3898 4876 
9071 1759 1100 5092 
9072 4006 452 5070 
9073 2620 2622 4874 
9074 311 312 4880 
9075 1570 1610 5086 
9076 2237 1860 5073 
9077 3922 3921 5156 
9078 2107 2769 5089 
9079 210 211 4887 
9080 2455 2100 5077 
9081 2979 4222 5665 
9082 320 511 4878 
9083 3355 3000 5454 
9084 1359 4191 5091 
9085 3197 3198 5178 
9086 2712 2215 5078 
9087 880 4492 5050 
9088 3563 3565 5120 
9089 4553 3606 4920 
9090 2774 3223 5082 
9091 3351 3349 4988 
9092 2146 2048 5093 
9093 1964 1986 4877 
9094 2524 2590 5096 
9095 458 202 5125 
9096 1883 3813 5661 
9097 4882 4034 4913 
9098 4307 1391 5100 
9099 2037 2035 4879 
9100 1973 1975 5099 
9101 1094 1769 5127 
9102 3705 3715 5129 
9103 851 655 5128 
9104 3230 3144 4881 
9105 1688 1568 5086 
9106 2635 4816 4833 
9107 2217 2219 5102 
9108 2766 3053 5158 
9109 1669 1492 5103 
9110 1990 1988 5104 
9111 1702 4871 4901 
9112 4265 4266 5183 
9113 2595 3234 5075 
9114 3800 3804 4885 
9115 3090 2738 5105 
9116 4320 1281 4945 
9117 3824 1893 5579 
9118 4916 4320 4945 
9119 2091 1971 5090 
9120 4553 4920 4938 
9121 3333 851 5151 
9122 4177 2800 5201 
9123 311 4880 4903 
9124 1350 4505 4895 
9125 938 4518 5060 
9126 2734 3245 5109 
9127 2778 2522 5096 
9128 2797 2275 5108 
9129 2214 2212 5110 
9130 3261 2768 5158 
9131 851 3333 5170 
9132 203 430 5125 
9133 3952 3520 5126 
9134 4174 4175 5155 
9135 3229 3059 4892 
9136 3276 2813 5115 
9137 3489 3879 5143 
9138 3948 3949 5210 
9139 2836 1418 4894 
9140 2210 2727 5098 
9141 2745 3262 4884 
9142 4262 4264 5079 
9143 1763 1096 5127 
9144 3718 3707 5129 
9145 657 1734 5128 
9146 3014 4040 5596 
9147 7 449 5138 
9148 4574 2642 4890 
9149 2643 4638 4891 
9150 1490 1639 5103 
9151 4010 2900 5359 
9152 4164 3345 5298 
9153 2736 3074 5105 
9154 3519 3522 5126 
9155 4120 2472 5634 
9156 3049 5038 5455 
9157 2269 2101 4896 
9158 3578 3581 5149 
9159 1574 1870 5107 
9160 1575 1689 5122 
9161 1544 1547 4889 
9162 3164 3162 4902 
9163 5528 2972 5569 
9164 1562 1559 4888 
9165 3225 2732 5109 
9166 2273 2760 5108 
9167 2708 2687 4913 
9168 3539 3540 5043 
9169 4513 3603 5113 
9170 2796 3239 5115 
9171 2637 2639 4893 
9172 3901 472 5179 
9173 310 311 4903 
9174 2847 2776 5187 
9175 2074 2645 4905 
9176 522 367 4897 
9177 3920 372 4919 
9178 26 468 5167 
9179 5293 4292 5304 
9180 3758 3759 5500 
9181 2305 4670 4899 
9182 2800 4177 5184 
9183 4402 2755 5137 
9184 4548 4400 4886 
9185 3819 3824 5175 
9186 1714 1702 4901 
9187 4107 2960 5452 
9188 3084 3081 4908 
9189 526 6 5138 
9190 1754 651 5170 
9191 1610 1573 5122 
9192 4309 1393 5139 
9193 2124 2789 5136 
9194 3269 516 5323 
9195 675 677 4907 
9196 4885 1867 5434 
9197 2935 4452 5095 
9198 1848 1850 4900 
9199 1811 1579 5140 
9200 1364 4196 5144 
9201 4001 4002 5226 
9202 1968 1966 4898 
9203 2759 3128 5132 
9204 4292 1812 5304 
9205 4040 3014 5561 
9206 2513 4298 5642 
9207 4176 4177 5201 
9208 370 25 5167 
9209 1281 4319 4967 
9210 486 4015 4915 
9211 3311 3187 5628 
9212 2751 3333 5151 
9213 2629 2832 5150 
9214 4289 3838 5160 
9215 4177 1278 5155 
9216 2056 3828 5574 
9217 517 341 5130 
9218 4945 1281 4967 
9219 437 183 5211 
9220 2590 2587 5135 
9221 2769 2109 5136 
9222 4440 1321 4904 
9223 653 851 5170 
9224 2692 2681 4906 
9225 2865 4659 5346 
9226 2753 3090 5137 
9227 1019 1021 4911 
9228 1993 4898 4908 
9229 4886 4401 4905 
9230 4004 419 5141 
9231 5341 4355 5391 
9232 2815 3276 5145 
9233 4284 3818 5175 
9234 2583 2961 5118 
9235 2304 2053 5166 
9236 1950 3302 5373 
9237 1697 4691 5075 
9238 3187 3311 5647 
9239 3251 444 5476 
9240 3 177 5419 
9241 2447 2450 4909 
9242 4189 4985 5019 
9243 3739 1719 5377 
9244 1719 3739 5405 
9245 3583 3585 5205 
9246 812 4189 5019 
9247 3245 2749 5151 
9248 3120 3122 5168 
9249 4310 1395 5173 
9250 4574 4890 4916 
9251 2708 4913 4939 
9252 1755 1534 4910 
9253 3325 3330 5208 
9254 3516 3515 5236 
9255 4925 3106 5039 
9256 2972 4619 5569 
9257 1980 1982 5176 
9258 4203 5337 5352 
9259 1494 1669 5157 
9260 4167 3701 5218 
9261 1582 1611 5181 
9262 3321 3327 5178 
9263 4821 3106 5114 
9264 1365 4197 5186 
9265 1689 1577 5159 
9266 2130 2800 5184 
9267 184 461 5211 
9268 4891 4638 4924 
9269 1659 1499 5189 
9270 2960 4107 5483 
9271 5346 4659 5361 
9272 3588 3591 5221 
9273 2833 2301 5190 
9274 5005 2935 5621 
9275 3900 3901 5236 
9276 2050 2146 5166 
9277 2334 4734 5083 
9278 2710 4939 4963 
9279 327 328 4917 
9280 4034 414 4913 
9281 3725 3724 4936 
9282 2995 4858 5638 
9283 4727 2117 4902 
9284 4899 4670 4920 
9285 2076 4538 5118 
9286 3839 4722 5160 
9287 4547 2334 5124 
9288 3067 3243 4912 
9289 4483 3454 5179 
9290 4311 1396 5195 
9291 2646 2632 4914 
9292 2362 2964 5188 
9293 4909 2450 4922 
9294 3846 3845 4918 
9295 2292 2162 5270 
9296 3109 2782 5197 
9297 2115 1978 5177 
9298 1120 1118 4921 
9299 4837 3045 4844 
9300 3881 2913 5542 
9301 3460 3459 4923 
9302 2548 3119 5240 
9303 1369 4203 5352 
9304 176 3 5419 
9305 2789 2126 5184 
9306 4013 4014 5295 
9307 1366 4198 5206 
9308 342 4735 5130 
9309 503 3161 5581 
9310 4308 1397 5209 
9311 2299 2797 5190 
9312 3247 3249 5203 
9313 2633 2650 5213 
9314 10 440 5245 
9315 2584 3195 5270 
9316 449 8 5224 
9317 4094 2557 5629 
9318 2850 2663 4919 
9319 3548 3042 5597 
9320 4554 4553 4938 
9321 3700 3910 5218 
9322 2820 2360 5188 
9323 1588 1690 5219 
9324 908 4284 5253 
9325 3333 2771 5196 
9326 4047 4073 4928 
9327 2780 3098 5197 
9328 4803 1520 5541 
9329 4094 2507 5589 
9330 2233 2231 5223 
9331 2710 2708 4939 
9332 5060 4518 5083 
9333 3897 469 5286 
9334 5569 4619 5586 
9335 3095 3224 5002 
9336 2779 3315 5432 
9337 2450 2466 4922 
9338 2896 3178 5288 
9339 4440 4904 4925 
9340 3788 3789 4926 
9341 2900 4010 5400 
9342 2664 4574 4916 
9343 1823 4440 4925 
9344 2832 2631 5213 
9345 3115 2803 5238 
9346 2646 4914 4937 
9347 3055 2944 4929 
9348 2259 2261 5237 
9349 346 520 5207 
9350 4435 345 5207 
9351 2054 2061 4927 
9352 3949 3947 5282 
9353 3920 4919 4943 
9354 2393 2884 5254 
9355 812 5019 5046 
9356 2673 2096 4931 
9357 4193 812 5046 
9358 1611 1586 5219 
9359 4555 1993 4932 
9360 29 386 5292 
9361 911 4289 5264 
9362 4319 1399 4995 
9363 3980 3981 5396 
9364 2898 2391 5254 
9365 3724 3719 4936 
9366 4920 2321 4938 
9367 2229 2761 5222 
9368 3983 460 5226 
9369 4670 2321 4920 
9370 468 27 5259 
9371 2105 4546 5066 
9372 4967 4319 4995 
9373 5361 2883 5385 
9374 4279 4280 4935 
9375 3358 2292 5548 
9376 3088 2384 4930 
9377 2764 2234 5228 
9378 1722 1503 5247 
9379 4735 2992 5130 
9380 4362 172 5274 
9381 1592 1632 5248 
9382 4638 2666 4924 
9383 4659 2883 5361 
9384 4009 4010 5359 
9385 3194 4461 5645 
9386 3522 3521 5210 
9387 414 3924 4939 
9388 4368 3493 5394 
9389 2866 2320 5256 
9390 4085 4554 4974 
9391 3119 1786 5273 
9392 2801 3109 5238 
9393 5524 3194 5656 
9394 4913 414 4939 
9395 5586 2980 5604 
9396 2651 2653 4933 
9397 2668 2876 5260 
9398 4703 1934 5111 
9399 1046 1896 5309 
9400 3981 4896 5457 
9401 4091 458 5473 
9402 3483 3482 5331 
9403 173 450 5274 
9404 4705 3949 5282 
9405 2656 2658 4934 
9406 3127 2827 5267 
9407 2872 3013 5279 
9408 2664 4916 4945 
9409 1484 4586 4950 
9410 149 435 5340 
9411 4547 5124 5154 
9412 2537 3357 5363 
9413 3936 886 5565 
9414 4939 3924 4963 
9415 4957 4261 5020 
9416 3083 3112 4932 
9417 4091 4651 5649 
9418 3349 3350 4988 
9419 1501 1659 5247 
9420 2648 2646 4937 
9421 4022 2931 5439 
9422 4854 4397 4868 
9423 2650 2647 5249 
9424 3896 3897 5331 
9425 1690 1590 5248 
9426 4085 4974 4998 
9427 4846 1891 5330 
9428 4369 2358 5475 
9429 2055 2304 5255 
9430 1598 1691 5285 
9431 4619 2980 5586 
9432 2318 2833 5256 
9433 4114 1361 4942 
9434 2910 3484 5365 
9435 3864 3863 5417 
9436 4021 4022 5439 
9437 1884 1048 5309 
9438 4865 3533 5532 
9439 2990 4566 5637 
9440 5066 4546 5084 
9441 1709 1710 5344 
9442 3949 4705 5255 
9443 2825 3115 5267 
9444 2002 1999 5297 
9445 1399 4318 5021 
9446 4919 2663 4943 
9447 3789 4261 4957 
9448 1985 2016 4940 
9449 3136 2853 5305 
9450 4555 4932 4949 
9451 2296 4856 4872 
9452 5458 3804 5493 
9453 4924 2666 4958 
9454 2321 4658 4938 
9455 484 4480 4948 
9456 4995 1399 5021 
9457 1015 1017 4947 
9458 4705 2062 5255 
9459 2717 2694 4941 
9460 4481 3517 5286 
9461 1997 2033 5278 
9462 523 3273 5419 
9463 488 148 5340 
9464 2928 3092 5395 
9465 2672 2700 5313 
9466 154 521 5476 
9467 4853 2105 5043 
9468 4943 4393 4971 
9469 4122 3555 5401 
9470 2655 3210 5647 
9471 1632 1594 5285 
9472 1602 1640 5318 
9473 355 518 5281 
9474 1270 4172 4944 
9475 391 354 5281 
9476 537 1346 5422 
9477 4932 3112 4949 
9478 4344 1711 5562 
9479 2901 3091 5319 
9480 4002 406 5295 
9481 488 3179 5598 
9482 4028 4091 5649 
9483 2280 2278 5316 
9484 4575 2664 4945 
9485 447 326 5379 
9486 3484 2910 5386 
9487 2594 3154 5266 
9488 3538 4971 4990 
9489 2900 2332 5328 
9490 533 2534 5438 
9491 2353 5154 5172 
9492 1723 1716 4946 
9493 4846 4355 5341 
9494 4931 4401 4950 
9495 2988 2986 5321 
9496 671 673 4952 
9497 351 519 5299 
9498 3141 2870 5335 
9499 2334 5083 5124 
9500 3302 3301 4953 
9501 2851 3127 5305 
9502 2914 2580 5565 
9503 522 4897 5412 
9504 3354 3355 5417 
9505 5413 2617 5421 
9506 2434 4076 5537 
9507 2663 4672 4943 
9508 954 539 5422 
9509 4950 4586 4969 
9510 3574 4084 5047 
9511 2118 2517 5284 
9512 39 388 5660 
9513 1996 1998 5332 
9514 4355 4354 5434 
9515 438 323 5430 
9516 1346 535 5438 
9517 3211 2947 5453 
9518 4247 507 5505 
9519 2876 2670 5313 
9520 1607 1692 5349 
9521 3942 3945 5119 
9522 3154 2845 5283 
9523 4865 2972 5528 
9524 4760 3100 5112 
9525 2308 2310 5343 
9526 3533 3532 5518 
9527 3042 2414 5597 
9528 1691 1600 5318 
9529 2353 4547 5154 
9530 4163 1378 4965 
9531 4302 2452 5657 
9532 4554 4938 4974 
9533 2724 2910 5365 
9534 1950 1869 5521 
9535 1116 1114 4959 
9536 3809 3815 4955 
9537 4040 4039 5596 
9538 1662 4693 5220 
9539 3153 2888 5367 
9540 2429 1800 5428 
9541 3028 5336 5347 
9542 1893 1626 5369 
9543 361 436 5323 
9544 2330 2866 5328 
9545 516 360 5323 
9546 597 599 5544 
9547 3981 3979 5469 
9548 2276 2816 5329 
9549 3739 3736 5405 
9550 1751 2114 4951 
9551 1986 4869 4877 
9552 3547 2961 5513 
9553 3112 3114 4949 
9554 34 373 5503 
9555 1719 1510 5377 
9556 2883 4657 5385 
9557 444 153 5476 
9558 2988 5321 5336 
9559 2868 3136 5335 
9560 430 204 5581 
9561 2578 2913 5370 
9562 1551 1553 4954 
9563 3438 3436 5395 
9564 803 791 5609 
9565 3759 4803 5541 
9566 4494 842 5284 
9567 2000 4555 4949 
9568 1613 1658 5384 
9569 3538 3920 4971 
9570 2666 4639 4958 
9571 507 3867 5505 
9572 522 4069 5389 
9573 2161 4671 5338 
9574 1867 1597 5391 
9575 2986 2958 5315 
9576 1591 1891 5341 
9577 2960 2341 5452 
9578 353 391 5339 
9579 519 352 5339 
9580 2931 2347 5400 
9581 3735 3935 5405 
9582 325 447 5416 
9583 368 1 5445 
9584 1 5 5445 
9585 3157 2907 5407 
9586 3931 502 5633 
9587 2700 2697 5350 
9588 1640 1605 5349 
9589 4546 2343 5084 
9590 3935 1746 5447 
9591 156 2 5449 
9592 4014 457 5359 
9593 2834 2295 5354 
9594 3138 3146 4962 
9595 3130 3240 4956 
9596 1505 1722 5357 
9597 3028 2988 5336 
9598 2003 2006 5397 
9599 2431 2911 5392 
9600 445 3324 5208 
9601 2160 1994 5360 
9602 1617 1708 5423 
9603 2980 4620 5604 
9604 2328 2326 5409 
9605 2457 2432 5392 
9606 1852 1854 4960 
9607 2244 2228 4961 
9608 3540 4853 5043 
9609 2886 3141 5367 
9610 3924 488 4963 
9611 4543 5172 5198 
9612 496 32 5482 
9613 4478 3484 5386 
9614 5385 4657 5399 
9615 1746 1515 5447 
9616 3170 2919 5444 
9617 502 37 5633 
9618 1321 4892 4904 
9619 4575 4945 4967 
9620 2343 4565 5106 
9621 366 522 5389 
9622 4049 4046 4980 
9623 445 365 5389 
9624 1622 1718 5465 
9625 2041 2039 4964 
9626 601 1729 5623 
9627 1692 1609 5384 
9628 2673 4950 4969 
9629 4318 1284 5052 
9630 205 503 5581 
9631 1701 1760 5648 
9632 2968 2369 5478 
9633 793 2571 5609 
9634 3174 2940 5479 
9635 1619 1616 5666 
9636 2345 2900 5400 
9637 5268 2877 5363 
9638 2557 2142 5629 
9639 3214 3024 5630 
9640 3759 3754 5555 
9641 5021 4318 5052 
9642 1788 4688 5266 
9643 2350 2352 5464 
9644 1627 1728 5491 
9645 1872 1604 5493 
9646 2905 3153 5407 
9647 2013 2011 5472 
9648 4586 4412 4969 
9649 1646 1756 5612 
9650 3182 2953 5507 
9651 4753 4384 5519 
9652 2931 4022 5478 
9653 2863 2881 5368 
9654 2358 2373 5475 
9655 3209 3008 5599 
9656 5119 3945 5153 
9657 1631 1733 5523 
9658 3191 2975 5535 
9659 1642 1748 5585 
9660 4650 4651 5374 
9661 2515 2513 5642 
9662 3014 2606 5561 
9663 2056 1641 5554 
9664 3199 2983 5570 
9665 1636 1744 5552 
9666 1658 1615 5423 
9667 4010 421 5439 
9668 2472 2474 5634 
9669 3000 2437 5454 
9670 4084 4085 4998 
9671 5146 4399 5165 
9672 2382 2380 5496 
9673 4451 1661 5466 
9674 2674 2676 4966 
9675 3169 2963 5436 
9676 4543 2353 5172 
9677 2025 2022 5605 
9678 2917 3157 5444 
9679 1513 1719 5447 
9680 1612 1608 5606 
9681 2077 2076 5597 
9682 2881 2890 5382 
9683 2 157 5449 
9684 2324 2878 5450 
9685 2172 2001 5448 
9686 2019 2021 5529 
9687 4605 2673 4969 
9688 2083 2365 5457 
9689 2026 2028 5583 
9690 2454 2452 5571 
9691 2399 2401 5549 
9692 1599 1867 5458 
9693 5084 2343 5106 
9694 2063 2065 4968 
9695 1708 1620 5465 
9696 4107 4106 5483 
9697 5604 4620 5620 
9698 2617 2282 5421 
9699 2962 3149 5436 
9700 1621 1883 5661 
9701 1976 1974 4978 
9702 2435 2457 5454 
9703 3037 3214 5659 
9704 2367 2931 5478 
9705 1313 4461 5524 
9706 2938 3170 5479 
9707 2420 2970 5657 
9708 2005 1979 4973 
9709 2269 5469 5512 
9710 4022 459 5506 
9711 400 3533 5528 
9712 2323 4502 5561 
9713 1756 1699 5648 
9714 450 174 5243 
9715 1718 1624 5491 
9716 5437 4683 5443 
9717 2895 2342 5495 
9718 2669 2667 4970 
9719 4468 1662 5578 
9720 4926 3789 4957 
9721 1614 1878 5639 
9722 4938 4658 4974 
9723 2009 2051 5501 
9724 4958 4639 4985 
9725 2133 2507 5629 
9726 3022 3209 5630 
9727 2951 3174 5507 
9728 2000 4962 4978 
9729 2950 2397 5619 
9730 2267 2017 5615 
9731 5399 2892 5424 
9732 1284 4315 5071 
9733 1748 1644 5612 
9734 1728 1629 5523 
9735 2986 5315 5321 
9736 2784 2781 5532 
9737 3006 3199 5599 
9738 2973 3182 5535 
9739 4969 4412 4994 
9740 4965 1378 5006 
9741 1517 1746 5541 
9742 1394 4317 4982 
9743 2684 4575 4967 
9744 2370 2925 5551 
9745 5421 2282 5437 
9746 3804 3801 5516 
9747 1011 1013 4983 
9748 1744 1638 5585 
9749 1606 1872 5558 
9750 1733 1634 5552 
9751 2981 3191 5570 
9752 4 329 5459 
9753 1696 835 4972 
9754 328 4 5459 
9755 3576 3573 4979 
9756 3945 3502 5153 
9757 4973 3146 4999 
9758 2678 2680 4975 
9759 4657 2892 5399 
9760 2733 2719 4976 
9761 5052 1284 5071 
9762 5382 2890 5408 
9763 2516 3131 5461 
9764 4974 2333 4998 
9765 5620 2999 5643 
9766 404 4005 4992 
9767 1765 1546 4981 
9768 4658 2333 4974 
9769 2468 2490 4977 
9770 4990 2089 5003 
9771 2645 4886 4905 
9772 5408 2893 5425 
9773 5368 2881 5382 
9774 4561 2269 5512 
9775 3910 3909 5308 
9776 3943 3942 5119 
9777 4412 1489 4994 
9778 3821 3830 4986 
9779 2684 4967 4995 
9780 915 960 4984 
9781 2890 2893 5408 
9782 4620 2999 5620 
9783 3030 3028 5347 
9784 4898 3084 4908 
9785 1112 1110 4991 
9786 4784 2617 5413 
9787 4717 2899 5345 
9788 3537 3538 4990 
9789 4605 4969 4994 
9790 3811 4448 4987 
9791 2966 5573 5577 
9792 4942 2712 5078 
9793 3461 3954 5007 
9794 3598 4100 4993 
9795 4639 2689 4985 
9796 667 669 4996 
9797 3069 5364 5375 
9798 4565 4399 5146 
9799 1555 1558 4989 
9800 4433 517 4988 
9801 4994 1489 5016 
9802 4278 4281 5624 
9803 3030 5347 5364 
9804 4577 2684 4995 
9805 2282 4683 5437 
9806 5165 2128 5185 
9807 3069 3030 5364 
9808 4803 3759 5555 
9809 1489 4610 5016 
9810 4561 5512 5543 
9811 4885 3804 5458 
9812 160 161 5000 
9813 2892 4656 5424 
9814 3508 3904 5001 
9815 2686 2688 4997 
9816 4985 2689 5019 
9817 1746 3935 5500 
9818 2294 3591 5667 
9819 3575 3576 5123 
9820 4411 4605 4994 
9821 3608 4113 5134 
9822 3480 5043 5066 
9823 4566 5538 5637 
9824 2333 4661 4998 
9825 3143 3145 4999 
9826 3935 3923 5500 
9827 5573 3433 5577 
9828 2089 1944 5003 
9829 3095 5002 5004 
9830 2999 4621 5643 
9831 332 333 5008 
9832 4411 4994 5016 
9833 5424 4656 5442 
9834 2746 2935 5005 
9835 2767 3095 5004 
9836 5106 4565 5146 
9837 2005 4999 5018 
9838 1007 1009 5017 
9839 5153 3502 5204 
9840 4084 4998 5047 
9841 4556 2005 5018 
9842 3823 4449 5011 
9843 4261 4258 5020 
9844 1378 4151 5006 
9845 2696 2671 5009 
9846 4577 4995 5021 
9847 4999 3145 5018 
9848 5016 4610 5040 
9849 2750 2735 5013 
9850 2413 2421 5010 
9851 816 3608 5164 
9852 2080 2082 5014 
9853 4317 4316 5147 
9854 440 4150 5380 
9855 4979 2091 5090 
9856 937 961 5012 
9857 2689 4640 5019 
9858 5031 590 5045 
9859 1856 1858 5015 
9860 1891 4846 5341 
9861 4151 590 5031 
9862 2727 4982 5098 
9863 2893 2921 5425 
9864 3502 3503 5204 
9865 5643 4621 5658 
9866 2690 4411 5016 
9867 5014 2082 5024 
9868 3301 3299 5029 
9869 4112 1360 5027 
9870 3145 3167 5018 
9871 3608 5134 5164 
9872 1108 1106 5028 
9873 5442 2909 5468 
9874 2696 5009 5032 
9875 2691 2693 5022 
9876 2371 4543 5198 
9877 1485 1482 5023 
9878 4556 5018 5037 
9879 4656 2909 5442 
9880 3571 3568 5030 
9881 3248 4474 5131 
9882 3964 3965 5033 
9883 3925 1823 5039 
9884 5006 4151 5031 
9885 2445 4561 5543 
9886 2082 2084 5024 
9887 3480 3539 5043 
9888 3071 3069 5375 
9889 2915 5045 5060 
9890 5425 2921 5451 
9891 2492 2494 5025 
9892 2701 4577 5021 
9893 1297 1308 5035 
9894 3345 3343 5511 
9895 2690 5016 5040 
9896 5451 2923 5471 
9897 5018 3167 5037 
9898 4541 2371 5225 
9899 3777 1739 5591 
9900 3102 5393 5410 
9901 4194 816 5193 
9902 2698 2696 5032 
9903 4610 1682 5040 
9904 929 4784 5455 
9905 4896 3981 5469 
9906 175 3273 5243 
9907 2371 5198 5225 
9908 4399 2128 5165 
9909 1925 3907 5038 
9910 2709 2959 5034 
9911 3071 5375 5393 
9912 5025 2494 5041 
9913 2921 2923 5451 
9914 816 5164 5193 
9915 4621 3010 5658 
9916 5019 4640 5046 
9917 4608 2690 5040 
9918 4316 3833 5147 
9919 2701 5021 5052 
9920 3340 3338 5061 
9921 4113 4114 5134 
9922 1485 5023 5048 
9923 663 665 5042 
9924 2253 2251 5036 
9925 1925 5038 5057 
9926 3570 3575 5123 
9927 2445 5543 5576 
9928 590 588 5045 
9929 3102 3071 5393 
9930 3167 3220 5037 
9931 5040 1682 5059 
9932 2016 4556 5037 
9933 3290 1949 5064 
9934 1392 4313 5051 
9935 3533 4865 5528 
9936 4998 4661 5047 
9937 2494 2520 5041 
9938 2713 3437 5053 
9939 4562 2445 5576 
9940 2016 5037 5056 
9941 1682 4622 5059 
9942 4683 2412 5443 
9943 2269 4896 5469 
9944 3833 1276 5162 
9945 4562 5576 5617 
9946 3877 4390 5044 
9947 518 4431 5171 
9948 4578 2701 5052 
9949 3601 4512 5058 
9950 5037 3220 5056 
9951 5147 3833 5162 
9952 2772 2752 5049 
9953 1487 1485 5048 
9954 1867 4885 5458 
9955 4661 2091 5047 
9956 2909 4655 5468 
9957 1422 880 5050 
9958 1563 1565 5055 
9959 2390 5252 5269 
9960 1572 1569 5054 
9961 3920 4943 4971 
9962 2721 1925 5057 
9963 4640 2712 5046 
9964 4608 5040 5059 
9965 3220 3222 5056 
9966 5468 4655 5477 
9967 452 4003 5070 
9968 1104 1102 5062 
9969 3569 3571 5216 
9970 5059 4622 5081 
9971 465 4484 5065 
9972 1276 4314 5194 
9973 4784 5413 5455 
9974 3479 3480 5066 
9975 2721 5057 5067 
9976 4541 5225 5252 
9977 4476 477 5074 
9978 2390 4541 5252 
9979 4788 2874 5355 
9980 4578 5052 5071 
9981 2916 2915 5060 
9982 2849 5112 5152 
9983 3666 3667 5072 
9984 2045 2043 5063 
9985 3711 3709 5076 
9986 3104 3102 5410 
9987 2923 2955 5471 
9988 5030 2115 5177 
9989 4929 418 5626 
9990 5477 2912 5497 
9991 3100 2721 5067 
9992 520 4434 5061 
9993 5162 1276 5194 
9994 2673 4931 4950 
9995 2716 2718 5068 
9996 2711 4608 5059 
9997 4929 2943 5595 
9998 1872 4935 5558 
9999 2725 2723 5069 
10000 3121 5418 5441 
10001 1878 4955 5639 
10002 4655 2912 5477 
10003 2711 5059 5081 
10004 3104 5410 5418 
10005 1860 1862 5073 
10006 5471 2955 5488 
10007 4622 1496 5081 
10008 2849 4760 5112 
10009 2993 5053 5592 
10010 3479 5066 5084 
10011 2128 4585 5185 
10012 5488 2957 5502 
10013 167 168 5080 
10014 4257 4262 5079 
10015 3879 3876 5094 
10016 2100 2102 5077 
10017 4607 2711 5081 
10018 1711 5034 5562 
10019 3121 3104 5418 
10020 2727 4578 5071 
10021 5027 2764 5228 
10022 659 661 5085 
10023 2045 5063 5093 
10024 2236 2604 5088 
10025 2215 2217 5078 
10026 2794 2774 5082 
10027 5081 1496 5101 
10028 2955 2957 5488 
10029 4537 2390 5269 
10030 4691 2595 5075 
10031 5077 2102 5089 
10032 1496 4623 5101 
10033 169 170 5087 
10034 3481 3479 5084 
10035 327 4917 5379 
10036 4110 1359 5091 
10037 5185 4585 5202 
10038 5011 911 5264 
10039 2761 5051 5222 
10040 1568 1570 5086 
10041 1100 1098 5092 
10042 4313 4312 5272 
10043 2102 2107 5089 
10044 2848 2847 5097 
10045 2916 5060 5083 
10046 1391 4304 5100 
10047 4537 5269 5302 
10048 2033 5033 5278 
10049 1971 1973 5090 
10050 1975 2115 5099 
10051 4987 908 5253 
10052 2912 4654 5497 
10053 4607 5081 5101 
10054 4935 4280 5558 
10055 2048 2045 5093 
10056 3270 3181 5171 
10057 2522 2524 5096 
10058 2219 2685 5102 
10059 5152 2779 5432 
10060 5101 4623 5121 
10061 2023 1990 5104 
10062 4734 2916 5083 
10063 4452 2932 5095 
10064 4551 3569 5216 
10065 5497 4654 5508 
10066 2212 2210 5098 
10067 2481 5617 5650 
10068 1934 5072 5111 
10069 1865 2498 5534 
10070 1492 1490 5103 
10071 3123 3121 5441 
10072 4398 4703 5111 
10073 1351 4513 5113 
10074 4551 5216 5234 
10075 3481 5084 5106 
10076 2695 2214 5110 
10077 4585 2389 5202 
10078 3210 5220 5647 
10079 2738 2736 5105 
10080 2481 4562 5617 
10081 441 4362 5114 
10082 3607 4111 5290 
10083 5262 4408 5276 
10084 2389 4590 5229 
10085 4525 3481 5106 
10086 1576 1574 5107 
10087 2729 4607 5101 
10088 2732 2734 5109 
10089 5508 2930 5527 
10090 818 3607 5310 
10091 3123 5441 5456 
10092 2275 2273 5108 
10093 3108 2759 5132 
10094 2879 2880 5116 
10095 4114 4942 5078 
10096 2957 2985 5502 
10097 1823 4925 5039 
10098 2729 5101 5121 
10099 2813 2796 5115 
10100 5067 2429 5428 
10101 3452 3894 5117 
10102 3566 3563 5120 
10103 2416 5302 5314 
10104 3125 3123 5456 
10105 4623 4416 5121 
10106 4654 2930 5508 
10107 4312 3831 5272 
10108 5202 2389 5229 
10109 3002 2875 5415 
10110 4878 511 5029 
10111 202 203 5125 
10112 4596 2729 5121 
10113 1096 1094 5127 
10114 3506 3892 5165 
10115 3520 3519 5126 
10116 5517 2987 5531 
10117 5502 2985 5517 
10118 3707 3705 5129 
10119 3892 5146 5165 
10120 655 657 5128 
10121 4962 3146 4978 
10122 4538 2583 5118 
10123 3055 4929 5626 
10124 3831 1282 5289 
10125 4111 4112 5290 
10126 3506 5165 5185 
10127 1573 1575 5122 
10128 3350 5097 5668 
10129 5121 4416 5142 
10130 3607 5290 5310 
10131 341 342 5130 
10132 1578 5148 5174 
10133 4191 818 5333 
10134 4535 5314 5334 
10135 2416 4537 5302 
10136 1576 5107 5140 
10137 5083 4518 5124 
10138 419 3982 5141 
10139 4563 2481 5650 
10140 2985 2987 5517 
10141 1729 5168 5623 
10142 3299 4878 5029 
10143 4518 4331 5124 
10144 4552 4551 5234 
10145 5272 3831 5289 
10146 4266 4379 5183 
10147 4398 5111 5148 
10148 5276 2155 5296 
10149 3970 3971 5133 
10150 6 7 5138 
10151 1393 4306 5139 
10152 818 5310 5333 
10153 5094 2161 5338 
10154 4416 1507 5142 
10155 3565 4078 5326 
10156 3963 3966 5348 
10157 1578 4398 5148 
10158 4988 3350 5668 
10159 1282 4307 5311 
10160 4079 4552 5263 
10161 4116 1364 5144 
10162 416 3489 5143 
10163 5111 3667 5148 
10164 2816 5100 5329 
10165 2292 5283 5548 
10166 2023 5119 5153 
10167 3667 4248 5148 
10168 4474 2998 5131 
10169 5091 2834 5354 
10170 434 4430 5132 
10171 4535 2416 5314 
10172 4596 5121 5142 
10173 2930 4653 5527 
10174 2970 5195 5657 
10175 4079 5263 5291 
10176 2587 2589 5135 
10177 2109 2124 5136 
10178 4590 4408 5262 
10179 4332 4334 5172 
10180 5142 1507 5161 
10181 3921 416 5156 
10182 2528 3233 5656 
10183 2755 2753 5137 
10184 3364 3294 5232 
10185 5124 4331 5154 
10186 5148 4248 5174 
10187 3261 350 5299 
10188 1579 1576 5140 
10189 5527 4653 5536 
10190 1507 4624 5161 
10191 3580 3578 5149 
10192 5289 1282 5311 
10193 2841 2815 5145 
10194 5135 2589 5150 
10195 3966 3467 5381 
10196 2768 2766 5158 
10197 4557 2023 5153 
10198 5186 2950 5619 
10199 5154 4332 5172 
10200 5120 2160 5360 
10201 3237 1950 5373 
10202 2005 4973 4999 
10203 416 5143 5156 
10204 3131 2849 5152 
10205 2749 2751 5151 
10206 5172 4334 5198 
10207 2589 2629 5150 
10208 4409 4596 5142 
10209 3892 4525 5146 
10210 5348 3966 5381 
10211 5536 2942 5559 
10212 4331 4332 5154 
10213 3838 3839 5160 
10214 436 4429 5192 
10215 1278 4174 5155 
10216 5134 2685 5164 
10217 2841 5145 5163 
10218 4409 5142 5161 
10219 5205 2267 5615 
10220 25 26 5167 
10221 4955 3815 5639 
10222 4525 5106 5146 
10223 4236 1618 5641 
10224 5116 3244 5638 
10225 5161 4624 5191 
10226 2987 3027 5531 
10227 5229 4590 5262 
10228 4304 4303 5387 
10229 1497 1494 5157 
10230 2695 5147 5162 
10231 3198 3321 5178 
10232 2051 5133 5501 
10233 4653 2942 5536 
10234 4580 2695 5162 
10235 4552 5234 5263 
10236 1577 1580 5159 
10237 2685 4644 5164 
10238 651 653 5170 
10239 3122 3185 5168 
10240 1395 4300 5173 
10241 5144 2895 5495 
10242 2878 5139 5450 
10243 4727 4902 5353 
10244 2843 2841 5163 
10245 3818 3819 5175 
10246 5547 3029 5567 
10247 2925 5173 5551 
10248 2053 2050 5166 
10249 3564 3566 5406 
10250 5531 3027 5547 
10251 472 4483 5179 
10252 2744 4409 5161 
10253 4545 1578 5174 
10254 1982 2395 5176 
10255 4078 4079 5291 
10256 5149 2172 5448 
10257 4902 3162 5353 
10258 3576 4979 5090 
10259 5159 1580 5181 
10260 4118 1365 5186 
10261 2843 5163 5182 
10262 2776 2879 5187 
10263 1497 5157 5189 
10264 5183 4379 5231 
10265 4248 3668 5174 
10266 4953 3301 5180 
10267 3027 3029 5547 
10268 3505 3506 5185 
10269 2744 5161 5191 
10270 1978 1980 5177 
10271 4408 2155 5276 
10272 4103 4105 5180 
10273 3204 3203 5192 
10274 4433 4988 5668 
10275 2862 2843 5182 
10276 1580 1582 5181 
10277 4624 4417 5191 
10278 4595 2744 5191 
10279 4557 5153 5204 
10280 4545 5174 5199 
10281 3521 3948 5210 
10282 2126 2130 5184 
10283 3668 4287 5199 
10284 4940 2016 5056 
10285 4580 5162 5194 
10286 5164 4644 5193 
10287 5381 3467 5435 
10288 1396 4302 5195 
10289 4982 4317 5098 
10290 1499 1497 5189 
10291 2942 4652 5559 
10292 2360 2362 5188 
10293 2301 2299 5190 
10294 5191 4417 5212 
10295 2862 5182 5200 
10296 2560 2270 5618 
10297 5559 4652 5572 
10298 3505 5185 5202 
10299 5174 3668 5199 
10300 3467 3468 5435 
10301 4394 445 5208 
10302 4120 1366 5206 
10303 3939 4929 5595 
10304 3965 3963 5348 
10305 174 175 5243 
10306 4303 3832 5387 
10307 2427 4535 5334 
10308 3832 1285 5402 
10309 1397 4298 5209 
10310 4178 1352 5217 
10311 183 184 5211 
10312 4417 1512 5212 
10313 2771 2773 5196 
10314 4530 2427 5351 
10315 1352 4176 5201 
10316 3324 3325 5208 
10317 3586 3583 5205 
10318 2897 5526 5548 
10319 4334 4335 5198 
10320 2864 2862 5200 
10321 2782 2780 5197 
10322 5572 2949 5593 
10323 460 4001 5226 
10324 3302 4953 5373 
10325 345 346 5207 
10326 1663 4545 5199 
10327 3848 3247 5203 
10328 3507 3505 5202 
10329 822 3609 5460 
10330 3958 3959 5214 
10331 4644 2764 5193 
10332 2427 5334 5351 
10333 2761 4580 5194 
10334 4595 5191 5212 
10335 4109 4110 5429 
10336 4178 5217 5242 
10337 3609 4109 5429 
10338 3701 3700 5218 
10339 3162 3161 5353 
10340 5212 1512 5233 
10341 2864 5200 5215 
10342 1285 4309 5431 
10343 5199 4287 5239 
10344 1663 5199 5239 
10345 3029 3068 5567 
10346 438 3241 5644 
10347 1512 4625 5233 
10348 8 9 5224 
10349 4652 2949 5572 
10350 5196 2773 5227 
10351 1352 5201 5217 
10352 2631 2633 5213 
10353 4769 3547 5513 
10354 2550 5355 5452 
10355 3590 3588 5221 
10356 5584 3070 5600 
10357 2882 2864 5215 
10358 2728 2233 5223 
10359 3579 3580 5490 
10360 3269 2762 5230 
10361 2458 5383 5404 
10362 2033 4557 5204 
10363 3131 5344 5461 
10364 5567 3068 5584 
10365 5198 4335 5225 
10366 4196 822 5484 
10367 5387 3832 5402 
10368 5526 3359 5548 
10369 3315 1709 5432 
10370 4078 5291 5326 
10371 3161 3160 5353 
10372 1586 1588 5219 
10373 2155 4604 5296 
10374 4407 4595 5212 
10375 4335 4445 5225 
10376 5216 2395 5234 
10377 4379 3794 5231 
10378 4407 5212 5233 
10379 5230 2762 5240 
10380 2231 2229 5222 
10381 2882 5215 5235 
10382 2773 2793 5227 
10383 5402 1285 5431 
10384 3525 3889 5276 
10385 5224 9 5245 
10386 5233 4625 5246 
10387 3068 3070 5584 
10388 3507 5202 5229 
10389 4522 3507 5229 
10390 2234 2259 5228 
10391 3525 5276 5296 
10392 3202 3261 5299 
10393 3581 3564 5406 
10394 2261 2720 5237 
10395 3576 5099 5123 
10396 4287 3669 5239 
10397 3515 3900 5236 
10398 822 5460 5484 
10399 3889 5262 5276 
10400 4306 4305 5509 
10401 2762 2548 5240 
10402 5231 3794 5250 
10403 5227 2793 5241 
10404 5296 4604 5307 
10405 3609 5429 5460 
10406 2891 2882 5235 
10407 4693 3187 5220 
10408 2949 4649 5593 
10409 2765 4407 5233 
10410 4564 1663 5239 
10411 2458 4530 5383 
10412 2395 4665 5234 
10413 3273 3274 5243 
10414 2662 3493 5646 
10415 458 5125 5473 
10416 9 10 5245 
10417 4530 5351 5383 
10418 4179 1283 5251 
10419 2803 2801 5238 
10420 5593 4649 5602 
10421 2891 5235 5244 
10422 1283 4178 5242 
10423 5280 4274 5330 
10424 2765 5233 5246 
10425 2793 2795 5241 
10426 5366 4410 5376 
10427 3669 4328 5261 
10428 2550 4788 5355 
10429 5252 4446 5269 
10430 4179 5251 5275 
10431 5602 2969 5622 
10432 3816 3817 5579 
10433 2894 2891 5244 
10434 4602 2765 5246 
10435 4625 1683 5246 
10436 3000 3355 5662 
10437 4528 2458 5404 
10438 5239 3669 5261 
10439 1683 4626 5265 
10440 5246 1683 5265 
10441 2391 2393 5254 
10442 1283 5242 5251 
10443 4446 4339 5269 
10444 1503 1501 5247 
10445 2456 4609 5327 
10446 27 28 5259 
10447 5241 2795 5258 
10448 5110 4317 5147 
10449 3794 3795 5250 
10450 5232 2991 5607 
10451 2894 5244 5257 
10452 4604 2456 5307 
10453 4649 2969 5602 
10454 2647 2649 5249 
10455 3070 3101 5600 
10456 1590 1592 5248 
10457 3795 4274 5280 
10458 4564 5239 5261 
10459 3817 3814 5253 
10460 5225 4445 5252 
10461 5613 3103 5632 
10462 4528 5404 5433 
10463 4445 4446 5252 
10464 5376 2247 5390 
10465 5249 2649 5260 
10466 2162 2584 5270 
10467 3431 2579 5587 
10468 2062 2055 5255 
10469 5600 3101 5613 
10470 5263 2417 5291 
10471 2922 2894 5257 
10472 2320 2318 5256 
10473 3834 1287 5522 
10474 2795 2812 5258 
10475 4602 5246 5265 
10476 5265 4626 5287 
10477 5259 28 5292 
10478 5307 2456 5327 
10479 2649 2668 5260 
10480 3829 3827 5264 
10481 2922 5257 5271 
10482 1786 1339 5273 
10483 4665 2417 5263 
10484 5234 4665 5263 
10485 3101 3103 5613 
10486 1287 4310 5540 
10487 4305 3834 5509 
10488 3542 5372 5453 
10489 1812 4290 5315 
10490 406 4013 5295 
10491 2827 2825 5267 
10492 3889 4522 5262 
10493 5258 2812 5277 
10494 4180 1353 5294 
10495 172 173 5274 
10496 2924 2922 5271 
10497 469 4481 5286 
10498 3947 3487 5282 
10499 4115 4116 5568 
10500 4340 4342 5314 
10501 1584 4564 5261 
10502 2969 4648 5622 
10503 1339 4164 5298 
10504 5261 4328 5301 
10505 1353 4179 5275 
10506 3238 3237 5373 
10507 4328 3670 5301 
10508 3216 2896 5288 
10509 28 29 5292 
10510 5269 4339 5302 
10511 2874 2872 5279 
10512 4180 5294 5312 
10513 354 355 5281 
10514 5622 4648 5631 
10515 4114 5102 5134 
10516 2785 4602 5265 
10517 4522 5229 5262 
10518 2785 5265 5287 
10519 2812 2814 5277 
10520 4753 4105 5663 
10521 3585 4081 5594 
10522 1999 1997 5278 
10523 2924 5271 5293 
10524 4603 2785 5287 
10525 4584 2728 5289 
10526 5631 2977 5655 
10527 1584 5261 5301 
10528 823 3610 5590 
10529 4626 1519 5287 
10530 3524 3525 5296 
10531 4688 2594 5266 
10532 2032 2002 5297 
10533 2728 5272 5289 
10534 1519 4628 5306 
10535 5314 4342 5334 
10536 3571 5030 5177 
10537 3670 4282 5324 
10538 1353 5275 5294 
10539 4300 4299 5616 
10540 5273 1339 5298 
10541 5287 1519 5306 
10542 4609 4410 5366 
10543 5522 1287 5540 
10544 2845 2897 5283 
10545 842 2118 5284 
10546 1594 1598 5285 
10547 2964 3148 5398 
10548 4549 3579 5490 
10549 2484 4528 5433 
10550 5277 2814 5303 
10551 2956 2924 5293 
10552 5302 4340 5314 
10553 4150 4108 5380 
10554 5282 3487 5320 
10555 350 351 5299 
10556 2417 4667 5291 
10557 4197 823 5610 
10558 3971 3969 5580 
10559 2943 5005 5595 
10560 5104 3943 5119 
10561 4473 2484 5470 
10562 4567 1584 5301 
10563 3610 4115 5568 
10564 4648 2977 5631 
10565 5509 3834 5522 
10566 2956 5293 5304 
10567 5301 3670 5324 
10568 3103 3120 5632 
10569 1048 1046 5309 
10570 3524 5296 5307 
10571 4339 4340 5302 
10572 5053 451 5592 
10573 2995 2993 5592 
10574 4917 524 5371 
10575 5250 3795 5280 
10576 3584 3586 5667 
10577 4603 5287 5306 
10578 2814 2840 5303 
10579 5306 4628 5322 
10580 2958 2956 5304 
10581 3909 3741 5308 
10582 3972 3476 5608 
10583 4584 5289 5311 
10584 2853 2851 5305 
10585 4671 2821 5338 
10586 4112 5027 5228 
10587 5290 2720 5310 
10588 2720 4645 5310 
10589 3513 3887 5376 
10590 4181 1286 5325 
10591 4549 5490 5504 
10592 5087 441 5651 
10593 5279 440 5380 
10594 3357 1316 5415 
10595 2742 2280 5316 
10596 4082 4550 5533 
10597 3969 3972 5580 
10598 823 5590 5610 
10599 3513 5376 5390 
10600 3526 3524 5307 
10601 5303 2840 5317 
10602 2484 5433 5470 
10603 4550 4549 5504 
10604 5327 4609 5366 
10605 2977 4646 5655 
10606 1286 4180 5312 
10607 4181 5325 5346 
10608 4082 5533 5556 
10609 3487 3486 5320 
10610 3814 4987 5253 
10611 4859 156 5449 
10612 2670 2672 5313 
10613 1817 4288 5336 
10614 2798 5306 5322 
10615 4567 5301 5324 
10616 418 5080 5626 
10617 5336 4288 5347 
10618 2840 2842 5317 
10619 3887 5366 5376 
10620 2798 4603 5306 
10621 373 4040 5640 
10622 3835 1289 5627 
10623 4410 2247 5376 
10624 4274 4272 5330 
10625 4593 2798 5322 
10626 3134 4717 5345 
10627 4290 1817 5321 
10628 1600 1602 5318 
10629 2903 2901 5319 
10630 360 361 5323 
10631 3827 5011 5264 
10632 4628 4418 5322 
10633 1289 4311 5653 
10634 4473 5470 5510 
10635 4282 3671 5358 
10636 5324 4282 5358 
10637 1286 5312 5325 
10638 2816 4584 5311 
10639 5655 4646 5665 
10640 1998 2172 5332 
10641 5310 4645 5333 
10642 4205 1369 5368 
10643 5322 4418 5342 
10644 5317 2842 5337 
10645 3482 3896 5331 
10646 148 149 5340 
10647 4521 3526 5327 
10648 5033 3965 5278 
10649 4667 2160 5326 
10650 5291 4667 5326 
10651 3671 4246 5388 
10652 2563 3311 5628 
10653 1710 3140 5344 
10654 3526 5307 5327 
10655 2332 2330 5328 
10656 3610 5568 5590 
10657 2278 2276 5329 
10658 5321 1817 5336 
10659 4418 1526 5342 
10660 4081 4082 5556 
10661 4299 3835 5616 
10662 457 4009 5359 
10663 4963 5598 5603 
10664 4342 4343 5334 
10665 352 353 5339 
10666 2310 2743 5343 
10667 2870 2868 5335 
10668 3160 4727 5353 
10669 1664 4567 5324 
10670 5320 3486 5356 
10671 2842 2861 5337 
10672 4182 1354 5361 
10673 1526 4629 5362 
10674 5345 3345 5511 
10675 5342 1526 5362 
10676 5608 3476 5654 
10677 1824 4286 5364 
10678 4593 5322 5342 
10679 4550 5504 5533 
10680 5364 4286 5375 
10681 5358 3671 5388 
10682 2877 2537 5363 
10683 4646 2979 5665 
10684 3542 2903 5372 
10685 4182 5361 5385 
10686 1664 5324 5358 
10687 5580 3972 5608 
10688 5627 1289 5653 
10689 3476 3477 5654 
10690 5051 4313 5222 
10691 1593 1591 5341 
10692 1354 4181 5346 
10693 5337 2861 5352 
10694 4645 2834 5333 
10695 2498 4473 5510 
10696 4288 1824 5347 
10697 3571 5176 5216 
10698 2247 4611 5390 
10699 5334 4343 5351 
10700 5315 4290 5321 
10701 5474 4413 5487 
10702 4343 4454 5351 
10703 4568 1664 5358 
10704 3433 437 5577 
10705 1605 1607 5349 
10706 2697 2699 5350 
10707 2861 2863 5352 
10708 5362 4629 5378 
10709 4406 5342 5362 
10710 435 3864 5481 
10711 3488 3980 5396 
10712 4897 368 5445 
10713 4406 4593 5342 
10714 3486 3488 5356 
10715 444 3251 5662 
10716 1354 5346 5361 
10717 2295 2308 5354 
10718 3437 3438 5371 
10719 5114 3105 5651 
10720 5347 1824 5364 
10721 5350 2699 5365 
10722 1508 1505 5357 
10723 326 327 5379 
10724 5390 4611 5411 
10725 5383 4455 5404 
10726 1994 1996 5360 
10727 2699 2724 5365 
10728 2829 4406 5362 
10729 1871 4285 5393 
10730 5393 4285 5410 
10731 4246 3672 5426 
10732 5388 4246 5426 
10733 1593 5341 5391 
10734 480 4478 5386 
10735 4455 4348 5404 
10736 4371 4372 5545 
10737 2888 2886 5367 
10738 1508 5357 5377 
10739 4183 1288 5399 
10740 3672 4240 5463 
10741 2829 5362 5378 
10742 3496 3885 5487 
10743 5034 2959 5562 
10744 480 5386 5414 
10745 1626 1623 5369 
10746 4594 2829 5378 
10747 3436 2928 5395 
10748 4286 1871 5375 
10749 3887 4521 5366 
10750 3148 2966 5577 
10751 4558 2032 5381 
10752 5616 3835 5627 
10753 4183 5399 5424 
10754 2579 2578 5370 
10755 4206 861 5408 
10756 2032 5348 5381 
10757 3512 3513 5390 
10758 4206 5408 5425 
10759 3591 3584 5667 
10760 5072 3667 5111 
10761 4629 4419 5378 
10762 4568 5358 5388 
10763 4369 4368 5394 
10764 3555 3554 5401 
10765 4033 480 5414 
10766 861 4205 5382 
10767 2129 4650 5374 
10768 4033 5414 5440 
10769 2500 4612 5427 
10770 1510 1508 5377 
10771 1288 4182 5385 
10772 365 366 5389 
10773 5487 2289 5498 
10774 5378 4419 5403 
10775 2006 2496 5397 
10776 3048 3049 5413 
10777 3913 5437 5443 
10778 4081 5556 5594 
10779 5375 1871 5393 
10780 3327 3326 5412 
10781 3736 3735 5405 
10782 1609 1613 5384 
10783 5356 3488 5396 
10784 3048 5413 5421 
10785 936 3359 5526 
10786 4419 1533 5403 
10787 5426 3672 5463 
10788 5418 4283 5441 
10789 4454 4455 5383 
10790 1874 4283 5418 
10791 4611 2500 5411 
10792 4521 5327 5366 
10793 2534 3433 5573 
10794 2432 2431 5392 
10795 3885 5474 5487 
10796 2763 2328 5409 
10797 4583 2742 5402 
10798 461 3922 5398 
10799 1597 1593 5391 
10800 1288 5385 5399 
10801 1533 4630 5420 
10802 2992 3351 5566 
10803 5351 4454 5383 
10804 3512 5390 5411 
10805 177 523 5419 
10806 324 325 5416 
10807 861 5382 5408 
10808 3178 3177 5564 
10809 5403 1533 5420 
10810 421 4021 5439 
10811 2847 5187 5636 
10812 439 4095 5621 
10813 539 537 5422 
10814 4594 5378 5403 
10815 3195 3194 5645 
10816 3863 3354 5417 
10817 4205 5368 5382 
10818 4285 1874 5410 
10819 3050 3048 5421 
10820 2347 2345 5400 
10821 3496 5487 5498 
10822 324 5416 5430 
10823 5404 4348 5433 
10824 3914 3913 5443 
10825 5411 2500 5427 
10826 1596 4568 5388 
10827 4184 1356 5442 
10828 3343 936 5511 
10829 2907 2905 5407 
10830 323 324 5430 
10831 4184 5442 5468 
10832 1596 5388 5426 
10833 3514 3512 5411 
10834 3913 3050 5437 
10835 2742 5387 5402 
10836 535 533 5438 
10837 4207 1370 5451 
10838 2270 2563 5618 
10839 5420 4630 5446 
10840 4558 5381 5435 
10841 4207 5451 5471 
10842 3673 4239 5520 
10843 4240 3673 5492 
10844 4405 5403 5420 
10845 1800 2354 5428 
10846 408 4000 5637 
10847 4453 1939 5539 
10848 4862 3001 5545 
10849 1773 4268 5456 
10850 5410 1874 5418 
10851 4569 1596 5426 
10852 4007 5462 5480 
10853 4007 426 5462 
10854 5463 4240 5492 
10855 3492 3883 5582 
10856 4405 4594 5403 
10857 1356 4183 5424 
10858 1370 4206 5425 
10859 4583 5402 5431 
10860 4453 5539 5553 
10861 1615 1617 5423 
10862 2341 2550 5452 
10863 2023 5104 5119 
10864 2857 4405 5420 
10865 5 526 5445 
10866 426 4033 5440 
10867 2947 3542 5453 
10868 4123 4122 5510 
10869 448 5000 5489 
10870 4520 3514 5427 
10871 4612 4413 5474 
10872 4283 1773 5441 
10873 4354 4356 5434 
10874 2857 5420 5446 
10875 4600 2857 5446 
10876 5099 2115 5123 
10877 4348 4349 5433 
10878 1356 5424 5442 
10879 1939 1865 5534 
10880 4106 415 5483 
10881 1686 4631 5467 
10882 329 524 5459 
10883 3100 5067 5428 
10884 4349 4123 5470 
10885 3050 5421 5437 
10886 2959 2710 5603 
10887 1370 5425 5451 
10888 4185 1290 5477 
10889 3514 5411 5427 
10890 2965 5553 5560 
10891 4185 5477 5497 
10892 2963 2962 5436 
10893 5492 3673 5520 
10894 2352 2770 5464 
10895 5446 1686 5467 
10896 2978 5466 5485 
10897 4630 1686 5446 
10898 2919 2917 5444 
10899 1515 1513 5447 
10900 2743 4643 5460 
10901 157 525 5449 
10902 4208 863 5488 
10903 5441 1773 5456 
10904 3979 3450 5469 
10905 4208 5488 5502 
10906 426 5440 5462 
10907 2001 2003 5448 
10908 153 154 5476 
10909 2878 4583 5431 
10910 2326 2324 5450 
10911 4569 5426 5463 
10912 3906 453 5494 
10913 2051 4558 5435 
10914 3149 2965 5560 
10915 2046 2013 5472 
10916 2437 2435 5454 
10917 32 33 5482 
10918 2085 2083 5457 
10919 5511 936 5526 
10920 3675 4238 5575 
10921 2965 4453 5553 
10922 1601 1599 5458 
10923 5467 4631 5486 
10924 2978 4451 5466 
10925 5223 4313 5272 
10926 1290 4184 5468 
10927 2373 2376 5475 
10928 4600 5446 5467 
10929 4413 2289 5487 
10930 863 4207 5471 
10931 4239 3675 5550 
10932 1620 1622 5465 
10933 2903 5319 5372 
10934 3906 5494 5518 
10935 459 4036 5506 
10936 5369 1623 5661 
10937 5469 3450 5512 
10938 5429 2743 5460 
10939 5482 33 5503 
10940 2517 2516 5461 
10941 4462 929 5455 
10942 5520 4239 5550 
10943 5506 4036 5538 
10944 5483 415 5513 
10945 453 4007 5480 
10946 4186 1357 5508 
10947 5102 2685 5134 
10948 5427 4612 5474 
10949 1939 5534 5539 
10950 4186 5508 5527 
10951 4601 2867 5486 
10952 1290 5468 5477 
10953 2913 3132 5542 
10954 3495 3496 5498 
10955 1542 4632 5499 
10956 2867 5467 5486 
10957 5433 4349 5470 
10958 5460 4643 5484 
10959 1896 3881 5542 
10960 4211 5517 5531 
10961 863 5471 5488 
10962 1601 5458 5493 
10963 4211 1372 5517 
10964 4897 526 5412 
10965 33 34 5503 
10966 3163 3165 5473 
10967 1665 5463 5492 
10968 1665 4569 5463 
10969 2911 3179 5481 
10970 2790 2382 5496 
10971 2940 2938 5479 
10972 2369 2367 5478 
10973 3186 2978 5485 
10974 4570 1665 5492 
10975 5486 1542 5499 
10976 2867 4600 5467 
10977 3885 4520 5474 
10978 4020 400 5528 
10979 4631 1542 5486 
10980 4020 5528 5569 
10981 2289 4613 5498 
10982 3923 3758 5500 
10983 3676 4236 5641 
10984 453 5480 5494 
10985 5550 3675 5575 
10986 2933 2934 5489 
10987 4722 2056 5574 
10988 5470 4123 5510 
10989 3450 3449 5512 
10990 1357 4185 5497 
10991 1869 2171 5521 
10992 5499 4632 5514 
10993 4187 5536 5559 
10994 4187 1298 5536 
10995 1372 4208 5502 
10996 517 5130 5566 
10997 1624 1627 5491 
10998 4601 5486 5499 
10999 1604 1601 5493 
11000 2342 2350 5495 
11001 4220 5547 5567 
11002 3134 5511 5526 
11003 2695 5110 5147 
11004 4643 2895 5484 
11005 4220 867 5547 
11006 4238 3676 5611 
11007 4592 2885 5514 
11008 1357 5497 5508 
11009 2967 2434 5537 
11010 3532 3906 5518 
11011 2011 2009 5501 
11012 5576 4062 5617 
11013 3497 3495 5515 
11014 4061 4059 5650 
11015 4582 2763 5522 
11016 3495 5498 5515 
11017 3359 3358 5548 
11018 4060 5074 5589 
11019 2496 4669 5504 
11020 3451 4062 5576 
11021 2885 5499 5514 
11022 5533 2510 5556 
11023 5575 4238 5611 
11024 1372 5502 5517 
11025 2953 2951 5507 
11026 3497 5515 5525 
11027 525 4859 5449 
11028 2021 2294 5529 
11029 4188 5572 5593 
11030 3984 5586 5604 
11031 4570 5492 5520 
11032 2599 4614 5525 
11033 4520 5427 5474 
11034 4188 1358 5572 
11035 5498 4613 5515 
11036 886 597 5544 
11037 3545 4247 5505 
11038 4221 5584 5600 
11039 3554 3552 5539 
11040 1545 4633 5546 
11041 3984 455 5586 
11042 5490 2496 5504 
11043 3801 3803 5516 
11044 5618 2563 5628 
11045 2885 4601 5499 
11046 1298 4186 5527 
11047 4221 1712 5584 
11048 4384 3238 5519 
11049 5514 4420 5530 
11050 4632 4420 5514 
11051 5512 3449 5543 
11052 4519 3497 5525 
11053 5515 2599 5525 
11054 3754 3752 5555 
11055 4104 438 5644 
11056 5539 3552 5553 
11057 4076 4344 5562 
11058 4420 1545 5530 
11059 5557 4414 5582 
11060 3985 5620 5643 
11061 441 5114 5651 
11062 3233 1313 5524 
11063 867 4211 5531 
11064 2401 2799 5549 
11065 1629 1631 5523 
11066 4204 5602 5622 
11067 4636 2948 5664 
11068 4036 408 5538 
11069 3552 3550 5553 
11070 5611 3676 5641 
11071 4204 1300 5602 
11072 4224 5613 5632 
11073 5530 1545 5546 
11074 3550 954 5560 
11075 5555 3752 5591 
11076 2897 3134 5526 
11077 3883 5557 5582 
11078 513 3939 5595 
11079 2580 3936 5565 
11080 3985 420 5620 
11081 1298 5527 5536 
11082 4953 3238 5373 
11083 4572 1603 5550 
11084 4212 5631 5655 
11085 1603 5520 5550 
11086 4224 882 5613 
11087 5553 3550 5560 
11088 4592 5514 5530 
11089 2781 2783 5532 
11090 204 205 5581 
11091 5546 4633 5563 
11092 3491 3492 5625 
11093 4582 5522 5540 
11094 4669 2510 5533 
11095 4613 2599 5515 
11096 2807 2454 5571 
11097 3986 505 5658 
11098 4212 1371 5631 
11099 2571 4468 5578 
11100 867 5531 5547 
11101 2975 2973 5535 
11102 1603 4570 5520 
11103 5617 4061 5650 
11104 3449 3451 5543 
11105 4222 1302 5665 
11106 4404 5530 5546 
11107 4591 2904 5563 
11108 1520 1517 5541 
11109 1358 4187 5559 
11110 2028 2636 5583 
11111 3752 3751 5591 
11112 455 4020 5569 
11113 3311 2655 5647 
11114 451 5008 5592 
11115 4105 4104 5663 
11116 2904 5546 5563 
11117 1712 4220 5567 
11118 2904 4404 5546 
11119 3179 2967 5598 
11120 2763 5509 5522 
11121 2380 2370 5551 
11122 2414 2077 5597 
11123 1634 1636 5552 
11124 4110 5091 5354 
11125 1641 1637 5554 
11126 791 793 5609 
11127 4112 5237 5290 
11128 1556 4634 5601 
11129 2498 5401 5534 
11130 4404 4592 5530 
11131 2935 5095 5621 
11132 2510 4668 5556 
11133 2770 4642 5590 
11134 1358 5559 5572 
11135 2069 2025 5605 
11136 5100 4304 5329 
11137 1878 1612 5606 
11138 37 38 5633 
11139 1608 1606 5558 
11140 599 601 5623 
11141 2606 2323 5561 
11142 5633 38 5660 
11143 5504 4669 5533 
11144 4029 4028 5649 
11145 3879 5094 5338 
11146 38 39 5660 
11147 3492 5582 5625 
11148 5543 3451 5576 
11149 1712 5567 5584 
11150 2925 4582 5540 
11151 455 5569 5586 
11152 2983 2981 5570 
11153 4039 502 5596 
11154 4572 5550 5575 
11155 4062 4061 5617 
11156 4421 1556 5588 
11157 1300 4188 5593 
11158 3883 4519 5557 
11159 4559 2046 5608 
11160 5563 4421 5588 
11161 2474 2831 5634 
11162 3251 3000 5662 
11163 4614 4414 5557 
11164 2830 2515 5642 
11165 4576 1666 5611 
11166 420 3984 5604 
11167 5588 1556 5601 
11168 882 4221 5600 
11169 515 4432 5636 
11170 3493 3491 5646 
11171 4633 4421 5563 
11172 4598 2927 5614 
11173 1684 4635 5635 
11174 1883 1619 5666 
11175 5601 4634 5614 
11176 5582 2337 5625 
11177 2337 4615 5625 
11178 4581 2790 5627 
11179 1638 1642 5585 
11180 4414 2337 5582 
11181 3491 5625 5646 
11182 1300 5593 5602 
11183 2966 3169 5573 
11184 5534 3554 5539 
11185 1666 5575 5611 
11186 4591 5563 5588 
11187 4403 5588 5601 
11188 3355 444 5662 
11189 4599 2937 5652 
11190 1371 4204 5622 
11191 1561 4636 5664 
11192 5598 2967 5603 
11193 4668 2267 5594 
11194 2927 5601 5614 
11195 882 5600 5613 
11196 505 3985 5643 
11197 3828 3829 5574 
11198 4280 4278 5624 
11199 420 5604 5620 
11200 1729 4224 5632 
11201 4519 5525 5557 
11202 3008 3006 5599 
11203 1661 4494 5564 
11204 2927 4403 5601 
11205 5590 4642 5610 
11206 1302 4212 5655 
11207 1371 5622 5631 
11208 5525 4614 5557 
11209 1644 1646 5612 
11210 1666 4572 5575 
11211 5635 4635 5652 
11212 5614 1684 5635 
11213 2017 2019 5615 
11214 505 5643 5658 
11215 2397 2399 5619 
11216 1302 5655 5665 
11217 3180 3055 5626 
11218 4403 4591 5588 
11219 2142 2133 5629 
11220 3024 3022 5630 
11221 2937 5635 5652 
11222 4576 5611 5641 
11223 4559 5608 5654 
11224 1616 1614 5639 
11225 4598 5614 5635 
11226 1699 1701 5648 
11227 5625 4615 5646 
11228 4581 5627 5653 
11229 2452 2420 5657 
11230 3039 3037 5659 
11231 5652 1561 5664 
11232 1623 1621 5661 
11233 3105 3172 5651 
11234 4634 1684 5614 
11235 4599 5652 5664 
11236 5556 4668 5594 
11237 4735 392 5607 
11238 415 4769 5513 
11239 4642 2950 5610 
11240 3187 3186 5628 
11241 3241 3242 5644 
11242 2937 4598 5635 
11243 5568 2770 5590 
11244 4635 1561 5652 
11245 1618 4576 5641 
11246 4615 2662 5646 
11247 4372 4862 5545 
11248 2090 4559 5654 
11249 4502 3212 5640 
11250 2970 4581 5653 
11251 4461 1788 5645 
11252 2948 4599 5664 
11253 417 4433 5668 
11254 2046 5580 5608 
11255 4104 5644 5663 
11256 3566 5120 5360 
11257 5644 3242 5663 
11258 526 4897 5445 
11259 2790 5616 5627 
11260 5005 513 5595 
11261 2710 4963 5603 
11262 5413 3049 5455 
11263 3186 5618 5628 
11264 3242 4753 5663 
11265 5008 2995 5592 
11266 5176 2395 5216 
11267 5316 4304 5387 
11268 3566 5332 5406 
11269 5139 4306 5450 
11270 3580 5149 5448 
11271 5297 3965 5348 
11272 524 4917 5459 
11273 5125 3163 5473 
11274 5133 3971 5501 
11275 4917 328 5459 
11276 4116 5144 5495 
11277 3131 5152 5432 
11278 5097 417 5668 
11279 5485 2560 5618 
11280 4110 5343 5429 
11281 3172 5087 5651 
11282 3580 5397 5490 
11283 5080 3180 5626 
11284 2728 5223 5272 
11285 4858 442 5638 
11286 5173 4300 5551 
11287 5409 4306 5509 
11288 5237 2720 5290 
11289 5168 3185 5623 
11290 4963 488 5598 
11291 5000 2933 5489 
11292 4118 5186 5619 
11293 5304 1812 5315 
11294 5095 439 5621 
11295 3586 5205 5615 
11296 5195 4302 5657 
11297 442 5116 5638 
11298 2958 5304 5315 
11299 4116 5464 5568 
11300 5538 408 5637 
11301 5220 3187 5647 
11302 5496 4300 5616 
11303 5472 3971 5580 
11304 2032 5297 5348 
11305 3586 5529 5667 
11306 2874 5279 5380 
11307 5074 4094 5589 
11308 1369 5352 5368 
11309 2579 5370 5587 
11310 3001 5300 5545 
11311 2742 5316 5387 
11312 5352 2863 5368 
11313 5344 3140 5461 
11314 5283 2897 5548 
11315 5332 2172 5406 
11316 5130 2992 5566 
11317 5343 2743 5429 
11318 5187 515 5636 
11319 3233 5524 5656 
11320 3134 5345 5511 
11321 392 5232 5607 
11322 5537 2959 5603 
11323 5300 4371 5545 
11324 5397 2496 5490 
11325 2763 5409 5509 
11326 5401 3554 5534 
11327 5464 2770 5568 
11328 2046 5472 5580 
11329 3186 5485 5618 
11330 2790 5496 5616 
11331 2967 5537 5603 
11332 5606 4280 5624 
11333 1878 5606 5624 
11334 5529 2294 5667 
$EndElements
