$MeshFormat
4.1 0 8
$EndMeshFormat
$Entities
24 20 1 0
1 0 0 0 0 
2 2.2 0 0 0 
3 2.2 0.41 0 0 
4 0 0.41 0 0 
10 0.45 0.2 0 0 
11 0.49 0.2 0 0 
12 0.45 0.24 0 0 
13 0.41 0.2 0 0 
14 0.45 0.16 0 0 
20 0.85 0.27 0 0 
21 0.89 0.27 0 0 
22 0.85 0.31 0 0 
23 0.8099999999999999 0.27 0 0 
24 0.85 0.23 0 0 
30 1.25 0.13 0 0 
31 1.29 0.13 0 0 
32 1.25 0.17 0 0 
33 1.21 0.13 0 0 
34 1.25 0.09 0 0 
40 1.65 0.2 0 0 
41 1.69 0.2 0 0 
42 1.65 0.24 0 0 
43 1.61 0.2 0 0 
44 1.65 0.16 0 0 
1 0 0 0 2.2 0 0 1 2 2 1 -2 
2 2.2 0 0 2.2 0.41 0 1 4 2 2 -3 
3 0 0.41 0 2.2 0.41 0 1 2 2 3 -4 
4 0 0 0 0 0.41 0 1 1 2 4 -1 
10 0.45 0.2 0 0.49 0.24 0 1 3 2 11 -12 
11 0.41 0.2 0 0.45 0.24 0 1 3 2 12 -13 
12 0.41 0.16 0 0.45 0.2 0 1 3 2 13 -14 
13 0.45 0.16 0 0.49 0.2 0 1 3 2 14 -11 
20 0.85 0.27 0 0.89 0.3100000000000001 0 1 3 2 21 -22 
21 0.8100000000000001 0.27 0 0.85 0.31 0 1 3 2 22 -23 
22 0.8099999999999999 0.23 0 0.85 0.27 0 1 3 2 23 -24 
23 0.85 0.23 0 0.89 0.27 0 1 3 2 24 -21 
30 1.25 0.13 0 1.29 0.17 0 1 3 2 31 -32 
31 1.21 0.13 0 1.25 0.17 0 1 3 2 32 -33 
32 1.21 0.08999999999999997 0 1.25 0.13 0 1 3 2 33 -34 
33 1.25 0.09 0 1.29 0.13 0 1 3 2 34 -31 
40 1.65 0.2 0 1.69 0.24 0 1 3 2 41 -42 
41 1.61 0.2 0 1.65 0.24 0 1 3 2 42 -43 
42 1.61 0.16 0 1.65 0.2 0 1 3 2 43 -44 
43 1.65 0.16 0 1.69 0.2 0 1 3 2 44 -41 
1 0 0 0 2.2 0.41 0 1 1 20 1 2 3 4 -13 -12 -11 -10 -23 -22 -21 -20 -33 -32 -31 -30 -43 -42 -41 -40 
$EndEntities
$Nodes
41 1808 1 1808
0 1 0 1
1
0 0 0
0 2 0 1
2
2.2 0 0
0 3 0 1
3
2.2 0.41 0
0 4 0 1
4
0 0.41 0
0 11 0 1
5
0.49 0.2 0
0 12 0 1
6
0.45 0.24 0
0 13 0 1
7
0.41 0.2 0
0 14 0 1
8
0.45 0.16 0
0 21 0 1
9
0.89 0.27 0
0 22 0 1
10
0.85 0.31 0
0 23 0 1
11
0.8099999999999999 0.27 0
0 24 0 1
12
0.85 0.23 0
0 31 0 1
13
1.29 0.13 0
0 32 0 1
14
1.25 0.17 0
0 33 0 1
15
1.21 0.13 0
0 34 0 1
16
1.25 0.09 0
0 41 0 1
17
1.69 0.2 0
0 42 0 1
18
1.65 0.24 0
0 43 0 1
19
1.61 0.2 0
0 44 0 1
20
1.65 0.16 0
1 1 0 76
21
22
23
24
25
26
27
28
29
30
31
32
33
34
35
36
37
38
39
40
41
42
43
44
45
46
47
48
49
50
51
52
53
54
55
56
57
58
59
60
61
62
63
64
65
66
67
68
69
70
71
72
73
74
75
76
77
78
79
80
81
82
83
84
85
86
87
88
89
90
91
92
93
94
95
96
0.01989361226054601 0 0
0.03996711355322257 0 0
0.06022212989690672 0 0
0.08066030327762291 0 0
0.1012832875419455 0 0
0.1220927595972818 0 0
0.1430903993077924 0 0
0.1642779133955477 0 0
0.1856570159670744 0 0
0.2072294401371155 0 0
0.2289969335944997 0 0
0.2509612615920049 0 0
0.2731241991061605 0 0
0.2954875523383002 0 0
0.3180531246729814 0 0
0.3408227454048012 0 0
0.36379826532071 0 0
0.3869815512787847 0 0
0.4103744506985305 0 0
0.433978891678497 0 0
0.4577967902516673 0 0
0.4818300436243754 0 0
0.5060806325912152 0 0
0.5305505025634907 0 0
0.5552416439824827 0 0
0.5801560523783217 0 0
0.6052957497217072 0 0
0.6306627831967239 0 0
0.6562591936660073 0 0
0.6820870581785395 0 0
0.7081484844915252 0 0
0.7344455634390655 0 0
0.7609804312082843 0 0
0.7877552494518542 0 0
0.8147721680783891 0 0
0.842033405336895 0 0
0.869541139340576 0 0
0.8972976279895652 0 0
0.9253050955783809 0 0
0.9535658265610418 0 0
0.9820821052950403 0 0
1.010856233353144 0 0
1.039890565146937 0 0
1.069187445833863 0 0
1.098749237666532 0 0
1.128578341589612 0 0
1.158677180075274 0 0
1.189048187034527 0 0
1.219693824725498 0 0
1.250616583503835 0 0
1.281818958256259 0 0
1.313303476260612 0 0
1.345072703802951 0 0
1.377129195831443 0 0
1.409475571884037 0 0
1.442114432572307 0 0
1.475048442287673 0 0
1.508280250342445 0 0
1.541812566356888 0 0
1.575648095292811 0 0
1.60978957884303 0 0
1.644239796511287 0 0
1.679001521606478 0 0
1.71407759633663 0 0
1.749470838608289 0 0
1.78518413006015 0 0
1.821220357106081 0 0
1.857582447947654 0 0
1.894273338985816 0 0
1.931296013585085 0 0
1.968653466253078 0 0
2.00634872730093 0 0
2.044384846260042 0 0
2.082764910431248 0 0
2.12149202638262 0 0
2.160569339606162 0 0
1 2 0 10
97
98
99
100
101
102
103
104
105
106
2.2 0.03727272727265683 0
2.2 0.07454545454529118 0
2.2 0.1118181818179101 0
2.2 0.149090909090529 0
2.2 0.1863636363631695 0
2.2 0.2236363636358928 0
2.2 0.260909090908699 0
2.2 0.298181818181505 0
2.2 0.3354545454543468 0
2.2 0.372727272727161 0
1 3 0 76
107
108
109
110
111
112
113
114
115
116
117
118
119
120
121
122
123
124
125
126
127
128
129
130
131
132
133
134
135
136
137
138
139
140
141
142
143
144
145
146
147
148
149
150
151
152
153
154
155
156
157
158
159
160
161
162
163
164
165
166
167
168
169
170
171
172
173
174
175
176
177
178
179
180
181
182
2.160569339606356 0.41 0
2.121492026383042 0.41 0
2.082764910431935 0.41 0
2.044384846260995 0.41 0
2.006348727302139 0.41 0
1.968653466254469 0.41 0
1.931296013586649 0.41 0
1.894273338987584 0.41 0
1.857582447949625 0.41 0
1.821220357108249 0.41 0
1.785184130062517 0.41 0
1.749470838610847 0.41 0
1.714077596339374 0.41 0
1.679001521609428 0.41 0
1.644239796514457 0.41 0
1.609789578846412 0.41 0
1.575648095296401 0.41 0
1.541812566360679 0.41 0
1.508280250346437 0.41 0
1.475048442291858 0.41 0
1.442114432576685 0.41 0
1.409475571888606 0.41 0
1.377129195836196 0.41 0
1.345072703807855 0.41 0
1.313303476265662 0.41 0
1.281818958261451 0.41 0
1.250616583509167 0.41 0
1.219693824730965 0.41 0
1.189048187040128 0.41 0
1.158677180081003 0.41 0
1.128578341595469 0.41 0
1.098749237672504 0.41 0
1.069187445839659 0.41 0
1.039890565152564 0.41 0
1.010856233358603 0.41 0
0.9820821053003224 0.41 0
0.9535658265661446 0.41 0
0.9253050955833093 0.41 0
0.8972976279943206 0.41 0
0.8695411393451609 0.41 0
0.842033405341315 0.41 0
0.814772168082643 0.41 0
0.7877552494559457 0.41 0
0.7609804312122166 0.41 0
0.7344455634428413 0.41 0
0.7081484844951462 0.41 0
0.6820870581820071 0.41 0
0.6562591936693269 0.41 0
0.6306627831998954 0.41 0
0.6052957497247351 0.41 0
0.5801560523812066 0.41 0
0.5552416439852275 0.41 0
0.5305505025660961 0.41 0
0.5060806325936846 0.41 0
0.4818300436267111 0.41 0
0.4577967902538715 0.41 0
0.4339788916805722 0.41 0
0.4103744507004794 0.41 0
0.3869815512806072 0.41 0
0.3637982653224088 0.41 0
0.3408227454063795 0.41 0
0.3180531246744418 0.41 0
0.2954875523396432 0.41 0
0.2731241991073923 0.41 0
0.250961261593156 0.41 0
0.2289969335955677 0.41 0
0.2072294401381034 0.41 0
0.1856570159679678 0.41 0
0.1642779133963432 0.41 0
0.143090399308492 0.41 0
0.1220927595978778 0.41 0
0.101283287542433 0.41 0
0.08066030327800222 0.41 0
0.06022212989718678 0.41 0
0.03996711355340787 0.41 0
0.01989361226063924 0.41 0
1 4 0 20
183
184
185
186
187
188
189
190
191
192
193
194
195
196
197
198
199
200
201
202
0 0.3904761904762147 0
0 0.3709523809524729 0
0 0.3514285714286954 0
0 0.3319047619049458 0
0 0.3123809523811823 0
0 0.2928571428574404 0
0 0.2733333333336768 0
0 0.2538095238099349 0
0 0.2342857142861567 0
0 0.2147619047624078 0
0 0.1952380952385999 0
0 0.1757142857147328 0
0 0.1561904761908952 0
0 0.1366666666670465 0
0 0.1171428571431906 0
0 0.09761904761931661 0
0 0.0780952380954425 0
0 0.05857142857161174 0
0 0.03904761904773757 0
0 0.01952380952386334 0
1 10 0 2
203
204
0.4846410161072958 0.2200000000763518 0
0.4699999999780258 0.2346410161640644 0
1 11 0 2
205
206
0.4299999998711493 0.2346410160769856 0
0.4153589838181849 0.2199999999472807 0
1 12 0 2
207
208
0.4153589838927042 0.1799999999236482 0
0.4300000000219742 0.1653589838359357 0
1 13 0 2
209
210
0.4700000001288507 0.1653589839230144 0
0.4846410161818151 0.1800000000527193 0
1 20 0 2
211
212
0.8846410160735907 0.2900000001347308 0
0.869999999807413 0.3046410162625677 0
1 21 0 2
213
214
0.8300000000934132 0.3046410162053097 0
0.8153589838325115 0.2899999999720951 0
1 22 0 2
215
216
0.8153589839194427 0.2499999998773356 0
0.8300000001759835 0.2353589837470183 0
1 23 0 2
217
218
0.8699999999366916 0.2353589838120714 0
0.8846410161697964 0.2500000000319024 0
1 30 0 2
219
220
1.284641016146766 0.1500000000079869 0
1.270000000093308 0.1646410160975061 0
1 31 0 2
221
222
1.229999999855393 0.1646410160678883 0
1.215358983826098 0.1499999999609861 0
1 32 0 2
223
224
1.215358983864292 0.1099999999728589 0
1.229999999892817 0.09535898391050444 0
1 33 0 2
225
226
1.270000000124652 0.09535898392059013 0
1.284641016174158 0.1100000000394572 0
1 40 0 2
227
228
1.684641016146766 0.2200000000079869 0
1.670000000093308 0.2346410160975061 0
1 41 0 2
229
230
1.629999999855392 0.2346410160678883 0
1.615358983826098 0.2199999999609861 0
1 42 0 2
231
232
1.615358983853234 0.1799999999920131 0
1.629999999906692 0.1653589839024939 0
1 43 0 2
233
234
1.670000000144607 0.1653589839321117 0
1.684641016173902 0.1800000000390139 0
2 1 0 1574
235
236
237
238
239
240
241
242
243
244
245
246
247
248
249
250
251
252
253
254
255
256
257
258
259
260
261
262
263
264
265
266
267
268
269
270
271
272
273
274
275
276
277
278
279
280
281
282
283
284
285
286
287
288
289
290
291
292
293
294
295
296
297
298
299
300
301
302
303
304
305
306
307
308
309
310
311
312
313
314
315
316
317
318
319
320
321
322
323
324
325
326
327
328
329
330
331
332
333
334
335
336
337
338
339
340
341
342
343
344
345
346
347
348
349
350
351
352
353
354
355
356
357
358
359
360
361
362
363
364
365
366
367
368
369
370
371
372
373
374
375
376
377
378
379
380
381
382
383
384
385
386
387
388
389
390
391
392
393
394
395
396
397
398
399
400
401
402
403
404
405
406
407
408
409
410
411
412
413
414
415
416
417
418
419
420
421
422
423
424
425
426
427
428
429
430
431
432
433
434
435
436
437
438
439
440
441
442
443
444
445
446
447
448
449
450
451
452
453
454
455
456
457
458
459
460
461
462
463
464
465
466
467
468
469
470
471
472
473
474
475
476
477
478
479
480
481
482
483
484
485
486
487
488
489
490
491
492
493
494
495
496
497
498
499
500
501
502
503
504
505
506
507
508
509
510
511
512
513
514
515
516
517
518
519
520
521
522
523
524
525
526
527
528
529
530
531
532
533
534
535
536
537
538
539
540
541
542
543
544
545
546
547
548
549
550
551
552
553
554
555
556
557
558
559
560
561
562
563
564
565
566
567
568
569
570
571
572
573
574
575
576
577
578
579
580
581
582
583
584
585
586
587
588
589
590
591
592
593
594
595
596
597
598
599
600
601
602
603
604
605
606
607
608
609
610
611
612
613
614
615
616
617
618
619
620
621
622
623
624
625
626
627
628
629
630
631
632
633
634
635
636
637
638
639
640
641
642
643
644
645
646
647
648
649
650
651
652
653
654
655
656
657
658
659
660
661
662
663
664
665
666
667
668
669
670
671
672
673
674
675
676
677
678
679
680
681
682
683
684
685
686
687
688
689
690
691
692
693
694
695
696
697
698
699
700
701
702
703
704
705
706
707
708
709
710
711
712
713
714
715
716
717
718
719
720
721
722
723
724
725
726
727
728
729
730
731
732
733
734
735
736
737
738
739
740
741
742
743
744
745
746
747
748
749
750
751
752
753
754
755
756
757
758
759
760
761
762
763
764
765
766
767
768
769
770
771
772
773
774
775
776
777
778
779
780
781
782
783
784
785
786
787
788
789
790
791
792
793
794
795
796
797
798
799
800
801
802
803
804
805
806
807
808
809
810
811
812
813
814
815
816
817
818
819
820
821
822
823
824
825
826
827
828
829
830
831
832
833
834
835
836
837
838
839
840
841
842
843
844
845
846
847
848
849
850
851
852
853
854
855
856
857
858
859
860
861
862
863
864
865
866
867
868
869
870
871
872
873
874
875
876
877
878
879
880
881
882
883
884
885
886
887
888
889
890
891
892
893
894
895
896
897
898
899
900
901
902
903
904
905
906
907
908
909
910
911
912
913
914
915
916
917
918
919
920
921
922
923
924
925
926
927
928
929
930
931
932
933
934
935
936
937
938
939
940
941
942
943
944
945
946
947
948
949
950
951
952
953
954
955
956
957
958
959
960
961
962
963
964
965
966
967
968
969
970
971
972
973
974
975
976
977
978
979
980
981
982
983
984
985
986
987
988
989
990
991
992
993
994
995
996
997
998
999
1000
1001
1002
1003
1004
1005
1006
1007
1008
1009
1010
1011
1012
1013
1014
1015
1016
1017
1018
1019
1020
1021
1022
1023
1024
1025
1026
1027
1028
1029
1030
1031
1032
1033
1034
1035
1036
1037
1038
1039
1040
1041
1042
1043
1044
1045
1046
1047
1048
1049
1050
1051
1052
1053
1054
1055
1056
1057
1058
1059
1060
1061
1062
1063
1064
1065
1066
1067
1068
1069
1070
1071
1072
1073
1074
1075
1076
1077
1078
1079
1080
1081
1082
1083
1084
1085
1086
1087
1088
1089
1090
1091
1092
1093
1094
1095
1096
1097
1098
1099
1100
1101
1102
1103
1104
1105
1106
1107
1108
1109
1110
1111
1112
1113
1114
1115
1116
1117
1118
1119
1120
1121
1122
1123
1124
1125
1126
1127
1128
1129
1130
1131
1132
1133
1134
1135
1136
1137
1138
1139
1140
1141
1142
1143
1144
1145
1146
1147
1148
1149
1150
1151
1152
1153
1154
1155
1156
1157
1158
1159
1160
1161
1162
1163
1164
1165
1166
1167
1168
1169
1170
1171
1172
1173
1174
1175
1176
1177
1178
1179
1180
1181
1182
1183
1184
1185
1186
1187
1188
1189
1190
1191
1192
1193
1194
1195
1196
1197
1198
1199
1200
1201
1202
1203
1204
1205
1206
1207
1208
1209
1210
1211
1212
1213
1214
1215
1216
1217
1218
1219
1220
1221
1222
1223
1224
1225
1226
1227
1228
1229
1230
1231
1232
1233
1234
1235
1236
1237
1238
1239
1240
1241
1242
1243
1244
1245
1246
1247
1248
1249
1250
1251
1252
1253
1254
1255
1256
1257
1258
1259
1260
1261
1262
1263
1264
1265
1266
1267
1268
1269
1270
1271
1272
1273
1274
1275
1276
1277
1278
1279
1280
1281
1282
1283
1284
1285
1286
1287
1288
1289
1290
1291
1292
1293
1294
1295
1296
1297
1298
1299
1300
1301
1302
1303
1304
1305
1306
1307
1308
1309
1310
1311
1312
1313
1314
1315
1316
1317
1318
1319
1320
1321
1322
1323
1324
1325
1326
1327
1328
1329
1330
1331
1332
1333
1334
1335
1336
1337
1338
1339
1340
1341
1342
1343
1344
1345
1346
1347
1348
1349
1350
1351
1352
1353
1354
1355
1356
1357
1358
1359
1360
1361
1362
1363
1364
1365
1366
1367
1368
1369
1370
1371
1372
1373
1374
1375
1376
1377
1378
1379
1380
1381
1382
1383
1384
1385
1386
1387
1388
1389
1390
1391
1392
1393
1394
1395
1396
1397
1398
1399
1400
1401
1402
1403
1404
1405
1406
1407
1408
1409
1410
1411
1412
1413
1414
1415
1416
1417
1418
1419
1420
1421
1422
1423
1424
1425
1426
1427
1428
1429
1430
1431
1432
1433
1434
1435
1436
1437
1438
1439
1440
1441
1442
1443
1444
1445
1446
1447
1448
1449
1450
1451
1452
1453
1454
1455
1456
1457
1458
1459
1460
1461
1462
1463
1464
1465
1466
1467
1468
1469
1470
1471
1472
1473
1474
1475
1476
1477
1478
1479
1480
1481
1482
1483
1484
1485
1486
1487
1488
1489
1490
1491
1492
1493
1494
1495
1496
1497
1498
1499
1500
1501
1502
1503
1504
1505
1506
1507
1508
1509
1510
1511
1512
1513
1514
1515
1516
1517
1518
1519
1520
1521
1522
1523
1524
1525
1526
1527
1528
1529
1530
1531
1532
1533
1534
1535
1536
1537
1538
1539
1540
1541
1542
1543
1544
1545
1546
1547
1548
1549
1550
1551
1552
1553
1554
1555
1556
1557
1558
1559
1560
1561
1562
1563
1564
1565
1566
1567
1568
1569
1570
1571
1572
1573
1574
1575
1576
1577
1578
1579
1580
1581
1582
1583
1584
1585
1586
1587
1588
1589
1590
1591
1592
1593
1594
1595
1596
1597
1598
1599
1600
1601
1602
1603
1604
1605
1606
1607
1608
1609
1610
1611
1612
1613
1614
1615
1616
1617
1618
1619
1620
1621
1622
1623
1624
1625
1626
1627
1628
1629
1630
1631
1632
1633
1634
1635
1636
1637
1638
1639
1640
1641
1642
1643
1644
1645
1646
1647
1648
1649
1650
1651
1652
1653
1654
1655
1656
1657
1658
1659
1660
1661
1662
1663
1664
1665
1666
1667
1668
1669
1670
1671
1672
1673
1674
1675
1676
1677
1678
1679
1680
1681
1682
1683
1684
1685
1686
1687
1688
1689
1690
1691
1692
1693
1694
1695
1696
1697
1698
1699
1700
1701
1702
1703
1704
1705
1706
1707
1708
1709
1710
1711
1712
1713
1714
1715
1716
1717
1718
1719
1720
1721
1722
1723
1724
1725
1726
1727
1728
1729
1730
1731
1732
1733
1734
1735
1736
1737
1738
1739
1740
1741
1742
1743
1744
1745
1746
1747
1748
1749
1750
1751
1752
1753
1754
1755
1756
1757
1758
1759
1760
1761
1762
1763
1764
1765
1766
1767
1768
1769
1770
1771
1772
1773
1774
1775
1776
1777
1778
1779
1780
1781
1782
1783
1784
1785
1786
1787
1788
1789
1790
1791
1792
1793
1794
1795
1796
1797
1798
1799
1800
1801
1802
1803
1804
1805
1806
1807
1808
0.01992020977663047 0.2051463208482807 0
0.2180883527761869 0.391306662262927 0
0.2154535000221093 0.01872418673384317 0
1.195358983902207 0.144641016104041 0
0.9046410161329588 0.2553589838805248 0
1.303787401873831 0.1489686731819419 0
0.7953144027734546 0.2553325488341469 0
0.5046491898737151 0.2146102850318982 0
0.3953235997916263 0.2146407072829064 0
0.6690114163689387 0.02064593627983067 0
0.1324850715364979 0.3940111428641602 0
0.1315647187432742 0.0150891750111663 0
1.595013430945451 0.2145998388017046 0
0.6465149991623523 0.38661451907328 0
1.702724275435938 0.2182393075650267 0
1.026750187138858 0.02139001781310094 0
1.084018799271485 0.383875068622417 0
1.426967538771047 0.3847617092934464 0
0.3054131835332618 0.01888428356697647 0
0.2852305666614615 0.3902062865457646 0
1.918421072769727 0.03202262247180594 0
0.01762599222694186 0.2832736562264504 0
0.01849390491813147 0.1255951436640574 0
1.870824339981602 0.3799284600084931 0
0.7488611697144879 0.02269945181323359 0
2.170986636829865 0.2054441514995217 0
1.459345145886361 0.02817006059006398 0
0.5946364397353419 0.02232495850731107 0
0.834303685354739 0.2148798432520389 0
1.235782729700501 0.1845918296546097 0
0.9385937033040724 0.02100257212717708 0
1.990240821472024 0.3748466720220235 0
1.328955874850928 0.3859907209005048 0
0.3528374361599994 0.3904626743694599 0
0.567698848183217 0.3885201668457098 0
0.4085885794514821 0.1612866173711016 0
1.171863324457685 0.380954682401339 0
0.4901463624590006 0.1599494896866325 0
0.8558218914117743 0.02245843501556602 0
1.803511015392023 0.02971854743064103 0
0.4349608694340322 0.2560707238203197 0
1.610100955815397 0.1593011663943797 0
2.020912692453321 0.03425420193093232 0
0.9972707811297812 0.3861758763084236 0
0.717979073132866 0.3854577012492967 0
0.4938881774969412 0.3892334692866254 0
1.690491707203286 0.1598240184979055 0
0.3732961819747093 0.01902645053972748 0
1.526227716587232 0.3811663734954941 0
1.1175113551982 0.02742718592484969 0
0.4677374492159868 0.02034632856195276 0
0.07094743581115467 0.3929923240602651 0
0.07044121658726482 0.01762066803117529 0
1.634947382802802 0.2550974506212184 0
1.766077425445103 0.3781076332488866 0
0.422275583353778 0.390601991255238 0
1.55675639172891 0.02776040760709289 0
1.699453747565209 0.3771682077526892 0
0.8096188109175126 0.3101403743351188 0
1.361528118368441 0.02694925952199706 0
0.8899999997588985 0.3100000001368521 0
1.593361461669831 0.3835782701528785 0
1.731072654273357 0.02966697734836087 0
1.659454777066091 0.02660137999039605 0
0.01819111306094286 0.3403591985196159 0
0.01550771822559755 0.06881946368601873 0
1.234205701279875 0.38404684810703 0
0.8012604826833345 0.02310871053325561 0
0.5202460841246246 0.02043600903890848 0
0.4221766711885139 0.02035044534822779 0
2.06475388019802 0.3769647302533046 0
0.262119985648217 0.01799683421292492 0
0.1761871611519872 0.3922038099527654 0
0.1763552494081995 0.01891862013129195 0
2.165503059193703 0.2795630636176624 0
2.167212110563403 0.1300341530510123 0
0.01610880010202596 0.2447441942478387 0
0.01449022046786658 0.1655800870251117 0
1.212607435325943 0.08627047511174363 0
0.9427476857155239 0.387524832065873 0
1.290000000045562 0.09000000014393583 0
0.7749510635643551 0.3850063852079106 0
2.105915902956585 0.03238635157843436 0
0.8276051346364485 0.3889753432601596 0
0.8860184700618208 0.3837219448587509 0
0.7899999999654541 0.2753589837415273 0
0.7752564322784889 0.2605467271510185 0
0.7806504583941296 0.2405591148131509 0
0.7603923286891745 0.2455959458158974 0
0.7659715852476746 0.2253723985882334 0
0.7453419407200623 0.2305930559441281 0
0.7510873928118602 0.20992590835318 0
0.7302001853175921 0.2152326211064194 0
0.7244949197516574 0.2359542015558701 0
0.7092369421403462 0.2206290519019331 0
0.7150600974121395 0.1998117000126949 0
0.6936962315676858 0.205366984918107 0
0.6881096496573412 0.2261858467348463 0
0.6727484898522091 0.2104884683996958 0
0.6669325877280179 0.2316499805389083 0
0.678733420013294 0.1895408897625405 0
0.6574784865306903 0.1947732498398353 0
0.6631898966065919 0.1739568815395915 0
0.6420486294234089 0.1789828430211195 0
0.6482133923945936 0.1576809721478798 0
0.6691416865885721 0.1528730991029077 0
0.6265117112167652 0.1629704281000213 0
0.6204813240800592 0.184215506991015 0
0.6327679017085944 0.1415043050533936 0
0.610900833198449 0.1468688722265495 0
0.7706782092064797 0.2810135825416566 0
0.6171966676189212 0.1252278176075974 0
0.5953391620457487 0.1307467961237359 0
0.5891387599009721 0.1522572374388274 0
0.5736343873128684 0.136258585930898 0
0.6825650823428214 0.2474330054742998 0
0.6609492447210554 0.2530700294768407 0
0.6769011404886579 0.2690788349366047 0
0.6549064056547196 0.274802939697122 0
0.6390446919567716 0.2585540582157281 0
0.6328960862537537 0.2804064388897841 0
0.6170979953473767 0.2641834030703039 0
0.6109154144991991 0.2860123773639715 0
0.5951447246610628 0.2698143152806871 0
0.5889766188079196 0.2915871691162781 0
0.6708802411241372 0.2910459586402924 0
0.5732672091944241 0.2757085254372439 0
0.5670992814926704 0.2971870520391021 0
0.5768798974859841 0.2513354679796632 0
0.5514387363143158 0.2813668384777633 0
0.5452870120463071 0.3027346531691136 0
0.6392582744238547 0.119741846880495 0
0.5796371399829544 0.1147156330853574 0
0.5580345095419554 0.1202987393024343 0
0.5639198155565419 0.09855014551332399 0
0.5421399197279978 0.1041813791652793 0
0.5685929842593918 0.1567234967873685 0
0.7707853057326133 0.2043597211864757 0
0.7566571335298582 0.1888655731529663 0
0.7768038339122072 0.1831238039599637 0
0.7624181744897103 0.1674326230550519 0
0.7843796454254136 0.1621608960004308 0
0.7685713363042035 0.1456987467090479 0
0.7911459703302004 0.1401595195025406 0
0.774817650596521 0.1234785208638435 0
0.7975510635014209 0.1177143896521871 0
0.8140271922928557 0.1346741726151188 0
0.7522441891718521 0.1292469530700775 0
0.8205497607651441 0.1119804542121636 0
0.8371687330364392 0.1298574588118334 0
0.5296361827508298 0.2866621476314689 0
0.523543469259441 0.3082002589496748 0
0.8437643922161181 0.1063170978385194 0
0.8605611799232779 0.1244129945600139 0
0.8673120121781073 0.1004689737605686 0
0.8839737780575732 0.1181424994628457 0
0.8770274975274197 0.1412474643336841 0
0.9004687060657688 0.1353874274591071 0
0.9080271520125471 0.1125528386812559 0
0.9240995617957377 0.1304004962854037 0
0.9166596928604565 0.1515565926872078 0
0.9402651683845329 0.1477622280084985 0
0.9474553569774729 0.1252720674141089 0
0.9632290871645157 0.1429466988402521 0
0.9561742415128591 0.1651638439156433 0
0.9787538321759335 0.1604618802657003 0
0.9720786427932808 0.1817615765019795 0
0.9939647310177915 0.1775420051320153 0
0.9867337961139189 0.1992317052055087 0
1.008955825589637 0.1943078295728761 0
1.016121921894046 0.173125998326819 0
1.031352795146343 0.1901036401370861 0
1.02321913256258 0.2110803123992729 0
1.046174242292388 0.2070191982289582 0
1.053643478369885 0.1857644714057509 0
1.068590714699182 0.2027620503140825 0
1.060984633483415 0.2243195186549539 0
1.083856103743687 0.2199432653334087 0
1.07576512782185 0.1814547057414227 0
1.076305389874625 0.2419874788213748 0
1.099604757485143 0.2374129642642869 0
1.092150551232838 0.2599768281012061 0
1.11571867359138 0.2550941356771623 0
1.068226441919574 0.2647016280922493 0
1.123068068074656 0.2327646275632893 0
1.139193513325804 0.2500777212385655 0
1.13185350242157 0.2731269332015822 0
1.156282088706958 0.2678968952239142 0
1.060888788062478 0.1644636413906161 0
1.083040897482768 0.1600720779493971 0
1.06791974230468 0.1429075463685342 0
1.090387707686226 0.1385557564250359 0
0.9708276305967865 0.1203069335806004 0
1.105298973991389 0.1556009770384045 0
1.112722823096328 0.1342831719240392 0
1.075145004861843 0.1209557308061899 0
1.146608281072496 0.2273127152635149 0
1.084561249205513 0.2831562566234724 0
1.060337279483501 0.2879355970053601 0
0.6047780369952596 0.307926594998079 0
0.9493235614263105 0.1892929203368769 0
0.5079774109128798 0.2922055387611566 0
0.5016799150070202 0.3128782761119588 0
0.6233835602045911 0.1031378224677199 0
1.148497609212075 0.2917810421483785 0
1.17299558644116 0.2864898659748913 0
1.180938058091047 0.2624261790940264 0
1.197566684999703 0.2809371698297577 0
0.644988848241994 0.09777605093273421 0
0.6930726901977187 0.2851335329651493 0
0.6871112817335741 0.3074548701319773 0
1.205195650926952 0.2570965355164973 0
1.221914515477921 0.2753246588136206 0
0.7580604900263668 0.1069880323542077 0
0.7354874247031186 0.112695638512811 0
1.052366114158104 0.1258700650830084 0
1.059382137602514 0.1031004351502113 0
1.229243644121776 0.246787393300592 0
1.246149656219875 0.2690380238411103 0
1.254569198193067 0.2442877145965773 0
1.270492571335716 0.2639154137249417 0
1.27822977740644 0.2401518866254014 0
1.294557766246581 0.2587165409935278 0
1.301818521784394 0.2352228459075885 0
1.318384219079604 0.2527305448510186 0
1.325678630387024 0.2298701157569273 0
1.342383257590031 0.2472948150290202 0
1.349730086540812 0.224280703533973 0
1.366903378214363 0.2425646582584712 0
1.374343329768176 0.2183885400065865 0
1.392076903530505 0.2369131605196156 0
1.399318942030178 0.2124740192947965 0
1.416967109971589 0.2308749839791492 0
1.424284068373631 0.2067592623470833 0
1.441599757870452 0.2248601960399365 0
1.448824053487894 0.201129050228917 0
1.404554061326786 0.1882802332827213 0
1.465713022130334 0.2189896170874136 0
1.472873874981407 0.1952692320847106 0
1.458916432773574 0.2426180540920238 0
1.483074233830981 0.2373848626643038 0
1.475902265169143 0.2611491678716216 0
1.50076198241374 0.2558530207577793 0
1.35721289451476 0.2649759832831008 0
1.455449157000934 0.1773590308931523 0
1.480441644992131 0.1715262737353744 0
1.462451590125178 0.1529883817669005 0
1.488581856718421 0.1471083897203481 0
1.409677729421333 0.2549193286299001 0
1.496132685913991 0.1900022501769747 0
1.312753360188466 0.2746491755741433 0
1.262957546373839 0.2875533298227979 0
1.493214995625149 0.2799658085416255 0
1.518228516714014 0.273917341316636 0
1.467812879783475 0.2859728852142369 0
1.470590465633419 0.1280676920418463 0
1.444064780196346 0.1340238540120736 0
1.496386956067726 0.1220473377583568 0
1.514469725212692 0.1414172824415484 0
1.523694594373033 0.1152086269801936 0
1.356688560839831 0.1997864875337671 0
1.523327609221461 0.2502874178040292 0
1.545121053407639 0.2645467538021097 0
1.536290108634804 0.2918677096513331 0
1.561011607875368 0.2857514976854979 0
1.126444603296161 0.1509037501473124 0
1.133594417020852 0.1295239405847001 0
1.120058225848753 0.1126432788589402 0
0.486274535752712 0.2976926421319118 0
0.4799176162421194 0.318153051271862 0
1.142443055073028 0.1082026619512728 0
0.6646514211713321 0.3134705696245505 0
1.214461533559856 0.2988455842847678 0
1.044003218186979 0.2692518659589994 0
1.03594005295771 0.2925310252519027 0
1.019820423899487 0.2737423575689405 0
1.011531967517351 0.2970595804082862 0
0.9955671324380033 0.2784336686298494 0
0.9873054126620786 0.3015002304929633 0
1.027506492726684 0.3160809091697297 0
0.9719143021994703 0.2832299275468591 0
0.9633825054128008 0.3060269212888154 0
0.7093503673641722 0.3013706008991679 0
0.9549135439997164 0.1022926197778756 0
0.9786503918030636 0.09701257285575343 0
0.5166420643709403 0.3311244724077139 0
0.4649100580050856 0.3037520595995927 0
0.4587181527443465 0.3246053066024788 0
0.4434570085834614 0.309520055483788 0
1.539113005597697 0.1361343808101866 0
1.549417682466985 0.1103170247505608 0
0.5615417553795772 0.317314503857751 0
1.48554027732849 0.305576247756733 0
0.6296438764090398 0.08071613326355105 0
0.6812140542411581 0.3301390063862631 0
0.5481920660249241 0.08250399932534148 0
0.5273494975702011 0.08864139412377293 0
0.4372055619586451 0.3298580103798325 0
0.4217810078958513 0.3143592555615644 0
0.4157007636895065 0.3351704705710781 0
0.4003012114916347 0.319674863987695 0
1.506809294268331 0.09708169107027649 0
1.07677750501941 0.3069922653323357 0
0.8992820323025172 0.2353589839133148 0
0.8846410161820872 0.2172874172805298 0
0.9194173171167654 0.2406817182945803 0
0.9046410161155664 0.2846410162556703 0
1.293372690694766 0.1676966463722418 0
1.199862736363916 0.1650904179983202 0
0.3986819499259936 0.236466366514629 0
0.3799567068054731 0.229330194542821 0
0.3751749214101715 0.2092373128054979 0
0.360412912010692 0.2238388404368071 0
0.3551129311278645 0.203672873818989 0
0.340498909196276 0.2172266829632067 0
0.3349533679534462 0.1979133465718282 0
0.3202084721460726 0.2115786651064551 0
0.3146183327873566 0.1922684110241611 0
0.2994924890719185 0.2070682525299786 0
0.2940941299643816 0.1867846828381036 0
0.2789960101316478 0.2016590705266669 0
0.2736578466281247 0.1812679606379599 0
0.2586396877419964 0.1960937883317992 0
0.2533108421649081 0.1757317391337603 0
0.2383638752255314 0.1905578708314256 0
0.2438685805922146 0.2100761148237711 0
0.2234808315391341 0.2051493746086731 0
0.2181443291718564 0.1850716889869626 0
0.2031806805023987 0.1995054328865054 0
0.1978364034900779 0.1792112069670704 0
0.2081289546629402 0.2194166539835272 0
0.188112627578878 0.2137350305351386 0
0.3066150014963587 0.2280452621240948 0
0.193198769196499 0.2338834032880764 0
0.1737328739326193 0.2290297433036031 0
0.3093679508272342 0.1721952321697767 0
0.1789120042099045 0.2489854927220914 0
0.2020309758572546 0.2543483126867433 0
0.1590158482855865 0.2436124815971953 0
0.1531598384282083 0.2221515327857866 0
0.1642598115410441 0.2636132292186122 0
0.1438855365916675 0.2576516420975075 0
0.1495011659611933 0.2780226997348639 0
0.1291592139218651 0.2720791643936509 0
0.1348260070175993 0.2924457471504759 0
0.1545114375629907 0.2977099173683924 0
0.1150489546611533 0.2870110905672036 0
0.1092361882719491 0.2657241765189991 0
0.3667959412569218 0.2438056529946815 0
0.1203197068138992 0.3069797640739195 0
0.1006017867539233 0.3015356392279172 0
0.2682765639442126 0.1608615291094161 0
0.2479507908707643 0.1553775589526775 0
0.2628990612814048 0.1404133373758334 0
0.2425088723120839 0.1348980928063494 0
0.2575157072437008 0.119892399660732 0
0.2370305573302339 0.1143442750551553 0
0.2780545135752354 0.1254709472054884 0
0.2726450618212445 0.1047840945415228 0
0.2933957302761965 0.1104750909718996 0
0.349340365592175 0.1837928340996048 0
0.105749130734006 0.3213299869461436 0
0.0860944119533559 0.3158751851306381 0
0.1254975825806064 0.3267927782015719 0
0.08098210982618979 0.2962375119370599 0
0.2878942517704242 0.08960152901937866 0
0.3087586565438369 0.0952814867994671 0
0.2670963911156738 0.08397570153569299 0
0.2221553343505214 0.1294334186733803 0
0.216608558773955 0.108858421015326 0
0.2017523918215644 0.123825349372532 0
0.1962504646161593 0.1033995950615678 0
0.1813147681595469 0.1181809020421659 0
0.1759739029784436 0.09795479136768925 0
0.161190436277338 0.1126652319741642 0
0.1558194106547345 0.09249266376835855 0
0.141129963146497 0.1071701774931547 0
0.1464324997478986 0.1272192515353349 0
0.1265103616213879 0.1217670192025941 0
0.1210449429555978 0.1015380130151468 0
0.1317493617874445 0.141654785743479 0
0.1119859429809868 0.1362576119070963 0
0.1171690871555735 0.1559994987074248 0
0.09738868697257326 0.1505242370634105 0
0.1026920228279572 0.1703356633270319 0
0.09210154484867433 0.1303716099011409 0
0.08298853942333384 0.1648409930886013 0
0.08827044196097214 0.1845366467220174 0
0.1368423378720043 0.1613830683974927 0
0.2110109154867066 0.08842688977732252 0
0.31422435734652 0.1162495427185414 0
0.3296791096998788 0.1010072797665258 0
0.3351557984458301 0.1219850792647872 0
0.3506615267167298 0.1067651248599845 0
0.3451470075555286 0.08565571032719563 0
0.3662778652609465 0.09147916476003509 0
0.06653867597002072 0.3106052499731204 0
0.07151384837119663 0.330415845299727 0
0.1108903946604287 0.3411944791772525 0
0.3554325222570379 0.1278917930204155 0
0.435358983874647 0.1453589838764257 0
0.4136254651136601 0.1369974573589666 0
1.172620182621123 0.02258301391676875 0
0.4754918487325662 0.1445260839538731 0
0.5108567305487566 0.1975190620239898 0
0.5249810942070126 0.2097995709859939 0
0.3943377612043866 0.340970364118249 0
0.3789338955175799 0.325112135559528 0
0.3848827052915879 0.3039340652946845 0
0.3635643804998854 0.3093297291660713 0
0.3575677305064636 0.3304936201866413 0
0.3422442264946655 0.3147019445800496 0
0.3362372955841787 0.3358469301076515 0
0.3209964596421159 0.3200379563628379 0
0.3269756795540484 0.2990154252733199 0
0.3057823122496134 0.3043650420159599 0
0.2998387056450275 0.3252765155759966 0
0.2846938312984511 0.3096554411413589 0
0.2787548893263349 0.3304686264909408 0
0.2637471535333702 0.3148571425828759 0
0.2696514357755083 0.2941587296107554 0
0.2488380897242495 0.2993171331463871 0
0.2429152206084502 0.3199594348199134 0
0.2547439428984388 0.278734618938819 0
0.2280860173733414 0.3044927704958958 0
0.2218936779851848 0.3239125103333778 0
0.8046063497585968 0.09217504633493649 0
1.60062176502742 0.2350000493230489 0
0.8248659435870979 0.3248238487278232 0
0.06846963994870138 0.1788931454781647 0
0.07387770612417813 0.1986768812165031 0
0.09339963092039869 0.2040616913195598 0
0.07902665909591153 0.2182262577540907 0
0.06311317176093481 0.1587507133077651 0
1.689469469085531 0.240107785700562 0
1.714347039677733 0.2380663823876209 0
1.726893757450421 0.2179966588415223 0
1.738233427319963 0.239944696089408 0
1.751668134533536 0.2188786527915725 0
1.763227273780959 0.2430521260661142 0
1.779080343081567 0.2212084478922289 0
1.766346659542153 0.1961326682912594 0
1.795367419650358 0.1979557850503426 0
1.807756567085395 0.2242355136656065 0
1.825089350488149 0.1997349108193461 0
1.838235651904817 0.2265204971970265 0
1.856280218528757 0.1998125759591206 0
1.871302121853068 0.2286993386020106 0
1.888965728927739 0.2014855894069488 0
1.904386035578945 0.2328899386687074 0
1.922010080137053 0.2061876701157168 0
1.937026358394534 0.2370703508140541 0
1.956677180237884 0.2087146667605709 0
1.971588364038476 0.2404000844431785 0
1.991664025438691 0.2115191630976707 0
1.841754564181021 0.1686816487884697 0
1.704571167483128 0.2590759171988044 0
2.006769330331579 0.2436519282668886 0
1.976459058089704 0.1796063078063616 0
2.011853901555143 0.1823015280358961 0
1.821391952501067 0.2485255770877956 0
1.907935960649602 0.1748100457105007 0
1.780982724407164 0.1716210535696111 0
1.919749391634131 0.2684493784152404 0
1.996390836254399 0.1501066624603578 0
2.032183100728202 0.1527668156135677 0
2.047666426866001 0.1852593774032966 0
1.745086078718497 0.266759255884966 0
1.986402726316763 0.2728077403923976 0
2.022087457374989 0.2760315632578789 0
0.8646410159587913 0.3246410160401871 0
0.1705893001427849 0.07777000568011228 0
0.1504224935404127 0.07233694497684316 0
1.674488573944673 0.1453298374702121 0
1.653692138839263 0.1377685708326693 0
1.695552787159417 0.1379968360530043 0
1.593429917947833 0.1746292579954664 0
1.452186331496069 0.1082162809314994 0
1.425275103070404 0.1143961268192649 0
0.8311318172988041 0.1541650805819462 0
1.275067859652419 0.07386294705608078 0
1.296684548751309 0.0687000303406143 0
1.313526994923709 0.08483999181058401 0
1.553998765061281 0.3102130121548198 0
1.579227065425759 0.3033008599132717 0
0.729544317414567 0.1352599913061117 0
0.7127793509618503 0.1188605336523074 0
0.7188278067896056 0.09591577464184275 0
1.712328625462842 0.1547018800422607 0
1.719952289299022 0.1322455538713553 0
1.701292826010847 0.1138468332611714 0
1.727393463590698 0.1074121421477515 0
1.235852879041701 0.07520868092925347 0
2.068259932294998 0.1555156381026934 0
0.4519876964226116 0.347752945617365 0
0.2344365387091662 0.3408344158456274 0
0.8034303384449484 0.3299291517801706 0
1.459221083661997 0.3118779839842183 0
0.5009106951314337 0.2358248225431793 0
0.9822355839657454 0.2603825920025173 0
1.165235586577119 0.3109201754358275 0
1.140574647657299 0.3160792517715669 0
0.4956731837194359 0.1396873434389253 0
0.4816755685314053 0.1225562835412747 0
0.5106069341564838 0.1547309111241759 0
1.119837535120915 0.1723895296007536 0
1.143404950423735 0.1650599703200397 0
0.6233317114781164 0.2425331534935098 0
2.052541294720321 0.123788292573718 0
0.3116518380922418 0.2835426385141609 0
0.5700232589578778 0.07647376090998309 0
1.12802755745287 0.09058295493360374 0
1.150799565747755 0.08641842951114299 0
1.208995868846888 0.2369904705785558 0
1.260106071292492 0.1858647070926998 0
0.2074025610681235 0.3094809599218158 0
0.2015111378250213 0.3300846913435478 0
0.2822961537709598 0.0687201852402176 0
1.656394190610297 0.2611579140356877 0
1.640356971157814 0.276522592532761 0
1.6623043244308 0.2829342501277182 0
1.645716719693893 0.3001585330928228 0
1.669154661725091 0.3077354560882921 0
1.651461437195217 0.3262672122151891 0
1.313068572953581 0.1664126575325765 0
1.326267781650547 0.1495480279453638 0
0.06134393232586763 0.2900856451243694 0
0.1307596105994249 0.3467361393807438 0
0.9792639475656304 0.3246535448167557 0
0.9548311013439711 0.3290991588121464 0
1.433408303234992 0.08664715529483098 0
1.406589899520378 0.09472575525097192 0
1.398823224516307 0.1205114774188654 0
1.380604435564933 0.1017991718203137 0
1.195358983939138 0.115358983849935 0
1.579564526732823 0.229592404608446 0
1.574240470891192 0.2084006778026909 0
1.478185072021642 0.3323323544034051 0
2.083772686861937 0.1883345816800236 0
0.8874467567048447 0.335134204930833 0
0.914035338800661 0.2202950290685976 0
0.6504527288449053 0.07541621498229821 0
0.9949551900113396 0.1156327043888779 0
1.002934857472594 0.09203158908423707 0
0.986271550513405 0.0729515851099856 0
0.850318204353203 0.08265890606429531 0
0.8744503468243284 0.07659148282164023 0
0.5350341867412688 0.265266960644036 0
0.6361313428892549 0.05777979840645719 0
0.09846538226330401 0.2235273168015444 0
0.08408285047488284 0.2376714134493627 0
0.06473642436076055 0.232421701770462 0
0.5544070184924603 0.06025990194484229 0
0.3607331270892598 0.07021364358393085 0
0.3819678131300384 0.07610171108528842 0
0.3395036945708173 0.06438289429342976 0
0.6583283981055895 0.3362271520701006 0
0.6752518719526012 0.3532266288218429 0
1.708354649480893 0.08862637003397107 0
1.681755045706799 0.09594947943428547 0
0.2606700283595199 0.06238272327308355 0
0.90168110922122 0.200263425711401 0
0.8795853139996597 0.1956500605089286 0
1.212356357603786 0.06514948662625297 0
1.529623121707688 0.1600099588744222 0
1.589408087679956 0.1535956602129185 0
1.605528165892288 0.1374386941088531 0
0.1129111293586589 0.2093939036019652 0
0.4644662229697478 0.2573647813863863 0
1.415304776825218 0.0648291681356899 0
0.5302473252881574 0.1890338134682791 0
0.545257129400551 0.2039905965500757 0
0.9353165414178709 0.2280872617004522 0
2.088993031834522 0.1255281994344687 0
2.139462649202876 0.3773861896528964 0
1.74602552177618 0.1266023844793268 0
1.7545357859191 0.100475013273334 0
1.774177319972578 0.1213268490405494 0
0.03049428441292541 0.3923321607689033 0
0.03094413953362277 0.01918412706256713 0
0.3329535849421872 0.2781331578812323 0
1.375117490566491 0.1270920856430523 0
0.3877704678597806 0.09659942852116628 0
0.4033893346356248 0.08195238944213988 0
0.5834679549324193 0.1732138808981542 0
1.619922261916161 0.2685214557166982 0
0.04711999359252469 0.3052395374726941 0
1.783264553460146 0.09338928732747481 0
1.804085973764199 0.1159162904147953 0
0.2937614145104735 0.3460322569472087 0
0.1869558433202612 0.1386848102901258 0
1.303748559395319 0.1843243529191918 0
0.3953001317428508 0.1746567854660107 0
0.9225539702464937 0.2678349965068648 0
0.6966164175990489 0.1013677754107809 0
0.7019503113925608 0.07884604265700831 0
0.725239987315238 0.07264979205910076 0
0.7079986945046147 0.05538996616710513 0
0.2754929258002323 0.2735253011055445 0
0.2606362997049691 0.2582065264636019 0
0.6975467924837752 0.3466616579714384 0
0.8151906784185682 0.2206728702984123 0
0.8206894937018024 0.2012349668347534 0
0.2726675628100715 0.3513417849125748 0
0.3977844008994534 0.06050056643139259 0
0.4192240556494125 0.06657133849749987 0
0.4247287609552676 0.0881382159662835 0
0.4406562109702954 0.07267693430588784 0
1.960879080768664 0.147505892497459 0
1.980794051805861 0.1178402582044826 0
1.94619879505799 0.11616623869527 0
1.965289609260052 0.08682788372927534 0
0.4459636961132168 0.09424361389714349 0
0.4620831226206058 0.07884627344892224 0
0.7148751209566814 0.2791279862755618 0
0.9153177716617522 0.3086134719763296 0
0.3695687580435867 0.2882967229020169 0
0.3906436574600001 0.2829576391520153 0
0.145430885235056 0.3321895369240511 0
0.1507252007611221 0.3522746660492804 0
1.813657842982049 0.08633638093956651 0
1.835261996691704 0.1097051207112447 0
1.845311286025784 0.07850135692007515 0
1.867631301307329 0.1030310952557598 0
2.063056616925899 0.2178846464718761 0
2.099390472467852 0.2212704510362693 0
2.078492972348198 0.2507452938262103 0
0.3873267483755111 0.1525838360504681 0
1.234643536859028 0.05039759751282993 0
0.7402951493254029 0.1730626182179571 0
0.3405573204916988 0.1427298877586642 0
1.177213752372959 0.1334413132447975 0
1.321503585393336 0.05878760387910825 0
1.355990107088471 0.1109734902556499 0
1.360472739548071 0.07967244288587155 0
2.00114539959652 0.3060358762278622 0
1.967836472560018 0.3016046868404215 0
2.0364626998105 0.3094884510246714 0
0.06996176605825158 0.2527710671129999 0
0.2399878111203019 0.2633191381214712 0
0.05398970546400328 0.1930101607629205 0
0.6130591064003739 0.0636975833375526 0
1.318944367524348 0.1285365327149847 0
1.461202769101688 0.08158519992674265 0
0.8396178781805972 0.1948107369778251 0
0.7309334866758144 0.2952170809511662 0
0.7256947710130993 0.317388857007221 0
0.7482334549698475 0.3099424607235905 0
0.7434117593819201 0.3342316320128622 0
1.249711198192377 0.2040553931496751 0
1.082752515546332 0.09848629246389208 0
1.067517645961601 0.07969951954058885 0
1.090982929398188 0.07533121306734929 0
1.074651029708948 0.0552339895100054 0
0.1179817400878456 0.2297069625370063 0
0.5402625400004359 0.2240972513605965 0
0.5604969555103597 0.2191973275117764 0
0.1651527962649403 0.05704784466316904 0
0.1853649037237223 0.06289457765180501 0
1.529400759146937 0.3159575157276474 0
1.280569981293502 0.0477585952260698 0
1.773859063345506 0.2686828422332307 0
1.757790353466803 0.2910791295370153 0
1.786121336540413 0.294768137333991 0
1.768597024534851 0.3182056785924048 0
1.798757983418942 0.3223032611888956 0
1.739416565059932 0.3124770712011211 0
0.868282582911998 0.3474177891638803 0
0.427263178080414 0.2941831476810177 0
2.167120940138062 0.06073712319723993 0
1.71333919190976 0.1957046439177569 0
1.622784508227979 0.3163133840560339 0
1.629421162563494 0.3458270637163043 0
1.441940771613832 0.291751419845667 0
1.432111148824351 0.3178223292734018 0
1.415612336859811 0.2975187818256818 0
1.405028180319653 0.3240150518902069 0
1.571266581767041 0.3302825766990614 0
0.1161195410783888 0.3606710494222329 0
0.09625983500033433 0.35554782231057 0
1.180167146139286 0.1560013275299919 0
1.181197880660932 0.1796526528469398 0
1.571460451457986 0.1673372740762749 0
0.7885010870542249 0.3150838944028996 0
0.7827526071310382 0.3358578682916838 0
0.7974180596780807 0.3509780430849458 0
1.156347483489052 0.3358599077748878 0
1.13341979620029 0.3417615275158114 0
1.182882313820071 0.3330613895672661 0
1.135289679711894 0.0675547868407067 0
1.558194286528175 0.2234859969783725 0
1.552263867821078 0.2018308154346091 0
1.188531937056527 0.07424820309886028 0
1.583993673506694 0.2522209704736754 0
1.391112812927515 0.1453454748673487 0
1.368927381403066 0.150635918383848 0
0.5162119412805155 0.1338326543230169 0
2.07093208517324 0.09533668636250069 0
2.109628746521393 0.09631183619439894 0
0.2139293200387806 0.2891689633138207 0
0.1910003371870526 0.2918007076620624 0
0.1452447097920935 0.05196273851586179 0
0.130275624302993 0.06696031026428215 0
0.9707223550117881 0.3467160842103782 0
0.9948947956605012 0.3427696281770108 0
0.2128404604742632 0.164901251006127 0
1.999820298308591 0.08961147374167486 0
0.1649283048821409 0.3374710017449817 0
1.134787452314513 0.1891663988433144 0
1.010202661139395 0.06874834969810066 0
0.3177298436904438 0.2626548660370983 0
0.35066393176608 0.35208333525321 0
0.3293257589298653 0.3559314513639229 0
0.4927522496048472 0.277360439162387 0
1.388892451546972 0.3033052892796814 0
1.377590944742937 0.3300169110578768 0
1.360116195407259 0.3091245213691572 0
1.349621205145516 0.3354184793135519 0
1.369142259290047 0.3570044053807244 0
0.7075824658405775 0.1415839317693691 0
0.04743289807370529 0.2483472463848553 0
0.04542620584620696 0.2271857150315494 0
0.391625823909149 0.130913419714074 0
0.1708223396851722 0.3578300684473092 0
1.751861422728787 0.1719596937650433 0
0.2462604043922247 0.07830101880756245 0
0.2385302462380968 0.05723796300402684 0
1.113384084636104 0.1939221657217804 0
0.9392010038527541 0.2522934933913834 0
0.9555511598469595 0.2375371099792681 0
0.5314879975916651 0.1478910339996685 0
0.993183920659591 0.04908859723492777 0
0.1029520037896256 0.3749393709736081 0
1.677499415872338 0.3330710289497272 0
1.286236491963757 0.2191937427860154 0
0.4571600353288228 0.05772143144777122 0
0.4784386171258764 0.06354130738447351 0
0.4837427970480448 0.08528668430707563 0
1.329331209944027 0.3156053024699754 0
0.7357116235672411 0.2728639412495111 0
1.028465659634547 0.2507852577950762 0
1.762316950597082 0.07118401138097083 0
0.6422203419074054 0.3194250151062233 0
0.6359805118935983 0.3421864677538309 0
1.817456088368825 0.2979993782378428 0
1.830347348513689 0.3254888258629359 0
1.85017695642586 0.3004037954858288 0
1.815273161687615 0.3507351113108836 0
0.1248936248780312 0.04688068196126315 0
0.1102843521905318 0.06149632532920413 0
0.1045340249498024 0.04176120876440809 0
0.09042424333087919 0.05623311670192049 0
0.09571463378374097 0.0759310078153522 0
0.07605974398388271 0.07066575496798938 0
0.08128331370486026 0.09024021911513234 0
0.06176442771380444 0.08499321969804353 0
0.05657245132160458 0.06553039538862017 0
0.0671397197936596 0.1046124210179654 0
0.04760144747828239 0.09925289359618546 0
0.05294710687132513 0.1187639132213605 0
0.2817604119793837 0.2540603023324157 0
0.2679760440201697 0.2369353743395643 0
1.33491215903695 0.1690044446212129 0
0.6586938678593853 0.1141430308487805 0
1.583859376030271 0.1324934529379283 0
1.600125663502591 0.1141595855879641 0
1.321468397271369 0.3414798833511929 0
1.300399179587091 0.3223392320373082 0
1.293383313303538 0.3473315976434116 0
1.273685817441595 0.3284553209273315 0
1.688973666020725 0.06770512899579841 0
1.66121109583364 0.07714959075551839 0
0.3549496552203724 0.04953232541524994 0
0.3338052765354424 0.04305862257395105 0
0.3183117388781925 0.05908897531506669 0
0.4499999999051189 0.2728560473925795 0
2.114323215237626 0.2520418430563856 0
2.093583176807767 0.2812342187827437 0
0.2763593386289291 0.04825540520663993 0
1.537072418566982 0.2168544545541886 0
0.9695055771225684 0.05527553415531584 0
1.162617930979071 0.06440028168039932 0
0.8943195820568161 0.1793384161277548 0
0.874201858902329 0.175754114155265 0
1.101742818736282 0.3017467774094709 0
1.093731857657259 0.3262387403126311 0
1.068111888723203 0.3314335542166994 0
1.862718581666342 0.3294481168230787 0
0.4121998061942242 0.3554215426727776 0
0.3901254942976842 0.361221082214013 0
1.212356399456296 0.04247573373960481 0
1.93022077026428 0.09162257586132573 0
0.5767898008673891 0.0540885856615584 0
0.5598425169324472 0.03852869041589047 0
1.882030758076301 0.3043279089033153 0
1.897019075954478 0.3348139128134528 0
0.9165855767661781 0.185246001021785 0
1.052604328973185 0.06123216405718717 0
0.4991803427325722 0.0696037588771736 0
0.4948493376121348 0.04744694102450918 0
0.515273412304593 0.05654392022039945 0
0.4302161185247804 0.1092320213198787 0
1.267406325713051 0.3550774128317675 0
1.249252865442609 0.3344724480585297 0
1.018069664544623 0.1116872279586854 0
1.009376759726242 0.134362917121026 0
0.683373580650158 0.06062454161110195 0
1.875605291110911 0.07044419661653994 0
0.4498816430823252 0.1161627130347861 0
1.693544433855928 0.315089231793505 0
1.702629621401195 0.3419380301374241 0
1.160405713868451 0.1476861828860422 0
0.3385906040166218 0.2573683257425648 0
1.230279134261694 0.204826764455596 0
1.532788687269245 0.198238287220387 0
0.6929527732679661 0.3701615886759682 0
0.3624703608962833 0.1515584277970386 0
0.5497766770653137 0.1832296114673621 0
0.1546610181072251 0.3715167203511379 0
0.7999448294546205 0.1783167878641047 0
2.119265217859741 0.1904040844527148 0
0.6193866991772442 0.04045962208206432 0
1.156712421014785 0.1850139490734679 0
1.618794043545853 0.1224808005139428 0
1.623119620697062 0.1001189568766524 0
1.594025971374478 0.08911364953354105 0
1.613896521991498 0.07069644041688851 0
1.589126027897379 0.06024671696913836 0
0.9494855478584652 0.2876555507323707 0
1.142517945190404 0.04413155993176119 0
0.554769878575447 0.240093845298789 0
0.9460268001488323 0.3515307165543182 0
0.9272269189162341 0.3330559835223669 0
0.9240557972985123 0.3533487840496133 0
2.012887727487013 0.3425447395076437 0
1.205364637021533 0.1852358823624538 0
1.190230159407871 0.2010234628454141 0
0.8574389767384754 0.0600654890931673 0
0.8821356164966981 0.05361943124053009 0
0.899418766143692 0.07099654235388682 0
0.8343617968470634 0.06593202452659441 0
0.9062364611589564 0.04706137305501776 0
0.9230293228284033 0.06613310208400593 0
0.04060328963598553 0.2852405510260755 0
1.564660266098852 0.0798847744388743 0
1.60915736679577 0.04138454496804501 0
1.750062089724986 0.3417438498898311 0
1.985533312317368 0.05507845148732642 0
1.060613106355388 0.04076963157719237 0
0.07542252156172716 0.2739933801097647 0
0.3750652936573301 0.1693060413186307 0
1.856733379869924 0.1350780249748552 0
1.890296335097667 0.1278987804151389 0
0.8011083978550848 0.2059751980937672 0
1.854570623084105 0.04548003955513356 0
1.653418193999883 0.09884152909719711 0
0.08025166553963266 0.3729123406321445 0
1.917385655441096 0.306853411826698 0
1.92760163666821 0.3419764398839844 0
1.165340015164938 0.1024728776325214 0
0.3521700768279343 0.02997398955634733 0
1.868736944451709 0.2780594022413316 0
0.8872671137665946 0.3582333903807087 0
0.9518779060185296 0.2139179435947184 0
0.9747423987114443 0.2218079370880437 0
0.8220036910285736 0.1787340459005413 0
1.340608309375318 0.1317844810430596 0
1.383525034328361 0.1691426871895949 0
0.7338322855129374 0.04469135305959049 0
0.7502710784550468 0.06768919118327073 0
0.7107283517131698 0.02901220827951307 0
0.0550686192521844 0.2684324638408821 0
0.03408470572173106 0.2670535580363106 0
1.423269647573705 0.342959375067944 0
0.8445368413236486 0.3393185092297994 0
0.8506851751061637 0.3609988179036338 0
0.8313106551857878 0.3554257649772555 0
1.738474097669994 0.195173449047168 0
0.3738764835441614 0.2648551868231542 0
0.3990029890310886 0.2604042380928637 0
1.086973880686251 0.352040143197666 0
1.059153181471296 0.356785995589775 0
1.104527163094846 0.3688713203847113 0
0.1801968655964989 0.04183741319953987 0
0.1993784880714725 0.04838254174361017 0
1.149089889401804 0.3620425068697324 0
0.7749981672722328 0.358301942504453 0
0.08373085640488388 0.03396425452387444 0
1.586247261149816 0.27900679238458 0
0.6447329592444627 0.03471524379520506 0
1.285298024515821 0.375066905135748 0
1.601110942511656 0.3383862835511947 0
0.8502785960696886 0.1718549731273932 0
0.9291514978064426 0.2048750658260748 0
0.8655763203155429 0.213008900154365 0
0.132932608857586 0.2157983944523717 0
0.1273439233809772 0.1950339583142094 0
0.147418679946606 0.2010356848241671 0
0.08939690927829853 0.2581966518338234 0
2.126345959962792 0.1285125889405072 0
0.1679305517607613 0.2076033823006385 0
0.1626390757610323 0.1868380947375408 0
0.5213391516695689 0.1109941315269145 0
0.4141502662442114 0.04128504029629095 0
1.339039664886913 0.2882561485116377 0
1.602138172428543 0.2974483108963549 0
0.3230359220009483 0.2435742765609766 0
0.8544114507691118 0.1464717856699939 0
1.693941487840621 0.0340689176888827 0
1.679707813108573 0.2665423866773147 0
1.69921971986756 0.2779950113106068 0
1.720626748042985 0.2764994834145887 0
1.512519767629243 0.2107153380131797 0
0.6719089545913945 0.3761882891259374 0
1.734429682095282 0.3785518257016325 0
0.3883420495534678 0.03855369637162017 0
1.766384041153024 0.03595335870939748 0
1.559202988731365 0.3827602405182973 0
1.544304455506093 0.3536675314178919 0
1.511127177207372 0.3531700218838267 0
1.493103472267017 0.3821723096156766 0
1.459432431191423 0.3847050441298037 0
0.08684742944781584 0.1103278355620924 0
1.082409690377419 0.02682574020395012 0
1.297615131518446 0.0239551455994436 0
1.327165687321508 0.03016134201826951 0
0.2886056519290657 0.3670805688369947 0
0.267631227415127 0.3721365129248013 0
0.3062283843789039 0.3804682646430529 0
1.416921571551788 0.1395695555893603 0
1.436313951873856 0.1585111645187197 0
1.24189015435301 0.2238645594298284 0
0.03358162230679688 0.1129667608465033 0
0.02992912636285958 0.09439626954548093 0
0.0383162077240578 0.1322399702618673 0
0.05803274735664497 0.138494131745979 0
0.04368509508048115 0.1519126886784057 0
0.04948433426998115 0.1724961089277365 0
0.03544924688450435 0.1879704249757657 0
0.02223607710304309 0.1469191036903585 0
0.9155006831589275 0.3877513027842455 0
1.71642447218706 0.05967010634001607 0
1.00429989546521 0.2550500584145866 0
1.309276588619886 0.2152023658595739 0
0.8017485651581252 0.38847009510648 0
0.9706492050844946 0.3873814266285037 0
1.254374522301251 0.06077795337515692 0
1.255261717649888 0.03401514276251618 0
1.187755782736334 0.2400446065998487 0
0.1004149509609047 0.02180775702047589 0
0.1965818108242025 0.02909233805485774 0
0.1600816966089534 0.03598937666827009 0
0.7474914517218435 0.3876809773089757 0
0.7353066664075616 0.3641323933489809 0
1.665500216758669 0.3812931253559098 0
1.628782729118307 0.3799592909050809 0
1.525538204654969 0.02846520166442598 0
1.539813620332462 0.058152938305615 0
1.507198777630021 0.05541030348442949 0
1.493322010911821 0.02922127764943494 0
2.146695031411867 0.09679564986466424 0
2.139927327853524 0.1605819027868195 0
1.203959792604958 0.3836548461767074 0
1.216492091713478 0.361315838568824 0
1.391519150103768 0.02633332694303392 0
1.375340998801846 0.05255444931320997 0
1.422702225498305 0.031690671889191 0
1.34764534198183 0.05374074268676905 0
1.504002604032094 0.1655666718987572 0
0.4120597484511753 0.2789969406948463 0
1.474802437602897 0.05464405682325967 0
1.337905150328749 0.09436459143888697 0
1.639953217312951 0.05342036144532297 0
0.1926288182809966 0.1592604977627065 0
1.163345055629034 0.2446251344618301 0
1.172647181624536 0.2198317672560591 0
0.5140537305816226 0.2711747639731659 0
0.5174599841326308 0.2499602483355239 0
0.7236466396401771 0.1572344111844308 0
0.7023871153560927 0.1637156890623494 0
0.8279638734283551 0.02248612220911318 0
0.7748195039939153 0.02292938251998423 0
0.7880769917429281 0.04559954080400481 0
1.331248303821168 0.2052396768856402 0
1.834573650615087 0.3804574888306373 0
0.3545885888510631 0.2727146458823952 0
0.8843098304549812 0.02656694237629148 0
1.392848719005847 0.3801293282457682 0
1.190238699044941 0.3592681295419614 0
0.04021951535057895 0.2075074307462627 0
0.6010246938712872 0.2477087206496986 0
0.6077174047749834 0.2264837914429252 0
0.6298160498253786 0.2211860688579111 0
0.5871615814275689 0.2302035286265094 0
0.5943312424305672 0.2091196501305296 0
1.22824590505682 0.02482326511354013 0
1.024339314016168 0.3857028122795237 0
1.053959423933301 0.3851154629554987 0
0.4695629356372311 0.2808965033410933 0
0.8156854010235273 0.04899046848747229 0
0.7981368529395407 0.06863915987340788 0
0.7752239439480887 0.06797635123752538 0
1.358799844502489 0.1747384599749111 0
1.906860147939503 0.3714245207450461 0
1.95040216838213 0.3681740523343403 0
1.974111111343581 0.3429165569101989 0
2.028075607444392 0.3767214845288785 0
0.9760304563277967 0.03159132191230556 0
0.493553518916405 0.02311851788547417 0
0.4449326137322938 0.01871918706307736 0
0.9389964532704443 0.3090335003744253 0
0.409094237019486 0.1030858524158629 0
0.07634678647081759 0.3506508853849946 0
0.06199889264818388 0.3645616642119936 0
0.05694506468497369 0.3449483290954676 0
0.0433912252158983 0.3589016981844131 0
0.04736097596337759 0.3782239710755498 0
0.03786943457750515 0.3398464225963024 0
1.014509910354875 0.2327766934655905 0
0.05208026170710872 0.3252244666005553 0
0.03249455304643149 0.3202914151660208 0
0.02745733227307836 0.3031345107756026 0
0.07778413640540623 0.1446307396947085 0
0.6049576989391343 0.1682172698792681 0
0.9863736117348486 0.1382909443657416 0
0.6185601567936151 0.3879771099263854 0
0.5930317082147051 0.3881467454601874 0
0.5801799021246979 0.3671904115001723 0
0.5557445711806622 0.3674525484905344 0
0.5676214467840623 0.3470768527498503 0
0.5906167763846571 0.3476463574464767 0
0.5421620153079649 0.3463884360461505 0
0.5315318720732649 0.367559150183526 0
0.6042991419092923 0.367308008937632 0
0.6284985876104189 0.3649001944609701 0
2.102418199136187 0.3764272900596742 0
2.121611685226656 0.3444418354584635 0
2.163531508180105 0.3479709179962857 0
2.142827405440649 0.3125891447520878 0
2.08572133477494 0.3450024256647977 0
0.4699368231195662 0.3893348981335152 0
0.4817986433049292 0.3701845199472036 0
0.5057364731335492 0.3687827548679254 0
0.4940948924770472 0.3493636865779502 0
0.4459710487342393 0.3896949433847574 0
0.4338172319677232 0.3692986730499702 0
0.4584626231505071 0.3697388462173203 0
0.3988374950404441 0.3904081218407958 0
0.3755516199687619 0.391687118233998 0
0.6983432387591926 0.2631347495753859 0
0.5185195919344541 0.389052496927939 0
0.2838271494391627 0.01730416322709057 0
0.3482784656502771 0.2936427304399925 0
0.3271727515938752 0.3906455732544588 0
2.065307852631404 0.03303089260273735 0
2.044149449416545 0.06569873004654825 0
1.922937456462645 0.1449746851250376 0
0.2397159844330903 0.01881882107288762 0
0.2291995802447933 0.03701615745641479 0
0.254238596956886 0.0390369680478693 0
0.05945218993800724 0.2128233891115582 0
0.6515777954214975 0.2158148304755073 0
0.1967477292544099 0.3914916671190842 0
0.2073472361404535 0.3727528674478813 0
0.2276171007171871 0.3735221922585646 0
0.2191516160750954 0.356181101489414 0
0.1977228525377421 0.3525123059749501 0
0.3196228938885477 0.1370197218950006 0
0.4677251584814518 0.1040635696369957 0
0.04339265031200401 0.08062603783505568 0
0.0344798679024293 0.06147340580736427 0
0.05050940539390225 0.04763842216257069 0
0.03192090299643273 0.04113138487028115 0
0.1886931868158311 0.316180645571533 0
0.5527166914221239 0.1415013205743703 0
0.1384006870389453 0.2369271153070503 0
0.1226448825754168 0.2502952597463579 0
0.1665402370100678 0.1329370866934046 0
0.1718916812231238 0.1530242953654489 0
1.038731781346514 0.1688379863942455 0
0.1156345088275205 0.08141635084253733 0
0.2454635543664837 0.2430890195701012 0
0.2250835185223278 0.2482222261682716 0
0.2194083121352478 0.2683541433225486 0
0.2339733708397187 0.2836559216982275 0
0.1065485135753832 0.115972420762772 0
0.2964804052707889 0.2684444762423233 0
1.434390133378169 0.2484973923278741 0
0.2986903038815039 0.131170413302991 0
0.2520435725466701 0.3558969627199257 0
0.5999223888065478 0.1884862161936049 0
0.05179983413116172 0.01723116542149812 0
0.1357112952083774 0.08698982060746999 0
0.5432145049871535 0.3887640604079514 0
0.09114240119835651 0.3358357007082209 0
0.1860218902915006 0.3727243203885607 0
0.4061552514451104 0.2990176520619705 0
1.956701828290908 0.0287725082314985 0
2.128621146660969 0.06398499013345618 0
0.2639844842572731 0.2155773324791831 0
0.2843850018170887 0.2212473653440746 0
0.09511474505887352 0.280449741699128 0
0.2073361929248458 0.1443733304075475 0
0.2296347845772554 0.2271231542699875 0
0.3741760327592586 0.1145584409661117 0
0.2393224703144756 0.392017286958821 0
1.823979186983153 0.1412043926489859 0
1.874780414790757 0.1642381857023634 0
0.3248957253468799 0.1574311267000829 0
2.16911424064412 0.2410391945123176 0
1.44349304352201 0.0565645807773684 0
0.6452753468551395 0.2371346868430675 0
0.6359878723589962 0.200010342611843 0
0.0708588049269934 0.05111314947391219 0
0.6927205079505595 0.1246770505951836 0
0.3675484307548952 0.3703392762815315 0
0.2252455277364078 0.07347057099774086 0
0.1515596761905428 0.1471195484029327 0
0.2574274895890105 0.3355597278953097 0
0.5453346881847038 0.01993400954550311 0
0.07264821334430821 0.1246103879155353 0
0.7401007821890216 0.251114359950578 0
0.2330750992888945 0.170285756696874 0
0.1010708815868721 0.09580948703399771 0
0.1569201476123127 0.166993580618053 0
1.052804047773248 0.246531893320988 0
0.2313699991902838 0.09378707178949759 0
0.2887068032610794 0.166486096963712 0
0.3147826817768339 0.3406864630945808 0
0.2905617897238821 0.2889197495995897 0
1.79342075733051 0.1448773229325011 0
0.01696069761179136 0.2266203016157592 0
0.0159027202539755 0.3611786629527378 0
0.6072585089414563 0.08664898309256733 0
0.2520640314221747 0.09932125508387835 0
0.1842382736713911 0.2691375284583369 0
0.8544818201165971 0.3846237275415753 0
0.1694459856724215 0.2835733744692843 0
0.1077964954485061 0.1898222314877372 0
0.1400760240889154 0.3123997978956005 0
0.3900157060634366 0.1946567221539542 0
1.383938322054289 0.2598209479890297 0
0.8074761919975335 0.1574728036196553 0
1.380767230800909 0.1940809923432525 0
1.090938688762287 0.1984186215852505 0
0.3730022026201871 0.3464507654402638 0
0.3241396353699253 0.07996779395243096 0
1.09793703165115 0.1769853016204392 0
1.001422380966831 0.1560190364823522 0
0.1360698840774562 0.3654925161945325 0
0.2833132220347073 0.1460196600557213 0
0.3031227710647232 0.07436620063341362 0
0.1907551078398167 0.08318702223116212 0
0.1826134780056745 0.1930760662931328 0
0.5051394418523287 0.09325805250023783 0
2.13746283537245 0.2215674751404678 0
0.4983977748838314 0.2565434539909169 0
2.027024346974222 0.2144581264570617 0
0.5368479221633069 0.1263263382390932 0
0.6819487229232637 0.08484848169463094 0
0.227655844350583 0.1499514977809463 0
0.7035277031532717 0.2416356299834982 0
2.104427359444586 0.1581461658995379 0
0.9334125440649936 0.1704801093214142 0
0.648798656523081 0.2967247651805994 0
0.3755866198897629 0.05540938101553947 0
0.4153679711012669 0.2492796241065941 0
2.016308978002805 0.1216918654190569 0
0.761847495561234 0.04526421176960153 0
0.5055945264776633 0.17748291537227 0
0.6014802596934209 0.1090064773263103 0
0.9162014486393619 0.08928078786912386 0
0.8007342853318996 0.2354198818446912 0
0.122233518835754 0.1755875338790147 0
1.941149802724258 0.1769665446692744 0
0.6594652411702632 0.05652389481450665 0
0.7034831043064009 0.323736480731877 0
0.6898200186402061 0.03711153756576762 0
0.3306310391986549 0.02035651977597731 0
0.7350008708664701 0.1942148279272693 0
0.5832516392316512 0.3121048383035082 0
0.5407878568590876 0.3234214846152749 0
0.6267216643642024 0.3022227503331794 0
1.95377784364746 0.2689114241376672 0
0.4352299253404077 0.05111641449688657 0
0.5639154623392837 0.1977245863783305 0
0.7417723225292222 0.0897863854957836 0
1.10038250074334 0.05135625271659172 0
0.1587590713508582 0.3177114758824824 0
0.4553176647143449 0.1400413191596564 0
1.15739191109952 0.1257563275945285 0
1.106970712711959 0.2156171894664618 0
0.614709380379422 0.2049169293713048 0
0.09129711992183394 0.3922751134184264 0
0.3704771033712159 0.1885894653867121 0
0.6535437142493132 0.1365820054385119 0
0.8913864770832522 0.09465404982122237 0
0.1422329472347811 0.181145320128413 0
1.052179936310701 0.3114426664263806 0
0.780966963193062 0.101471371978153 0
0.7461199677243188 0.1513225572571128 0
0.9625085192915732 0.07883841043398296 0
0.1773653031683926 0.1728428648288025 0
0.3040994832066587 0.1517203751812141 0
1.025622373856288 0.08871104780371523 0
1.003285544632083 0.3201028005280314 0
0.8274796314862165 0.08912784203587316 0
2.042446292018345 0.247047863593248 0
0.2050922460432819 0.0684690437622847 0
1.546589572953283 0.1789754630205812 0
0.2976125542099489 0.05417157163685755 0
0.7953589837312497 0.2953589838811818 0
1.452024608887271 0.3377147147664448 0
0.6198017847646873 0.3248752245425263 0
0.3444564778407836 0.1640964949240036 0
1.67190277924093 0.1213403729870015 0
1.489545028728453 0.2139303089124693 0
1.574856208940242 0.1077635713377813 0
1.536791841476603 0.08636614991152364 0
0.3296053700579792 0.1779495742482429 0
1.097984438675822 0.1171826695862243 0
0.3024779277271813 0.2491630138936448 0
1.108477941499437 0.2781665720621978 0
0.1119379334063226 0.3932123190288352 0
1.190087115178957 0.304913094128464 0
0.3444704491753568 0.2384181085297835 0
1.396025780593552 0.3508027071708359 0
0.1036346588252828 0.2441869634811823 0
0.5208512860296702 0.2294541439502354 0
1.238694891858639 0.2927988144153809 0
1.563384667559329 0.2457289458121948 0
1.287260544597351 0.2812208337137284 0
1.782977918928228 0.3487420254397314 0
1.263526857102421 0.2224642744360784 0
0.7197299930866935 0.3415463119310873 0
0.9317311471590163 0.1074036349852719 0
0.5856395854595078 0.09265514220523363 0
0.5011078902986443 0.1192650471160249 0
1.478974740648328 0.1028864942063989 0
0.6527472205526591 0.3598905418843269 0
1.130220923801162 0.2110409669081603 0
1.04302823947559 0.3368289040044584 0
0.154570455821136 0.3912584799995573 0
1.553361613788689 0.1542247147793782 0
2.057469243260534 0.2791560973695262 0
1.410732957268876 0.1640715045384149 0
1.510812288618607 0.2986631402954422 0
0.8915545832327575 0.1584104743156327 0
0.7195088980628441 0.2573051447650674 0
1.734924422646993 0.08117566242266532 0
0.7191032685439924 0.178957181016741 0
0.7875285354019514 0.2197127803570357 0
0.01660257550277878 0.1838587082517701 0
0.5263512265863057 0.169073853673279 0
1.319980703150107 0.1060889695851864 0
1.045985719730699 0.147725953527565 0
0.9589086097108092 0.2621485044465922 0
1.810099000506726 0.1706791856348761 0
0.01595655751224436 0.2630817769043884 0
1.791976508313322 0.06209541765723708 0
1.590138558918759 0.1947795750250332 0
0.5339452469205886 0.04297198839239303 0
0.308536456349343 0.3609936682098677 0
0.9050762989741266 0.3267399681913827 0
1.037692937683509 0.22875214564414 0
0.4748477939111791 0.3378163019480062 0
0.7674873254524887 0.3203690499950866 0
1.430026374888663 0.1826850409681681 0
0.5547056868573721 0.2593673872136193 0
1.790077876302348 0.2459226150902188 0
1.615487197485067 0.2492476774847123 0
1.15203713043436 0.205267481448646 0
1.451304752384767 0.2666845061074464 0
1.023947039066061 0.1521633867781611 0
0.9917266154443456 0.2378788800939581 0
0.0161599491440668 0.3799967666904986 0
1.656659571104398 0.3536264813156093 0
1.73672752910823 0.1506686288684861 0
1.823511207665183 0.05486093053653248 0
0.01558976887105502 0.02980607428619802 0
0.4738133920522513 0.04188059185773555 0
0.2620427303502742 0.3924983437640368 0
0.755483034007419 0.2666292400419208 0
1.357995373108542 0.3842045410621029 0
1.03380668921486 0.360772602938579 0
1.389732676118689 0.07382106653039849 0
1.630176456146446 0.1431425343589728 0
1.505850493979182 0.2333411952585067 0
1.703039352056087 0.1771233927481128 0
1.72596170315595 0.1742219480648046 0
0.3986780009886572 0.01819212781509012 0
0.5917932485033313 0.0700881127222322 0
1.303535877271945 0.1149961618968622 0
0.01586188284679131 0.105929536945988 0
2.142556770568885 0.03071598655418943 0
0.7549877147828734 0.3532006983990489 0
1.124677616599933 0.2965709161046023 0
1.898135461957624 0.09689853527963573 0
1.282701559365355 0.1861504049240681 0
1.800884440641133 0.3796737098050231 0
1.7639243258019 0.1474816769266111 0
0.5958273391399528 0.04764271654002335 0
0.0162497096659191 0.0498082293782019 0
1.105590877555406 0.09458253546036816 0
0.7519657202830284 0.2880212854306552 0
0.3132527922031636 0.03849216039039394 0
0.5482517752631787 0.1617929739015606 0
2.071335798146106 0.3120960431291012 0
0.9134396542208633 0.02204068642105405 0
1.207855101410824 0.3220903063325296 0
1.506859641411951 0.3240259165882695 0
1.578777671627296 0.3583882556371618 0
0.9999812797961334 0.2161805596375417 0
0.4865871618944873 0.1053339797212423 0
0.218184937021482 0.05324852717496086 0
0.7736510544767764 0.3009743716067861 0
0.5326675518165135 0.06792377075695832 0
0.9396898195292621 0.08462299988386342 0
0.5180334634725533 0.3526437000166532 0
1.018795658836269 0.339784629382075 0
0.1532137669221438 0.01670314805350114 0
0.1838153098602395 0.33779935523951 0
1.425836857172715 0.2727347953765603 0
0.6129289897838931 0.3458368338206426 0
0.4314068405613857 0.2750440785853551 0
1.143627760838235 0.3880715083404492 0
0.01493635925612317 0.320257886352953 0
1.170759688385689 0.1984667851664637 0
2.049872841310161 0.3438029790180662 0
0.4304467475873359 0.3483586369657102 0
0.6984271170405287 0.1851661953597639 0
0.172904479318278 0.3043113920755212 0
1.164377622421438 0.1666828165312963 0
0.9286418134316476 0.2881305171097731 0
0.3415827509933296 0.3721655516157263 0
1.117009399125059 0.321201204712805 0
1.190410846796364 0.09634151706367747 0
2.087425863893356 0.06445824781967928 0
0.859674614826382 0.1931977861716507 0
0.3842143930750735 0.2477697881998572 0
1.171540059148931 0.08477626179732028 0
1.185938276566569 0.04862711416096336 0
1.000945884903197 0.02467697162749348 0
0.6215864117867813 0.01859379095456391 0
0.118530328001395 0.02843956690416126 0
0.7127030596757725 0.3615919306353543 0
1.567951652699769 0.2654509920316115 0
0.7649012672052613 0.08599352886888911 0
0.2021214437779453 0.2745619310887024 0
0.03090249475657664 0.2367744445651848 0
1.255737634426064 0.3105009880436631 0
0.06326771689741303 0.03385168379639664 0
1.113839164573053 0.0720599352387017 0
1.632518947305826 0.02428125728075281 0
1.804794580025774 0.2714904098099071 0
1.34742323170957 0.1519279014852323 0
0.8428280603359384 0.04345353503896426 0
1.542162396222467 0.2387966320583623 0
0.1395733903854703 0.03301336641961605 0
1.031731043197645 0.1306915187228155 0
2.108468107226515 0.3123763812490738 0
1.636703255197405 0.0801592853848252 0
1.835683839917841 0.2743626672981032 0
1.261342411718424 0.3859662131705758 0
1.197167028417913 0.2202696821179898 0
1.272805521905758 0.2034880529471332 0
1.882842504868763 0.03265458832824495 0
0.4827816698733894 0.2450244290887889 0
0.683095585423424 0.1697378250053618 0
1.562061183260376 0.1316274637165035 0
0.8693470323926349 0.3669991339697098 0
1.56947986016914 0.1885202961190056 0
1.231541261171079 0.3155491787460595 0
0.9458692050590789 0.06159116208529571 0
1.339855894504897 0.3604990590988065 0
0.05103037888630943 0.3948151400690909 0
0.5684060754156841 0.01829172102493287 0
1.58628105852699 0.02565785989883572 0
0.9842077733351193 0.3652186447604573 0
1.00888583536545 0.3634040323076782 0
1.477030572907297 0.3588234155003444 0
0.5980031538873909 0.3274096758727594 0
1.280521101835416 0.304723017579425 0
1.399936884053585 0.2784690594701918 0
0.6933893239116815 0.3918865952461604 0
1.109463555633234 0.3459062407785906 0
0.4342923904360005 0.1276330763196857 0
0.0307773019447641 0.3709882366681292 0
0.4493533687803921 0.2907111138401468 0
0.1237336943714447 0.3781405526149701 0
0.3733114976817942 0.1347780904238931 0
0.2474730622502015 0.3741041576668221 0
2.035329223666571 0.09522413477311777 0
1.623311688231981 0.2897962449752683 0
2.174372394562892 0.3147518980003775 0
2.130096370434179 0.2808975338069564 0
1.37152273541063 0.2839919916504664 0
0.2116154005632554 0.2365987500793212 0
1.312002682515039 0.3646949694758971 0
0.6880190872800176 0.1476893956887977 0
0.8144134964685934 0.3664559519331002 0
1.30470778685562 0.04587254341270109 0
1.308217510173211 0.2977989516477029 0
1.442330128334635 0.3624728303693556 0
1.742224508171503 0.05553002324028212 0
1.145552417669246 0.02107286987507316 0
0.6919590658784758 0.01735393642502227 0
0.2915900055266702 0.03477640935617764 0
1.039342295801907 0.1081956190178875 0
0.9669512610126967 0.2012024165454254 0
1.340408235198108 0.1875804824843101 0
0.01398522820425978 0.08759184238934099 0
0.537180593722804 0.2447066394671334 0
1.016607187304371 0.04578241584938697 0
1.491034728176525 0.07823943023336531 0
1.832079130239009 0.02601190350446142 0
1.680348514540362 0.3574193747022719 0
1.200056054644301 0.02278950082499675 0
1.847013908805208 0.352366731389405 0
0.4521392273657527 0.03721437760823096 0
1.333954679251955 0.2655813334497841 0
2.173134380333213 0.1688783078146842 0
0.4815921705938094 0.2634379213939144 0
0.3225692204490634 0.3720409018174057 0
0.6732359676710435 0.1299878799336852 0
1.987630005323121 0.02362103232995145 0
1.668706848814805 0.05178907577518371 0
0.9298279100045335 0.0431658943493484 0
1.211434027552552 0.204118630387071 0
1.242159290346834 0.3595320954655139 0
1.608934323729511 0.3619491551210586 0
1.601066820852914 0.2616309009163733 0
1.725062177166533 0.3535516795097075 0
0.3691185614797456 0.03822921847285628 0
0.0316601106897842 0.1661947643676242 0
1.322256107996609 0.182324880500921 0
0.3956970079328746 0.1129681407196337 0
1.72536132551522 0.2566738973751067 0
0.2117125794284991 0.03612808207908045 0
0.4124251738226584 0.1201383279746836 0
1.121908129083378 0.0525059441305222 0
0.4089098865368916 0.3748018113791756 0
2.015571986400627 0.06376184956851141 0
0.2502156898070081 0.2265047482215149 0
0.9726328735358608 0.2439510047220759 0
1.046777286462507 0.08558046502122706 0
1.854385603738506 0.2523777462172732 0
0.7602582960325718 0.3715352040777137 0
0.9408561214371648 0.2710045668129777 0
1.712412770980908 0.2981557789804086 0
2.176583061659146 0.09318181818160061 0
1.114567153044919 0.3896713002228661 0
0.5817711635841638 0.1910614327769928 0
0.4934364564016612 0.3298671576634982 0
0.5770331147492376 0.3312512976987719 0
1.943538366538972 0.06074302464236797 0
1.398919965469566 0.04984573656230466 0
1.224738027448671 0.3379239969241781 0
2.170938005020106 0.3814758392572178 0
1.595305454072195 0.3171462830231832 0
1.565336366971055 0.05225647414229743 0
0.7915973402353889 0.370357987790571 0
0.01200393675122868 0.3023808297187257 0
0.5658171007679614 0.1748474783708638 0
0.2892459819251649 0.2381989000649601 0
0.5791570932004126 0.03589593514407988 0
1.917194172203853 0.1164266192694969 0
1.545012567126002 0.3297153710923966 0
0.6777100052798714 0.1080888043776356 0
0.7862676662134247 0.08302282710624646 0
1.30427580328178 0.38915051910243 0
0.959267794099808 0.3672296409963886 0
1.887466038709252 0.2574640185987443 0
0.01418153105466774 0.3958318282172171 0
0.9527279019039898 0.03937188497539767 0
0.2350155960805481 0.3580944142575811 0
0.04538633242986483 0.03190233251381223 0
0.7645212410180023 0.3397662247274245 0
0.6444505528525828 0.01479099420591993 0
1.516895751618709 0.07681617798527905 0
0.03168628116578396 0.2202932079433111 0
2.173055012014923 0.02647137695711946 0
1.037600542645643 0.04293145696671246 0
1.143425521808709 0.1449093943804267 0
1.334685727493399 0.1143496130075535 0
0.51072712158209 0.0376499936038857 0
0.0142408229048026 0.01413725500535429 0
1.643119889025629 0.119649524760471 0
0.4648258870729132 0.1258166619417588 0
0.9053900478289036 0.3468961803905319 0
0.3549444921860132 0.2563318085531313 0
1.516200753434416 0.1834874066457467 0
0.1135983442623754 0.01280762340259633 0
0.9105063957962403 0.1690063186947589 0
0.4339619485247542 0.03350231222196232 0
1.908127244585046 0.06406425719998671 0
1.720521276364913 0.3271592735853329 0
0.0291070137391431 0.3522201276686037 0
1.216664090312296 0.1725440683006121 0
0.5755667456176028 0.2121018978300393 0
0.9090383691497294 0.3662717783968162 0
0.08613663756397966 0.01470248930388803 0
0.2730750151455557 0.03155087210910747 0
0.02732768972739709 0.07916336774789721 0
0.1743077159061964 0.3240602383111791 0
1.735561114810387 0.2906201804447294 0
1.876887210869427 0.3535963483558951 0
1.942560268938636 0.2943746155998312 0
1.204287187211546 0.3430538884798982 0
1.169370144429166 0.3540915209094414 0
1.336614051907828 0.07322073407978855 0
0.728746043829268 0.01859109820215846 0
0.5703112512685964 0.2317346283584112 0
0.865696422566435 0.04078867090187242 0
0.9321723359126671 0.1877204640570784 0
0.8700910506208754 0.157671496175298 0
1.274782783542656 0.02112203442125679 0
0.6691731259256665 0.3959361767634175 0
1.031395024523367 0.06617235042984491 0
1.163806703886943 0.04271930304467456 0
1.127007448734886 0.3676496961357834 0
1.294947062828629 0.200868472489265 0
0.1963943357206824 0.01218523313946987 0
0.8415503729942888 0.3229774446883485 0
1.896430199415689 0.2829101090821908 0
0.06258029492723402 0.3795751209019853 0
0.663632336392276 0.09231838884439257 0
1.571897442179742 0.1483337170002343 0
1.898987541750168 0.1529804242382602 0
0.5159220492552417 0.07519417929570842 0
0.3270017092605082 0.2270382077027921 0
0.2148361002383752 0.3401590548747121 0
0.3595763342260461 0.1710506028175557 0
0.1696687168847286 0.3768283830696248 0
0.8185350226966686 0.3424985850039656 0
0.3066829107224274 0.3975409718099757 0
2.143299944176416 0.2550218220267579 0
0.4715440086976193 0.3554944565161779 0
0.1419143695278315 0.3803591056898408 0
1.179404252625874 0.1148832506640657 0
0.7878546664957795 0.1973092406514448 0
1.358075906214639 0.1355410887462226 0
1.679973028327451 0.2908083732752239 0
0.02889709123325666 0.2520002440277155 0
1.303154894276268 0.09990341727339896 0
1.951354303134894 0.3260283448258188 0
1.527340920079671 0.3353072713420064 0
1.053622126626089 0.01841607087690147 0
1.669106861899114 0.2503158955657084 0
1.22114793659347 0.2225677929380375 0
2.147494261015548 0.1888902236192377 0
0.9587696518814813 0.01929782038740224 0
1.219904923769715 0.1902634350320685 0
0.6709506778537537 0.04089669505841707 0
1.413205313552939 0.3641319348132676 0
0.5555508247902952 0.3347665832612454 0
1.605000460991956 0.278961093343779 0
0.6685758360177083 0.07239606131452521 0
1.524186537123867 0.2299990075376533 0
0.4186293819822221 0.2639986806713091 0
1.258484594370253 0.07709267697816448 0
0.4211119262540476 0.1499643884383303 0
0.399868536267746 0.1432068231936694 0
0.8354028139442971 0.3709318681428262 0
0.8846410161303392 0.2322540465194092 0
0.8068441139494398 0.1921691173949154 0
0.3522253810681669 0.01264772347214903 0
0.8493217920236269 0.2086546265984992 0
1.312295324532322 0.1975919497309184 0
0.4498567730772247 0.2565728881498213 0
0.3872205364355602 0.3785480349282888 0
0.8170478882011337 0.07396083513498213 0
0.9327728549285554 0.3689428424745424 0
1.192131094603076 0.1299999999729184 0
$EndNodes
$Elements
21 3622 1 3622
1 1 1 77
1 1 21 
2 21 22 
3 22 23 
4 23 24 
5 24 25 
6 25 26 
7 26 27 
8 27 28 
9 28 29 
10 29 30 
11 30 31 
12 31 32 
13 32 33 
14 33 34 
15 34 35 
16 35 36 
17 36 37 
18 37 38 
19 38 39 
20 39 40 
21 40 41 
22 41 42 
23 42 43 
24 43 44 
25 44 45 
26 45 46 
27 46 47 
28 47 48 
29 48 49 
30 49 50 
31 50 51 
32 51 52 
33 52 53 
34 53 54 
35 54 55 
36 55 56 
37 56 57 
38 57 58 
39 58 59 
40 59 60 
41 60 61 
42 61 62 
43 62 63 
44 63 64 
45 64 65 
46 65 66 
47 66 67 
48 67 68 
49 68 69 
50 69 70 
51 70 71 
52 71 72 
53 72 73 
54 73 74 
55 74 75 
56 75 76 
57 76 77 
58 77 78 
59 78 79 
60 79 80 
61 80 81 
62 81 82 
63 82 83 
64 83 84 
65 84 85 
66 85 86 
67 86 87 
68 87 88 
69 88 89 
70 89 90 
71 90 91 
72 91 92 
73 92 93 
74 93 94 
75 94 95 
76 95 96 
77 96 2 
1 2 1 11
78 2 97 
79 97 98 
80 98 99 
81 99 100 
82 100 101 
83 101 102 
84 102 103 
85 103 104 
86 104 105 
87 105 106 
88 106 3 
1 3 1 77
89 3 107 
90 107 108 
91 108 109 
92 109 110 
93 110 111 
94 111 112 
95 112 113 
96 113 114 
97 114 115 
98 115 116 
99 116 117 
100 117 118 
101 118 119 
102 119 120 
103 120 121 
104 121 122 
105 122 123 
106 123 124 
107 124 125 
108 125 126 
109 126 127 
110 127 128 
111 128 129 
112 129 130 
113 130 131 
114 131 132 
115 132 133 
116 133 134 
117 134 135 
118 135 136 
119 136 137 
120 137 138 
121 138 139 
122 139 140 
123 140 141 
124 141 142 
125 142 143 
126 143 144 
127 144 145 
128 145 146 
129 146 147 
130 147 148 
131 148 149 
132 149 150 
133 150 151 
134 151 152 
135 152 153 
136 153 154 
137 154 155 
138 155 156 
139 156 157 
140 157 158 
141 158 159 
142 159 160 
143 160 161 
144 161 162 
145 162 163 
146 163 164 
147 164 165 
148 165 166 
149 166 167 
150 167 168 
151 168 169 
152 169 170 
153 170 171 
154 171 172 
155 172 173 
156 173 174 
157 174 175 
158 175 176 
159 176 177 
160 177 178 
161 178 179 
162 179 180 
163 180 181 
164 181 182 
165 182 4 
1 4 1 21
166 4 183 
167 183 184 
168 184 185 
169 185 186 
170 186 187 
171 187 188 
172 188 189 
173 189 190 
174 190 191 
175 191 192 
176 192 193 
177 193 194 
178 194 195 
179 195 196 
180 196 197 
181 197 198 
182 198 199 
183 199 200 
184 200 201 
185 201 202 
186 202 1 
1 10 1 3
187 5 203 
188 203 204 
189 204 6 
1 11 1 3
190 6 205 
191 205 206 
192 206 7 
1 12 1 3
193 7 207 
194 207 208 
195 208 8 
1 13 1 3
196 8 209 
197 209 210 
198 210 5 
1 20 1 3
199 9 211 
200 211 212 
201 212 10 
1 21 1 3
202 10 213 
203 213 214 
204 214 11 
1 22 1 3
205 11 215 
206 215 216 
207 216 12 
1 23 1 3
208 12 217 
209 217 218 
210 218 9 
1 30 1 3
211 13 219 
212 219 220 
213 220 14 
1 31 1 3
214 14 221 
215 221 222 
216 222 15 
1 32 1 3
217 15 223 
218 223 224 
219 224 16 
1 33 1 3
220 16 225 
221 225 226 
222 226 13 
1 40 1 3
223 17 227 
224 227 228 
225 228 18 
1 41 1 3
226 18 229 
227 229 230 
228 230 19 
1 42 1 3
229 19 231 
230 231 232 
231 232 20 
1 43 1 3
232 20 233 
233 233 234 
234 234 17 
2 1 2 3388
235 1059 1090 1722 
236 207 7 1375 
237 1173 1487 1669 
238 866 915 1046 
239 1051 862 1085 
240 542 240 759 
241 827 207 1375 
242 206 205 1401 
243 1139 973 1637 
244 5 210 1404 
245 216 215 1407 
246 867 1160 1202 
247 866 238 915 
248 541 239 828 
249 1081 289 1149 
250 209 8 1424 
251 11 214 320 
252 883 1188 1469 
253 219 240 542 
254 775 539 796 
255 195 196 1174 
256 544 206 1401 
257 639 5 1404 
258 1487 312 1669 
259 485 1139 1637 
260 494 536 1453 
261 239 540 828 
262 1444 1049 1726 
263 951 1139 1631 
264 9 239 541 
265 538 539 775 
266 862 1051 1625 
267 1016 927 1575 
268 836 216 1407 
269 828 540 963 
270 709 20 1521 
271 805 639 1404 
272 827 1375 1429 
273 638 209 1424 
274 916 1057 1567 
275 1078 256 1107 
276 1085 827 1429 
277 1030 1093 1238 
278 255 1690 1730 
279 264 749 884 
280 1160 867 1636 
281 799 1444 1726 
282 1205 878 1345 
283 1115 251 1116 
284 805 1404 1488 
285 204 203 1602 
286 320 214 1446 
287 1139 478 1631 
288 231 19 1495 
289 264 14 749 
290 203 733 1602 
291 1230 1025 1652 
292 1052 1488 1541 
293 233 20 708 
294 683 681 1342 
295 1013 795 1294 
296 230 229 1505 
297 1290 1289 1572 
298 295 541 850 
299 304 1138 1525 
300 927 1016 1576 
301 1081 1149 1667 
302 295 211 541 
303 1201 804 1691 
304 976 1151 1494 
305 435 1098 1128 
306 804 1201 1345 
307 1370 935 1372 
308 345 320 1446 
309 761 1078 1106 
310 240 13 877 
311 1090 1059 1596 
312 1052 805 1488 
313 798 927 1576 
314 1069 266 1240 
315 105 106 1272 
316 520 1266 1553 
317 212 295 705 
318 17 234 1523 
319 1067 850 1245 
320 714 1100 1377 
321 1010 803 1233 
322 836 1407 1486 
323 261 1205 1345 
324 708 20 709 
325 1030 1238 1741 
326 1200 869 1202 
327 705 295 774 
328 1233 803 1657 
329 572 1317 1318 
330 1266 520 1416 
331 1116 251 1232 
332 1252 299 1255 
333 1188 883 1530 
334 912 1153 1702 
335 273 57 1221 
336 345 1446 1550 
337 1103 259 1403 
338 227 249 669 
339 1100 1054 1377 
340 1057 916 1562 
341 292 1045 1667 
342 1005 1143 1176 
343 1088 836 1486 
344 20 232 1521 
345 1084 873 1133 
346 279 1050 1580 
347 1025 798 1576 
348 711 231 1495 
349 669 249 670 
350 1042 1601 1730 
351 1138 1150 1525 
352 1084 761 1106 
353 1114 544 1401 
354 262 1056 1536 
355 220 542 1533 
356 1255 299 1561 
357 662 230 1505 
358 877 13 1527 
359 1210 1071 1599 
360 1190 907 1511 
361 1280 729 1281 
362 69 1230 1652 
363 1153 912 1546 
364 882 1539 1550 
365 1243 1034 1515 
366 873 1084 1106 
367 749 220 1533 
368 1100 714 1127 
369 870 1069 1240 
370 1084 1133 1336 
371 1143 1005 1661 
372 1086 690 1341 
373 1453 536 1714 
374 224 313 727 
375 235 1173 1224 
376 1050 279 1619 
377 963 964 1491 
378 871 870 1240 
379 711 1495 1606 
380 772 1154 1615 
381 932 1290 1572 
382 1154 772 1545 
383 1491 964 1679 
384 1272 106 1693 
385 1166 452 1784 
386 850 1067 1498 
387 796 1031 1128 
388 878 765 1345 
389 1595 1012 1630 
390 1056 262 1578 
391 775 796 1128 
392 525 494 1453 
393 266 1069 1241 
394 256 1078 1256 
395 223 769 1571 
396 582 1133 1462 
397 727 313 798 
398 520 1278 1688 
399 1601 255 1730 
400 286 1091 1428 
401 1278 520 1553 
402 540 807 963 
403 963 807 964 
404 729 1280 1564 
405 312 195 1174 
406 1133 582 1336 
407 544 1114 1574 
408 1503 782 1647 
409 454 452 1166 
410 196 257 1174 
411 81 1080 1612 
412 303 1496 1720 
413 905 17 1523 
414 917 711 1606 
415 1465 497 1592 
416 1099 403 1547 
417 955 1106 1107 
418 289 1081 1467 
419 576 578 1311 
420 1151 274 1494 
421 1151 976 1639 
422 681 690 1342 
423 1305 300 1537 
424 1273 1595 1630 
425 313 223 1571 
426 285 1243 1515 
427 690 1086 1342 
428 1080 81 1588 
429 70 1182 1230 
430 955 1107 1778 
431 1189 1190 1511 
432 1480 1165 1502 
433 1045 292 1651 
434 525 1079 1452 
435 663 1109 1769 
436 636 957 1674 
437 1303 738 1723 
438 1071 1210 1562 
439 1065 363 1503 
440 112 113 1239 
441 1317 572 1632 
442 1079 525 1453 
443 384 388 1142 
444 795 961 1294 
445 1509 1099 1547 
446 217 12 1129 
447 676 673 1112 
448 1182 70 1751 
449 1148 248 1474 
450 261 1194 1205 
451 1450 709 1722 
452 539 217 1129 
453 1238 1093 1239 
454 88 1089 1650 
455 959 676 1112 
456 1046 741 1718 
457 1127 714 1142 
458 1106 1078 1107 
459 741 1046 1567 
460 1130 574 1310 
461 935 1370 1583 
462 1311 582 1462 
463 889 1130 1310 
464 1089 88 1601 
465 912 1126 1546 
466 1349 1659 1703 
467 64 65 1158 
468 904 1195 1333 
469 1024 1350 1380 
470 1659 998 1703 
471 982 1219 1534 
472 1058 1059 1722 
473 574 1130 1132 
474 1065 1503 1647 
475 1181 863 1182 
476 497 1465 1581 
477 363 1065 1747 
478 957 1671 1674 
479 709 1521 1722 
480 1064 284 1640 
481 671 249 905 
482 696 683 1342 
483 1182 863 1230 
484 671 905 1112 
485 303 1354 1496 
486 1635 920 1769 
487 1690 1026 1730 
488 1301 958 1556 
489 953 1222 1518 
490 1620 922 1755 
491 284 1064 1675 
492 471 1480 1502 
493 57 58 1221 
494 1256 1255 1561 
495 1104 1103 1403 
496 958 1301 1330 
497 765 804 1345 
498 1111 1635 1769 
499 733 1212 1391 
500 1183 1210 1599 
501 664 875 1172 
502 251 1115 1117 
503 915 916 1567 
504 65 284 1158 
505 1013 1294 1737 
506 957 862 1625 
507 883 882 1501 
508 574 1132 1135 
509 452 748 1784 
510 1413 1008 1540 
511 259 1103 1746 
512 261 77 1194 
513 308 1118 1186 
514 979 1589 1597 
515 1256 1561 1697 
516 248 1269 1474 
517 1307 1305 1537 
518 1149 292 1667 
519 1143 297 1176 
520 255 1332 1690 
521 1117 1620 1755 
522 1161 254 1162 
523 738 1303 1548 
524 1107 256 1493 
525 1195 904 1685 
526 1173 235 1487 
527 1316 1317 1338 
528 289 1467 1534 
529 725 710 1450 
530 1546 1126 1665 
531 1239 1093 1780 
532 903 1559 1623 
533 1081 1667 1731 
534 1018 1127 1750 
535 1192 1079 1453 
536 1238 258 1741 
537 1202 869 1745 
538 1102 471 1378 
539 578 582 1311 
540 113 1238 1239 
541 892 936 1186 
542 983 1579 1593 
543 1109 1111 1769 
544 388 391 1142 
545 1105 51 1746 
546 127 252 1156 
547 1310 576 1311 
548 1339 957 1625 
549 714 384 1142 
550 1219 116 1534 
551 957 1339 1671 
552 901 1081 1731 
553 710 708 1450 
554 273 1221 1748 
555 864 1414 1485 
556 1372 935 1566 
557 51 1105 1641 
558 122 296 1190 
559 1159 1160 1636 
560 1124 244 1788 
561 1240 1239 1780 
562 1735 1068 1807 
563 1155 126 1156 
564 1341 690 1492 
565 525 1452 1604 
566 1496 1035 1720 
567 1172 875 1173 
568 1501 882 1550 
569 475 1451 1522 
570 1469 1188 1580 
571 257 1167 1169 
572 1277 1267 1285 
573 266 112 1239 
574 1118 308 1185 
575 1365 1341 1492 
576 1063 1245 1568 
577 1170 668 1171 
578 495 1237 1378 
579 635 636 1621 
580 1212 733 1463 
581 1082 277 1677 
582 277 1082 1660 
583 1222 129 1518 
584 258 1219 1653 
585 1599 1663 1784 
586 814 1307 1514 
587 755 753 1144 
588 257 1169 1174 
589 1160 294 1202 
590 1183 1209 1210 
591 76 261 1201 
592 435 1128 1749 
593 883 1501 1712 
594 1127 1142 1750 
595 1559 1010 1623 
596 1091 967 1428 
597 1090 1450 1722 
598 1118 892 1186 
599 1091 286 1760 
600 1237 1102 1378 
601 1098 807 1128 
602 1086 1087 1342 
603 975 1253 1499 
604 1159 72 1160 
605 1134 310 1196 
606 295 850 1498 
607 1152 283 1153 
608 1148 1050 1619 
609 917 1444 1478 
610 1175 1735 1807 
611 1164 491 1165 
612 889 1310 1311 
613 298 83 1143 
614 708 709 1450 
615 1017 1018 1482 
616 1350 946 1380 
617 1172 1173 1669 
618 673 671 1112 
619 566 569 1135 
620 1222 953 1461 
621 258 1653 1741 
622 1589 695 1597 
623 125 126 1155 
624 1025 1576 1652 
625 1612 1062 1695 
626 1426 962 1475 
627 1006 1207 1661 
628 931 1137 1393 
629 147 318 1371 
630 869 1200 1520 
631 1681 682 1707 
632 298 1143 1661 
633 1467 982 1534 
634 1124 1056 1578 
635 774 295 1498 
636 454 1166 1468 
637 422 420 1209 
638 1101 868 1776 
639 319 1097 1735 
640 1109 663 1758 
641 119 292 1149 
642 297 85 1151 
643 974 849 1483 
644 1410 1124 1788 
645 668 664 1172 
646 668 1170 1257 
647 1207 1006 1596 
648 1162 254 1516 
649 481 479 1165 
650 1113 583 1574 
651 583 1113 1725 
652 1148 1619 1752 
653 1452 999 1604 
654 124 283 1152 
655 310 1134 1195 
656 569 574 1135 
657 471 1102 1480 
658 1447 1615 1638 
659 297 1151 1639 
660 1083 1717 1782 
661 1196 1055 1397 
662 456 454 1468 
663 1245 850 1568 
664 1120 271 1560 
665 1253 407 1499 
666 1285 1267 1328 
667 1098 435 1644 
668 1191 291 1192 
669 484 480 1203 
670 566 1135 1388 
671 253 1413 1540 
672 77 78 1194 
673 1307 814 1711 
674 64 1158 1782 
675 1717 250 1782 
676 126 127 1156 
677 420 431 1209 
678 1145 1684 1777 
679 1134 1196 1397 
680 1023 1280 1676 
681 1280 1023 1564 
682 620 1157 1320 
683 491 481 1165 
684 235 1224 1715 
685 1389 1137 1472 
686 1079 1192 1695 
687 311 1366 1584 
688 563 566 1388 
689 1333 317 1529 
690 480 482 1203 
691 1164 1165 1480 
692 1521 1058 1722 
693 1116 1232 1519 
694 713 491 1164 
695 1308 751 1556 
696 1096 1681 1707 
697 145 319 1175 
698 1579 246 1593 
699 497 496 1592 
700 1201 261 1345 
701 1043 1424 1621 
702 863 1025 1230 
703 1042 1089 1601 
704 287 1122 1586 
705 1124 1578 1713 
706 1451 1147 1522 
707 1177 734 1509 
708 1103 1105 1746 
709 1301 751 1766 
710 996 1334 1335 
711 796 539 797 
712 1539 345 1550 
713 1289 317 1572 
714 961 1293 1294 
715 512 734 1177 
716 567 1141 1456 
717 79 291 1191 
718 143 314 1180 
719 282 1095 1801 
720 1356 974 1483 
721 755 1144 1777 
722 1365 697 1535 
723 149 316 1179 
724 254 1161 1163 
725 1187 279 1188 
726 1213 864 1485 
727 618 621 1257 
728 1125 132 1598 
729 868 1101 1719 
730 1095 282 1668 
731 294 1200 1202 
732 872 1542 1563 
733 1112 905 1524 
734 1640 637 1754 
735 1171 668 1172 
736 895 715 1181 
737 1621 636 1674 
738 697 1365 1492 
739 1584 1366 1715 
740 1232 1231 1519 
741 994 992 1355 
742 1584 955 1778 
743 73 294 1160 
744 1163 1288 1770 
745 1189 121 1190 
746 1414 330 1485 
747 1198 1197 1223 
748 614 1320 1358 
749 864 1213 1435 
750 151 279 1187 
751 1080 1062 1612 
752 777 1040 1259 
753 1122 287 1736 
754 1051 1085 1767 
755 1320 1157 1358 
756 759 240 760 
757 1206 717 1745 
758 84 297 1143 
759 294 1199 1200 
760 264 884 1048 
761 403 1099 1644 
762 135 271 1197 
763 768 767 816 
764 572 1318 1583 
765 821 1254 1255 
766 1169 1171 1174 
767 1152 1153 1546 
768 458 969 1178 
769 1092 1742 1780 
770 244 1124 1713 
771 697 959 1535 
772 1444 917 1606 
773 441 422 1209 
774 292 120 1189 
775 1153 283 1154 
776 1309 965 1393 
777 825 1208 1313 
778 1213 720 1435 
779 821 1255 1256 
780 962 943 1475 
781 959 1112 1524 
782 121 122 1190 
783 296 123 1152 
784 1237 997 1590 
785 1159 895 1751 
786 1262 1265 1268 
787 1204 903 1331 
788 289 118 1149 
789 1157 620 1355 
790 1063 516 1245 
791 1389 1472 1548 
792 132 1125 1705 
793 1082 1332 1660 
794 86 274 1151 
795 866 1425 1774 
796 1208 825 1337 
797 251 139 1232 
798 973 1002 1637 
799 1137 370 1393 
800 1043 1303 1723 
801 1261 1262 1268 
802 493 524 799 
803 1127 1018 1573 
804 67 68 637 
805 1316 1338 1678 
806 542 759 826 
807 1191 1192 1193 
808 1150 282 1525 
809 237 1185 1757 
810 965 931 1393 
811 825 605 1337 
812 482 493 1203 
813 1315 614 1358 
814 964 807 1098 
815 271 1120 1744 
816 82 83 298 
817 1092 698 1742 
818 1259 1040 1383 
819 1350 1024 1805 
820 1093 1092 1780 
821 141 278 1231 
822 621 668 1257 
823 815 1047 1220 
824 972 1033 1389 
825 1197 271 1223 
826 341 342 1258 
827 1236 1104 1403 
828 1482 1018 1750 
829 510 512 1177 
830 768 816 868 
831 84 85 297 
832 905 1523 1524 
833 259 1216 1403 
834 734 1491 1679 
835 1078 821 1256 
836 314 144 1175 
837 414 418 1360 
838 871 1240 1780 
839 119 120 292 
840 122 123 296 
841 1006 794 1090 
842 73 74 294 
843 159 1285 1328 
844 72 73 1160 
845 1137 931 1472 
846 751 1301 1556 
847 1054 1100 1800 
848 949 951 1631 
849 906 1140 1628 
850 821 631 1254 
851 1279 1280 1281 
852 302 55 1215 
853 1684 1044 1777 
854 283 125 1155 
855 1576 637 1652 
856 259 53 1216 
857 376 378 1377 
858 79 80 291 
859 301 1197 1198 
860 436 948 1211 
861 866 1046 1425 
862 1209 431 1210 
863 1225 363 1228 
864 110 111 1241 
865 302 1215 1234 
866 1251 813 1622 
867 1095 1008 1413 
868 1302 1343 1438 
869 1227 1296 1346 
870 620 618 1257 
871 395 396 1398 
872 1261 269 1262 
873 157 269 1261 
874 318 148 1179 
875 1266 1267 1553 
876 816 929 930 
877 452 446 748 
878 766 713 767 
879 632 1247 1249 
880 1097 319 1605 
881 83 84 1143 
882 278 142 1180 
883 978 1269 1558 
884 1498 1067 1724 
885 1135 1132 1136 
886 614 1315 1327 
887 1226 1229 1427 
888 698 1092 1759 
889 1649 1193 1714 
890 1371 318 1798 
891 75 76 1201 
892 1359 1136 1432 
893 766 767 768 
894 1342 1087 1763 
895 813 1251 1610 
896 460 458 1178 
897 117 118 289 
898 114 258 1238 
899 458 456 969 
900 65 66 284 
901 316 150 1187 
902 484 1147 1451 
903 742 1227 1346 
904 163 290 1279 
905 85 86 1151 
906 111 266 1241 
907 118 119 1149 
908 748 1599 1784 
909 1270 305 1274 
910 294 74 1199 
911 86 87 274 
912 120 121 1189 
913 124 125 283 
914 632 1249 1254 
915 61 62 1577 
916 1170 994 1355 
917 1279 290 1280 
918 1054 376 1377 
919 1203 799 1726 
920 1183 441 1209 
921 719 499 1123 
922 1173 875 1224 
923 696 1291 1409 
924 1332 1082 1690 
925 488 477 496 
926 78 79 1191 
927 1205 1193 1649 
928 794 725 1450 
929 1425 1094 1774 
930 419 1426 1475 
931 1219 982 1653 
932 258 115 1219 
933 76 77 261 
934 1136 1132 1432 
935 123 124 1152 
936 895 1181 1182 
937 1199 75 1201 
938 951 973 1139 
939 358 363 1225 
940 145 146 319 
941 301 134 1197 
942 71 72 1159 
943 1158 284 1422 
944 143 144 314 
945 166 268 1283 
946 1242 61 1577 
947 564 563 1388 
948 816 767 929 
949 1063 1568 1683 
950 495 462 1218 
951 446 441 1183 
952 252 128 1222 
953 285 42 1243 
954 1147 484 1726 
955 662 1505 1666 
956 512 515 734 
957 1123 928 1666 
958 564 1388 1437 
959 411 414 1360 
960 819 1258 1325 
961 78 1191 1194 
962 815 1220 1287 
963 515 516 1063 
964 266 1239 1240 
965 903 533 1331 
966 304 40 1244 
967 317 1333 1572 
968 1064 1640 1754 
969 144 145 1175 
970 1308 1556 1739 
971 992 1157 1355 
972 147 148 318 
973 149 150 316 
974 1154 1155 1615 
975 142 143 1180 
976 705 774 902 
977 945 744 1321 
978 764 1067 1245 
979 605 603 1337 
980 512 513 515 
981 148 149 1179 
982 797 539 1129 
983 631 632 1254 
984 395 1398 1728 
985 1212 1211 1391 
986 1297 307 1330 
987 767 713 1164 
988 1216 302 1217 
989 344 341 1258 
990 493 494 524 
991 1276 1275 1281 
992 1258 342 1325 
993 1288 1163 1658 
994 934 1318 1319 
995 996 1335 1699 
996 1037 1598 1664 
997 928 662 1666 
998 1406 393 1431 
999 1158 1083 1782 
1000 305 110 1241 
1001 141 142 278 
1002 1247 632 1329 
1003 1012 1011 1630 
1004 1291 843 1409 
1005 943 1057 1506 
1006 516 764 1245 
1007 1260 156 1261 
1008 975 510 1177 
1009 817 818 1246 
1010 975 1177 1253 
1011 115 116 1219 
1012 150 151 1187 
1013 493 799 1203 
1014 396 398 399 
1015 109 305 1270 
1016 798 313 927 
1017 1343 570 1438 
1018 134 135 1197 
1019 130 131 267 
1020 1262 269 1263 
1021 914 1247 1329 
1022 1167 257 1528 
1023 467 468 469 
1024 128 129 1222 
1025 471 466 1378 
1026 114 115 258 
1027 133 134 301 
1028 135 136 271 
1029 56 273 1215 
1030 469 470 472 
1031 1067 1068 1724 
1032 1275 162 1279 
1033 748 446 1183 
1034 54 302 1216 
1035 392 394 395 
1036 127 128 252 
1037 156 157 1261 
1038 880 849 974 
1039 428 429 500 
1040 697 676 959 
1041 777 1039 1040 
1042 151 152 279 
1043 508 510 975 
1044 1267 1263 1328 
1045 306 33 1286 
1046 1260 1261 1268 
1047 656 659 1319 
1048 1282 165 1283 
1049 277 1289 1290 
1050 1217 1234 1235 
1051 162 163 1279 
1052 395 394 396 
1053 1262 1263 1264 
1054 744 650 1364 
1055 1217 1235 1236 
1056 140 141 1231 
1057 138 139 251 
1058 958 942 1556 
1059 277 93 1289 
1060 1293 1292 1294 
1061 1398 1031 1728 
1062 1175 319 1735 
1063 764 1066 1067 
1064 1263 269 1328 
1065 603 589 1395 
1066 317 95 1529 
1067 165 166 1283 
1068 1343 1449 1454 
1069 659 934 1319 
1070 488 496 497 
1071 381 384 714 
1072 515 1063 1491 
1073 1208 564 1437 
1074 354 742 1346 
1075 510 511 512 
1076 55 56 1215 
1077 385 436 1211 
1078 53 54 1216 
1079 1194 1193 1205 
1080 1264 1263 1266 
1081 1517 345 1539 
1082 1293 961 1549 
1083 1296 1227 1347 
1084 1047 1141 1460 
1085 237 31 1292 
1086 1249 1252 1254 
1087 1229 1325 1427 
1088 352 350 1284 
1089 248 155 1260 
1090 280 1275 1276 
1091 954 720 1213 
1092 399 398 400 
1093 444 352 1284 
1094 717 867 1745 
1095 1126 912 1694 
1096 465 466 467 
1097 954 1213 1214 
1098 1231 278 1614 
1099 1006 1090 1596 
1100 782 1211 1212 
1101 1254 1252 1255 
1102 667 786 1295 
1103 503 521 1233 
1104 624 1351 1361 
1105 43 303 1243 
1106 1074 1406 1431 
1107 1275 1279 1281 
1108 155 156 1260 
1109 356 358 1225 
1110 41 285 1244 
1111 956 1224 1295 
1112 473 480 484 
1113 59 60 265 
1114 851 644 1287 
1115 436 503 948 
1116 174 307 1297 
1117 42 43 1243 
1118 56 57 273 
1119 388 390 391 
1120 364 385 782 
1121 62 63 250 
1122 54 55 302 
1123 427 777 1259 
1124 40 41 1244 
1125 52 53 259 
1126 910 949 1618 
1127 280 161 1275 
1128 248 1260 1269 
1129 161 162 1275 
1130 424 426 428 
1131 585 599 1336 
1132 442 441 446 
1133 237 1292 1293 
1134 447 446 452 
1135 930 929 1102 
1136 1321 744 1364 
1137 1146 702 1740 
1138 290 164 1282 
1139 1312 1313 1352 
1140 164 165 1282 
1141 633 914 1329 
1142 841 847 1036 
1143 1351 960 1361 
1144 809 108 1270 
1145 1180 314 1706 
1146 1024 1023 1676 
1147 782 385 1211 
1148 140 1231 1232 
1149 1496 787 1551 
1150 1277 1276 1278 
1151 948 503 1233 
1152 1324 730 1353 
1153 49 50 244 
1154 108 109 1270 
1155 869 868 1206 
1156 33 34 1286 
1157 505 747 1094 
1158 410 409 413 
1159 113 114 1238 
1160 428 740 1382 
1161 314 1175 1807 
1162 930 1102 1237 
1163 818 841 1246 
1164 453 452 454 
1165 993 1168 1304 
1166 459 458 460 
1167 505 1094 1425 
1168 1315 937 1327 
1169 420 419 431 
1170 93 94 1289 
1171 167 168 1288 
1172 809 1270 1271 
1173 849 444 1284 
1174 74 75 1199 
1175 1337 603 1395 
1176 517 444 849 
1177 634 628 1339 
1178 31 32 1292 
1179 887 888 1422 
1180 34 253 1286 
1181 665 667 1295 
1182 1211 948 1391 
1183 1217 1236 1403 
1184 94 317 1289 
1185 349 348 371 
1186 399 400 401 
1187 1217 302 1234 
1188 358 361 363 
1189 531 370 1137 
1190 173 174 1297 
1191 1269 1268 1558 
1192 154 155 248 
1193 852 1204 1331 
1194 644 646 1287 
1195 612 609 1312 
1196 814 22 1326 
1197 523 533 903 
1198 268 167 1288 
1199 599 1084 1336 
1200 1036 847 1043 
1201 610 611 1327 
1202 399 401 435 
1203 371 348 819 
1204 41 42 285 
1205 43 44 303 
1206 482 492 493 
1207 46 47 262 
1208 643 852 1331 
1209 408 406 409 
1210 107 108 809 
1211 786 956 1295 
1212 1283 268 1350 
1213 616 620 1320 
1214 418 508 1360 
1215 157 158 269 
1216 1271 1270 1274 
1217 1140 906 1694 
1218 32 306 1292 
1219 611 614 1327 
1220 39 40 304 
1221 658 656 1319 
1222 721 720 954 
1223 517 849 880 
1224 354 356 742 
1225 163 164 290 
1226 160 161 280 
1227 852 851 1113 
1228 236 173 1297 
1229 852 1113 1114 
1230 1352 1313 1359 
1231 990 993 1304 
1232 347 344 348 
1233 158 159 1328 
1234 341 338 342 
1235 378 381 1377 
1236 1000 999 1452 
1237 838 1324 1353 
1238 37 38 282 
1239 455 454 456 
1240 1220 851 1287 
1241 809 1271 1272 
1242 457 456 458 
1243 428 500 740 
1244 841 1036 1246 
1245 22 23 1326 
1246 401 400 402 
1247 280 1277 1285 
1248 848 972 1303 
1249 515 513 516 
1250 460 1178 1218 
1251 440 422 441 
1252 973 1001 1002 
1253 1272 1271 1273 
1254 609 607 1312 
1255 1136 1359 1437 
1256 670 249 671 
1257 643 851 852 
1258 646 649 1287 
1259 960 602 1369 
1260 472 470 473 
1261 742 1225 1226 
1262 951 952 973 
1263 94 95 317 
1264 533 535 1331 
1265 613 616 1320 
1266 34 35 253 
1267 1010 1233 1623 
1268 627 865 1302 
1269 1260 1268 1269 
1270 1316 874 1317 
1271 742 356 1225 
1272 703 871 1418 
1273 1002 1003 1004 
1274 449 382 720 
1275 166 167 268 
1276 146 147 1371 
1277 111 112 266 
1278 865 634 1051 
1279 928 1123 1581 
1280 1262 1264 1265 
1281 169 170 254 
1282 721 954 1349 
1283 348 344 1258 
1284 1226 1225 1228 
1285 1249 1248 1250 
1286 396 397 398 
1287 1292 306 1294 
1288 1004 1037 1038 
1289 469 468 470 
1290 417 415 419 
1291 1247 1248 1249 
1292 1247 1091 1248 
1293 643 644 851 
1294 592 594 1323 
1295 342 338 1347 
1296 649 815 1287 
1297 1249 1250 1252 
1298 424 428 1382 
1299 32 33 306 
1300 172 173 236 
1301 109 110 305 
1302 985 984 986 
1303 1185 237 1673 
1304 986 987 988 
1305 1035 1496 1551 
1306 364 365 385 
1307 573 576 1310 
1308 834 874 1316 
1309 930 1237 1590 
1310 535 642 643 
1311 988 989 990 
1312 385 386 436 
1313 983 937 984 
1314 761 631 821 
1315 991 990 1304 
1316 139 140 1232 
1317 914 1091 1247 
1318 599 597 631 
1319 280 1276 1277 
1320 463 465 1376 
1321 627 634 865 
1322 236 1297 1298 
1323 949 950 951 
1324 594 625 1323 
1325 92 93 277 
1326 581 585 1336 
1327 1326 287 1586 
1328 361 362 364 
1329 815 744 945 
1330 1302 865 1343 
1331 845 843 1291 
1332 815 945 1047 
1333 358 359 361 
1334 669 670 691 
1335 391 390 392 
1336 347 348 349 
1337 1047 945 1141 
1338 30 31 237 
1339 1226 1228 1229 
1340 990 992 993 
1341 1257 1170 1355 
1342 599 631 761 
1343 521 522 523 
1344 934 750 935 
1345 356 357 358 
1346 627 628 634 
1347 649 650 744 
1348 650 652 1364 
1349 1449 595 1454 
1350 436 437 503 
1351 503 504 521 
1352 585 597 599 
1353 761 821 1078 
1354 916 1071 1562 
1355 756 906 1628 
1356 742 1226 1227 
1357 993 994 1167 
1358 607 825 1312 
1359 349 371 1309 
1360 608 607 609 
1361 610 609 611 
1362 649 648 650 
1363 611 612 613 
1364 614 613 1320 
1365 613 615 616 
1366 508 509 510 
1367 655 654 656 
1368 986 984 987 
1369 625 627 1302 
1370 578 581 582 
1371 646 648 649 
1372 988 990 991 
1373 659 660 750 
1374 991 1304 1305 
1375 606 605 607 
1376 1475 943 1506 
1377 174 175 307 
1378 993 1167 1168 
1379 1300 1298 1301 
1380 1542 1274 1563 
1381 656 657 659 
1382 464 462 495 
1383 936 707 937 
1384 616 617 618 
1385 649 744 815 
1386 512 511 513 
1387 914 967 1091 
1388 269 158 1328 
1389 750 751 1308 
1390 1618 949 1631 
1391 988 987 989 
1392 655 656 658 
1393 621 622 664 
1394 985 986 1122 
1395 664 665 875 
1396 707 610 1327 
1397 875 665 1295 
1398 618 619 621 
1399 786 955 956 
1400 467 466 468 
1401 607 605 825 
1402 553 567 1335 
1403 625 1302 1323 
1404 834 658 874 
1405 1141 945 1456 
1406 983 984 985 
1407 621 664 668 
1408 160 280 1285 
1409 248 1148 1752 
1410 659 750 934 
1411 585 596 597 
1412 652 654 655 
1413 28 29 308 
1414 569 573 574 
1415 604 603 605 
1416 786 873 955 
1417 1313 1208 1437 
1418 841 842 847 
1419 990 989 992 
1420 988 991 1348 
1421 1266 1263 1267 
1422 630 817 1339 
1423 574 573 1310 
1424 795 602 960 
1425 1122 986 1348 
1426 937 707 1327 
1427 434 1417 1448 
1428 616 618 620 
1429 611 609 612 
1430 652 653 654 
1431 1113 851 1220 
1432 1361 960 1369 
1433 181 182 813 
1434 21 22 814 
1435 996 834 1316 
1436 1312 825 1313 
1437 611 613 614 
1438 650 651 652 
1439 558 557 559 
1440 613 612 615 
1441 1224 875 1295 
1442 23 287 1326 
1443 354 355 356 
1444 991 1306 1348 
1445 936 937 983 
1446 67 637 1640 
1447 1359 1313 1437 
1448 1301 1298 1330 
1449 552 570 1454 
1450 1024 1676 1805 
1451 628 630 1339 
1452 368 349 1309 
1453 1008 790 1009 
1454 1298 1297 1330 
1455 993 992 994 
1456 935 750 1308 
1457 1167 994 1169 
1458 633 913 914 
1459 581 584 585 
1460 578 579 581 
1461 667 785 786 
1462 576 577 578 
1463 535 643 1331 
1464 740 500 741 
1465 646 647 648 
1466 591 589 603 
1467 1424 1043 1723 
1468 1317 874 1318 
1469 643 642 644 
1470 616 615 617 
1471 995 834 996 
1472 179 180 286 
1473 23 24 287 
1474 833 658 834 
1475 1038 1664 1692 
1476 750 660 751 
1477 573 575 576 
1478 608 609 610 
1479 818 840 841 
1480 556 555 557 
1481 159 160 1285 
1482 606 607 608 
1483 562 561 563 
1484 659 657 660 
1485 176 177 245 
1486 26 27 246 
1487 630 789 817 
1488 1037 1125 1598 
1489 838 1162 1324 
1490 582 581 1336 
1491 569 571 573 
1492 618 617 619 
1493 656 654 657 
1494 500 429 501 
1495 566 568 569 
1496 523 532 533 
1497 563 565 566 
1498 370 368 1393 
1499 468 466 471 
1500 621 619 622 
1501 89 90 255 
1502 419 415 1426 
1503 1250 1248 1251 
1504 664 622 665 
1505 403 402 404 
1506 596 633 1329 
1507 506 977 1399 
1508 555 553 1335 
1509 604 605 606 
1510 300 1305 1738 
1511 410 413 1379 
1512 559 560 561 
1513 449 720 721 
1514 819 348 1258 
1515 795 960 961 
1516 955 873 1106 
1517 612 1312 1352 
1518 562 563 564 
1519 620 1257 1355 
1520 631 597 632 
1521 533 534 535 
1522 499 497 1581 
1523 401 402 403 
1524 786 785 873 
1525 852 1114 1204 
1526 657 654 1353 
1527 719 1123 1140 
1528 409 406 1314 
1529 1488 965 1541 
1530 1306 1305 1307 
1531 1165 479 1502 
1532 1049 1147 1726 
1533 777 778 1039 
1534 591 603 604 
1535 559 561 562 
1536 984 937 1315 
1537 1227 1226 1427 
1538 1009 790 1381 
1539 428 426 429 
1540 910 911 949 
1541 652 651 653 
1542 556 557 558 
1543 650 648 651 
1544 833 834 995 
1545 740 962 1382 
1546 1267 1277 1553 
1547 404 405 406 
1548 563 561 565 
1549 559 557 560 
1550 655 658 833 
1551 730 657 1353 
1552 914 913 967 
1553 473 484 1451 
1554 554 553 555 
1555 625 626 627 
1556 644 645 646 
1557 1067 1066 1068 
1558 535 641 642 
1559 406 405 1314 
1560 1299 1298 1300 
1561 703 870 871 
1562 585 584 596 
1563 874 658 1319 
1564 848 971 972 
1565 342 1347 1427 
1566 554 555 556 
1567 599 761 1084 
1568 44 45 1354 
1569 90 91 1332 
1570 418 433 508 
1571 475 472 1451 
1572 232 276 1521 
1573 576 575 577 
1574 578 577 579 
1575 581 579 584 
1576 408 409 410 
1577 178 1428 1458 
1578 506 791 977 
1579 559 562 1357 
1580 1379 962 1426 
1581 566 565 568 
1582 573 571 575 
1583 720 382 1435 
1584 1169 1170 1171 
1585 557 555 1334 
1586 569 568 571 
1587 651 648 1363 
1588 338 336 1347 
1589 940 564 1208 
1590 101 102 260 
1591 829 721 1349 
1592 706 610 707 
1593 465 467 483 
1594 303 44 1354 
1595 665 666 667 
1596 392 393 394 
1597 627 626 628 
1598 892 707 936 
1599 528 438 1368 
1600 646 645 647 
1601 986 988 1348 
1602 969 456 1468 
1603 171 172 1340 
1604 203 5 242 
1605 215 11 241 
1606 219 13 240 
1607 15 222 238 
1608 9 218 239 
1609 1138 304 1729 
1610 260 102 1344 
1611 99 100 310 
1612 351 354 1346 
1613 102 103 1344 
1614 667 784 785 
1615 987 984 1315 
1616 961 960 1351 
1617 705 902 1109 
1618 589 587 1395 
1619 172 236 1340 
1620 653 838 1353 
1621 236 1299 1340 
1622 817 789 818 
1623 876 528 1368 
1624 617 615 623 
1625 351 353 354 
1626 236 1298 1299 
1627 889 1311 1462 
1628 991 1305 1306 
1629 592 1323 1385 
1630 1154 283 1155 
1631 824 651 1363 
1632 1447 772 1615 
1633 562 940 1357 
1634 319 146 1371 
1635 489 908 1507 
1636 586 558 587 
1637 590 589 591 
1638 333 334 1296 
1639 508 975 1360 
1640 653 824 838 
1641 752 602 795 
1642 385 365 386 
1643 1110 1371 1798 
1644 1191 1193 1194 
1645 243 545 546 
1646 1135 1136 1388 
1647 913 762 1384 
1648 103 104 309 
1649 856 1086 1341 
1650 467 469 1322 
1651 103 309 1344 
1652 588 587 589 
1653 523 522 532 
1654 325 323 1356 
1655 849 1284 1483 
1656 521 504 522 
1657 436 386 437 
1658 985 1122 1184 
1659 597 596 1329 
1660 364 362 365 
1661 558 559 1357 
1662 992 989 1157 
1663 7 206 243 
1664 654 653 1353 
1665 699 693 843 
1666 665 622 666 
1667 908 909 910 
1668 881 880 882 
1669 587 558 1357 
1670 367 349 368 
1671 381 714 1377 
1672 427 519 777 
1673 503 437 504 
1674 561 560 1338 
1675 838 1161 1162 
1676 445 444 517 
1677 1334 555 1335 
1678 361 359 362 
1679 255 90 1332 
1680 808 933 1134 
1681 600 593 602 
1682 1169 994 1170 
1683 552 551 553 
1684 552 553 554 
1685 594 601 625 
1686 358 357 359 
1687 660 657 730 
1688 535 534 641 
1689 396 399 1398 
1690 562 564 940 
1691 548 550 595 
1692 888 1158 1422 
1693 381 383 384 
1694 623 1352 1359 
1695 417 419 420 
1696 548 595 1429 
1697 553 551 567 
1698 1379 413 1382 
1699 1318 874 1319 
1700 392 395 1482 
1701 356 355 357 
1702 530 370 531 
1703 369 368 370 
1704 844 843 845 
1705 608 610 706 
1706 943 741 1057 
1707 1417 977 1448 
1708 339 338 341 
1709 596 598 633 
1710 873 785 1133 
1711 940 1208 1337 
1712 1043 847 1303 
1713 556 558 586 
1714 343 341 344 
1715 604 606 624 
1716 374 376 1054 
1717 346 344 347 
1718 644 642 645 
1719 833 995 1321 
1720 633 762 913 
1721 531 1137 1389 
1722 667 666 784 
1723 336 333 1296 
1724 560 557 1334 
1725 524 494 525 
1726 648 647 1363 
1727 550 549 551 
1728 1323 1302 1438 
1729 652 655 1364 
1730 1130 802 1131 
1731 841 840 842 
1732 404 406 407 
1733 701 773 859 
1734 331 333 335 
1735 602 593 1369 
1736 35 36 1413 
1737 706 707 892 
1738 337 336 338 
1739 854 958 1053 
1740 550 551 552 
1741 647 947 1363 
1742 208 207 270 
1743 687 685 1409 
1744 331 332 333 
1745 625 601 626 
1746 987 1315 1358 
1747 653 651 824 
1748 895 1182 1751 
1749 360 352 444 
1750 565 561 1338 
1751 552 554 570 
1752 846 845 1026 
1753 1007 790 1008 
1754 97 98 904 
1755 413 409 423 
1756 1029 981 1096 
1757 510 509 511 
1758 897 899 901 
1759 615 612 1352 
1760 546 545 547 
1761 465 464 466 
1762 442 446 447 
1763 830 829 1394 
1764 335 333 336 
1765 440 441 442 
1766 586 587 588 
1767 243 544 545 
1768 856 858 1086 
1769 459 460 461 
1770 588 589 590 
1771 469 472 474 
1772 647 946 947 
1773 1144 1145 1777 
1774 762 854 1384 
1775 533 532 534 
1776 192 193 235 
1777 632 597 1329 
1778 191 192 1366 
1779 384 387 388 
1780 190 191 311 
1781 194 195 312 
1782 413 424 1382 
1783 554 556 1362 
1784 188 189 256 
1785 196 197 257 
1786 838 824 1161 
1787 447 452 453 
1788 571 568 572 
1789 1134 933 1195 
1790 623 615 1352 
1791 784 666 802 
1792 1074 1076 1077 
1793 596 584 598 
1794 752 795 1013 
1795 783 528 876 
1796 1139 485 1655 
1797 579 577 580 
1798 868 816 1776 
1799 570 1343 1454 
1800 330 329 331 
1801 1130 1131 1132 
1802 575 571 1370 
1803 847 842 848 
1804 474 472 475 
1805 784 802 889 
1806 489 732 908 
1807 859 860 861 
1808 184 185 1367 
1809 590 591 1369 
1810 327 329 330 
1811 336 1296 1347 
1812 591 604 1361 
1813 185 186 299 
1814 199 200 300 
1815 989 987 1358 
1816 600 602 752 
1817 378 380 381 
1818 889 802 1130 
1819 1296 334 1346 
1820 548 549 550 
1821 701 859 1392 
1822 765 713 766 
1823 847 848 1303 
1824 270 207 827 
1825 655 833 1364 
1826 1216 1217 1403 
1827 788 629 790 
1828 694 700 701 
1829 548 547 549 
1830 308 1186 1555 
1831 796 797 1017 
1832 622 619 1373 
1833 1321 995 1456 
1834 333 332 334 
1835 556 586 1362 
1836 493 492 494 
1837 908 910 1557 
1838 689 687 693 
1839 260 1344 1390 
1840 722 721 829 
1841 685 696 1409 
1842 327 328 329 
1843 832 830 1041 
1844 570 554 1362 
1845 1357 940 1395 
1846 701 728 773 
1847 633 598 762 
1848 1009 1381 1386 
1849 221 264 1733 
1850 588 590 592 
1851 7 243 1375 
1852 1687 1420 1698 
1853 546 547 548 
1854 972 971 1033 
1855 604 624 1361 
1856 592 590 593 
1857 647 645 946 
1858 1412 244 1641 
1859 242 5 639 
1860 628 629 630 
1861 893 892 1118 
1862 354 353 355 
1863 1157 989 1358 
1864 861 860 1011 
1865 1041 830 1394 
1866 833 1321 1364 
1867 375 864 1435 
1868 1284 350 1396 
1869 861 1011 1012 
1870 364 782 1503 
1871 453 454 455 
1872 699 843 844 
1873 854 853 942 
1874 862 827 1085 
1875 860 773 1055 
1876 641 1024 1380 
1877 462 460 1218 
1878 940 1337 1395 
1879 1119 1118 1185 
1880 473 479 480 
1881 8 208 635 
1882 762 598 853 
1883 477 475 1522 
1884 706 892 893 
1885 628 626 629 
1886 1141 567 1765 
1887 945 1321 1456 
1888 400 398 1259 
1889 1131 802 1373 
1890 241 321 322 
1891 606 608 1387 
1892 1277 1278 1553 
1893 205 6 275 
1894 666 622 1373 
1895 977 791 978 
1896 243 206 544 
1897 1195 933 1333 
1898 498 497 499 
1899 1388 1136 1437 
1900 608 706 1387 
1901 854 942 958 
1902 388 389 390 
1903 593 590 1369 
1904 762 853 854 
1905 366 443 998 
1906 178 179 1428 
1907 326 325 327 
1908 396 394 397 
1909 859 773 860 
1910 624 606 1387 
1911 964 1098 1099 
1912 831 1103 1104 
1913 457 458 459 
1914 823 856 1341 
1915 592 593 594 
1916 642 641 1380 
1917 463 464 465 
1918 324 323 325 
1919 594 593 600 
1920 617 623 1408 
1921 781 1073 1074 
1922 893 1118 1119 
1923 1060 1000 1452 
1924 577 575 1372 
1925 448 382 449 
1926 591 1361 1369 
1927 843 693 1409 
1928 347 349 367 
1929 854 1053 1384 
1930 1343 865 1449 
1931 1368 438 1405 
1932 584 579 1374 
1933 929 767 1164 
1934 243 546 1375 
1935 571 572 1370 
1936 1428 967 1458 
1937 1138 839 1150 
1938 973 952 1001 
1939 641 1023 1024 
1940 727 798 863 
1941 275 1010 1559 
1942 239 218 538 
1943 788 790 1007 
1944 808 932 933 
1945 594 600 601 
1946 327 325 328 
1947 802 666 1373 
1948 630 788 789 
1949 270 827 862 
1950 1007 1008 1095 
1951 701 700 728 
1952 203 242 733 
1953 626 601 1381 
1954 1002 1001 1003 
1955 1373 619 1408 
1956 547 545 583 
1957 951 950 952 
1958 844 845 846 
1959 645 642 1380 
1960 517 880 881 
1961 331 329 332 
1962 192 235 1366 
1963 407 406 408 
1964 1004 1003 1037 
1965 311 191 1366 
1966 404 402 405 
1967 823 1341 1365 
1968 253 35 1413 
1969 241 320 321 
1970 363 361 1503 
1971 575 1370 1372 
1972 455 456 457 
1973 210 209 272 
1974 1347 1227 1427 
1975 1072 780 1075 
1976 1193 1192 1714 
1977 580 577 1372 
1978 739 931 965 
1979 322 321 323 
1980 6 204 803 
1981 508 433 509 
1982 579 580 1374 
1983 334 351 1346 
1984 587 1357 1395 
1985 487 477 488 
1986 413 423 424 
1987 706 893 1387 
1988 818 839 840 
1989 1131 1373 1408 
1990 1338 1317 1632 
1991 760 240 877 
1992 271 136 1560 
1993 688 687 689 
1994 728 700 743 
1995 598 584 1374 
1996 804 766 1520 
1997 185 299 1367 
1998 379 377 382 
1999 1360 975 1499 
2000 245 177 1458 
2001 272 737 739 
2002 12 216 263 
2003 689 693 694 
2004 901 1684 1740 
2005 368 1309 1393 
2006 398 427 1259 
2007 890 891 1065 
2008 630 629 788 
2009 399 435 1398 
2010 623 1359 1432 
2011 808 1134 1397 
2012 790 629 1381 
2013 476 475 477 
2014 694 693 699 
2015 728 743 808 
2016 412 1379 1426 
2017 586 588 1385 
2018 1362 586 1385 
2019 402 400 1383 
2020 688 692 703 
2021 859 861 1442 
2022 694 699 700 
2023 461 460 462 
2024 398 397 427 
2025 1190 296 1665 
2026 307 175 1477 
2027 1090 794 1450 
2028 768 868 869 
2029 703 704 870 
2030 367 368 369 
2031 337 338 339 
2032 588 592 1385 
2033 870 872 1069 
2034 369 370 530 
2035 412 410 1379 
2036 600 752 1386 
2037 1253 1509 1547 
2038 339 341 343 
2039 284 66 1640 
2040 1062 1060 1079 
2041 329 328 1396 
2042 1494 274 1513 
2043 740 741 943 
2044 343 344 346 
2045 1074 1077 1406 
2046 641 534 1023 
2047 1129 12 1802 
2048 334 350 351 
2049 1241 1069 1563 
2050 1150 839 1400 
2051 853 598 1374 
2052 335 336 337 
2053 818 789 839 
2054 808 743 932 
2055 844 846 941 
2056 946 645 1380 
2057 629 626 1381 
2058 514 1433 1476 
2059 375 373 864 
2060 1374 580 1423 
2061 619 617 1408 
2062 783 876 1056 
2063 792 529 835 
2064 601 600 1386 
2065 974 1517 1539 
2066 372 373 374 
2067 860 1055 1390 
2068 215 241 1407 
2069 941 846 1082 
2070 949 911 950 
2071 449 721 722 
2072 1055 773 1397 
2073 1011 860 1390 
2074 688 689 692 
2075 516 763 764 
2076 712 491 713 
2077 895 1159 1636 
2078 793 725 794 
2079 360 444 445 
2080 238 222 543 
2081 694 701 1392 
2082 334 332 350 
2083 1381 601 1386 
2084 640 806 890 
2085 324 326 372 
2086 411 410 412 
2087 1234 1075 1806 
2088 332 329 1396 
2089 796 1017 1031 
2090 773 728 1397 
2091 703 692 704 
2092 870 704 872 
2093 1568 828 1683 
2094 848 970 971 
2095 689 694 1392 
2096 1325 342 1427 
2097 307 1477 1768 
2098 346 347 1405 
2099 722 829 830 
2100 366 998 1430 
2101 377 375 1435 
2102 684 686 698 
2103 381 380 383 
2104 242 639 640 
2105 532 522 729 
2106 840 839 1138 
2107 1049 1014 1147 
2108 806 805 1052 
2109 464 495 1378 
2110 853 1374 1423 
2111 176 245 1477 
2112 414 412 415 
2113 890 806 891 
2114 966 779 1015 
2115 437 386 520 
2116 171 1340 1516 
2117 322 323 324 
2118 241 11 320 
2119 384 383 387 
2120 832 1041 1412 
2121 351 352 353 
2122 365 362 526 
2123 220 219 542 
2124 372 326 373 
2125 1033 1034 1035 
2126 316 1121 1696 
2127 717 1206 1489 
2128 359 357 434 
2129 296 1546 1665 
2130 506 529 791 
2131 473 470 479 
2132 39 304 1525 
2133 324 325 326 
2134 263 216 836 
2135 1408 623 1432 
2136 483 467 1322 
2137 282 1150 1668 
2138 848 842 970 
2139 728 808 1397 
2140 1235 1234 1806 
2141 692 689 1392 
2142 328 325 1356 
2143 326 327 1414 
2144 355 353 1399 
2145 1017 797 1018 
2146 360 445 506 
2147 640 639 805 
2148 392 390 393 
2149 740 943 962 
2150 205 275 1401 
2151 789 788 1400 
2152 1207 298 1661 
2153 445 517 1411 
2154 686 687 688 
2155 792 1050 1148 
2156 1433 1021 1476 
2157 254 170 1516 
2158 777 519 778 
2159 272 209 638 
2160 739 737 931 
2161 962 1379 1382 
2162 424 425 426 
2163 861 1012 1479 
2164 1269 978 1474 
2165 640 805 806 
2166 1444 799 1478 
2167 1133 785 1462 
2168 246 1555 1593 
2169 1033 971 1034 
2170 693 687 1409 
2171 881 882 883 
2172 223 15 769 
2173 1086 858 1087 
2174 730 1300 1766 
2175 347 367 1405 
2176 910 909 911 
2177 324 372 1486 
2178 351 350 352 
2179 788 1007 1400 
2180 337 339 340 
2181 239 538 540 
2182 388 387 389 
2183 416 415 417 
2184 293 731 918 
2185 677 697 1492 
2186 546 548 1429 
2187 685 683 696 
2188 783 1056 1124 
2189 1399 977 1417 
2190 366 346 438 
2191 343 346 366 
2192 379 382 448 
2193 506 445 529 
2194 1039 778 1439 
2195 745 530 787 
2196 179 286 1428 
2197 743 700 1402 
2198 1188 279 1580 
2199 448 449 1421 
2200 550 552 1454 
2201 282 38 1525 
2202 443 438 528 
2203 353 352 360 
2204 369 530 745 
2205 699 844 1402 
2206 1027 787 1028 
2207 1069 872 1563 
2208 1075 780 1441 
2209 327 330 1414 
2210 776 528 783 
2211 478 463 1376 
2212 839 789 1400 
2213 764 938 1066 
2214 926 1049 1444 
2215 374 373 375 
2216 1094 1571 1774 
2217 238 543 915 
2218 700 699 1402 
2219 718 499 719 
2220 835 529 1411 
2221 831 1104 1421 
2222 1074 1073 1076 
2223 722 830 831 
2224 737 638 738 
2225 443 528 776 
2226 221 14 264 
2227 366 438 443 
2228 686 685 687 
2229 792 835 1050 
2230 776 783 1410 
2231 449 722 1421 
2232 251 1117 1686 
2233 831 830 832 
2234 1221 58 1543 
2235 942 853 1423 
2236 837 836 1088 
2237 468 471 1502 
2238 374 375 376 
2239 321 320 345 
2240 926 1014 1049 
2241 421 420 422 
2242 669 691 1144 
2243 210 272 1404 
2244 745 787 1027 
2245 784 889 1462 
2246 472 473 1451 
2247 916 543 1070 
2248 688 703 1418 
2249 1048 884 1166 
2250 1131 1408 1432 
2251 1385 1323 1438 
2252 781 1074 1431 
2253 1192 1453 1714 
2254 831 832 1103 
2255 1103 832 1105 
2256 1300 1301 1766 
2257 298 1207 1588 
2258 844 941 1402 
2259 540 775 807 
2260 791 529 792 
2261 350 332 1396 
2262 418 432 433 
2263 842 840 1419 
2264 408 410 411 
2265 864 373 1414 
2266 1362 1385 1438 
2267 390 389 1431 
2268 272 638 737 
2269 1034 1243 1720 
2270 893 1119 1443 
2271 501 502 505 
2272 241 322 1407 
2273 438 346 1405 
2274 360 506 1399 
2275 357 355 1417 
2276 1132 1131 1432 
2277 478 1139 1655 
2278 908 732 909 
2279 415 412 1426 
2280 423 409 1314 
2281 891 806 1420 
2282 14 220 749 
2283 466 464 1378 
2284 1121 316 1682 
2285 19 230 247 
2286 469 474 1322 
2287 806 1052 1420 
2288 1005 794 1006 
2289 537 432 1019 
2290 400 1259 1383 
2291 414 416 418 
2292 353 360 1399 
2293 1615 1156 1638 
2294 439 422 440 
2295 376 377 378 
2296 537 1020 1021 
2297 211 9 541 
2298 362 359 1415 
2299 1424 635 1621 
2300 1109 1110 1111 
2301 383 380 661 
2302 807 775 1128 
2303 840 1138 1419 
2304 386 365 1416 
2305 1392 859 1442 
2306 1021 1115 1116 
2307 516 513 763 
2308 517 881 1411 
2309 376 375 377 
2310 272 739 1404 
2311 378 377 379 
2312 921 735 923 
2313 373 326 1414 
2314 8 635 1424 
2315 511 509 514 
2316 882 880 1539 
2317 1030 1092 1093 
2318 430 425 450 
2319 129 130 1518 
2320 1386 752 1445 
2321 378 379 380 
2322 430 885 1455 
2323 1233 521 1623 
2324 394 393 1470 
2325 490 481 491 
2326 1375 546 1429 
2327 1442 861 1479 
2328 698 686 1418 
2329 1670 1218 1803 
2330 465 483 1376 
2331 1030 1029 1092 
2332 540 538 775 
2333 1042 857 1089 
2334 389 387 780 
2335 305 1241 1563 
2336 1684 901 1731 
2337 382 377 1435 
2338 783 1124 1410 
2339 1351 624 1443 
2340 1163 1161 1497 
2341 405 402 1383 
2342 1114 1401 1794 
2343 727 863 1181 
2344 907 1190 1665 
2345 736 921 922 
2346 968 757 1044 
2347 488 497 498 
2348 879 1100 1127 
2349 570 1362 1438 
2350 430 451 885 
2351 411 412 414 
2352 3 107 1693 
2353 1326 1586 1711 
2354 712 713 765 
2355 812 823 1365 
2356 1105 832 1412 
2357 547 583 1460 
2358 263 837 879 
2359 439 735 736 
2360 389 780 781 
2361 1627 941 1677 
2362 1571 1094 1575 
2363 1076 1073 1221 
2364 781 780 1072 
2365 414 415 416 
2366 214 213 293 
2367 1477 1053 1768 
2368 417 420 421 
2369 865 1051 1449 
2370 686 688 1418 
2371 529 445 1411 
2372 1174 1171 1669 
2373 355 1399 1417 
2374 263 836 837 
2375 970 842 1419 
2376 781 1072 1073 
2377 624 1387 1443 
2378 915 543 916 
2379 480 481 482 
2380 959 1512 1535 
2381 923 735 1459 
2382 393 390 1431 
2383 966 1015 1242 
2384 1028 1354 1611 
2385 681 679 690 
2386 279 152 1619 
2387 678 680 695 
2388 885 886 887 
2389 722 831 1421 
2390 434 357 1417 
2391 69 70 1230 
2392 747 1016 1575 
2393 901 899 1081 
2394 424 423 425 
2395 684 685 686 
2396 692 1392 1442 
2397 116 117 1534 
2398 733 1391 1602 
2399 733 242 1463 
2400 235 193 1487 
2401 365 526 1416 
2402 520 386 1416 
2403 526 362 1415 
2404 194 312 1487 
2405 765 766 804 
2406 888 886 1032 
2407 799 524 1478 
2408 359 434 1415 
2409 1015 779 1436 
2410 183 184 1510 
2411 247 770 771 
2412 427 518 519 
2413 278 1180 1613 
2414 177 178 1458 
2415 752 1013 1445 
2416 1046 915 1567 
2417 480 479 481 
2418 418 416 432 
2419 856 857 858 
2420 961 1351 1549 
2421 675 673 676 
2422 1009 1386 1445 
2423 684 683 685 
2424 595 550 1454 
2425 862 957 1797 
2426 712 765 878 
2427 238 866 1808 
2428 190 311 1493 
2429 1383 1040 1508 
2430 433 432 537 
2431 70 71 1751 
2432 256 189 1493 
2433 227 17 249 
2434 393 1406 1470 
2435 212 211 295 
2436 879 837 1100 
2437 682 683 684 
2438 106 3 1693 
2439 549 547 1460 
2440 704 692 1442 
2441 1387 893 1443 
2442 978 791 1474 
2443 537 1019 1020 
2444 934 935 1583 
2445 1363 947 1497 
2446 801 1000 1058 
2447 778 519 779 
2448 1022 981 1029 
2449 1075 1234 1591 
2450 1021 1020 1115 
2451 764 763 938 
2452 431 419 1475 
2453 427 397 518 
2454 778 779 944 
2455 906 907 1126 
2456 474 475 476 
2457 916 1070 1071 
2458 918 731 919 
2459 785 784 1462 
2460 426 425 430 
2461 1079 1060 1452 
2462 1354 45 1611 
2463 442 447 507 
2464 997 1237 1645 
2465 105 1272 1629 
2466 339 343 1430 
2467 1144 753 1783 
2468 636 635 1796 
2469 677 676 697 
2470 1022 1029 1030 
2471 1404 739 1488 
2472 1156 252 1638 
2473 1290 932 1627 
2474 509 433 1433 
2475 421 422 439 
2476 957 636 1797 
2477 679 677 1492 
2478 938 763 939 
2479 980 979 981 
2480 234 233 281 
2481 537 1021 1433 
2482 759 760 997 
2483 439 440 735 
2484 217 539 1799 
2485 430 450 451 
2486 952 950 953 
2487 505 746 747 
2488 1512 959 1524 
2489 461 462 463 
2490 747 924 1016 
2491 922 921 1120 
2492 1010 275 1804 
2493 682 681 683 
2494 1273 309 1629 
2495 1113 1220 1725 
2496 501 429 502 
2497 858 857 1042 
2498 482 490 492 
2499 977 978 1448 
2500 1037 1003 1125 
2501 343 366 1430 
2502 736 735 921 
2503 340 339 1430 
2504 232 231 276 
2505 640 890 1463 
2506 68 69 1652 
2507 268 1288 1569 
2508 490 491 712 
2509 1187 1188 1682 
2510 10 212 705 
2511 389 781 1431 
2512 28 308 1555 
2513 25 1184 1736 
2514 262 47 1578 
2515 453 455 486 
2516 900 898 979 
2517 756 758 906 
2518 926 925 1014 
2519 888 1083 1158 
2520 771 925 926 
2521 804 1520 1691 
2522 463 462 464 
2523 242 640 1463 
2524 476 477 487 
2525 522 504 1500 
2526 885 451 886 
2527 792 1148 1474 
2528 379 448 1434 
2529 1161 824 1497 
2530 944 779 966 
2531 80 81 1612 
2532 1008 1009 1540 
2533 974 1356 1517 
2534 312 1174 1669 
2535 803 1010 1804 
2536 494 492 536 
2537 229 18 288 
2538 980 981 1022 
2539 457 459 485 
2540 931 737 1472 
2541 900 980 982 
2542 1516 1340 1626 
2543 911 909 1108 
2544 1278 1276 1772 
2545 519 518 1436 
2546 407 1253 1547 
2547 380 379 1434 
2548 175 176 1477 
2549 1061 1080 1207 
2550 1356 323 1517 
2551 423 1314 1490 
2552 661 380 1434 
2553 885 887 1538 
2554 1234 1215 1591 
2555 226 225 315 
2556 1420 1052 1698 
2557 489 527 732 
2558 61 1242 1786 
2559 369 745 1471 
2560 672 674 702 
2561 524 525 1604 
2562 246 27 1555 
2563 680 681 682 
2564 1026 845 1701 
2565 1210 431 1506 
2566 46 262 1611 
2567 1389 1033 1764 
2568 257 197 1528 
2569 856 855 857 
2570 800 711 917 
2571 953 1518 1609 
2572 288 754 820 
2573 1645 1218 1670 
2574 433 537 1433 
2575 1706 314 1807 
2576 1405 367 1471 
2577 461 463 478 
2578 1199 1201 1691 
2579 1514 1307 1537 
2580 476 487 489 
2581 888 1032 1083 
2582 823 855 856 
2583 1041 1410 1788 
2584 887 1422 1587 
2585 771 770 925 
2586 367 369 1471 
2587 482 481 490 
2588 1186 936 1593 
2589 523 903 1623 
2590 919 731 920 
2591 737 738 1472 
2592 887 886 888 
2593 919 920 1121 
2594 782 1212 1647 
2595 704 1442 1479 
2596 411 1360 1499 
2597 88 89 1601 
2598 1214 1213 1485 
2599 539 538 1799 
2600 900 979 980 
2601 734 515 1491 
2602 387 383 1441 
2603 812 1365 1535 
2604 276 801 1521 
2605 929 1164 1480 
2606 778 944 1439 
2607 505 502 746 
2608 897 898 899 
2609 498 499 718 
2610 513 511 1440 
2611 132 133 1598 
2612 514 509 1433 
2613 1733 264 1787 
2614 1019 432 1457 
2615 391 392 1482 
2616 867 1202 1745 
2617 869 1206 1745 
2618 321 345 1517 
2619 300 200 1537 
2620 1368 1405 1471 
2621 383 661 1441 
2622 416 417 1457 
2623 995 996 1699 
2624 425 423 1490 
2625 1002 1004 1617 
2626 1122 1348 1586 
2627 1109 902 1110 
2628 315 716 717 
2629 678 695 1504 
2630 501 505 1425 
2631 489 487 527 
2632 902 774 1097 
2633 138 251 1686 
2634 779 519 1436 
2635 780 387 1441 
2636 732 527 772 
2637 1114 1113 1574 
2638 479 470 1502 
2639 1280 290 1676 
2640 1196 310 1656 
2641 1040 1039 1594 
2642 417 421 1457 
2643 429 426 1455 
2644 822 811 976 
2645 899 898 900 
2646 1034 971 1515 
2647 1396 328 1483 
2648 224 223 313 
2649 247 230 662 
2650 193 194 1487 
2651 680 679 681 
2652 244 50 1641 
2653 440 442 1459 
2654 488 498 1481 
2655 293 213 663 
2656 872 704 1479 
2657 511 514 1440 
2658 397 394 1470 
2659 793 794 1005 
2660 791 792 1474 
2661 1471 745 1526 
2662 1016 924 1064 
2663 405 1383 1508 
2664 228 227 669 
2665 408 411 1499 
2666 935 1308 1566 
2667 1028 787 1496 
2668 675 676 677 
2669 950 911 1461 
2670 1366 235 1715 
2671 739 965 1488 
2672 247 662 770 
2673 1166 884 1468 
2674 426 430 1455 
2675 189 190 1493 
2676 735 440 1459 
2677 1349 954 1634 
2678 702 896 897 
2679 361 364 1503 
2680 58 59 1543 
2681 884 749 1600 
2682 1021 1116 1476 
2683 763 513 1440 
2684 322 324 1486 
2685 718 719 912 
2686 1314 405 1508 
2687 770 662 928 
2688 747 746 924 
2689 487 488 1481 
2690 1354 1028 1496 
2691 447 453 1464 
2692 250 63 1782 
2693 812 822 823 
2694 276 231 711 
2695 1283 1350 1805 
2696 766 768 1520 
2697 455 457 1466 
2698 1413 36 1801 
2699 678 679 680 
2700 634 1339 1625 
2701 496 477 1522 
2702 1253 1177 1509 
2703 1486 372 1775 
2704 909 732 1447 
2705 1339 817 1671 
2706 823 822 855 
2707 293 663 731 
2708 286 180 1610 
2709 214 293 1446 
2710 293 918 1446 
2711 1089 857 1513 
2712 309 1273 1630 
2713 824 1363 1497 
2714 299 186 1561 
2715 49 244 1713 
2716 1102 929 1480 
2717 1288 168 1770 
2718 432 416 1457 
2719 1460 1141 1765 
2720 1557 910 1618 
2721 881 883 1469 
2722 1185 308 1757 
2723 1411 881 1469 
2724 328 1356 1483 
2725 810 811 812 
2726 1391 948 1657 
2727 1423 1566 1739 
2728 10 705 1758 
2729 675 677 678 
2730 498 718 894 
2731 16 224 727 
2732 712 878 1473 
2733 983 985 1579 
2734 545 544 1574 
2735 741 500 1718 
2736 981 979 1597 
2737 968 1044 1045 
2738 809 1272 1693 
2739 1448 1558 1616 
2740 87 88 1650 
2741 760 877 1101 
2742 181 813 1610 
2743 435 401 1644 
2744 1095 1413 1801 
2745 541 828 1568 
2746 82 298 1588 
2747 256 1256 1697 
2748 330 331 1565 
2749 1284 1396 1483 
2750 678 677 679 
2751 876 1526 1536 
2752 1500 1278 1772 
2753 404 407 1547 
2754 450 425 1490 
2755 92 277 1660 
2756 310 1195 1685 
2757 939 763 1440 
2758 729 522 1500 
2759 536 492 1473 
2760 897 896 898 
2761 1061 1060 1062 
2762 906 758 907 
2763 442 507 1459 
2764 276 711 800 
2765 1223 271 1744 
2766 1333 933 1572 
2767 518 397 1470 
2768 1104 1236 1582 
2769 1228 363 1747 
2770 407 408 1499 
2771 276 800 801 
2772 850 541 1568 
2773 95 96 1529 
2774 812 811 822 
2775 37 282 1801 
2776 492 490 1473 
2777 470 468 1502 
2778 1305 1304 1738 
2779 296 1152 1546 
2780 925 770 1465 
2781 1368 1471 1526 
2782 1168 1167 1528 
2783 1507 908 1557 
2784 1332 91 1660 
2785 953 950 1461 
2786 182 4 1708 
2787 1128 1031 1749 
2788 4 183 1708 
2789 323 321 1517 
2790 702 897 1740 
2791 724 726 810 
2792 51 52 1746 
2793 1058 1000 1059 
2794 254 1163 1770 
2795 507 447 1464 
2796 184 1367 1510 
2797 1059 1000 1060 
2798 154 248 1752 
2799 732 772 1447 
2800 170 171 1516 
2801 1446 918 1550 
2802 1526 1027 1536 
2803 946 1350 1569 
2804 439 736 1531 
2805 201 202 1514 
2806 60 61 1786 
2807 1407 322 1486 
2808 502 429 1455 
2809 281 233 708 
2810 787 530 1551 
2811 702 1146 1672 
2812 490 712 1473 
2813 911 1108 1461 
2814 131 132 1705 
2815 835 1411 1469 
2816 453 486 1464 
2817 130 267 1518 
2818 903 1204 1559 
2819 793 1005 1176 
2820 1023 534 1564 
2821 918 919 1501 
2822 726 725 793 
2823 486 455 1466 
2824 858 1042 1532 
2825 1087 1291 1763 
2826 498 894 1481 
2827 1509 734 1679 
2828 59 265 1543 
2829 674 673 675 
2830 900 982 1467 
2831 1184 1122 1736 
2832 690 679 1492 
2833 1108 909 1447 
2834 947 946 1569 
2835 1144 691 1145 
2836 532 729 1564 
2837 705 1109 1758 
2838 758 757 968 
2839 457 485 1466 
2840 814 1326 1711 
2841 879 1127 1573 
2842 770 928 1465 
2843 1052 1541 1698 
2844 117 289 1534 
2845 810 726 811 
2846 30 237 1757 
2847 1081 899 1467 
2848 281 710 723 
2849 1059 1060 1061 
2850 971 970 1515 
2851 702 674 896 
2852 936 983 1593 
2853 1244 285 1654 
2854 101 260 1656 
2855 904 1333 1529 
2856 1490 1314 1508 
2857 1061 1062 1080 
2858 1423 580 1566 
2859 38 39 1525 
2860 922 1120 1755 
2861 899 900 1467 
2862 310 100 1656 
2863 1667 1045 1731 
2864 169 254 1770 
2865 197 198 1528 
2866 876 1368 1526 
2867 1294 306 1737 
2868 756 755 757 
2869 249 17 905 
2870 1457 421 1531 
2871 801 800 999 
2872 829 1349 1703 
2873 672 673 674 
2874 1555 1186 1593 
2875 374 1054 1775 
2876 288 18 753 
2877 19 247 1495 
2878 756 757 758 
2879 565 1338 1632 
2880 13 226 1527 
2881 1039 1439 1643 
2882 965 1309 1541 
2883 717 716 867 
2884 572 568 1632 
2885 1188 1530 1682 
2886 1290 1627 1677 
2887 863 798 1025 
2888 1088 1486 1775 
2889 1145 691 1146 
2890 1237 495 1645 
2891 932 743 1627 
2892 315 225 715 
2893 801 1058 1521 
2894 1273 1271 1595 
2895 308 29 1757 
2896 801 999 1000 
2897 24 25 1736 
2898 880 974 1539 
2899 670 671 672 
2900 201 1514 1537 
2901 99 310 1685 
2902 527 487 1481 
2903 926 1444 1606 
2904 199 300 1646 
2905 835 1469 1580 
2906 1322 474 1507 
2907 1338 560 1678 
2908 476 489 1507 
2909 1463 890 1647 
2910 857 855 1513 
2911 1664 1198 1692 
2912 1248 1091 1760 
2913 292 1189 1651 
2914 1291 1087 1701 
2915 281 708 710 
2916 96 2 1716 
2917 1309 371 1541 
2918 1019 1457 1531 
2919 200 201 1537 
2920 1485 330 1565 
2921 972 1389 1548 
2922 724 710 725 
2923 1268 1265 1558 
2924 904 98 1685 
2925 1274 305 1563 
2926 337 340 1603 
2927 745 1027 1526 
2928 213 10 1758 
2929 672 671 673 
2930 247 771 1495 
2931 661 1235 1806 
2932 228 669 1783 
2933 1215 273 1591 
2934 1176 297 1639 
2935 1087 858 1532 
2936 736 922 1570 
2937 542 826 1533 
2938 660 730 1766 
2939 1425 1046 1718 
2940 813 1510 1622 
2941 1099 1098 1644 
2942 754 755 756 
2943 976 811 1484 
2944 1410 1041 1792 
2945 1204 1114 1794 
2946 1061 1207 1596 
2947 1479 1012 1542 
2948 1044 757 1777 
2949 906 1126 1694 
2950 855 822 1494 
2951 1476 1519 1554 
2952 822 976 1494 
2953 723 724 1512 
2954 923 1223 1744 
2955 967 913 1624 
2956 567 551 1765 
2957 1162 1516 1626 
2958 1038 1037 1664 
2959 1212 1463 1647 
2960 1449 1051 1767 
2961 188 256 1697 
2962 1594 1039 1643 
2963 291 1612 1695 
2964 288 820 1505 
2965 431 1475 1506 
2966 768 869 1520 
2967 1500 504 1688 
2968 62 250 1577 
2969 1370 572 1583 
2970 222 221 1733 
2971 1455 885 1538 
2972 1325 1229 1687 
2973 724 725 726 
2974 1179 316 1696 
2975 877 1489 1719 
2976 1532 1026 1701 
2977 754 753 755 
2978 1056 876 1536 
2979 1406 1077 1552 
2980 855 1494 1513 
2981 1007 1095 1668 
2982 518 1470 1552 
2983 1155 1156 1615 
2984 682 684 1707 
2985 1603 340 1634 
2986 403 404 1547 
2987 1558 1265 1616 
2988 474 476 1507 
2989 1 21 1721 
2990 1775 1054 1800 
2991 1520 1200 1691 
2992 1303 972 1548 
2993 16 727 1795 
2994 738 638 1723 
2995 1569 1288 1658 
2996 1242 1015 1709 
2997 1082 846 1690 
2998 1512 810 1535 
2999 229 288 1505 
3000 2 97 1716 
3001 1434 448 1582 
3002 202 1 1721 
3003 1117 1115 1620 
3004 421 439 1531 
3005 1014 925 1592 
3006 1538 887 1587 
3007 726 793 1484 
3008 1476 1116 1519 
3009 1214 1485 1565 
3010 315 715 716 
3011 1531 736 1570 
3012 1229 1228 1734 
3013 1566 1308 1739 
3014 527 1481 1545 
3015 793 1176 1484 
3016 1004 1038 1585 
3017 1206 868 1719 
3018 811 726 1484 
3019 286 1610 1760 
3020 288 753 754 
3021 27 28 1555 
3022 1076 1221 1543 
3023 1481 894 1545 
3024 638 1424 1723 
3025 1300 730 1710 
3026 979 898 1589 
3027 716 715 895 
3028 1470 1406 1552 
3029 1349 1634 1659 
3030 437 520 1688 
3031 724 810 1512 
3032 1018 797 1573 
3033 1214 1565 1603 
3034 1421 1104 1582 
3035 1101 877 1719 
3036 675 678 1504 
3037 669 1144 1783 
3038 1032 886 1680 
3039 1318 934 1583 
3040 1434 1582 1704 
3041 674 675 1504 
3042 1057 741 1567 
3043 543 222 1733 
3044 1458 967 1624 
3045 530 531 1551 
3046 26 246 1727 
3047 723 710 724 
3048 1440 514 1554 
3049 502 1455 1538 
3050 18 228 1783 
3051 1613 1180 1706 
3052 531 1389 1764 
3053 698 1418 1742 
3054 81 82 1588 
3055 262 1536 1700 
3056 501 1425 1718 
3057 1181 715 1795 
3058 1518 267 1609 
3059 970 1419 1654 
3060 1150 1400 1668 
3061 1687 1229 1734 
3062 1009 1445 1540 
3063 727 1181 1795 
3064 136 137 1560 
3065 1371 1110 1605 
3066 810 812 1535 
3067 186 187 1561 
3068 878 1205 1649 
3069 746 502 1538 
3070 1602 1391 1657 
3071 952 953 1609 
3072 920 1635 1696 
3073 1198 1223 1743 
3074 234 281 1523 
3075 1554 1519 1614 
3076 1443 1119 1549 
3077 1402 941 1627 
3078 723 1512 1524 
3079 12 263 1802 
3080 483 1322 1557 
3081 1123 499 1581 
3082 1322 1507 1557 
3083 1519 1231 1614 
3084 1448 978 1558 
3085 1734 1228 1747 
3086 1147 1014 1793 
3087 896 674 1504 
3088 104 105 1629 
3089 549 1460 1765 
3090 1062 1079 1695 
3091 758 968 1511 
3092 225 16 1795 
3093 1796 270 1797 
3094 1221 1073 1748 
3095 923 1459 1544 
3096 1419 1138 1729 
3097 907 758 1511 
3098 534 532 1564 
3099 828 963 1683 
3100 1643 1439 1680 
3101 1271 1274 1595 
3102 663 213 1758 
3103 772 527 1545 
3104 1125 1003 1633 
3105 1019 1531 1570 
3106 1235 661 1704 
3107 1286 253 1642 
3108 1436 518 1552 
3109 1495 771 1606 
3110 260 1390 1785 
3111 1350 268 1569 
3112 536 1649 1714 
3113 939 1440 1554 
3114 331 335 1565 
3115 1429 595 1767 
3116 1094 747 1575 
3117 872 1479 1542 
3118 514 1476 1554 
3119 580 1372 1566 
3120 1472 738 1548 
3121 1351 1443 1549 
3122 1430 998 1659 
3123 1600 1533 1756 
3124 1278 1500 1688 
3125 695 680 1681 
3126 1626 1299 1710 
3127 927 313 1571 
3128 1100 837 1800 
3129 291 80 1612 
3130 285 1515 1654 
3131 47 48 1578 
3132 797 1129 1573 
3133 1002 1617 1637 
3134 933 932 1572 
3135 1528 198 1646 
3136 1570 922 1620 
3137 1489 877 1527 
3138 1587 1422 1675 
3139 485 459 1655 
3140 1598 301 1664 
3141 1390 1055 1785 
3142 461 478 1655 
3143 748 1183 1599 
3144 982 980 1653 
3145 309 104 1629 
3146 133 301 1598 
3147 912 719 1694 
3148 583 545 1574 
3149 921 923 1744 
3150 1541 371 1698 
3151 1459 507 1544 
3152 1412 1041 1788 
3153 1344 309 1771 
3154 985 1184 1579 
3155 1445 1013 1642 
3156 526 1689 1790 
3157 919 1121 1712 
3158 956 955 1584 
3159 918 1501 1550 
3160 1348 1306 1586 
3161 1334 996 1678 
3162 1168 1528 1646 
3163 318 1179 1635 
3164 244 1412 1788 
3165 434 1448 1616 
3166 1560 137 1686 
3167 1340 1299 1626 
3168 1096 981 1597 
3169 1243 303 1720 
3170 920 731 1769 
3171 1504 695 1589 
3172 1491 1063 1683 
3173 1020 1019 1570 
3174 1560 1686 1755 
3175 1184 25 1727 
3176 1506 1057 1562 
3177 996 1316 1678 
3178 1105 1412 1641 
3179 1050 835 1580 
3180 1324 1626 1710 
3181 281 723 1523 
3182 1178 969 1756 
3183 1085 1429 1767 
3184 1622 1367 1732 
3185 526 1415 1689 
3186 969 1600 1756 
3187 448 1421 1582 
3188 1656 260 1785 
3189 89 255 1601 
3190 1490 1508 1594 
3191 1210 1506 1562 
3192 1611 262 1700 
3193 966 1242 1577 
3194 1523 723 1524 
3195 637 68 1652 
3196 1422 284 1675 
3197 1223 923 1743 
3198 495 1218 1645 
3199 1072 1075 1591 
3200 1543 265 1662 
3201 1036 1043 1621 
3202 1552 1077 1608 
3203 180 181 1610 
3204 636 1796 1797 
3205 1522 1147 1793 
3206 913 1384 1624 
3207 746 1538 1587 
3208 45 46 1611 
3209 319 1371 1605 
3210 1460 583 1725 
3211 1565 335 1603 
3212 939 1554 1614 
3213 152 153 1619 
3214 226 315 1779 
3215 803 204 1602 
3216 760 1101 1590 
3217 521 523 1623 
3218 997 760 1590 
3219 1076 1543 1662 
3220 1468 884 1600 
3221 968 1045 1651 
3222 1544 507 1607 
3223 1376 1618 1631 
3224 819 1325 1687 
3225 1192 291 1695 
3226 1207 1080 1588 
3227 753 18 1783 
3228 1510 1367 1622 
3229 245 1458 1624 
3230 335 337 1603 
3231 1250 1251 1622 
3232 1663 1048 1784 
3233 1489 1206 1719 
3234 902 1097 1605 
3235 274 87 1650 
3236 483 1557 1618 
3237 1051 634 1625 
3238 771 926 1606 
3239 299 1252 1732 
3240 956 1584 1715 
3241 1578 48 1713 
3242 1036 1621 1674 
3243 1561 187 1697 
3244 1142 391 1750 
3245 1032 1680 1753 
3246 1272 1273 1629 
3247 316 1187 1682 
3248 924 746 1587 
3249 1324 1162 1626 
3250 1126 907 1665 
3251 278 1613 1614 
3252 1020 1570 1620 
3253 1214 1603 1634 
3254 754 756 1628 
3255 898 896 1589 
3256 1001 952 1609 
3257 819 1687 1698 
3258 1527 226 1779 
3259 391 1482 1750 
3260 715 225 1795 
3261 301 1198 1664 
3262 954 1214 1634 
3263 1274 1542 1595 
3264 1624 1384 1773 
3265 691 670 1672 
3266 817 1246 1671 
3267 1648 1717 1753 
3268 484 1203 1726 
3269 1508 1040 1594 
3270 896 1504 1589 
3271 938 939 1613 
3272 1055 1196 1785 
3273 1110 902 1605 
3274 66 67 1640 
3275 1335 567 1699 
3276 1015 1436 1608 
3277 1047 1460 1725 
3278 1171 1172 1669 
3279 1376 483 1618 
3280 1464 486 1585 
3281 1582 1236 1704 
3282 1004 1585 1617 
3283 1059 1061 1596 
3284 50 51 1641 
3285 568 565 1632 
3286 450 1594 1643 
3287 1549 1119 1673 
3288 1281 729 1772 
3289 1591 273 1748 
3290 672 702 1672 
3291 1153 1154 1781 
3292 1097 774 1724 
3293 1415 434 1616 
3294 925 1465 1592 
3295 1671 1246 1674 
3296 964 1099 1679 
3297 947 1569 1658 
3298 1441 661 1806 
3299 1115 1020 1620 
3300 718 912 1702 
3301 1436 1552 1608 
3302 1293 1549 1673 
3303 1465 928 1581 
3304 1619 153 1752 
3305 774 1498 1724 
3306 246 1579 1727 
3307 743 1402 1627 
3308 1473 878 1649 
3309 1121 1530 1712 
3310 1597 695 1681 
3311 1642 1013 1737 
3312 1222 1461 1789 
3313 948 1233 1657 
3314 245 1624 1773 
3315 966 1577 1648 
3316 198 199 1646 
3317 252 1222 1789 
3318 401 403 1644 
3319 478 1376 1631 
3320 1189 1511 1651 
3321 1200 1199 1691 
3322 1586 1306 1711 
3323 1250 1622 1732 
3324 716 895 1636 
3325 1585 486 1617 
3326 1610 1251 1760 
3327 71 1159 1751 
3328 670 672 1672 
3329 270 862 1797 
3330 91 92 1660 
3331 1482 395 1728 
3332 1220 1047 1725 
3333 890 1065 1647 
3334 969 1468 1600 
3335 1003 1001 1633 
3336 1089 1513 1650 
3337 450 1490 1594 
3338 507 1464 1607 
3339 253 1540 1642 
3340 1119 1185 1673 
3341 1608 1077 1662 
3342 958 1330 1768 
3343 100 101 1656 
3344 277 1290 1677 
3345 1654 1419 1729 
3346 1530 883 1712 
3347 1291 696 1763 
3348 1029 1096 1759 
3349 1001 1609 1633 
3350 290 1282 1676 
3351 267 131 1705 
3352 1246 1036 1674 
3353 237 1293 1673 
3354 816 930 1776 
3355 304 1244 1729 
3356 486 1466 1617 
3357 1478 524 1604 
3358 1224 956 1715 
3359 749 1533 1600 
3360 1497 947 1658 
3361 1242 1709 1786 
3362 1330 307 1768 
3363 1154 1545 1781 
3364 1276 1281 1772 
3365 1077 1076 1662 
3366 1456 995 1699 
3367 1646 300 1738 
3368 1053 958 1768 
3369 1265 1264 1689 
3370 998 443 1761 
3371 443 776 1761 
3372 567 1456 1699 
3373 1236 1235 1704 
3374 451 450 1643 
3375 459 461 1655 
3376 1676 1282 1805 
3377 897 901 1740 
3378 137 138 1686 
3379 944 966 1648 
3380 107 809 1693 
3381 980 1022 1653 
3382 1542 1012 1595 
3383 1418 871 1742 
3384 1689 1264 1790 
3385 1577 250 1648 
3386 371 819 1698 
3387 730 1324 1710 
3388 1072 1591 1748 
3389 1218 1178 1803 
3390 1092 1029 1759 
3391 1571 769 1774 
3392 867 716 1636 
3393 845 1291 1701 
3394 820 754 1628 
3395 306 1286 1737 
3396 924 1587 1675 
3397 98 99 1685 
3398 1513 274 1650 
3399 1400 1007 1668 
3400 560 1334 1678 
3401 1099 1509 1679 
3402 1140 1123 1791 
3403 917 1478 1762 
3404 1401 275 1794 
3405 21 814 1721 
3406 1033 1035 1764 
3407 826 759 1670 
3408 309 1630 1771 
3409 1394 829 1703 
3410 500 501 1718 
3411 25 26 1727 
3412 1608 1662 1709 
3413 536 1473 1649 
3414 340 1430 1659 
3415 1071 1070 1663 
3416 1005 1006 1661 
3417 813 182 1708 
3418 1464 1585 1607 
3419 52 259 1746 
3420 1536 1027 1700 
3421 264 1048 1787 
3422 938 1613 1706 
3423 846 1026 1690 
3424 1466 485 1637 
3425 941 1082 1677 
3426 187 188 1697 
3427 776 1410 1792 
3428 1420 1687 1734 
3429 48 49 1713 
3430 1304 1168 1738 
3431 504 437 1688 
3432 684 698 1707 
3433 1599 1071 1663 
3434 1761 776 1792 
3435 218 217 1799 
3436 800 917 1762 
3437 1108 1447 1638 
3438 1609 267 1633 
3439 15 238 1808 
3440 183 1510 1708 
3441 1264 1266 1790 
3442 1634 340 1659 
3443 1163 1497 1658 
3444 1635 1179 1696 
3445 208 270 1796 
3446 1282 1283 1805 
3447 999 800 1762 
3448 1613 939 1614 
3449 1252 1250 1732 
3450 680 682 1681 
3451 451 1643 1680 
3452 1306 1307 1711 
3453 1299 1300 1710 
3454 635 208 1796 
3455 1367 299 1732 
3456 1477 245 1773 
3457 265 60 1786 
3458 275 6 1804 
3459 538 218 1799 
3460 153 154 1752 
3461 759 997 1670 
3462 63 64 1782 
3463 6 803 1804 
3464 1576 1016 1754 
3465 886 451 1680 
3466 1146 691 1672 
3467 1515 970 1654 
3468 1027 1028 1700 
3469 97 904 1716 
3470 1398 435 1749 
3471 1031 1398 1749 
3472 29 30 1757 
3473 1266 1416 1790 
3474 287 24 1736 
3475 1064 924 1675 
3476 963 1491 1683 
3477 315 717 1779 
3478 168 169 1770 
3479 1070 543 1733 
3480 661 1434 1704 
3481 719 1140 1694 
3482 944 1648 1753 
3483 1540 1445 1642 
3484 1617 1466 1637 
3485 1653 1022 1741 
3486 36 37 1801 
3487 927 1571 1575 
3488 769 15 1808 
3489 1017 1482 1728 
3490 696 1342 1763 
3491 729 1500 1772 
3492 1066 938 1706 
3493 976 1484 1639 
3494 1035 1034 1720 
3495 1545 894 1781 
3496 751 660 1766 
3497 1511 968 1651 
3498 1251 1248 1760 
3499 1493 311 1778 
3500 1742 871 1780 
3501 551 549 1765 
3502 1416 526 1790 
3503 1585 1038 1607 
3504 1121 920 1696 
3505 891 1734 1747 
3506 1484 1176 1639 
3507 1065 891 1747 
3508 372 374 1775 
3509 1031 1017 1728 
3510 1011 1390 1771 
3511 1286 1642 1737 
3512 820 1628 1791 
3513 1088 1775 1800 
3514 1390 1344 1771 
3515 1075 1441 1806 
3516 1083 1032 1717 
3517 1022 1030 1741 
3518 891 1420 1734 
3519 1384 1053 1773 
3520 894 718 1702 
3521 275 1559 1794 
3522 717 1489 1779 
3523 942 1423 1739 
3524 1108 1638 1789 
3525 1544 1607 1692 
3526 1125 1633 1705 
3527 1066 1706 1807 
3528 263 879 1802 
3529 1573 1129 1802 
3530 1680 1439 1753 
3531 1120 921 1744 
3532 1016 1064 1754 
3533 1073 1072 1748 
3534 1041 1394 1792 
3535 923 1544 1743 
3536 1045 1044 1731 
3537 1145 1146 1684 
3538 1394 1761 1792 
3539 1530 1121 1682 
3540 595 1449 1767 
3541 879 1573 1802 
3542 1196 1656 1785 
3543 1532 1042 1730 
3544 1028 1611 1700 
3545 1053 1477 1773 
3546 837 1088 1800 
3547 1717 1032 1753 
3548 1510 813 1708 
3549 637 1576 1754 
3550 1505 820 1666 
3551 1048 1166 1784 
3552 814 1514 1721 
3553 1556 942 1739 
3554 1068 1066 1807 
3555 757 755 1777 
3556 1014 1592 1793 
3557 904 1529 1716 
3558 1501 919 1712 
3559 1638 252 1789 
3560 1087 1532 1701 
3561 1533 826 1756 
3562 1096 1597 1681 
3563 1514 202 1721 
3564 1628 1140 1791 
3565 1439 944 1753 
3566 803 1602 1657 
3567 731 663 1769 
3568 1111 1110 1798 
3569 1107 1493 1778 
3570 1035 1551 1764 
3571 1070 1733 1787 
3572 1686 1117 1755 
3573 1684 1146 1740 
3574 1529 96 1716 
3575 1044 1684 1731 
3576 1590 1101 1776 
3577 1756 826 1803 
3578 1489 1527 1779 
3579 1774 769 1808 
3580 1607 1038 1692 
3581 1244 1654 1729 
3582 1415 1616 1689 
3583 1096 1707 1759 
3584 866 1774 1808 
3585 1120 1560 1755 
3586 1461 1108 1789 
3587 1604 999 1762 
3588 496 1522 1793 
3589 997 1645 1670 
3590 1026 1532 1730 
3591 1616 1265 1689 
3592 930 1590 1776 
3593 1123 1666 1791 
3594 1703 998 1761 
3595 1662 265 1709 
3596 1551 531 1764 
3597 1579 1184 1727 
3598 1178 1756 1803 
3599 1168 1646 1738 
3600 1015 1608 1709 
3601 1633 267 1705 
3602 1635 1111 1798 
3603 1559 1204 1794 
3604 1592 496 1793 
3605 1478 1604 1762 
3606 311 1584 1778 
3607 1097 1724 1735 
3608 1648 250 1717 
3609 1630 1011 1771 
3610 1724 1068 1735 
3611 1544 1692 1743 
3612 1709 265 1786 
3613 318 1635 1798 
3614 1692 1198 1743 
3615 1663 1070 1787 
3616 1048 1663 1787 
3617 1394 1703 1761 
3618 1707 698 1759 
3619 894 1702 1781 
3620 1666 820 1791 
3621 1702 1153 1781 
3622 826 1670 1803 
$EndElements
