$MeshFormat
4.1 0 8
$EndMeshFormat
$Entities
44 36 1 0
1 0 0 0 0 
2 2.2 0 0 0 
3 2.2 0.41 0 0 
4 0 0.41 0 0 
10 0.25 0.2 0 0 
11 0.29 0.2 0 0 
12 0.25 0.24 0 0 
13 0.21 0.2 0 0 
14 0.25 0.16 0 0 
20 0.45 0.27 0 0 
21 0.49 0.27 0 0 
22 0.45 0.31 0 0 
23 0.41 0.27 0 0 
24 0.45 0.23 0 0 
30 0.65 0.13 0 0 
31 0.6900000000000001 0.13 0 0 
32 0.65 0.17 0 0 
33 0.61 0.13 0 0 
34 0.65 0.09 0 0 
40 0.85 0.2 0 0 
41 0.89 0.2 0 0 
42 0.85 0.24 0 0 
43 0.8099999999999999 0.2 0 0 
44 0.85 0.16 0 0 
50 1.05 0.27 0 0 
51 1.09 0.27 0 0 
52 1.05 0.31 0 0 
53 1.01 0.27 0 0 
54 1.05 0.23 0 0 
60 1.25 0.13 0 0 
61 1.29 0.13 0 0 
62 1.25 0.17 0 0 
63 1.21 0.13 0 0 
64 1.25 0.09 0 0 
70 1.45 0.2 0 0 
71 1.49 0.2 0 0 
72 1.45 0.24 0 0 
73 1.41 0.2 0 0 
74 1.45 0.16 0 0 
80 1.65 0.27 0 0 
81 1.69 0.27 0 0 
82 1.65 0.31 0 0 
83 1.61 0.27 0 0 
84 1.65 0.23 0 0 
1 0 0 0 2.2 0 0 1 2 2 1 -2 
2 2.2 0 0 2.2 0.41 0 1 4 2 2 -3 
3 0 0.41 0 2.2 0.41 0 1 2 2 3 -4 
4 0 0 0 0 0.41 0 1 1 2 4 -1 
10 0.25 0.2 0 0.29 0.24 0 1 3 2 11 -12 
11 0.21 0.2 0 0.25 0.24 0 1 3 2 12 -13 
12 0.21 0.16 0 0.25 0.2 0 1 3 2 13 -14 
13 0.25 0.16 0 0.29 0.2 0 1 3 2 14 -11 
20 0.45 0.27 0 0.49 0.31 0 1 3 2 21 -22 
21 0.41 0.27 0 0.45 0.31 0 1 3 2 22 -23 
22 0.41 0.23 0 0.45 0.27 0 1 3 2 23 -24 
23 0.45 0.23 0 0.49 0.27 0 1 3 2 24 -21 
30 0.65 0.13 0 0.6900000000000001 0.17 0 1 3 2 31 -32 
31 0.61 0.13 0 0.65 0.17 0 1 3 2 32 -33 
32 0.61 0.08999999999999997 0 0.65 0.13 0 1 3 2 33 -34 
33 0.65 0.09 0 0.6900000000000001 0.13 0 1 3 2 34 -31 
40 0.85 0.2 0 0.89 0.24 0 1 3 2 41 -42 
41 0.8099999999999999 0.2 0 0.85 0.24 0 1 3 2 42 -43 
42 0.8099999999999999 0.16 0 0.85 0.2 0 1 3 2 43 -44 
43 0.85 0.16 0 0.89 0.2 0 1 3 2 44 -41 
50 1.05 0.27 0 1.09 0.3100000000000001 0 1 3 2 51 -52 
51 1.01 0.27 0 1.05 0.31 0 1 3 2 52 -53 
52 1.01 0.23 0 1.05 0.27 0 1 3 2 53 -54 
53 1.05 0.23 0 1.09 0.27 0 1 3 2 54 -51 
60 1.25 0.13 0 1.29 0.17 0 1 3 2 61 -62 
61 1.21 0.13 0 1.25 0.17 0 1 3 2 62 -63 
62 1.21 0.08999999999999997 0 1.25 0.13 0 1 3 2 63 -64 
63 1.25 0.09 0 1.29 0.13 0 1 3 2 64 -61 
70 1.45 0.2 0 1.49 0.24 0 1 3 2 71 -72 
71 1.41 0.2 0 1.45 0.24 0 1 3 2 72 -73 
72 1.41 0.16 0 1.45 0.2 0 1 3 2 73 -74 
73 1.45 0.16 0 1.49 0.2 0 1 3 2 74 -71 
80 1.65 0.27 0 1.69 0.3100000000000001 0 1 3 2 81 -82 
81 1.61 0.27 0 1.65 0.31 0 1 3 2 82 -83 
82 1.61 0.23 0 1.65 0.27 0 1 3 2 83 -84 
83 1.65 0.23 0 1.69 0.27 0 1 3 2 84 -81 
1 0 0 0 2.2 0.41 0 1 1 36 1 2 3 4 -13 -12 -11 -10 -23 -22 -21 -20 -33 -32 -31 -30 -43 -42 -41 -40 -53 -52 -51 -50 -63 -62 -61 -60 -73 -72 -71 -70 -83 -82 -81 -80 
$EndEntities
$Nodes
73 5843 1 5843
0 1 0 1
1
0 0 0
0 2 0 1
2
2.2 0 0
0 3 0 1
3
2.2 0.41 0
0 4 0 1
4
0 0.41 0
0 11 0 1
5
0.29 0.2 0
0 12 0 1
6
0.25 0.24 0
0 13 0 1
7
0.21 0.2 0
0 14 0 1
8
0.25 0.16 0
0 21 0 1
9
0.49 0.27 0
0 22 0 1
10
0.45 0.31 0
0 23 0 1
11
0.41 0.27 0
0 24 0 1
12
0.45 0.23 0
0 31 0 1
13
0.6900000000000001 0.13 0
0 32 0 1
14
0.65 0.17 0
0 33 0 1
15
0.61 0.13 0
0 34 0 1
16
0.65 0.09 0
0 41 0 1
17
0.89 0.2 0
0 42 0 1
18
0.85 0.24 0
0 43 0 1
19
0.8099999999999999 0.2 0
0 44 0 1
20
0.85 0.16 0
0 51 0 1
21
1.09 0.27 0
0 52 0 1
22
1.05 0.31 0
0 53 0 1
23
1.01 0.27 0
0 54 0 1
24
1.05 0.23 0
0 61 0 1
25
1.29 0.13 0
0 62 0 1
26
1.25 0.17 0
0 63 0 1
27
1.21 0.13 0
0 64 0 1
28
1.25 0.09 0
0 71 0 1
29
1.49 0.2 0
0 72 0 1
30
1.45 0.24 0
0 73 0 1
31
1.41 0.2 0
0 74 0 1
32
1.45 0.16 0
0 81 0 1
33
1.69 0.27 0
0 82 0 1
34
1.65 0.31 0
0 83 0 1
35
1.61 0.27 0
0 84 0 1
36
1.65 0.23 0
1 1 0 152
37
38
39
40
41
42
43
44
45
46
47
48
49
50
51
52
53
54
55
56
57
58
59
60
61
62
63
64
65
66
67
68
69
70
71
72
73
74
75
76
77
78
79
80
81
82
83
84
85
86
87
88
89
90
91
92
93
94
95
96
97
98
99
100
101
102
103
104
105
106
107
108
109
110
111
112
113
114
115
116
117
118
119
120
121
122
123
124
125
126
127
128
129
130
131
132
133
134
135
136
137
138
139
140
141
142
143
144
145
146
147
148
149
150
151
152
153
154
155
156
157
158
159
160
161
162
163
164
165
166
167
168
169
170
171
172
173
174
175
176
177
178
179
180
181
182
183
184
185
186
187
188
0.009989435632539527 0 0
0.02002422863216034 0 0
0.03010458214659896 0 0
0.04023071070009817 0 0
0.05040281831825334 0 0
0.06062111264195305 0 0
0.07088580259443135 0 0
0.08119710623884197 0 0
0.0915552246193972 0 0
0.1019603803432692 0 0
0.1124127802127657 0 0
0.1229126400747952 0 0
0.1334601738297694 0 0
0.1440556060938479 0 0
0.154699142330713 0 0
0.1653910115019241 0 0
0.1761314275360411 0 0
0.1869206104107236 0 0
0.1977587879835839 0 0
0.2086461722588868 0 0
0.2195829971733124 0 0
0.2305694803125714 0 0
0.2416058486712614 0 0
0.2526923271966015 0 0
0.2638291506365438 0 0
0.2750165371944069 0 0
0.2862547248324665 0 0
0.2975439403367008 0 0
0.3088844180099108 0 0
0.3202763889144969 0 0
0.331720084253362 0 0
0.3432157403894624 0 0
0.354763596474321 0 0
0.3663638894975614 0 0
0.3780168543160879 0 0
0.3897227288548639 0 0
0.4014817552245787 0 0
0.4132941771596065 0 0
0.4251602361051446 0 0
0.4370801753067579 0 0
0.4490542350294563 0 0
0.4610826666107568 0 0
0.4731657153873474 0 0
0.4853036289048568 0 0
0.497496658752101 0 0
0.5097450486025167 0 0
0.522049055933292 0 0
0.5344089314859007 0 0
0.54682493042369 0 0
0.5592973060217279 0 0
0.5718263126622336 0 0
0.5844122086150836 0 0
0.5970552544188596 0 0
0.6097557082607556 0 0
0.6225138263946209 0 0
0.6353298799989284 0 0
0.6482041248608439 0 0
0.6611368258521293 0 0
0.6741282510716649 0 0
0.6871786654070849 0 0
0.700288338182701 0 0
0.7134575363079365 0 0
0.7266865294648688 0 0
0.7399755947235903 0 0
0.7533249972222008 0 0
0.7667350157899537 0 0
0.7802059267321622 0 0
0.7937380038643175 0 0
0.8073315235581308 0 0
0.8209867662686268 0 0
0.8347040147797008 0 0
0.8484835493227763 0 0
0.8623256476112002 0 0
0.8762306027894561 0 0
0.8901986934639484 0 0
0.9042302067055019 0 0
0.9183254365274487 0 0
0.9324846644223977 0 0
0.9467081850175983 0 0
0.9609962908385431 0 0
0.9753492717763412 0 0
0.9897674271967082 0 0
1.004251049081965 0 0
1.018800435831829 0 0
1.033415884606165 0 0
1.048097708565765 0 0
1.062846183877004 0 0
1.077661635169635 0 0
1.09254434788593 0 0
1.107494641232941 0 0
1.122512822782632 0 0
1.13759919193447 0 0
1.152754073528631 0 0
1.16797776409742 0 0
1.183270567813464 0 0
1.198632828371634 0 0
1.214064835171658 0 0
1.229566910953568 0 0
1.245139378454 0 0
1.26078255749137 0 0
1.276496765005274 0 0
1.292282315095189 0 0
1.308139561657195 0 0
1.324068796006775 0 0
1.340070359192067 0 0
1.356144587087432 0 0
1.372291797708439 0 0
1.388512333088094 0 0
1.404806521214427 0 0
1.421174682078835 0 0
1.437617182342711 0 0
1.454134332913016 0 0
1.470726481062685 0 0
1.487393970914297 0 0
1.504137143482742 0 0
1.520956336717131 0 0
1.537851901025882 0 0
1.554824183359796 0 0
1.571873534294306 0 0
1.589000296868632 0 0
1.606204826353301 0 0
1.623487474810254 0 0
1.640848591136142 0 0
1.658288553388895 0 0
1.675807689174721 0 0
1.693406384562867 0 0
1.711084987318281 0 0
1.728843859489937 0 0
1.746683363990918 0 0
1.764603885516657 0 0
1.782605764710791 0 0
1.800689394365928 0 0
1.818855129698176 0 0
1.837103349488755 0 0
1.855434429092106 0 0
1.873848740482186 0 0
1.892346666779014 0 0
1.910928586141796 0 0
1.929594882742394 0 0
1.948345933453637 0 0
1.967182126082461 0 0
1.986103844936836 0 0
2.005111481369684 0 0
2.02420542931692 0 0
2.043386074627406 0 0
2.062653810123732 0 0
2.082009035466298 0 0
2.101452146706126 0 0
2.120983536333519 0 0
2.140603620890256 0 0
2.16031278386605 0 0
2.180111441835026 0 0
1 2 0 20
189
190
191
192
193
194
195
196
197
198
199
200
201
202
203
204
205
206
207
208
2.2 0.01952380952377155 0
2.2 0.03904761904754567 0
2.2 0.05857142857131769 0
2.2 0.07809523809506337 0
2.2 0.09761904761882542 0
2.2 0.1171428571425726 0
2.2 0.1366666666663299 0
2.2 0.1561904761900713 0
2.2 0.1757142857138491 0
2.2 0.1952380952375974 0
2.2 0.2147619047614049 0
2.2 0.2342857142852715 0
2.2 0.2538095238091086 0
2.2 0.2733333333329568 0
2.2 0.2928571428568123 0
2.2 0.3123809523806858 0
2.2 0.3319047619045595 0
2.2 0.3514285714283897 0
2.2 0.3709523809522634 0
2.2 0.3904761904761371 0
1 3 0 152
209
210
211
212
213
214
215
216
217
218
219
220
221
222
223
224
225
226
227
228
229
230
231
232
233
234
235
236
237
238
239
240
241
242
243
244
245
246
247
248
249
250
251
252
253
254
255
256
257
258
259
260
261
262
263
264
265
266
267
268
269
270
271
272
273
274
275
276
277
278
279
280
281
282
283
284
285
286
287
288
289
290
291
292
293
294
295
296
297
298
299
300
301
302
303
304
305
306
307
308
309
310
311
312
313
314
315
316
317
318
319
320
321
322
323
324
325
326
327
328
329
330
331
332
333
334
335
336
337
338
339
340
341
342
343
344
345
346
347
348
349
350
351
352
353
354
355
356
357
358
359
360
2.180111441835126 0.41 0
2.160312783866246 0.41 0
2.140603620890551 0.41 0
2.120983536333943 0.41 0
2.101452146706684 0.41 0
2.082009035466993 0.41 0
2.062653810124559 0.41 0
2.043386074628366 0.41 0
2.024205429318007 0.41 0
2.005111481370896 0.41 0
1.986103844938149 0.41 0
1.967182126083861 0.41 0
1.948345933455124 0.41 0
1.929594882743968 0.41 0
1.910928586143471 0.41 0
1.892346666780793 0.41 0
1.873848740484065 0.41 0
1.855434429094086 0.41 0
1.837103349490835 0.41 0
1.818855129700357 0.41 0
1.80068939436821 0.41 0
1.782605764713171 0.41 0
1.76460388551913 0.41 0
1.746683363993489 0.41 0
1.728843859492604 0.41 0
1.711084987321039 0.41 0
1.693406384565728 0.41 0
1.675807689177689 0.41 0
1.658288553391975 0.41 0
1.640848591139331 0.41 0
1.623487474813551 0.41 0
1.606204826356702 0.41 0
1.58900029687214 0.41 0
1.571873534297914 0.41 0
1.554824183363508 0.41 0
1.537851901029696 0.41 0
1.520956336721044 0.41 0
1.504137143486755 0.41 0
1.487393970918411 0.41 0
1.470726481066896 0.41 0
1.454134332917322 0.41 0
1.437617182347113 0.41 0
1.421174682083332 0.41 0
1.404806521219018 0.41 0
1.388512333092778 0.41 0
1.372291797713214 0.41 0
1.356144587092282 0.41 0
1.340070359196991 0.41 0
1.324068796011773 0.41 0
1.308139561662265 0.41 0
1.29228231510033 0.41 0
1.276496765010487 0.41 0
1.260782557496654 0.41 0
1.245139378459354 0.41 0
1.22956691095899 0.41 0
1.214064835177147 0.41 0
1.198632828377187 0.41 0
1.183270567819087 0.41 0
1.167977764103109 0.41 0
1.152754073534382 0.41 0
1.137599191940289 0.41 0
1.122512822788514 0.41 0
1.107494641238884 0.41 0
1.092544347891861 0.41 0
1.07766163517548 0.41 0
1.062846183882758 0.41 0
1.048097708571436 0.41 0
1.033415884611747 0.41 0
1.018800435837325 0.41 0
1.004251049087379 0.41 0
0.989767427202034 0.41 0
0.9753492717815764 0.41 0
0.9609962908436884 0.41 0
0.9467081850226544 0.41 0
0.9324846644273657 0.41 0
0.9183254365323295 0.41 0
0.9042302067102961 0.41 0
0.8901986934686565 0.41 0
0.8762306027940785 0.41 0
0.8623256476157384 0.41 0
0.8484835493272307 0.41 0
0.8347040147840727 0.41 0
0.8209867662729151 0.41 0
0.8073315235623373 0.41 0
0.7937380038684425 0.41 0
0.780205926736206 0.41 0
0.7667350157939177 0.41 0
0.7533249972260851 0.41 0
0.7399755947273954 0.41 0
0.7266865294685949 0.41 0
0.7134575363115856 0.41 0
0.700288338186273 0.41 0
0.6871786654105807 0.41 0
0.674128251075085 0.41 0
0.661136825855474 0.41 0
0.6482041248641137 0.41 0
0.6353298800021248 0.41 0
0.6225138263977439 0.41 0
0.6097557082638059 0.41 0
0.5970552544218375 0.41 0
0.5844122086179904 0.41 0
0.5718263126650693 0.41 0
0.5592973060244932 0.41 0
0.5468249304263846 0.41 0
0.5344089314885265 0.41 0
0.5220490559358482 0.41 0
0.5097450486050057 0.41 0
0.4974966587545226 0.41 0
0.4853036289072117 0.41 0
0.4731657153896345 0.41 0
0.4610826666129786 0.41 0
0.4490542350316122 0.41 0
0.4370801753088491 0.41 0
0.4251602361071718 0.41 0
0.4132941771615704 0.41 0
0.4014817552264796 0.41 0
0.3897227288567016 0.41 0
0.3780168543178637 0.41 0
0.3663638894992751 0.41 0
0.3547635964759737 0.41 0
0.3432157403910545 0.41 0
0.3317200842548937 0.41 0
0.3202763889159701 0.41 0
0.3088844180113244 0.41 0
0.2975439403380558 0.41 0
0.2862547248337628 0.41 0
0.2750165371956463 0.41 0
0.2638291506377426 0.41 0
0.2526923271977597 0.41 0
0.2416058486723771 0.41 0
0.2305694803136462 0.41 0
0.2195829971743464 0.41 0
0.2086461722598809 0.41 0
0.1977587879845344 0.41 0
0.1869206104116232 0.41 0
0.1761314275368915 0.41 0
0.1653910115027251 0.41 0
0.1546991423314648 0.41 0
0.1440556060945508 0.41 0
0.1334601738304229 0.41 0
0.1229126400753962 0.41 0
0.1124127802133126 0.41 0
0.1019603803437614 0.41 0
0.09155522461983345 0.41 0
0.08119710623922449 0.41 0
0.07088580259476274 0.41 0
0.06062111264223313 0.41 0
0.05040281831848725 0.41 0
0.04023071070028417 0.41 0
0.03010458214673717 0.41 0
0.02002422863225384 0.41 0
0.009989435632585586 0.41 0
1 4 0 40
361
362
363
364
365
366
367
368
369
370
371
372
373
374
375
376
377
378
379
380
381
382
383
384
385
386
387
388
389
390
391
392
393
394
395
396
397
398
399
400
0 0.4000000000000008 0
0 0.3900000000000259 0
0 0.3800000000000606 0
0 0.3700000000000953 0
0 0.3600000000001082 0
0 0.3500000000001241 0
0 0.3400000000001558 0
0 0.3300000000001905 0
0 0.3200000000002133 0
0 0.3100000000002381 0
0 0.3000000000002728 0
0 0.2900000000003075 0
0 0.2800000000003204 0
0 0.2700000000003551 0
0 0.2600000000003897 0
0 0.2500000000004243 0
0 0.2400000000004419 0
0 0.2300000000004503 0
0 0.2200000000004849 0
0 0.2100000000005195 0
0 0.2000000000005203 0
0 0.1900000000004874 0
0 0.1800000000004544 0
0 0.1700000000004476 0
0 0.1600000000004316 0
0 0.1500000000003986 0
0 0.1400000000003795 0
0 0.1300000000003759 0
0 0.1200000000003428 0
0 0.1100000000003098 0
0 0.1000000000002768 0
0 0.09000000000024383 0
0 0.08000000000021068 0
0 0.07000000000020096 0
0 0.0600000000001879 0
0 0.05000000000015475 0
0 0.04000000000012166 0
0 0.03000000000008857 0
0 0.02000000000005536 0
0 0.01000000000002221 0
1 10 0 4
401
402
403
404
0.2880422606345027 0.2123606798282525 0
0.2823606797151775 0.2235114101740346 0
0.2735114100617693 0.232360679796743 0
0.2623606797398039 0.2380422606632414 0
1 11 0 4
405
406
407
408
0.2376393201956808 0.2380422606422791 0
0.226488589851426 0.2323606797336758 0
0.217639320197296 0.2235114100535648 0
0.2119577393320529 0.2123606797253212 0
1 12 0 4
409
410
411
412
0.2119577393577209 0.1876393201956808 0
0.2176393202663242 0.176488589851426 0
0.2264885899464352 0.167639320197296 0
0.2376393202746788 0.1619577393320529 0
1 13 0 4
413
414
415
416
0.2623606798272127 0.1619577393651595 0
0.2735114101721846 0.1676393202834784 0
0.2823606798207863 0.1764885899713234 0
0.288042260669939 0.1876393202808093 0
1 20 0 4
417
418
419
420
0.4880422606273599 0.2823606798502355 0
0.482360679732538 0.29351141015014 0
0.4735114100579784 0.3023606797994973 0
0.4623606797329043 0.3080422606654832 0
1 21 0 4
421
422
423
424
0.4376393201427982 0.3080422606250964 0
0.4264885898219026 0.3023606797122257 0
0.4176393201847143 0.2935114100362475 0
0.4119577393361513 0.2823606797379347 0
1 22 0 4
425
426
427
428
0.4119577393732251 0.257639320147964 0
0.4176393202746867 0.2464885898399161 0
0.4264885899375758 0.2376393202037329 0
0.4376393202574211 0.2319577393376603 0
1 23 0 4
429
430
431
432
0.4623606798397106 0.2319577393692203 0
0.4735114101813179 0.2376393202901141 0
0.4823606798054657 0.2464885899502364 0
0.4880422606722022 0.2576393202877747 0
1 30 0 4
433
434
435
436
0.6880422606278527 0.1423606798487192 0
0.6823606796916937 0.1535114102063575 0
0.6735114099224593 0.1623606798979577 0
0.6623606795818775 0.1680422607145548 0
1 31 0 4
437
438
439
440
0.6376393203487234 0.1680422606920056 0
0.6264885899064838 0.1623606797736775 0
0.6176393202286413 0.1535114100967079 0
0.6119577393460737 0.1423606797684725 0
1 32 0 4
441
442
443
444
0.6119577393802278 0.1176393201264118 0
0.6176393203211802 0.1064885897759233 0
0.6264885900474882 0.09763932012387666 0
0.6376393204081769 0.0919577392886767 0
1 33 0 4
445
446
447
448
0.6623606796548263 0.09195773930914772 0
0.6735114100983574 0.09763932022983976 0
0.6823606797792581 0.1064885899141647 0
0.688042260655726 0.1176393202370663 0
1 40 0 4
449
450
451
452
0.8880422606278526 0.2123606798487192 0
0.8823606796916936 0.2235114102063575 0
0.8735114099224592 0.2323606798979578 0
0.8623606795818775 0.2380422607145548 0
1 41 0 4
453
454
455
456
0.8376393203487233 0.2380422606920056 0
0.8264885899064838 0.2323606797736776 0
0.8176393202286413 0.2235114100967079 0
0.8119577393460736 0.2123606797684725 0
1 42 0 4
457
458
459
460
0.8119577393721473 0.1876393201512808 0
0.8176393203083063 0.1764885897936425 0
0.8264885900775407 0.1676393201020423 0
0.8376393204181225 0.1619577392854452 0
1 43 0 4
461
462
463
464
0.8623606796512766 0.1619577393079944 0
0.8735114100935162 0.1676393202263225 0
0.8823606797713587 0.1764885899032921 0
0.8880422606539263 0.1876393202315275 0
1 50 0 4
465
466
467
468
1.088042260664534 0.2823606797358248 0
1.08236067978449 0.2935114100786342 0
1.073511410195159 0.3023606796998302 0
1.062360679933285 0.3080422606003758 0
1 51 0 4
469
470
471
472
1.037639320080156 0.3080422606047429 0
1.026488589862948 0.3023606797420472 0
1.017639320182634 0.2935114100333845 0
1.011957739348269 0.2823606797752293 0
1 52 0 4
473
474
475
476
1.011957739335916 0.2576393202627885 0
1.017639320209656 0.2464885899294237 0
1.026488589794347 0.2376393203077943 0
1.03763932006554 0.2319577394000063 0
1 53 0 4
477
478
479
480
1.062360680003058 0.2319577394222951 0
1.073511410174991 0.2376393202855169 0
1.082360679843143 0.2464885900020947 0
1.088042260675305 0.2576393202973227 0
1 60 0 4
481
482
483
484
1.288042260647712 0.1423606797875984 0
1.282360679767018 0.1535114101026828 0
1.273511410220742 0.162360679681243 0
1.262360679943329 0.168042260597112 0
1 61 0 4
485
486
487
488
1.237639319993835 0.1680422605766954 0
1.226488589759476 0.1623606796668705 0
1.217639320184142 0.1535114100354603 0
1.211957739338182 0.1423606797441853 0
1 62 0 4
489
490
491
492
1.211957739356479 0.1176393201995038 0
1.217639320239842 0.1064885898878752 0
1.226488589760851 0.09763932033213074 0
1.237639320054177 0.09195773940369829 0
1 63 0 4
493
494
495
496
1.262360680012088 0.09195773942522914 0
1.273511410242121 0.0976393203342904 0
1.28236067981782 0.1064885899672404 0
1.288042260663142 0.1176393202598905 0
1 70 0 4
497
498
499
500
1.488042260662339 0.2123606797425817 0
1.482360679782829 0.2235114100809203 0
1.473511410198757 0.2323606796972159 0
1.462360679930407 0.2380422606013108 0
1 71 0 4
501
502
503
504
1.437639319989831 0.2380422605753944 0
1.426488589812912 0.2323606797056934 0
1.417639320143673 0.2235114099797584 0
1.411957739332971 0.2123606797281457 0
1 72 0 4
505
506
507
508
1.411957739337661 0.1876393202574183 0
1.417639320217171 0.1764885899190797 0
1.426488589801243 0.1676393203027841 0
1.437639320069593 0.1619577393986893 0
1 73 0 4
509
510
511
512
1.462360680010169 0.1619577394246056 0
1.473511410187088 0.1676393202943066 0
1.482360679856327 0.1764885900202416 0
1.488042260667029 0.1876393202718544 0
1 80 0 4
513
514
515
516
1.688042260653432 0.2823606797699955 0
1.682360679771851 0.2935114100960302 0
1.673511410220475 0.3023606796814366 0
1.662360679948165 0.3080422605955407 0
1 81 0 4
517
518
519
520
1.637639320026347 0.3080422605872591 0
1.626488589813091 0.3023606797058235 0
1.617639320140285 0.2935114099750958 0
1.611957739344557 0.2823606797638064 0
1 82 0 4
521
522
523
524
1.611957739346971 0.2576393202287662 0
1.617639320222111 0.2464885899122802 0
1.626488589769283 0.2376393203260045 0
1.637639320050807 0.2319577394047931 0
1 83 0 4
525
526
527
528
1.662360679995282 0.2319577394197687 0
1.673511410222009 0.2376393203196779 0
1.68236067979568 0.2464885899367679 0
1.688042260665188 0.2576393202661866 0
2 1 0 5315
529
530
531
532
533
534
535
536
537
538
539
540
541
542
543
544
545
546
547
548
549
550
551
552
553
554
555
556
557
558
559
560
561
562
563
564
565
566
567
568
569
570
571
572
573
574
575
576
577
578
579
580
581
582
583
584
585
586
587
588
589
590
591
592
593
594
595
596
597
598
599
600
601
602
603
604
605
606
607
608
609
610
611
612
613
614
615
616
617
618
619
620
621
622
623
624
625
626
627
628
629
630
631
632
633
634
635
636
637
638
639
640
641
642
643
644
645
646
647
648
649
650
651
652
653
654
655
656
657
658
659
660
661
662
663
664
665
666
667
668
669
670
671
672
673
674
675
676
677
678
679
680
681
682
683
684
685
686
687
688
689
690
691
692
693
694
695
696
697
698
699
700
701
702
703
704
705
706
707
708
709
710
711
712
713
714
715
716
717
718
719
720
721
722
723
724
725
726
727
728
729
730
731
732
733
734
735
736
737
738
739
740
741
742
743
744
745
746
747
748
749
750
751
752
753
754
755
756
757
758
759
760
761
762
763
764
765
766
767
768
769
770
771
772
773
774
775
776
777
778
779
780
781
782
783
784
785
786
787
788
789
790
791
792
793
794
795
796
797
798
799
800
801
802
803
804
805
806
807
808
809
810
811
812
813
814
815
816
817
818
819
820
821
822
823
824
825
826
827
828
829
830
831
832
833
834
835
836
837
838
839
840
841
842
843
844
845
846
847
848
849
850
851
852
853
854
855
856
857
858
859
860
861
862
863
864
865
866
867
868
869
870
871
872
873
874
875
876
877
878
879
880
881
882
883
884
885
886
887
888
889
890
891
892
893
894
895
896
897
898
899
900
901
902
903
904
905
906
907
908
909
910
911
912
913
914
915
916
917
918
919
920
921
922
923
924
925
926
927
928
929
930
931
932
933
934
935
936
937
938
939
940
941
942
943
944
945
946
947
948
949
950
951
952
953
954
955
956
957
958
959
960
961
962
963
964
965
966
967
968
969
970
971
972
973
974
975
976
977
978
979
980
981
982
983
984
985
986
987
988
989
990
991
992
993
994
995
996
997
998
999
1000
1001
1002
1003
1004
1005
1006
1007
1008
1009
1010
1011
1012
1013
1014
1015
1016
1017
1018
1019
1020
1021
1022
1023
1024
1025
1026
1027
1028
1029
1030
1031
1032
1033
1034
1035
1036
1037
1038
1039
1040
1041
1042
1043
1044
1045
1046
1047
1048
1049
1050
1051
1052
1053
1054
1055
1056
1057
1058
1059
1060
1061
1062
1063
1064
1065
1066
1067
1068
1069
1070
1071
1072
1073
1074
1075
1076
1077
1078
1079
1080
1081
1082
1083
1084
1085
1086
1087
1088
1089
1090
1091
1092
1093
1094
1095
1096
1097
1098
1099
1100
1101
1102
1103
1104
1105
1106
1107
1108
1109
1110
1111
1112
1113
1114
1115
1116
1117
1118
1119
1120
1121
1122
1123
1124
1125
1126
1127
1128
1129
1130
1131
1132
1133
1134
1135
1136
1137
1138
1139
1140
1141
1142
1143
1144
1145
1146
1147
1148
1149
1150
1151
1152
1153
1154
1155
1156
1157
1158
1159
1160
1161
1162
1163
1164
1165
1166
1167
1168
1169
1170
1171
1172
1173
1174
1175
1176
1177
1178
1179
1180
1181
1182
1183
1184
1185
1186
1187
1188
1189
1190
1191
1192
1193
1194
1195
1196
1197
1198
1199
1200
1201
1202
1203
1204
1205
1206
1207
1208
1209
1210
1211
1212
1213
1214
1215
1216
1217
1218
1219
1220
1221
1222
1223
1224
1225
1226
1227
1228
1229
1230
1231
1232
1233
1234
1235
1236
1237
1238
1239
1240
1241
1242
1243
1244
1245
1246
1247
1248
1249
1250
1251
1252
1253
1254
1255
1256
1257
1258
1259
1260
1261
1262
1263
1264
1265
1266
1267
1268
1269
1270
1271
1272
1273
1274
1275
1276
1277
1278
1279
1280
1281
1282
1283
1284
1285
1286
1287
1288
1289
1290
1291
1292
1293
1294
1295
1296
1297
1298
1299
1300
1301
1302
1303
1304
1305
1306
1307
1308
1309
1310
1311
1312
1313
1314
1315
1316
1317
1318
1319
1320
1321
1322
1323
1324
1325
1326
1327
1328
1329
1330
1331
1332
1333
1334
1335
1336
1337
1338
1339
1340
1341
1342
1343
1344
1345
1346
1347
1348
1349
1350
1351
1352
1353
1354
1355
1356
1357
1358
1359
1360
1361
1362
1363
1364
1365
1366
1367
1368
1369
1370
1371
1372
1373
1374
1375
1376
1377
1378
1379
1380
1381
1382
1383
1384
1385
1386
1387
1388
1389
1390
1391
1392
1393
1394
1395
1396
1397
1398
1399
1400
1401
1402
1403
1404
1405
1406
1407
1408
1409
1410
1411
1412
1413
1414
1415
1416
1417
1418
1419
1420
1421
1422
1423
1424
1425
1426
1427
1428
1429
1430
1431
1432
1433
1434
1435
1436
1437
1438
1439
1440
1441
1442
1443
1444
1445
1446
1447
1448
1449
1450
1451
1452
1453
1454
1455
1456
1457
1458
1459
1460
1461
1462
1463
1464
1465
1466
1467
1468
1469
1470
1471
1472
1473
1474
1475
1476
1477
1478
1479
1480
1481
1482
1483
1484
1485
1486
1487
1488
1489
1490
1491
1492
1493
1494
1495
1496
1497
1498
1499
1500
1501
1502
1503
1504
1505
1506
1507
1508
1509
1510
1511
1512
1513
1514
1515
1516
1517
1518
1519
1520
1521
1522
1523
1524
1525
1526
1527
1528
1529
1530
1531
1532
1533
1534
1535
1536
1537
1538
1539
1540
1541
1542
1543
1544
1545
1546
1547
1548
1549
1550
1551
1552
1553
1554
1555
1556
1557
1558
1559
1560
1561
1562
1563
1564
1565
1566
1567
1568
1569
1570
1571
1572
1573
1574
1575
1576
1577
1578
1579
1580
1581
1582
1583
1584
1585
1586
1587
1588
1589
1590
1591
1592
1593
1594
1595
1596
1597
1598
1599
1600
1601
1602
1603
1604
1605
1606
1607
1608
1609
1610
1611
1612
1613
1614
1615
1616
1617
1618
1619
1620
1621
1622
1623
1624
1625
1626
1627
1628
1629
1630
1631
1632
1633
1634
1635
1636
1637
1638
1639
1640
1641
1642
1643
1644
1645
1646
1647
1648
1649
1650
1651
1652
1653
1654
1655
1656
1657
1658
1659
1660
1661
1662
1663
1664
1665
1666
1667
1668
1669
1670
1671
1672
1673
1674
1675
1676
1677
1678
1679
1680
1681
1682
1683
1684
1685
1686
1687
1688
1689
1690
1691
1692
1693
1694
1695
1696
1697
1698
1699
1700
1701
1702
1703
1704
1705
1706
1707
1708
1709
1710
1711
1712
1713
1714
1715
1716
1717
1718
1719
1720
1721
1722
1723
1724
1725
1726
1727
1728
1729
1730
1731
1732
1733
1734
1735
1736
1737
1738
1739
1740
1741
1742
1743
1744
1745
1746
1747
1748
1749
1750
1751
1752
1753
1754
1755
1756
1757
1758
1759
1760
1761
1762
1763
1764
1765
1766
1767
1768
1769
1770
1771
1772
1773
1774
1775
1776
1777
1778
1779
1780
1781
1782
1783
1784
1785
1786
1787
1788
1789
1790
1791
1792
1793
1794
1795
1796
1797
1798
1799
1800
1801
1802
1803
1804
1805
1806
1807
1808
1809
1810
1811
1812
1813
1814
1815
1816
1817
1818
1819
1820
1821
1822
1823
1824
1825
1826
1827
1828
1829
1830
1831
1832
1833
1834
1835
1836
1837
1838
1839
1840
1841
1842
1843
1844
1845
1846
1847
1848
1849
1850
1851
1852
1853
1854
1855
1856
1857
1858
1859
1860
1861
1862
1863
1864
1865
1866
1867
1868
1869
1870
1871
1872
1873
1874
1875
1876
1877
1878
1879
1880
1881
1882
1883
1884
1885
1886
1887
1888
1889
1890
1891
1892
1893
1894
1895
1896
1897
1898
1899
1900
1901
1902
1903
1904
1905
1906
1907
1908
1909
1910
1911
1912
1913
1914
1915
1916
1917
1918
1919
1920
1921
1922
1923
1924
1925
1926
1927
1928
1929
1930
1931
1932
1933
1934
1935
1936
1937
1938
1939
1940
1941
1942
1943
1944
1945
1946
1947
1948
1949
1950
1951
1952
1953
1954
1955
1956
1957
1958
1959
1960
1961
1962
1963
1964
1965
1966
1967
1968
1969
1970
1971
1972
1973
1974
1975
1976
1977
1978
1979
1980
1981
1982
1983
1984
1985
1986
1987
1988
1989
1990
1991
1992
1993
1994
1995
1996
1997
1998
1999
2000
2001
2002
2003
2004
2005
2006
2007
2008
2009
2010
2011
2012
2013
2014
2015
2016
2017
2018
2019
2020
2021
2022
2023
2024
2025
2026
2027
2028
2029
2030
2031
2032
2033
2034
2035
2036
2037
2038
2039
2040
2041
2042
2043
2044
2045
2046
2047
2048
2049
2050
2051
2052
2053
2054
2055
2056
2057
2058
2059
2060
2061
2062
2063
2064
2065
2066
2067
2068
2069
2070
2071
2072
2073
2074
2075
2076
2077
2078
2079
2080
2081
2082
2083
2084
2085
2086
2087
2088
2089
2090
2091
2092
2093
2094
2095
2096
2097
2098
2099
2100
2101
2102
2103
2104
2105
2106
2107
2108
2109
2110
2111
2112
2113
2114
2115
2116
2117
2118
2119
2120
2121
2122
2123
2124
2125
2126
2127
2128
2129
2130
2131
2132
2133
2134
2135
2136
2137
2138
2139
2140
2141
2142
2143
2144
2145
2146
2147
2148
2149
2150
2151
2152
2153
2154
2155
2156
2157
2158
2159
2160
2161
2162
2163
2164
2165
2166
2167
2168
2169
2170
2171
2172
2173
2174
2175
2176
2177
2178
2179
2180
2181
2182
2183
2184
2185
2186
2187
2188
2189
2190
2191
2192
2193
2194
2195
2196
2197
2198
2199
2200
2201
2202
2203
2204
2205
2206
2207
2208
2209
2210
2211
2212
2213
2214
2215
2216
2217
2218
2219
2220
2221
2222
2223
2224
2225
2226
2227
2228
2229
2230
2231
2232
2233
2234
2235
2236
2237
2238
2239
2240
2241
2242
2243
2244
2245
2246
2247
2248
2249
2250
2251
2252
2253
2254
2255
2256
2257
2258
2259
2260
2261
2262
2263
2264
2265
2266
2267
2268
2269
2270
2271
2272
2273
2274
2275
2276
2277
2278
2279
2280
2281
2282
2283
2284
2285
2286
2287
2288
2289
2290
2291
2292
2293
2294
2295
2296
2297
2298
2299
2300
2301
2302
2303
2304
2305
2306
2307
2308
2309
2310
2311
2312
2313
2314
2315
2316
2317
2318
2319
2320
2321
2322
2323
2324
2325
2326
2327
2328
2329
2330
2331
2332
2333
2334
2335
2336
2337
2338
2339
2340
2341
2342
2343
2344
2345
2346
2347
2348
2349
2350
2351
2352
2353
2354
2355
2356
2357
2358
2359
2360
2361
2362
2363
2364
2365
2366
2367
2368
2369
2370
2371
2372
2373
2374
2375
2376
2377
2378
2379
2380
2381
2382
2383
2384
2385
2386
2387
2388
2389
2390
2391
2392
2393
2394
2395
2396
2397
2398
2399
2400
2401
2402
2403
2404
2405
2406
2407
2408
2409
2410
2411
2412
2413
2414
2415
2416
2417
2418
2419
2420
2421
2422
2423
2424
2425
2426
2427
2428
2429
2430
2431
2432
2433
2434
2435
2436
2437
2438
2439
2440
2441
2442
2443
2444
2445
2446
2447
2448
2449
2450
2451
2452
2453
2454
2455
2456
2457
2458
2459
2460
2461
2462
2463
2464
2465
2466
2467
2468
2469
2470
2471
2472
2473
2474
2475
2476
2477
2478
2479
2480
2481
2482
2483
2484
2485
2486
2487
2488
2489
2490
2491
2492
2493
2494
2495
2496
2497
2498
2499
2500
2501
2502
2503
2504
2505
2506
2507
2508
2509
2510
2511
2512
2513
2514
2515
2516
2517
2518
2519
2520
2521
2522
2523
2524
2525
2526
2527
2528
2529
2530
2531
2532
2533
2534
2535
2536
2537
2538
2539
2540
2541
2542
2543
2544
2545
2546
2547
2548
2549
2550
2551
2552
2553
2554
2555
2556
2557
2558
2559
2560
2561
2562
2563
2564
2565
2566
2567
2568
2569
2570
2571
2572
2573
2574
2575
2576
2577
2578
2579
2580
2581
2582
2583
2584
2585
2586
2587
2588
2589
2590
2591
2592
2593
2594
2595
2596
2597
2598
2599
2600
2601
2602
2603
2604
2605
2606
2607
2608
2609
2610
2611
2612
2613
2614
2615
2616
2617
2618
2619
2620
2621
2622
2623
2624
2625
2626
2627
2628
2629
2630
2631
2632
2633
2634
2635
2636
2637
2638
2639
2640
2641
2642
2643
2644
2645
2646
2647
2648
2649
2650
2651
2652
2653
2654
2655
2656
2657
2658
2659
2660
2661
2662
2663
2664
2665
2666
2667
2668
2669
2670
2671
2672
2673
2674
2675
2676
2677
2678
2679
2680
2681
2682
2683
2684
2685
2686
2687
2688
2689
2690
2691
2692
2693
2694
2695
2696
2697
2698
2699
2700
2701
2702
2703
2704
2705
2706
2707
2708
2709
2710
2711
2712
2713
2714
2715
2716
2717
2718
2719
2720
2721
2722
2723
2724
2725
2726
2727
2728
2729
2730
2731
2732
2733
2734
2735
2736
2737
2738
2739
2740
2741
2742
2743
2744
2745
2746
2747
2748
2749
2750
2751
2752
2753
2754
2755
2756
2757
2758
2759
2760
2761
2762
2763
2764
2765
2766
2767
2768
2769
2770
2771
2772
2773
2774
2775
2776
2777
2778
2779
2780
2781
2782
2783
2784
2785
2786
2787
2788
2789
2790
2791
2792
2793
2794
2795
2796
2797
2798
2799
2800
2801
2802
2803
2804
2805
2806
2807
2808
2809
2810
2811
2812
2813
2814
2815
2816
2817
2818
2819
2820
2821
2822
2823
2824
2825
2826
2827
2828
2829
2830
2831
2832
2833
2834
2835
2836
2837
2838
2839
2840
2841
2842
2843
2844
2845
2846
2847
2848
2849
2850
2851
2852
2853
2854
2855
2856
2857
2858
2859
2860
2861
2862
2863
2864
2865
2866
2867
2868
2869
2870
2871
2872
2873
2874
2875
2876
2877
2878
2879
2880
2881
2882
2883
2884
2885
2886
2887
2888
2889
2890
2891
2892
2893
2894
2895
2896
2897
2898
2899
2900
2901
2902
2903
2904
2905
2906
2907
2908
2909
2910
2911
2912
2913
2914
2915
2916
2917
2918
2919
2920
2921
2922
2923
2924
2925
2926
2927
2928
2929
2930
2931
2932
2933
2934
2935
2936
2937
2938
2939
2940
2941
2942
2943
2944
2945
2946
2947
2948
2949
2950
2951
2952
2953
2954
2955
2956
2957
2958
2959
2960
2961
2962
2963
2964
2965
2966
2967
2968
2969
2970
2971
2972
2973
2974
2975
2976
2977
2978
2979
2980
2981
2982
2983
2984
2985
2986
2987
2988
2989
2990
2991
2992
2993
2994
2995
2996
2997
2998
2999
3000
3001
3002
3003
3004
3005
3006
3007
3008
3009
3010
3011
3012
3013
3014
3015
3016
3017
3018
3019
3020
3021
3022
3023
3024
3025
3026
3027
3028
3029
3030
3031
3032
3033
3034
3035
3036
3037
3038
3039
3040
3041
3042
3043
3044
3045
3046
3047
3048
3049
3050
3051
3052
3053
3054
3055
3056
3057
3058
3059
3060
3061
3062
3063
3064
3065
3066
3067
3068
3069
3070
3071
3072
3073
3074
3075
3076
3077
3078
3079
3080
3081
3082
3083
3084
3085
3086
3087
3088
3089
3090
3091
3092
3093
3094
3095
3096
3097
3098
3099
3100
3101
3102
3103
3104
3105
3106
3107
3108
3109
3110
3111
3112
3113
3114
3115
3116
3117
3118
3119
3120
3121
3122
3123
3124
3125
3126
3127
3128
3129
3130
3131
3132
3133
3134
3135
3136
3137
3138
3139
3140
3141
3142
3143
3144
3145
3146
3147
3148
3149
3150
3151
3152
3153
3154
3155
3156
3157
3158
3159
3160
3161
3162
3163
3164
3165
3166
3167
3168
3169
3170
3171
3172
3173
3174
3175
3176
3177
3178
3179
3180
3181
3182
3183
3184
3185
3186
3187
3188
3189
3190
3191
3192
3193
3194
3195
3196
3197
3198
3199
3200
3201
3202
3203
3204
3205
3206
3207
3208
3209
3210
3211
3212
3213
3214
3215
3216
3217
3218
3219
3220
3221
3222
3223
3224
3225
3226
3227
3228
3229
3230
3231
3232
3233
3234
3235
3236
3237
3238
3239
3240
3241
3242
3243
3244
3245
3246
3247
3248
3249
3250
3251
3252
3253
3254
3255
3256
3257
3258
3259
3260
3261
3262
3263
3264
3265
3266
3267
3268
3269
3270
3271
3272
3273
3274
3275
3276
3277
3278
3279
3280
3281
3282
3283
3284
3285
3286
3287
3288
3289
3290
3291
3292
3293
3294
3295
3296
3297
3298
3299
3300
3301
3302
3303
3304
3305
3306
3307
3308
3309
3310
3311
3312
3313
3314
3315
3316
3317
3318
3319
3320
3321
3322
3323
3324
3325
3326
3327
3328
3329
3330
3331
3332
3333
3334
3335
3336
3337
3338
3339
3340
3341
3342
3343
3344
3345
3346
3347
3348
3349
3350
3351
3352
3353
3354
3355
3356
3357
3358
3359
3360
3361
3362
3363
3364
3365
3366
3367
3368
3369
3370
3371
3372
3373
3374
3375
3376
3377
3378
3379
3380
3381
3382
3383
3384
3385
3386
3387
3388
3389
3390
3391
3392
3393
3394
3395
3396
3397
3398
3399
3400
3401
3402
3403
3404
3405
3406
3407
3408
3409
3410
3411
3412
3413
3414
3415
3416
3417
3418
3419
3420
3421
3422
3423
3424
3425
3426
3427
3428
3429
3430
3431
3432
3433
3434
3435
3436
3437
3438
3439
3440
3441
3442
3443
3444
3445
3446
3447
3448
3449
3450
3451
3452
3453
3454
3455
3456
3457
3458
3459
3460
3461
3462
3463
3464
3465
3466
3467
3468
3469
3470
3471
3472
3473
3474
3475
3476
3477
3478
3479
3480
3481
3482
3483
3484
3485
3486
3487
3488
3489
3490
3491
3492
3493
3494
3495
3496
3497
3498
3499
3500
3501
3502
3503
3504
3505
3506
3507
3508
3509
3510
3511
3512
3513
3514
3515
3516
3517
3518
3519
3520
3521
3522
3523
3524
3525
3526
3527
3528
3529
3530
3531
3532
3533
3534
3535
3536
3537
3538
3539
3540
3541
3542
3543
3544
3545
3546
3547
3548
3549
3550
3551
3552
3553
3554
3555
3556
3557
3558
3559
3560
3561
3562
3563
3564
3565
3566
3567
3568
3569
3570
3571
3572
3573
3574
3575
3576
3577
3578
3579
3580
3581
3582
3583
3584
3585
3586
3587
3588
3589
3590
3591
3592
3593
3594
3595
3596
3597
3598
3599
3600
3601
3602
3603
3604
3605
3606
3607
3608
3609
3610
3611
3612
3613
3614
3615
3616
3617
3618
3619
3620
3621
3622
3623
3624
3625
3626
3627
3628
3629
3630
3631
3632
3633
3634
3635
3636
3637
3638
3639
3640
3641
3642
3643
3644
3645
3646
3647
3648
3649
3650
3651
3652
3653
3654
3655
3656
3657
3658
3659
3660
3661
3662
3663
3664
3665
3666
3667
3668
3669
3670
3671
3672
3673
3674
3675
3676
3677
3678
3679
3680
3681
3682
3683
3684
3685
3686
3687
3688
3689
3690
3691
3692
3693
3694
3695
3696
3697
3698
3699
3700
3701
3702
3703
3704
3705
3706
3707
3708
3709
3710
3711
3712
3713
3714
3715
3716
3717
3718
3719
3720
3721
3722
3723
3724
3725
3726
3727
3728
3729
3730
3731
3732
3733
3734
3735
3736
3737
3738
3739
3740
3741
3742
3743
3744
3745
3746
3747
3748
3749
3750
3751
3752
3753
3754
3755
3756
3757
3758
3759
3760
3761
3762
3763
3764
3765
3766
3767
3768
3769
3770
3771
3772
3773
3774
3775
3776
3777
3778
3779
3780
3781
3782
3783
3784
3785
3786
3787
3788
3789
3790
3791
3792
3793
3794
3795
3796
3797
3798
3799
3800
3801
3802
3803
3804
3805
3806
3807
3808
3809
3810
3811
3812
3813
3814
3815
3816
3817
3818
3819
3820
3821
3822
3823
3824
3825
3826
3827
3828
3829
3830
3831
3832
3833
3834
3835
3836
3837
3838
3839
3840
3841
3842
3843
3844
3845
3846
3847
3848
3849
3850
3851
3852
3853
3854
3855
3856
3857
3858
3859
3860
3861
3862
3863
3864
3865
3866
3867
3868
3869
3870
3871
3872
3873
3874
3875
3876
3877
3878
3879
3880
3881
3882
3883
3884
3885
3886
3887
3888
3889
3890
3891
3892
3893
3894
3895
3896
3897
3898
3899
3900
3901
3902
3903
3904
3905
3906
3907
3908
3909
3910
3911
3912
3913
3914
3915
3916
3917
3918
3919
3920
3921
3922
3923
3924
3925
3926
3927
3928
3929
3930
3931
3932
3933
3934
3935
3936
3937
3938
3939
3940
3941
3942
3943
3944
3945
3946
3947
3948
3949
3950
3951
3952
3953
3954
3955
3956
3957
3958
3959
3960
3961
3962
3963
3964
3965
3966
3967
3968
3969
3970
3971
3972
3973
3974
3975
3976
3977
3978
3979
3980
3981
3982
3983
3984
3985
3986
3987
3988
3989
3990
3991
3992
3993
3994
3995
3996
3997
3998
3999
4000
4001
4002
4003
4004
4005
4006
4007
4008
4009
4010
4011
4012
4013
4014
4015
4016
4017
4018
4019
4020
4021
4022
4023
4024
4025
4026
4027
4028
4029
4030
4031
4032
4033
4034
4035
4036
4037
4038
4039
4040
4041
4042
4043
4044
4045
4046
4047
4048
4049
4050
4051
4052
4053
4054
4055
4056
4057
4058
4059
4060
4061
4062
4063
4064
4065
4066
4067
4068
4069
4070
4071
4072
4073
4074
4075
4076
4077
4078
4079
4080
4081
4082
4083
4084
4085
4086
4087
4088
4089
4090
4091
4092
4093
4094
4095
4096
4097
4098
4099
4100
4101
4102
4103
4104
4105
4106
4107
4108
4109
4110
4111
4112
4113
4114
4115
4116
4117
4118
4119
4120
4121
4122
4123
4124
4125
4126
4127
4128
4129
4130
4131
4132
4133
4134
4135
4136
4137
4138
4139
4140
4141
4142
4143
4144
4145
4146
4147
4148
4149
4150
4151
4152
4153
4154
4155
4156
4157
4158
4159
4160
4161
4162
4163
4164
4165
4166
4167
4168
4169
4170
4171
4172
4173
4174
4175
4176
4177
4178
4179
4180
4181
4182
4183
4184
4185
4186
4187
4188
4189
4190
4191
4192
4193
4194
4195
4196
4197
4198
4199
4200
4201
4202
4203
4204
4205
4206
4207
4208
4209
4210
4211
4212
4213
4214
4215
4216
4217
4218
4219
4220
4221
4222
4223
4224
4225
4226
4227
4228
4229
4230
4231
4232
4233
4234
4235
4236
4237
4238
4239
4240
4241
4242
4243
4244
4245
4246
4247
4248
4249
4250
4251
4252
4253
4254
4255
4256
4257
4258
4259
4260
4261
4262
4263
4264
4265
4266
4267
4268
4269
4270
4271
4272
4273
4274
4275
4276
4277
4278
4279
4280
4281
4282
4283
4284
4285
4286
4287
4288
4289
4290
4291
4292
4293
4294
4295
4296
4297
4298
4299
4300
4301
4302
4303
4304
4305
4306
4307
4308
4309
4310
4311
4312
4313
4314
4315
4316
4317
4318
4319
4320
4321
4322
4323
4324
4325
4326
4327
4328
4329
4330
4331
4332
4333
4334
4335
4336
4337
4338
4339
4340
4341
4342
4343
4344
4345
4346
4347
4348
4349
4350
4351
4352
4353
4354
4355
4356
4357
4358
4359
4360
4361
4362
4363
4364
4365
4366
4367
4368
4369
4370
4371
4372
4373
4374
4375
4376
4377
4378
4379
4380
4381
4382
4383
4384
4385
4386
4387
4388
4389
4390
4391
4392
4393
4394
4395
4396
4397
4398
4399
4400
4401
4402
4403
4404
4405
4406
4407
4408
4409
4410
4411
4412
4413
4414
4415
4416
4417
4418
4419
4420
4421
4422
4423
4424
4425
4426
4427
4428
4429
4430
4431
4432
4433
4434
4435
4436
4437
4438
4439
4440
4441
4442
4443
4444
4445
4446
4447
4448
4449
4450
4451
4452
4453
4454
4455
4456
4457
4458
4459
4460
4461
4462
4463
4464
4465
4466
4467
4468
4469
4470
4471
4472
4473
4474
4475
4476
4477
4478
4479
4480
4481
4482
4483
4484
4485
4486
4487
4488
4489
4490
4491
4492
4493
4494
4495
4496
4497
4498
4499
4500
4501
4502
4503
4504
4505
4506
4507
4508
4509
4510
4511
4512
4513
4514
4515
4516
4517
4518
4519
4520
4521
4522
4523
4524
4525
4526
4527
4528
4529
4530
4531
4532
4533
4534
4535
4536
4537
4538
4539
4540
4541
4542
4543
4544
4545
4546
4547
4548
4549
4550
4551
4552
4553
4554
4555
4556
4557
4558
4559
4560
4561
4562
4563
4564
4565
4566
4567
4568
4569
4570
4571
4572
4573
4574
4575
4576
4577
4578
4579
4580
4581
4582
4583
4584
4585
4586
4587
4588
4589
4590
4591
4592
4593
4594
4595
4596
4597
4598
4599
4600
4601
4602
4603
4604
4605
4606
4607
4608
4609
4610
4611
4612
4613
4614
4615
4616
4617
4618
4619
4620
4621
4622
4623
4624
4625
4626
4627
4628
4629
4630
4631
4632
4633
4634
4635
4636
4637
4638
4639
4640
4641
4642
4643
4644
4645
4646
4647
4648
4649
4650
4651
4652
4653
4654
4655
4656
4657
4658
4659
4660
4661
4662
4663
4664
4665
4666
4667
4668
4669
4670
4671
4672
4673
4674
4675
4676
4677
4678
4679
4680
4681
4682
4683
4684
4685
4686
4687
4688
4689
4690
4691
4692
4693
4694
4695
4696
4697
4698
4699
4700
4701
4702
4703
4704
4705
4706
4707
4708
4709
4710
4711
4712
4713
4714
4715
4716
4717
4718
4719
4720
4721
4722
4723
4724
4725
4726
4727
4728
4729
4730
4731
4732
4733
4734
4735
4736
4737
4738
4739
4740
4741
4742
4743
4744
4745
4746
4747
4748
4749
4750
4751
4752
4753
4754
4755
4756
4757
4758
4759
4760
4761
4762
4763
4764
4765
4766
4767
4768
4769
4770
4771
4772
4773
4774
4775
4776
4777
4778
4779
4780
4781
4782
4783
4784
4785
4786
4787
4788
4789
4790
4791
4792
4793
4794
4795
4796
4797
4798
4799
4800
4801
4802
4803
4804
4805
4806
4807
4808
4809
4810
4811
4812
4813
4814
4815
4816
4817
4818
4819
4820
4821
4822
4823
4824
4825
4826
4827
4828
4829
4830
4831
4832
4833
4834
4835
4836
4837
4838
4839
4840
4841
4842
4843
4844
4845
4846
4847
4848
4849
4850
4851
4852
4853
4854
4855
4856
4857
4858
4859
4860
4861
4862
4863
4864
4865
4866
4867
4868
4869
4870
4871
4872
4873
4874
4875
4876
4877
4878
4879
4880
4881
4882
4883
4884
4885
4886
4887
4888
4889
4890
4891
4892
4893
4894
4895
4896
4897
4898
4899
4900
4901
4902
4903
4904
4905
4906
4907
4908
4909
4910
4911
4912
4913
4914
4915
4916
4917
4918
4919
4920
4921
4922
4923
4924
4925
4926
4927
4928
4929
4930
4931
4932
4933
4934
4935
4936
4937
4938
4939
4940
4941
4942
4943
4944
4945
4946
4947
4948
4949
4950
4951
4952
4953
4954
4955
4956
4957
4958
4959
4960
4961
4962
4963
4964
4965
4966
4967
4968
4969
4970
4971
4972
4973
4974
4975
4976
4977
4978
4979
4980
4981
4982
4983
4984
4985
4986
4987
4988
4989
4990
4991
4992
4993
4994
4995
4996
4997
4998
4999
5000
5001
5002
5003
5004
5005
5006
5007
5008
5009
5010
5011
5012
5013
5014
5015
5016
5017
5018
5019
5020
5021
5022
5023
5024
5025
5026
5027
5028
5029
5030
5031
5032
5033
5034
5035
5036
5037
5038
5039
5040
5041
5042
5043
5044
5045
5046
5047
5048
5049
5050
5051
5052
5053
5054
5055
5056
5057
5058
5059
5060
5061
5062
5063
5064
5065
5066
5067
5068
5069
5070
5071
5072
5073
5074
5075
5076
5077
5078
5079
5080
5081
5082
5083
5084
5085
5086
5087
5088
5089
5090
5091
5092
5093
5094
5095
5096
5097
5098
5099
5100
5101
5102
5103
5104
5105
5106
5107
5108
5109
5110
5111
5112
5113
5114
5115
5116
5117
5118
5119
5120
5121
5122
5123
5124
5125
5126
5127
5128
5129
5130
5131
5132
5133
5134
5135
5136
5137
5138
5139
5140
5141
5142
5143
5144
5145
5146
5147
5148
5149
5150
5151
5152
5153
5154
5155
5156
5157
5158
5159
5160
5161
5162
5163
5164
5165
5166
5167
5168
5169
5170
5171
5172
5173
5174
5175
5176
5177
5178
5179
5180
5181
5182
5183
5184
5185
5186
5187
5188
5189
5190
5191
5192
5193
5194
5195
5196
5197
5198
5199
5200
5201
5202
5203
5204
5205
5206
5207
5208
5209
5210
5211
5212
5213
5214
5215
5216
5217
5218
5219
5220
5221
5222
5223
5224
5225
5226
5227
5228
5229
5230
5231
5232
5233
5234
5235
5236
5237
5238
5239
5240
5241
5242
5243
5244
5245
5246
5247
5248
5249
5250
5251
5252
5253
5254
5255
5256
5257
5258
5259
5260
5261
5262
5263
5264
5265
5266
5267
5268
5269
5270
5271
5272
5273
5274
5275
5276
5277
5278
5279
5280
5281
5282
5283
5284
5285
5286
5287
5288
5289
5290
5291
5292
5293
5294
5295
5296
5297
5298
5299
5300
5301
5302
5303
5304
5305
5306
5307
5308
5309
5310
5311
5312
5313
5314
5315
5316
5317
5318
5319
5320
5321
5322
5323
5324
5325
5326
5327
5328
5329
5330
5331
5332
5333
5334
5335
5336
5337
5338
5339
5340
5341
5342
5343
5344
5345
5346
5347
5348
5349
5350
5351
5352
5353
5354
5355
5356
5357
5358
5359
5360
5361
5362
5363
5364
5365
5366
5367
5368
5369
5370
5371
5372
5373
5374
5375
5376
5377
5378
5379
5380
5381
5382
5383
5384
5385
5386
5387
5388
5389
5390
5391
5392
5393
5394
5395
5396
5397
5398
5399
5400
5401
5402
5403
5404
5405
5406
5407
5408
5409
5410
5411
5412
5413
5414
5415
5416
5417
5418
5419
5420
5421
5422
5423
5424
5425
5426
5427
5428
5429
5430
5431
5432
5433
5434
5435
5436
5437
5438
5439
5440
5441
5442
5443
5444
5445
5446
5447
5448
5449
5450
5451
5452
5453
5454
5455
5456
5457
5458
5459
5460
5461
5462
5463
5464
5465
5466
5467
5468
5469
5470
5471
5472
5473
5474
5475
5476
5477
5478
5479
5480
5481
5482
5483
5484
5485
5486
5487
5488
5489
5490
5491
5492
5493
5494
5495
5496
5497
5498
5499
5500
5501
5502
5503
5504
5505
5506
5507
5508
5509
5510
5511
5512
5513
5514
5515
5516
5517
5518
5519
5520
5521
5522
5523
5524
5525
5526
5527
5528
5529
5530
5531
5532
5533
5534
5535
5536
5537
5538
5539
5540
5541
5542
5543
5544
5545
5546
5547
5548
5549
5550
5551
5552
5553
5554
5555
5556
5557
5558
5559
5560
5561
5562
5563
5564
5565
5566
5567
5568
5569
5570
5571
5572
5573
5574
5575
5576
5577
5578
5579
5580
5581
5582
5583
5584
5585
5586
5587
5588
5589
5590
5591
5592
5593
5594
5595
5596
5597
5598
5599
5600
5601
5602
5603
5604
5605
5606
5607
5608
5609
5610
5611
5612
5613
5614
5615
5616
5617
5618
5619
5620
5621
5622
5623
5624
5625
5626
5627
5628
5629
5630
5631
5632
5633
5634
5635
5636
5637
5638
5639
5640
5641
5642
5643
5644
5645
5646
5647
5648
5649
5650
5651
5652
5653
5654
5655
5656
5657
5658
5659
5660
5661
5662
5663
5664
5665
5666
5667
5668
5669
5670
5671
5672
5673
5674
5675
5676
5677
5678
5679
5680
5681
5682
5683
5684
5685
5686
5687
5688
5689
5690
5691
5692
5693
5694
5695
5696
5697
5698
5699
5700
5701
5702
5703
5704
5705
5706
5707
5708
5709
5710
5711
5712
5713
5714
5715
5716
5717
5718
5719
5720
5721
5722
5723
5724
5725
5726
5727
5728
5729
5730
5731
5732
5733
5734
5735
5736
5737
5738
5739
5740
5741
5742
5743
5744
5745
5746
5747
5748
5749
5750
5751
5752
5753
5754
5755
5756
5757
5758
5759
5760
5761
5762
5763
5764
5765
5766
5767
5768
5769
5770
5771
5772
5773
5774
5775
5776
5777
5778
5779
5780
5781
5782
5783
5784
5785
5786
5787
5788
5789
5790
5791
5792
5793
5794
5795
5796
5797
5798
5799
5800
5801
5802
5803
5804
5805
5806
5807
5808
5809
5810
5811
5812
5813
5814
5815
5816
5817
5818
5819
5820
5821
5822
5823
5824
5825
5826
5827
5828
5829
5830
5831
5832
5833
5834
5835
5836
5837
5838
5839
5840
5841
5842
5843
1.882189158335362 0.01578901190229517 0
1.700462050980081 0.264219826120572 0
0.1176627101443544 0.4009274054028572 0
0.008886133605145421 0.28514213388963 0
0.008014257848257796 0.1150606319540262 0
1.884012571535133 0.3947018109355416 0
1.975553132095986 0.01472935201363579 0
0.1189257474086874 0.008825053173208449 0
1.977136834638801 0.3938950048736678 0
0.3951584378941186 0.009195111781800557 0
2.181486661694717 0.2075027427480428 0
0.008128017138107114 0.2352336931030593 0
0.008610284718722008 0.1650359722712757 0
1.686794655173683 0.234705718667686 0
0.7068729372489292 0.3986209151084789 0
0.6165793597064382 0.3996966047839372 0
0.4434848707892461 0.01062968844062209 0
0.4898798762654669 0.009660889914536369 0
0.2053271134640689 0.1777826585346281 0
0.2052140752576137 0.2222392024246795 0
0.6570933522380743 0.1802967155918908 0
1.809671467365852 0.01562219821290702 0
1.405725510520116 0.2231420901394077 0
1.49546258527404 0.1787356654258727 0
0.8969385872637667 0.1774240453729223 0
0.2941530765165872 0.1752867358292825 0
0.4426867142861524 0.2206095621532725 0
1.241329307882518 0.1799605480207483 0
1.040149259963767 0.2202502380478197 0
0.1602742134893701 0.4013522005299391 0
1.099491211673784 0.2777907142743849 0
0.5002525593763443 0.277064405358057 0
0.8038059500260948 0.221026822863406 0
0.1596178178407391 0.009112872910584649 0
1.299845386177822 0.3958308223557944 0
0.9970092381393368 0.01251483668059554 0
1.642764653678887 0.2198450023916532 0
0.007618950754668463 0.3245891673847725 0
0.3483813040144697 0.009427825477820584 0
1.085178028815861 0.01226089378927289 0
0.6003362389561726 0.1220546049803335 0
1.222332347908641 0.3963120516007408 0
0.3150551584510196 0.4008720028570576 0
1.072607336665898 0.22473517685128 0
0.2031646364376271 0.4007265768403622 0
1.272856438458624 0.1748582857708732 0
1.738692180746293 0.01390832654000287 0
0.7603245185447812 0.3987701756183468 0
0.47148846257778 0.2255287053835859 0
0.6271435617969604 0.1748582859129292 0
1.199901588640026 0.1226261586306095 0
0.07620457519012452 0.007870446472121671 0
2.05370350444955 0.3929144778872052 0
2.053222665866227 0.01489228670545711 0
0.2014923359625008 0.007818447031704983 0
0.2694274538491472 0.4010430275321693 0
0.3027517181337021 0.008797128955922551 0
0.2259675306074093 0.2449434676042338 0
1.597668483310919 0.01462409820680025 0
0.2728564382450634 0.2448582859207699 0
0.8715338828893563 0.2461208216320074 0
1.667115450798133 0.01474102909142767 0
1.80999997018419 0.3943189458151815 0
0.825707635963041 0.2432483717878583 0
0.2471490879339314 0.009579473702801714 0
0.9414225578518772 0.01192586466245991 0
0.2282942940842617 0.1553683316747833 0
0.7728895171557572 0.0112920213411539 0
0.07604145441699361 0.4010903334184496 0
0.2731622198321738 0.1554021547579946 0
1.212600171124264 0.1642261158990941 0
1.427143561534555 0.2448582857445017 0
0.9239437047411833 0.397426528750615 0
1.471331625398339 0.2460826703487903 0
0.4072587202274003 0.2925771888446171 0
0.0079191027285281 0.07491571399384467 0
0.5655112924307524 0.3992024344779466 0
0.8720269733913304 0.1534216045918325 0
0.6051444262799606 0.1533477044044375 0
1.299931562292337 0.1216947890476684 0
0.6991725597919358 0.1216264617242184 0
0.8268718391476731 0.1545982498983365 0
0.4961883778630996 0.2491828983891208 0
1.427778550405084 0.1551977442695151 0
1.362697662502793 0.3951374407686398 0
0.8140459042200832 0.3984148973331342 0
1.472692074026175 0.1546618913785819 0
1.094727563297271 0.2465718452773429 0
0.8685902924861193 0.3980141539423107 0
0.542115476673987 0.01104368600815826 0
1.000196747338204 0.2780265563045283 0
1.600171096999084 0.2780158784819685 0
0.4144002627962582 0.2344002626888236 0
0.6851882268047795 0.1660883020146854 0
1.01641845450252 0.2335328271543579 0
1.612863928085658 0.2340217640694895 0
2.184239197545909 0.2830239844467907 0
2.18238251278366 0.1255882916271987 0
1.694890352496924 0.2937849495818642 0
0.8417335390221587 0.01180389864567918 0
1.131092885913781 0.01211252835875045 0
1.529057144486198 0.01432605172055254 0
1.512546740103899 0.3954670693019067 0
0.3608501478122198 0.4010376269410716 0
1.38089421827493 0.01633904373965984 0
1.160389646894323 0.3966080875802308 0
1.040716255635316 0.01263791862974817 0
0.8832939870464789 0.01191435628673313 0
0.6546789821154555 0.3988360262418169 0
0.2358921348158194 0.4012738938800375 0
1.411925262568551 0.3977519750020943 0
0.008874339977714151 0.2050600386630048 0
1.400269111205363 0.1901402138487983 0
0.4007644935404091 0.261692435223922 0
0.5282302392611644 0.3996336575961488 0
1.460705492397438 0.3970161244142725 0
0.8042368313531465 0.1737139237060474 0
0.8950186143946225 0.2233085622692534 0
1.494322547896572 0.2225834876727142 0
1.445862450820399 0.01312800310624334 0
0.2997257930038073 0.2078757919302799 0
0.008164478789236734 0.354526587634776 0
0.7334311440855521 0.01158982424420812 0
0.9711464929982552 0.396064406989252 0
1.294263756949514 0.1531251703751187 0
0.3947404466388964 0.4006818993073388 0
1.085599737286717 0.3055997371585306 0
0.5790090729973586 0.01230641694187053 0
0.4851393117235241 0.3065645164101904 0
1.614784884149147 0.305976958689951 0
1.75534486780355 0.3953933525243118 0
1.014454869055531 0.3060876335996499 0
0.04506070844609761 0.008603355455485967 0
1.214400262760136 0.09440026289987327 0
1.284331893902225 0.09293680083212064 0
2.1113397862703 0.3928239691761559 0
2.111370493787168 0.01523549398112131 0
0.6855997372903724 0.09440026272340261 0
0.6144793090680378 0.09428425490926297 0
0.4801980949580114 0.4001998928968026 0
0.4307134316779101 0.4007941805629793 0
0.4277823810188602 0.3146911595448296 0
1.56334885883071 0.3952682006557428 0
1.115718707249559 0.3966788826511037 0
1.3317152993227 0.01387200445484939 0
0.04531676450938571 0.401210605911624 0
1.673773822791616 0.3146122145774882 0
1.042501131580605 0.3182903670402526 0
1.175099799079609 0.01294030640312827 0
0.4578757918641316 0.3197257929894801 0
0.6163522789688088 0.01099909106515441 0
0.009056691130105432 0.04552794322381189 0
0.6931748789571738 0.01309595158092273 0
0.6578757917986903 0.08027420709343598 0
1.011111813913599 0.3969266840615618 0
1.640989352839342 0.3201997151237663 0
1.070198355629553 0.3973002889644137 0
1.241927567937748 0.07903322605985878 0
1.702435906462197 0.3949007725776624 0
1.284224683256943 0.01354837650171182 0
0.6543868731495943 0.01100724519669157 0
1.613281730708859 0.3962054950175223 0
2.180286947877517 0.3411478100028656 0
2.184038738037453 0.06792303367065024 0
1.221868076981367 0.01230006463657052 0
1.649908801230579 0.3958101060995001 0
1.252960967972685 0.01351677144864632 0
1.84746488619211 0.3946977096293076 0
1.562020598348674 0.01414400681659742 0
1.413464075889797 0.01376426121433596 0
1.479937609428653 0.01428617581972955 0
1.040756796591592 0.3973139087753289 0
1.632139471310161 0.01489334260761462 0
1.703179830002495 0.0140524316546402 0
1.773673984502612 0.01483753126697898 0
1.845812104051761 0.01575068387572772 0
1.190723296270218 0.3957875810880608 0
1.919778899271045 0.01525549743778611 0
1.920487669107506 0.3943250465950389 0
1.331374439031482 0.3928541888365468 0
1.253056302694829 0.3961490691712427 0
0.9679335970735635 0.01280554572082991 0
0.9112624163495298 0.01177908555490996 0
0.8972144500894769 0.3978758158563265 0
0.8411826475014046 0.3981982041444885 0
0.7870798752585459 0.3986283102519017 0
0.8006869399310023 0.01167860098236958 0
0.7337766835579111 0.3989213952598107 0
0.680653458242833 0.3987235526919994 0
2.01466469101488 0.01636869732420516 0
2.015119488613557 0.3934997784890669 0
0.09696190986423833 0.009303926732647707 0
0.09675780248179744 0.4010092385798656 0
0.5159263105838037 0.01062290611131766 0
0.4674502262003979 0.0109039931408404 0
0.5907353733848136 0.3993506150934114 0
0.4196622037938221 0.01041969296573006 0
0.1387578899624869 0.4008448271580303 0
0.1399778515638916 0.008362599178936558 0
0.504637403152189 0.4000183600870393 0
0.4549028481681575 0.400027782946129 0
0.371674727927621 0.009311340223556943 0
0.3385138213417376 0.4007002733462156 0
0.1815265494973291 0.400808615215921 0
0.2918993325859093 0.4002453482986899 0
0.3247571123729818 0.009106693148589124 0
0.1814640714801079 0.009133459396260877 0
0.2699068542568112 0.009918092674010771 0
0.2256405392007324 0.01080456385347944 0
2.184648597937771 0.1659424839521866 0
2.183080102109973 0.243133327081004 0
0.0085616281529396 0.3758497299412539 0
0.008219614352469269 0.1348108837876365 0
0.007957273851721489 0.0950000000002585 0
0.009390027693793532 0.3042770175698967 0
0.009166527583699784 0.2662872069599709 0
0.009407754901451862 0.1845181628115773 0
0.006709827628890799 0.02541572139609856 0
2.150561970915037 0.3922603048765739 0
2.149724397496169 0.01524753429637389 0
0.02542746150395612 0.4011732433904628 0
0.02490645010787631 0.008482593559889168 0
0.2112629532570918 0.1666508997481923 0
0.1985398166761092 0.1668868337768453 0
0.192872934993079 0.1778894213122633 0
0.1862712466349074 0.1674430894343185 0
0.1806934907356402 0.1782148972831721 0
0.1741511122365819 0.1680506341736225 0
0.1686604860697252 0.1786677919440643 0
0.162188965779759 0.1686771300311824 0
0.1567614949660726 0.1791739902314288 0
0.1503854465760611 0.1692481004081843 0
0.1450328720190861 0.1796801350540339 0
0.1557370645788402 0.15880052095635 0
0.1440763101197235 0.1593996001000398 0
0.149117246848505 0.1491971248200423 0
0.1377694090301203 0.149614572198423 0
0.1427513538222226 0.139563472895608 0
0.1315519503388504 0.1399541396367921 0
0.1367402011827193 0.129852358902361 0
0.1254420772481812 0.1304305147949067 0
0.1202786853331675 0.140432549395166 0
0.1142303319536597 0.130984636643606 0
0.1193277034210557 0.121043412270044 0
0.1496059723921538 0.129485989167803 0
0.1091101307029726 0.1409372766436752 0
0.1081816586478289 0.121647476220312 0
0.1132251487574876 0.1117587370710946 0
0.1021978070060698 0.1123605869424951 0
0.1071986059878302 0.1025526874221218 0
0.09630818276712269 0.1031008105382684 0
0.0912964283706262 0.1128006672461191 0
0.1513245148342526 0.1895674990963333 0
0.1396690642880031 0.1900617295674158 0
0.1458884479023084 0.1998957082235828 0
0.1343067878954162 0.2003867138952097 0
0.1404928630964236 0.2101541471228211 0
0.128986559031415 0.2105756254752407 0
0.1351339809931228 0.2203239287211546 0
0.1237209168039878 0.220755237588441 0
0.1298181467118821 0.2304190089651322 0
0.118522591598816 0.230915899096352 0
0.1245517481892203 0.2404412629612331 0
0.1133490343922166 0.240936135106514 0
0.1193270885901367 0.2503824439229882 0
0.112790212106535 0.2213954732287069 0
0.1081733401565405 0.2508600234905093 0
0.1141554309892929 0.2602569866719059 0
0.1252645109693685 0.2598125275218187 0
0.1200978356472399 0.2696708458349711 0
0.1312314202892346 0.2692331307732751 0
0.1260463912031907 0.2791097934634941 0
0.1372232226777726 0.2787134537488919 0
0.1149492136722145 0.2795120647496968 0
0.1212517302108399 0.2891058690347488 0
0.1098942923074223 0.2893250912082469 0
0.1161468284836514 0.2988335567239259 0
0.1048300956342908 0.299041310132329 0
0.1106479689473287 0.3083609191436285 0
0.1225131961178464 0.3091066738774657 0
0.09971527453866016 0.3086241647932791 0
0.09392370223530906 0.2994811653929087 0
0.08888032553201301 0.3090425942565601 0
0.1054602434045429 0.317997045777711 0
0.101230261406671 0.09341871031777582 0
0.1115461399261515 0.09272722836727147 0
0.09039372664715169 0.0939580462457979 0
0.08315923415803124 0.299967160990931 0
0.07816455832488559 0.3093931155476173 0
0.09531013969512508 0.08435300787280632 0
0.08457840881834634 0.08487147810909428 0
0.1424480570589474 0.2687455747757377 0
0.1485021544787001 0.2783267753040369 0
0.07251666793451181 0.300420969507762 0
0.08946738320186869 0.07534343639717873 0
0.07881376956664111 0.07591724603336969 0
0.07394329086522569 0.08535694263549874 0
0.06835944603338848 0.07638876125856173 0
0.1922189981257866 0.1567360994293067 0
0.06758075458634104 0.309823200445577 0
0.07318153563414694 0.3187394636748344 0
0.1537806691513101 0.2682448246089961 0
0.1598953030353844 0.2779265371639001 0
0.06404679371215492 0.08601568133944132 0
0.12814159107577 0.1902885212394868 0
0.06269546728435928 0.3191840164357527 0
0.06826830517960616 0.3280413656712049 0
0.07744245061626678 0.2909952798550325 0
0.06681460713600326 0.2914487625222495 0
0.07172171240932219 0.282050284282941 0
0.07302467917258085 0.0670721299552286 0
0.06268464463905518 0.06753589174868962 0
0.05781220478277399 0.3284416729953776 0
0.06338005146760786 0.3372916368568091 0
0.06114460988507893 0.2824833166906374 0
0.06602931394750342 0.2731254848549034 0
0.1465305206754416 0.2198526515597612 0
0.1652275345114252 0.2677364717419576 0
0.1713641956828424 0.2774709864249413 0
0.1659973093830395 0.2876629735815567 0
0.1774869239165732 0.2872378815534959 0
0.1720875593352111 0.2973915645089798 0
0.1835586868970133 0.2970129995001228 0
0.1781848279287619 0.3071640106810516 0
0.1896353492643899 0.3067735889507134 0
0.1843183112454709 0.3168974925501655 0
0.1957016270549661 0.3165013002179373 0
0.1903476528524471 0.326561127758383 0
0.2017818890664829 0.3261806281025889 0
0.2071616206420311 0.3162561172722375 0
0.2132492278376033 0.3258521065801928 0
0.2187001206866893 0.3158456374810352 0
0.2248229754507868 0.3255071799585675 0
0.2302822984861757 0.3152740833551184 0
0.2364406561487918 0.3251210909126319 0
0.1789620388250731 0.326977472514906 0
0.2419263672619283 0.3148256968718464 0
0.2481121747492663 0.3247414737218577 0
0.2536418663586988 0.3147161501387344 0
0.2598548464285295 0.324425501456967 0
0.2653800444299039 0.3139856251149823 0
0.2716353918417503 0.3240027905699136 0
0.2772200654332257 0.3139036636108021 0
0.2834880391063719 0.3236775667134182 0
0.2890901570287877 0.3135968950704306 0
0.2953740213201251 0.3233230611230704 0
0.3009773588370517 0.3129639337452518 0
0.3073016499873076 0.3229204904272789 0
0.3129284556510393 0.3127629412278756 0
0.3192621122303698 0.3225701153318069 0
0.3249029980228395 0.3119813094199617 0
0.3312202236412552 0.3221180162251089 0
0.3168238246287265 0.3009750398046336 0
0.3303104232217409 0.3011526557966857 0
0.3241821761434808 0.290995777658858 0
0.2192392037090897 0.3355655768930255 0
0.2542888173053139 0.3344842917728025 0
0.3016683096829749 0.3330847731122745 0
0.1849785507809559 0.3365575089086617 0
0.1737341973379746 0.3370008239147084 0
0.3362916959434916 0.2905440841621969 0
0.3298771856422679 0.2802187088269982 0
0.2479607030075552 0.3054743482177206 0
0.07382542170654011 0.3369129859631235 0
0.06890415976450484 0.3461347180504787 0
0.07936384405374843 0.3457873455964919 0
0.05850925368399765 0.3465017546938003 0
0.3420498780388772 0.2798121949218357 0
0.3356067104197856 0.2693897488872375 0
0.3488557919265214 0.289808402133219 0
0.067281976717362 0.05829993767491579 0
0.05687156174015867 0.05883368520122726 0
0.2841300466218212 0.3044447693328543 0
0.179679407980016 0.3464935517388117 0
0.168493286075618 0.3468898152029828 0
0.1891663565615376 0.287038138043361 0
0.05550536514128539 0.2735621230430646 0
0.06035801030948236 0.2642300831362271 0
0.3187089836208215 0.2805333398707502 0
0.06399813982619931 0.3553100778568946 0
0.05364661277339285 0.3556654509086719 0
0.1625648072278676 0.3374588577514535 0
0.1573810198373362 0.3472689471292989 0
0.3475117794075214 0.2689066268066116 0
0.3413304100936719 0.2584929471357074 0
0.0522541678592076 0.3196255629315708 0
0.05061060491904283 0.2829183737664816 0
0.1022267257725223 0.2414831763710306 0
0.04813141477264783 0.3467762278160356 0
0.2778892470400984 0.3337856826089285 0
0.05202980682424951 0.06798697208297895 0
0.3255892568993153 0.3326720261382846 0
0.3375231511767185 0.3322740870676048 0
0.3311848107671737 0.3427714682521801 0
0.3438059663426144 0.3424179912597678 0
0.349469342335871 0.3318973913181915 0
0.3557907090636887 0.3420898055341876 0
0.3614635642920467 0.3315124078247176 0
0.3678026042742608 0.3417482719223755 0
0.1250709623959439 0.111657674902326 0
0.06167022495514893 0.04945685469148432 0
0.07221784064393241 0.04868346872071221 0
0.1575493990391619 0.1994496763794583 0
0.100156711506828 0.07478196524444518 0
0.1768085372740355 0.2672588383943207 0
0.0512546953841635 0.05008554358471219 0
0.3290504622147071 0.2589456768131685 0
0.3348250253255577 0.2480169508107401 0
0.3472077664801662 0.2475916636249949 0
0.3406421107726844 0.2370660645450762 0
0.3525491134223294 0.2363546440996361 0
0.3463938132516043 0.2260331484900428 0
0.3583024073914178 0.2253132840256861 0
0.3522053973764673 0.2150120490970741 0
0.3644969824866002 0.214500187320409 0
0.3581107464701463 0.2040475000655148 0
0.3704015938739114 0.2035453385812332 0
0.3639834668828646 0.1930826962153969 0
0.3763820643255534 0.1926555657880343 0
0.3698539767107597 0.1821497169818784 0
0.3822207476946361 0.1817271855559899 0
0.3756867940391527 0.1712469968788875 0
0.3879644085305505 0.1707919383030638 0
0.381492176132368 0.1603615608946535 0
0.3937318307171798 0.1599058950887462 0
0.3872848904478355 0.1494987070372485 0
0.3995582419340538 0.1490790580018323 0
0.3930920366162087 0.1386364542469788 0
0.4053356028423283 0.1382449831101467 0
0.3808177369052174 0.1390875539699218 0
0.386594332069913 0.1282410840480921 0
0.3743591789841411 0.1286986069858616 0
0.3800809098207334 0.1179222204553257 0
0.3679153340337397 0.1183406163088471 0
0.3736108439647982 0.1076244710089759 0
0.3615047076623287 0.1080260467325294 0
0.3859431677941977 0.1070727762325959 0
0.4118536792637658 0.1486625724112458 0
0.4176764038897885 0.1377464867328157 0
0.4241640284061584 0.1482315665162283 0
0.4299887168766279 0.1373022979835315 0
0.436481073339991 0.1477992862589092 0
0.4422832168054818 0.136894807721754 0
0.448784473271739 0.1473597711671819 0
0.4545880182238361 0.1364715750467565 0
0.4480630145945166 0.1260057828950304 0
0.4603672803880945 0.125571164380588 0
0.4669280022341429 0.1360318459288606 0
0.4727096068408181 0.1251147232216094 0
0.4792813407662561 0.1355848939577569 0
0.4850735572650059 0.124649720472302 0
0.4916478173435157 0.135135436830965 0
0.4974376874082248 0.1241963413613974 0
0.4538146632673991 0.1151323209365779 0
0.5040265201905809 0.1346855862909658 0
0.4908626055815848 0.1137137587190226 0
0.5032190219360355 0.113257844511262 0
0.4966472345766063 0.1027750532564612 0
0.5089960540453282 0.102326127882791 0
0.367174015480158 0.09736348920150696 0
0.3551091382081051 0.09776149951436082 0
0.3494258877582048 0.1084058237544269 0
0.3430454193456162 0.09817543010745393 0
0.4982200187974996 0.1456382147832126 0
0.5106209184548336 0.1451903014169713 0
0.5024217402135959 0.09185937333761249 0
0.5147768907567816 0.09139652787510437 0
0.5213563303744788 0.1018733563105596 0
0.5271353965048591 0.09092774199673827 0
0.5047998772510597 0.1561654645154999 0
0.5172273724938165 0.1557127674466176 0
0.3607734016231953 0.08714564587503605 0
0.3373719256784718 0.1088038266085668 0
0.3310031978321925 0.0985663633807598 0
0.5114071376822258 0.1667026796703068 0
0.5238452381812452 0.1662478373835158 0
0.5296665092093942 0.1552474873113648 0
0.5362935406312569 0.1657908919502292 0
0.5304660656951715 0.1768074095154486 0
0.5429277404296444 0.1763514718820301 0
0.5370920487342937 0.1873782266816405 0
0.5494151847781795 0.1870157261272259 0
0.5436233884341564 0.1980232475723533 0
0.5560167882067126 0.1976206489756903 0
0.5502380733926006 0.208626266752637 0
0.5624770704599886 0.2083266328484153 0
0.5569229229225474 0.2191970790976669 0
0.5691096240787911 0.2189571671290359 0
0.5635417539056111 0.2298291148643156 0
0.5760949125229156 0.2293657864713647 0
0.5702675426156995 0.2404034456739939 0
0.5828465929536759 0.2399048891969468 0
0.5769751746725864 0.251001624113012 0
0.5895316279925826 0.2505352679778325 0
0.5836432482519545 0.2616575235739273 0
0.596364415844708 0.2610989736606208 0
0.590359810331712 0.2723064360307058 0
0.6031061466661751 0.2717483165777625 0
0.5970745236053159 0.282982076208852 0
0.6097065947426399 0.2825188863877551 0
0.6155801470107617 0.2713466159512906 0
0.6223352079509414 0.2820722183339922 0
0.628265539445318 0.2711959557321086 0
0.6350067427198142 0.2816594311360697 0
0.6409459094058187 0.2704393484832264 0
0.6477005593610361 0.2811552646004461 0
0.6536391031606111 0.2698934467610868 0
0.6604002531259882 0.2806640975176297 0
0.6663620205314349 0.2694090371266292 0
0.6731276137537192 0.2801696758711349 0
0.6788266453804848 0.2684368378057966 0
0.6858841859121194 0.279722250757774 0
0.6910613629298943 0.2676365483417793 0
0.6984954536086413 0.2791153201726049 0
0.7039686620562262 0.2675792691553154 0
0.7112412587953496 0.2786871182472901 0
0.6290680413430018 0.2928330297165863 0
0.6925635240838435 0.2905487356864569 0
0.5844439223015966 0.2834558461552852 0
0.5911396329397947 0.2941456426838557 0
0.5785302372306018 0.2946024363940128 0
0.7172496667915708 0.2673955303544481 0
0.7241035048069503 0.2782972833404638 0
0.7099647741946687 0.2564054746775013 0
0.5852211065912973 0.3052904169359157 0
0.5726224927179945 0.305742281838847 0
0.7231927129208616 0.256125461635162 0
0.716382151442209 0.2454404609895825 0
0.634472868239027 0.2603278418423138 0
0.5793091727026507 0.3164259589336137 0
0.5667216564772245 0.3168780130407216 0
0.7291361315246718 0.2449912009966199 0
0.722394282573932 0.234303643872808 0
0.6723134799244026 0.2581516220849081 0
0.3635124753252848 0.1714893078821053 0
0.7350529119424508 0.2338381828258956 0
0.7417955565749984 0.2445383526740317 0
0.7283616854531597 0.2231331558582978 0
0.7156833641990942 0.2233588283884592 0
0.4989740093554045 0.1671468976352056 0
0.5081921656224169 0.08094119069672716 0
0.4958749489300938 0.08139223471484598 0
0.5734045771221988 0.3275496460063584 0
0.5860014970330318 0.3271054014814558 0
0.560818811598653 0.3280070040677333 0
0.325269575719129 0.1091909319690875 0
0.318928383458671 0.09893413343898282 0
0.3246220325880673 0.08838955427178286 0
0.3126738729289491 0.08875253792317911 0
0.3182910943506722 0.07825924968537208 0
0.3064187421648812 0.07864379771983533 0
0.3007857478292228 0.08909455895971054 0
0.2945538284162463 0.0790133523589563 0
0.2889219166279046 0.08944831005444988 0
0.2827006567406403 0.07937687023990753 0
0.277075858451875 0.08977901375907739 0
0.2708591371989432 0.07973877948632552 0
0.2652380684781304 0.09011537315093777 0
0.2590290621327235 0.08030889622800783 0
0.2534197468849778 0.09050449839318429 0
0.2472288350509272 0.08072079065748343 0
0.2416428146707701 0.09085561285599598 0
0.235473653256072 0.08089434509317379 0
0.2299024893336242 0.09114599227127367 0
0.2237290694360653 0.08122929071711919 0
0.2182112507517623 0.0914922110137228 0
0.2120582716670312 0.08163205637372609 0
0.2065889408613674 0.09183338542482335 0
0.200526791695113 0.08196928521542447 0
0.7409404801870991 0.2226759630546918 0
0.7342683623577215 0.2119923030505064 0
0.5337329958848711 0.1014190881785369 0
0.5395231664897975 0.09044287284586279 0
0.5643213586107436 0.2515936925848842 0
0.587710561264553 0.2282643478985263 0
0.20593753283073 0.07184993691971991 0
0.1944939132261772 0.07222472527487683 0
0.189084188490832 0.08227412782575207 0
0.1830934602741288 0.07257393434145658 0
0.3316922338107584 0.1194660219109648 0
0.5541518691858659 0.3173447706066859 0
0.5482570422983226 0.3284343878460768 0
0.7468106516843994 0.2115337416212801 0
0.7400836362844405 0.2008732324283363 0
0.2886641438594066 0.06900363441429139 0
0.2408795337311887 0.0707608865946103 0
0.5421186425041102 0.1547775869724483 0
0.1776821441636048 0.08257415979580504 0
0.1717969653051747 0.07289882417737804 0
0.5312148824762 0.1984549205960354 0
0.4306814493658113 0.1586991498253596 0
0.3943851707013954 0.1812486777452355 0
0.5016229085734667 0.07051154761442709 0
0.489344305569594 0.07096696415696237 0
0.5800904426561169 0.3382368257799373 0
0.5925912730960022 0.3378626901768795 0
0.2474083262766682 0.1007798260032811 0
0.1771304760996138 0.06299682454751615 0
0.1659044565748066 0.06334403783423824 0
0.3195125228291487 0.1198439961675481 0
0.3259927641066203 0.1301924615227324 0
0.1605938899869783 0.07317321795116422 0
0.1547550353332477 0.0636808333429971 0
0.5674343774612181 0.1965961099019841 0
0.2126869455367813 0.1017585922416728 0
0.2830336639054199 0.099940906410815 0
0.5461292028284932 0.1009516266741274 0
0.5519273749718935 0.08997430298799412 0
0.5453105019645786 0.07946486390665577 0
0.557725952174111 0.07899020657088841 0
0.5511082258986787 0.06847083095096432 0
0.5635329060539587 0.06799933831552475 0
0.5416072086093157 0.3178104566976306 0
0.535741847535039 0.3288849551164797 0
0.5423713848763182 0.3394884434983451 0
0.5298913901869649 0.3399376987686783 0
0.7526633401955668 0.2004140251815145 0
0.7459411789851875 0.1897664196214391 0
0.2643909652804701 0.07036060368458297 0
0.1999095923932137 0.06215248068096971 0
0.3518144537835334 0.1933276333640617 0
0.3120147914620524 0.06818034658423269 0
0.3238406886262862 0.06779788188415559 0
0.3728027530887049 0.08672125398474034 0
0.3664249442996484 0.07654543004608703 0
0.378407072984008 0.07610570402801491 0
0.3720503748591698 0.06596492214665717 0
0.3840026871157554 0.06552554055123197 0
0.4415173173404632 0.1155715618002363 0
0.4472729274048251 0.1047296728147112 0
0.435029276858747 0.105151960481446 0
0.4407585864291443 0.09435059448366676 0
0.4285515506848862 0.09479033346316708 0
0.434401579373569 0.08407822361284135 0
0.5659184382242902 0.2951034494601719 0
0.2010413990749595 0.1020769430061632 0
0.7277035680425312 0.2014263404191068 0
0.7536565283313259 0.2221011524151333 0
0.551002561562869 0.2303734758016807 0
0.5554021941834379 0.1758837010324832 0
0.6544600594826974 0.2919304905570679 0
0.7181246586829456 0.2895804758227078 0
0.7309505931773722 0.2891028827150298 0
0.7249312891602249 0.3004627450538448 0
0.7378101971289875 0.2999563973736893 0
0.7317632109180643 0.3113692136361428 0
0.7446657207761775 0.310864587867097 0
0.7506993992674775 0.2994447507460961 0
0.7575672462373443 0.3103557176409441 0
0.7635694239706895 0.2989267241156391 0
0.7704815648700649 0.3098517807843593 0
0.7644697649330774 0.32130357267893 0
0.7774343723217543 0.3207661012009906 0
0.7834671503995398 0.3093078947996863 0
0.7904268752121619 0.320241038500413 0
0.7964819284586968 0.3087678979158058 0
0.8034345190266362 0.3196828907329232 0
0.8095158819757536 0.3089209749751646 0
0.8164578312254083 0.3192692543575759 0
0.8225473397662076 0.3085172113478011 0
0.8294938197126593 0.3187545726999682 0
0.835568199339743 0.3073898057915107 0
0.8425459070697903 0.3181370808279219 0
0.8486302179618446 0.3067369173480475 0
0.855619931715569 0.3175333228789287 0
0.8617247080158075 0.3063687729032052 0
0.8687169570122074 0.3170254486480361 0
0.8748306701291115 0.3058642045197793 0
0.8818266809313393 0.3164706815249159 0
0.8879506158453317 0.3053836003311576 0
0.8949537255137386 0.3161044124617524 0
0.9010742575891895 0.3049014884456623 0
0.9080636473407999 0.315438921500534 0
0.914167175325329 0.304038908029601 0
0.9211482002102148 0.3148100024712195 0
0.927244306492312 0.3034510425674668 0
0.9343408482802233 0.314260022385501 0
0.9202654100833387 0.2924921048555046 0
0.9332150468461102 0.2919763505221931 0
0.9263160632241658 0.2810642400724535 0
0.9166110007660626 0.3260551891943582 0
0.9394767393138223 0.2807295749649569 0
0.9323622216393361 0.269774567359126 0
0.9454403049706832 0.2694420327369336 0
0.9383326619047372 0.2585367979618475 0
0.9509952938825103 0.2580154293726997 0
0.9441814590247124 0.2473068656606409 0
0.8767401562430944 0.3277233766457847 0
0.8237985790497925 0.3299755292843101 0
0.7715188467464796 0.3321720154258875 0
0.8040888705384762 0.2969929942394309 0
0.9567897429512131 0.2467869272205419 0
0.9497811364747958 0.2360004526988902 0
0.9625837260248098 0.2356101771930587 0
0.9555805884085826 0.22482922539069 0
0.9684173397147988 0.2244619773701716 0
0.9616890930545532 0.2138480854534265 0
0.9743199210237961 0.2133317234923161 0
0.9672423787822734 0.2026254293968006 0
0.9797377370185227 0.2019022277049602 0
0.9731057208198501 0.1913286053559675 0
0.9856165034848805 0.1906008877275846 0
0.9791312024393994 0.1799470905667205 0
0.9917698044838739 0.1793219669916895 0
0.9851374365537819 0.1685068028011853 0
0.9978813295596179 0.1679172737226039 0
0.9912114023628119 0.157034919203906 0
1.004317713361157 0.1565589589636279 0
0.9973389634935726 0.145498961676387 0
1.010503952248115 0.1449611254429337 0
0.9842174580072296 0.1460173582310862 0
0.9903152122060577 0.134348153027668 0
0.9770548982065068 0.1349055622540053 0
0.9832335926015655 0.1231499728279216 0
0.9698957576680951 0.123720339982973 0
0.9760724821044311 0.1118984635297512 0
0.9627492708935217 0.1125132489414843 0
0.9894691489853551 0.1113256235092765 0
0.9822478381504777 0.09997300800568833 0
0.9957177110718106 0.09942357417539462 0
1.01755196368246 0.156122252367849 0
1.023731280685406 0.1445704875313853 0
1.030792844288169 0.1556580923881939 0
1.036971858529006 0.1440957851411914 0
1.044034778531282 0.1551662535137946 0
1.050206535287577 0.1436226639745717 0
1.057209901574183 0.1546791644569271 0
1.063397695441593 0.1431597252104125 0
1.070357010590384 0.1541798473266145 0
1.076530256470717 0.142556507331534 0
1.083483114212051 0.1532555334889782 0
1.089620406843012 0.1420127909601357 0
1.096576729720399 0.1531341868467808 0
1.069779561081686 0.1317591065521745 0
1.102664278023255 0.141607095175744 0
1.109467900779122 0.1530100167284835 0
1.115643467704819 0.1412158351017209 0
1.108752601685384 0.1301099455135707 0
1.122499806891552 0.152224228174816 0
1.116492790724456 0.1635766132465604 0
1.129435250627103 0.1630327859499498 0
1.121806661225202 0.1296488280131843 0
1.114864375732566 0.1185172599326673 0
1.123733505523784 0.1741957791061609 0
1.136272733357627 0.1738715935414977 0
1.128027424818504 0.1180354869530928 0
1.121010758055243 0.1068159297532242 0
1.134269976890537 0.1063360250747055 0
1.130272643642681 0.1851781980167383 0
1.143579686443196 0.1847663795053279 0
1.137102758718245 0.1959909805218285 0
1.149688396091087 0.1955206248953671 0
1.143163360277379 0.2070231887682907 0
1.155786339794423 0.2066844600315839 0
1.14911310354211 0.2181738558761493 0
1.162494128544701 0.2175074783095954 0
1.157293455550003 0.2283588574275499 0
1.169584154857942 0.2283270256340436 0
1.163918450976344 0.2394579483878757 0
1.176966959061219 0.2389988511715498 0
1.17082889730727 0.2504920352692676 0
1.183526144993513 0.2502584630555416 0
1.177815837826374 0.2616306857143071 0
1.190583808388203 0.2615628760946319 0
1.184804479093552 0.2729864975784872 0
1.198356103433014 0.2724410382720734 0
1.191991592846537 0.284420631797218 0
1.205664663097161 0.2836806135884494 0
1.212022809749996 0.2717492090233385 0
1.219358945031551 0.2831916894486016 0
1.22573418356996 0.2712840587079686 0
1.233084921369787 0.2825751173577976 0
1.239531796913875 0.2705307291640892 0
1.246853163845525 0.2820113170775992 0
1.253270326162661 0.2699483419764317 0
1.260631580268776 0.2814456765736732 0
1.267091562667317 0.2693453397292699 0
1.274432876933015 0.2809334339420939 0
1.280833610397623 0.2688116465345228 0
1.288204238541788 0.2803035953745179 0
1.294588966369592 0.2682628090675281 0
1.301954227188498 0.2798167822362392 0
1.308300832513599 0.2677359377278362 0
1.315745973296584 0.2793249139702078 0
1.309184136377567 0.2914885593400711 0
1.323175812537837 0.2909614895936319 0
1.267091538947247 0.2930734538404575 0
1.198820355410292 0.2960548390435096 0
1.18544250282611 0.2965042995908088 0
1.321861257090245 0.2671049264883389 0
1.314649882081794 0.2557240578986945 0
1.316761285093981 0.3033559386564889 0
1.330909380760658 0.3027593955335866 0
1.327973301937529 0.2550759668310031 0
1.321009354160152 0.243857237207969 0
0.9565996680761644 0.124302997691162 0
0.9494559670051929 0.1131302315424526 0
1.190592027547849 0.2393109186026606 0
1.273567422459043 0.2572373696101679 0
1.192310020834328 0.3085077339902595 0
1.17889369129642 0.3087304494744899 0
0.9659168454747276 0.1804402006789164 0
1.127011232096865 0.095110812859985 0
1.113752735207244 0.09551841068749327 0
1.141272545049264 0.0954164068419918 0
1.333543296761389 0.2429382515816963 0
1.341956542208721 0.2528674396188058 0
1.327131106222534 0.2320981082282857 0
0.9433264754317272 0.12488022143048 0
0.9361276707954743 0.1137256893774895 0
0.9422794621106523 0.1019542510649602 0
0.9289738531551561 0.1025700996104821 0
0.9351128614698341 0.09073707829996804 0
0.9217994215614742 0.09139296458568785 0
1.150153675883218 0.173337023616614 0
0.9884580456342145 0.08795299111999225 0
1.002142787374018 0.08737944968777972 0
1.324318626251757 0.3153831728716565 0
1.338567195199473 0.3147437216938371 0
1.339962105750112 0.2314029764588381 0
1.333227997579569 0.2205532225939163 0
0.9156973636537753 0.1032060754342703 0
0.9085120637332088 0.09206452346834813 0
1.163886694774859 0.2624161065892922 0
1.185997783246784 0.3201592787051638 0
1.172361801735464 0.3208708736954831 0
1.198095606041405 0.3198629749559775 0
1.320294232810931 0.2210669211939024 0
1.326380411267916 0.2095894773178691 0
1.232657581371694 0.2588357815564564 0
1.165102266323945 0.3090979648050073 0
1.15856570072541 0.3212876496713883 0
1.345146488250813 0.3020753559217129 0
1.352836761259732 0.3140226887450732 0
1.35932481368917 0.3013855538279541 0
1.367063147225074 0.313286059369056 0
1.373533045454056 0.3007028134291378 0
1.381262697131488 0.3126274671252564 0
1.387763625959283 0.3000058691631031 0
1.395567307001434 0.3118967375131029 0
1.388985698677732 0.3247004638777714 0
1.403749833626994 0.3241573334218156 0
1.409974963613344 0.311139757018526 0
1.417916825909227 0.3230842361730292 0
1.424324229764659 0.3102922253019143 0
1.432156664566041 0.3219708125854534 0
1.438671572513391 0.3094207638097721 0
1.44650526535078 0.3211276822962033 0
1.452984488299577 0.3085978818499407 0
1.460866160186246 0.3204096017796045 0
1.467307143184929 0.307798072067075 0
1.475210330237417 0.3195329135086567 0
1.481700870513329 0.3069792370346789 0
1.489559435571722 0.3187960225382583 0
1.495963859112402 0.3062021306275407 0
1.503824547484613 0.3178729110347088 0
1.510196752627487 0.305431923549349 0
1.518012478131858 0.3171880043559258 0
1.524368942906844 0.3046961521466295 0
1.532256887113018 0.3164706816022911 0
1.516620352983324 0.2930561006379456 0
1.530450494584253 0.2923446294465308 0
1.522985415491655 0.2808929057041481 0
1.536750449361596 0.2803605574748907 0
1.119835786111012 0.08364546398292755 0
1.106369873947759 0.08404353039511364 0
1.339270510702098 0.2091030008595891 0
1.332445551375225 0.1982169996193599 0
0.9279059461055124 0.07948674426495496 0
1.529149722656608 0.2690622761005979 0
1.542672929075171 0.2685303395695193 0
1.535343241599643 0.2575128408582485 0
1.548159114292169 0.2567022921455715 0
1.541197981051166 0.2459842817202156 0
1.553853275994603 0.2451593221961849 0
1.546830950358388 0.2344790724652736 0
1.309867279320653 0.3159338962802035 0
0.94805481009493 0.2140761829834416 0
0.9024634757934539 0.1038750416497858 0
0.8953020052433827 0.09275583236537528 0
1.559045935731232 0.2340687944723308 0
1.552460254711657 0.2231499960240859 0
1.56542304169943 0.2225832604000015 0
1.558330302542514 0.2124861503685012 0
1.570618511913345 0.2107391047132622 0
1.562078129129283 0.20027531123335 0
1.576836057457299 0.199632969622843 0
1.569738948334127 0.1886966133456668 0
1.58317759676927 0.1880585449936494 0
1.575248845531855 0.1766553744689097 0
1.589156164466897 0.176179452453872 0
1.581052072068233 0.1645532090328111 0
1.595412274614982 0.1641792758548024 0
1.587562580554248 0.1524989857297206 0
1.601604970296397 0.1517656400477533 0
1.593684084933917 0.1399930838989249 0
1.607790669667539 0.1393719516613563 0
1.57966475598681 0.1408184274534032 0
1.585845163936759 0.1281388527458091 0
1.571595687239239 0.1289625979914594 0
1.578060899423784 0.1161253464943072 0
1.563534025872487 0.1169788743700918 0
1.615678667685101 0.1510960009417481 0
1.622087090886005 0.1385418770738074 0
1.629884157525772 0.1503459684691276 0
1.636402182546263 0.1380566505686447 0
1.644216037727004 0.1496882378702945 0
1.650778557845293 0.1373430299208722 0
1.658606735441959 0.1490010026423783 0
1.665229912019709 0.1365947266137377 0
1.672334320492474 0.1479129898851547 0
1.679637272842873 0.13575899092536 0
1.686566981727016 0.1495755278594571 0
1.694183586306174 0.1353705718268628 0
1.702325369547856 0.1470182558119869 0
1.709122278924473 0.1344676617933984 0
1.717140417085164 0.1462677813650675 0
1.724144225695742 0.1330309335756354 0
1.732347709924177 0.1455583456198807 0
1.739451862478688 0.1318744772343444 0
1.747961009724736 0.1449897408194549 0
1.755108105552558 0.1306641626788952 0
1.763908665910709 0.1442665480895294 0
1.755904128860708 0.1583503222731633 0
1.772476174070086 0.1578859488001143 0
1.780118216781768 0.1435229861520364 0
1.788860598869391 0.157398153668907 0
1.781186615510106 0.17186123356798 0
1.797609356395979 0.1713912275524986 0
1.789838459818927 0.1859786252126426 0
1.80643002823416 0.1854559127960801 0
1.798520318187682 0.2000670893106907 0
1.815298754671925 0.199637850597527 0
1.823270539471791 0.1847664036687486 0
1.832318876381084 0.1983647912313524 0
1.840403429743888 0.1838910238752776 0
1.849530628454779 0.1986242159370943 0
1.857732300432983 0.1832855919189672 0
1.86698541293894 0.1972158369074915 0
1.875268598225997 0.1824438077555788 0
1.884683652642763 0.1980875658885821 0
1.893005397347851 0.1819408354220024 0
1.902519639669462 0.1978024395661371 0
1.910915333895526 0.1812815133033068 0
1.920516962834593 0.1971344773772082 0
1.929015750792743 0.1812699169237399 0
1.938670470564899 0.1966421538804645 0
1.94780180351851 0.1810013486484679 0
1.957032414753564 0.1965094340945415 0
1.966202922081603 0.1797593252669818 0
1.975340996073284 0.1959550757392563 0
1.984048909774758 0.1786944258612759 0
1.993680346262702 0.1943838121815102 0
1.824640338235437 0.2145278827773699 0
2.002428262985218 0.1777206353310662 0
1.87228182621655 0.2111185955465036 0
1.947654063884309 0.2137497776541767 0
2.012282365788575 0.1934716567290977 0
2.003449085431129 0.2099624312605582 0
2.021016096923268 0.176962288073839 0
2.022067242851807 0.2092945757340382 0
2.013371155775058 0.2256922437795883 0
1.865855427588891 0.1679247687861355 0
2.031991439460148 0.2251291553436021 0
1.920009028555797 0.1675424289837708 0
2.023237024357126 0.2416410619764543 0
1.975449826471813 0.1642792285026825 0
2.042028773234541 0.2409849661303521 0
2.050586646635562 0.2246401849286322 0
2.033155222547859 0.2575633064991356 0
2.014383209942086 0.2582074773807158 0
2.051983085416946 0.2571790466302893 0
1.629596493689354 0.1253252773758363 0
1.684699433420224 0.1241557940183942 0
1.779186518515527 0.2006772604042328 0
1.730446989808208 0.120014972179594 0
2.024276463557916 0.2741412940949579 0
2.005530700418983 0.274760756476622 0
1.796645358322567 0.142780001269779 0
1.710320939285048 0.1593857960168795 0
1.57006248964804 0.1039049350356422 0
1.555495867453475 0.1048819891328099 0
1.549033197045272 0.1179085499470046 0
1.540962416626699 0.1058750325583628 0
1.562295962862326 0.1776767257645782 0
2.015405505865294 0.290708315974374 0
1.996677226982594 0.2913277697750085 0
1.547335452677081 0.09275649842424145 0
1.532663549907071 0.09375062963217512 0
1.53473446244838 0.1188968247232125 0
1.665199270846683 0.1603701212184599 0
1.584746771538988 0.1029944548070033 0
1.346305159017447 0.3266652078264965 0
0.8892470900521239 0.104465127708621 0
0.8821316049957137 0.09342761996157745 0
0.8761472609354433 0.1051194293703808 0
0.8690205308625215 0.09409090539454378 0
0.8749943214974533 0.0824005827693057 0
0.861856898360734 0.08307479468707986 0
0.8559043126475667 0.09478535509816703 0
0.848748784403676 0.08379534242435771 0
0.8428039255498745 0.09520387983973884 0
0.8356790486300638 0.08447137313857606 0
0.8297532248189484 0.09583673142961592 0
0.822109047092536 0.08496503496083045 0
0.8166664154961626 0.09673314331728895 0
0.8087778946581077 0.08583964117021715 0
0.803647612472343 0.09749422627885641 0
0.7966985264143283 0.08665904754702913 0
0.790847981474037 0.0982061319959993 0
0.7837724449674583 0.08734354690128165 0
0.7779799991420095 0.09889152173227894 0
0.7709551094745879 0.08821515993505082 0
0.7849756018537215 0.1096856149522027 0
0.7721478335341807 0.1103590220157935 0
0.7791235598743249 0.1210754848555525 0
0.7664074446664612 0.121764749148266 0
0.7885285998441574 0.075567835837183 0
0.8269413979366474 0.07293173541617415 0
0.7733288762993885 0.1324157713974795 0
0.7606595981400479 0.1330840658102733 0
1.14097490805149 0.1174688440717222 0
1.168849205145952 0.2064592520665224 0
1.115967031069748 0.1855111947897153 0
1.078914753440734 0.1664534330369924 0
0.8678387549723263 0.07131778705585104 0
1.345227544247148 0.1976997882979817 0
1.338536689179732 0.1870058103477926 0
1.380081718782411 0.2882563966570648 0
1.481769244613031 0.3313222374595763 0
0.7537266508823945 0.1224749095061094 0
0.7480108559688012 0.1337713116926241 0
1.545434622564409 0.2128898410529579 0
2.006488796327695 0.3072362157109114 0
1.987488820523322 0.3085967956394022 0
2.025254203400307 0.307024437989468 0
1.977916305852477 0.2920962724319014 0
1.968654224176256 0.3092436433350909 0
1.958969620994826 0.2929396548498992 0
1.950488896309997 0.3090471120128885 0
1.940254999715468 0.2936393754159557 0
1.932062845685059 0.3101855212599161 0
1.922215204130487 0.2941692581438782 0
1.913801422599597 0.3108021400964247 0
1.904176765298297 0.2947489293777104 0
1.895661846755328 0.3113944679489888 0
1.886107373834871 0.2954014469081007 0
1.877635716166165 0.3119251307480826 0
1.86814765274673 0.2961152780341894 0
1.859705466100061 0.3107788926251568 0
1.850300439177879 0.2965281657404837 0
1.84189590244387 0.3108791154350425 0
1.832762071724101 0.2970204814411273 0
1.824457749309367 0.3122580018474743 0
1.815475978423158 0.2979452784005225 0
1.807402562548765 0.3128854954905424 0
1.798519890637555 0.2987848520913582 0
1.790696171449421 0.3133287768095316 0
1.782122476531134 0.2994232887386868 0
1.7744471788768 0.3137691855812817 0
1.789695348858684 0.2851224986917342 0
1.773457491805792 0.2857523249006241 0
1.351105073970065 0.1864085683071713 0
1.34447695783055 0.1757863024132951 0
1.357166935757442 0.1750824546304508 0
1.350258981965687 0.1645009723302752 0
1.3631065047336 0.1637649022659694 0
1.356066083720663 0.1533187642661806 0
1.368871249522436 0.1526401989302698 0
1.361955496268162 0.142048297541904 0
1.374483680082115 0.1412133046696216 0
1.367449790654042 0.1306426552875253 0
1.380847469538687 0.1300125431009556 0
1.373385507269323 0.1188030659641873 0
1.387293988756013 0.118844377430799 0
1.379952777977296 0.1068036301990157 0
1.393650394054555 0.1062291237739874 0
1.365998492841063 0.1074221929051139 0
1.373283843134184 0.09495089948407377 0
1.35897668654498 0.09571379753978464 0
1.366085252855197 0.08312984770628222 0
1.351508256251757 0.08397970543977119 0
1.525615199381483 0.329097536361872 0
1.540233307274804 0.3283288675875467 0
0.9947657269422945 0.07580633535223462 0
1.008503006029179 0.07521655959274855 0
1.015895214427783 0.08684768556930107 0
1.022272439669269 0.07466390071835677 0
1.02963975445773 0.08631857410200761 0
1.036081776421225 0.07411159703312441 0
1.151401185247292 0.3095682944755678 0
1.144812565440462 0.3216826606321787 0
1.180969644577175 0.3336821595377095 0
1.112843796814658 0.07190005152436196 0
1.09903756131877 0.07237392949465403 0
1.91207734898548 0.2789219775372851 0
1.782858035558731 0.3277078374419988 0
1.766697990597903 0.327983442368548 0
1.758486287102075 0.3137682413889621 0
1.750809096206827 0.3281665304973033 0
1.54473836600058 0.2916939172498475 0
1.780927268621229 0.2717342028767588 0
1.76524299174877 0.2721517872133509 0
1.357906787508354 0.07138475342389999 0
1.343756653610187 0.07220819287546476 0
1.373468791196587 0.06973347180948899 0
1.623437318239326 0.1629449763583894 0
1.025088716489274 0.1670149522010607 0
0.9094974952243092 0.1149032615913201 0
0.9468914435664956 0.291704709592248 0
1.44012819855711 0.3346851582268352 0
1.787689920614191 0.1287020258839343 0
1.804421310396299 0.1279678386217608 0
1.795300448252004 0.1137168022960072 0
1.812261398805856 0.1129987316528518 0
1.803081046652546 0.09777777944996524 0
1.820158250671533 0.09680270702451832 0
1.352095530328482 0.2084986353035665 0
1.151994660368279 0.3334156986944004 0
1.138186556660219 0.3337961613625282 0
1.786110049442196 0.09928162846975751 0
1.129322547788792 0.2084176700831324 0
0.9137785497694623 0.2813365806548752 0
0.7675750811145 0.1436993484392745 0
2.011117113041172 0.1611844702379167 0
2.029775870662767 0.1604574451862339 0
2.019809747502173 0.1445732062780014 0
2.038579208843446 0.1438768556697575 0
2.028560744111738 0.127932409322299 0
2.047409478184341 0.1272380074154414 0
2.057428752266856 0.1432380840070591 0
2.066297636133959 0.1265316158713564 0
2.076377683044905 0.1426191147260394 0
2.085283217334991 0.125780617629526 0
2.037362216445127 0.1112714307406747 0
2.018508483394353 0.1119794067962365 0
2.095397850141545 0.1419352132836592 0
2.104354544991543 0.1250791320003569 0
2.094181052328176 0.1088763120798776 0
0.7386337770988383 0.3222969978448089 0
0.7257050566885159 0.3227869372269222 0
0.7325824982224576 0.3337409766581201 0
0.7196382074239831 0.3342119093305608 0
1.596775061198023 0.1875861767840066 0
0.9011893011681048 0.08094433540190707 0
0.8502777347578843 0.3288619203986317 0
0.7976231991359162 0.3310552994943948 0
1.126391844066342 0.07231572654486974 0
1.317692862576762 0.3281050605116679 0
1.303129888782552 0.3287126995659335 0
1.576589287549018 0.09057585671068756 0
1.591795461147604 0.08973105048271557 0
0.2241773336214553 0.3057915706913669 0
2.086452454770015 0.1587737653115246 0
0.8548964366312563 0.2964232409432807 0
1.238906697486875 0.2941208649339878 0
0.04986903600825988 0.2646663963119874 0
0.05469999543588673 0.2553679154378137 0
1.150515970078511 0.2400564185951944 0
1.539061804811805 0.08040814658956467 0
1.524227313068992 0.08152025344786104 0
1.517817460942995 0.09484078075200887 0
1.509399353033059 0.08270741840998173 0
1.502999883537656 0.09595599504905616 0
1.494741317363039 0.08397216155334813 0
1.488440485750048 0.09707062073364957 0
1.48021821196454 0.08520898380569018 0
1.474069432965147 0.09822622262167659 0
1.465807970477099 0.08631416714859123 0
1.459704576609136 0.09932033503766781 0
1.451430697876116 0.0874240319876079 0
0.9413298324358599 0.0788349568894228 0
1.051022756999992 0.1662994647969514 0
1.352145681729408 0.1079095295256662 0
1.313567894947565 0.2098944253739888 0
1.043464108147055 0.08580437208073262 0
1.657275918141718 0.1237653684169581 0
2.105525903388606 0.1581093372697054 0
2.096540717819326 0.1749998236446677 0
2.02730422011359 0.09529943626801 0
2.008463140480376 0.09605842086902729 0
0.3176140524367689 0.05776580126645203 0
0.329586478329081 0.0572980163926417 0
0.3734942513624949 0.331128578148055 0
0.3798189758446107 0.3413859225398664 0
0.3741264974089717 0.3519843965189697 0
0.3861263354952142 0.3516369098397821 0
0.1712021720847474 0.05350346615855438 0
1.796894055109975 0.2708411897231722 0
1.348809828631954 0.1424368445242324 0
0.8500663418454009 0.1055858834978945 0
1.793514283880616 0.0831295642726948 0
1.776897151445578 0.08496861381582053 0
0.1705651547194438 0.2574101134761098 0
2.113320220732524 0.1081642925470336 0
1.393986376731305 0.2874944336810445 0
1.386532372852472 0.2759556213492461 0
0.3501680724666966 0.3534004687861567 0
1.496556303027347 0.1086864535684817 0
0.2071229031874744 0.112026145684469 0
0.1954414927580067 0.1123317807107565 0
1.829394307988237 0.11219079479194 0
1.837439571469589 0.09624289930417769 0
1.583282446242748 0.07717692137118574 0
1.598797619256469 0.07615252692858297 0
0.9990963790197782 0.1904115420086993 0
0.7265225651090227 0.3451945867426796 0
0.7135675918917146 0.345654360232331 0
0.7067010010419034 0.3346826693444462 0
0.7006314337484225 0.3461038261027103 0
0.6937708958424492 0.3351463891372871 0
0.6877199985466687 0.3465472483528348 0
0.6808903090687407 0.3356145687366432 0
0.6748412114600806 0.3469889924446077 0
0.6680128851086435 0.3360844288272162 0
0.6619900734711923 0.3474259051114039 0
0.6551795267092375 0.3365594657210104 0
0.6491703319360373 0.3478669678645893 0
0.6423806045231548 0.3370139958517307 0
0.6363884047879658 0.3483003176899848 0
1.445472735508185 0.2969416311497555 0
0.5569085530139989 0.05747420075848941 0
0.5693520190438777 0.05698893171089591 0
0.5444915756107569 0.05796362953651839 0
0.1744142240694128 0.3563289720886533 0
0.1855535178530861 0.3559553105559159 0
1.397253283979693 0.3371962513568564 0
1.840985651598834 0.2817876387725742 0
0.4950838276091277 0.0601249532687382 0
0.4825847369736461 0.06071632426844101 0
0.9340190980320046 0.06744717951271693 0
0.9475190208047787 0.0668682883235526 0
1.846790047735006 0.1116295214019356 0
1.854908502963789 0.09548683181974499 0
1.864354546254196 0.1109971870118829 0
1.87258148093889 0.09531545591749599 0
1.457615558586566 0.07429555209755904 0
1.44305672298809 0.0754561230026702 0
1.533432953488862 0.3412978540999501 0
1.548251082376728 0.3404116612240486 0
1.554727167110512 0.3273982119006871 0
1.562757085204927 0.3393924472274718 0
1.940995315239371 0.3274933512999375 0
1.509208767425752 0.2818650930132827 0
0.5365110804177772 0.3505340899660989 0
0.5240522918847607 0.350969944762162 0
0.05912673030833823 0.3644539582663193 0
0.06946325641031602 0.3641129656841735 0
0.04880061335004673 0.3647958218431049 0
0.791909538607573 0.1204258707832015 0
1.501177445382346 0.07073252188528145 0
1.827990549600035 0.07982694488965071 0
1.337420109417939 0.08466663131109974 0
1.329756648227263 0.07299961012200834 0
0.8277116273170554 0.2956445117933618 0
0.04422903776650698 0.2558233973922303 0
0.04904917439777807 0.246517972153627 0
0.05952981082283716 0.2460547026477963 0
0.053873070612491 0.2371811624237583 0
0.06443021470783128 0.236694862570255 0
0.05871947194322591 0.2278027009196372 0
0.04819191203430901 0.2282961654625651 0
0.05300505644809934 0.2189265374995596 0
0.06357714340483835 0.2184054025325609 0
0.05784887703526815 0.2094995934269253 0
0.06904593017312885 0.2090082718895843 0
0.062771829632867 0.2000275139144876 0
0.07331571879262436 0.1994747812048608 0
0.06754957357403257 0.1904934210236879 0
0.07776886747080539 0.1896978685652485 0
0.0723077668654179 0.1809138048556138 0
0.06171856655858604 0.1814632161419299 0
0.06652425016749433 0.1719916014148194 0
0.055948915832573 0.1724844351180565 0
0.06075857274011962 0.1630760722065601 0
0.0821788835897108 0.1804067151782572 0
0.0520648958642843 0.2003939878248535 0
0.05021453870275275 0.163640017412917 0
0.05499902945701088 0.154228512217707 0
0.06556668892462236 0.153647583511805 0
0.05976470598546633 0.1448040591938168 0
0.04925468810492434 0.1453962492668758 0
0.05397981964589768 0.1360109772655857 0
0.5867647579657747 0.3489600668236207 0
0.564347116839774 0.08950996050362636 0
1.882110133150988 0.1104508840015623 0
1.890421006532955 0.09462897576209686 0
0.1514978201967957 0.3379061910650567 0
0.1463689304509597 0.3476774954792068 0
0.1522573524654698 0.3570327866879886 0
0.1412419712570459 0.3573753440559971 0
0.1354566476384237 0.3481310254622703 0
0.1303917439536699 0.3577515781292762 0
1.445387844643958 0.1003882222033993 0
0.7585249078944988 0.189424746220189 0
2.103103697790172 0.09191674047184607 0
0.9255824704165815 0.2589554576292123 0
0.5174413750068468 0.3404070832832768 0
0.511618985526169 0.3513886013984593 0
1.014821545736041 0.06307207803568483 0
1.093153957936257 0.08473392583505636 0
0.3137735544847792 0.1305693173035725 0
0.3202365858838696 0.1409570809235554 0
0.881415903462214 0.2927193674405226 0
1.817845718326889 0.3300931984615756 0
1.049910136227935 0.07355029566036779 0
0.377660859403155 0.05540947811171052 0
0.3895983637474664 0.0549561653030873 0
1.900016310369975 0.1098158633601748 0
1.908412833537796 0.09384485029719584 0
1.918116639234097 0.1091608812627311 0
1.926576124621279 0.09304041748623409 0
1.936348651321627 0.1084929762217455 0
1.944859863244773 0.0922378037350871 0
2.115053514903471 0.1739963822020287 0
2.106556395593998 0.1911928011082622 0
1.996580066864847 0.3260529864446255 0
1.86511228654502 0.3245092624543289 0
1.904651736858828 0.3284233293425483 0
0.1151085682607348 0.15035573291128 0
0.1494440450450474 0.07345168198695025 0
0.1436782130925227 0.06400365388765598 0
0.148923706124222 0.05430282562907196 0
0.1379485489279409 0.05462323021089392 0
0.1552510851898977 0.08296036768922248 0
0.04542181254176138 0.1729697736300452 0
1.307378849708112 0.2214967448174065 0
1.311056208303682 0.3410856081364503 0
1.296349324105256 0.3416445633205192 0
1.137552259493689 0.3101017998348657 0
1.326456890667666 0.1863014917212398 0
0.3224620356151311 0.2484711691596842 0
1.145429316301072 0.3456377763716088 0
1.131537263585905 0.3459571451706171 0
1.86310460093167 0.07879356639899622 0
1.542637588865706 0.130776351657026 0
1.528973464108696 0.1318682036500922 0
1.566554266977198 0.2443654482302225 0
0.5759873448445162 0.06753857736713492 0
0.5818202796458796 0.05649982457531517 0
1.105519074382373 0.06007522282587947 0
1.092760321430716 0.06030591181610529 0
1.771463333214593 0.2584097512750572 0
1.756624706404356 0.2594446766717622 0
1.749881648674481 0.2726707823940744 0
1.876322619547587 0.2803463619180967 0
1.968070470775425 0.2762369883491584 0
0.08876004435846745 0.1890597717542763 0
0.9505386724134772 0.1360371409892371 0
0.9373348698147597 0.1366206791307832 0
1.300489403725089 0.21053660759618 0
0.8247872458868331 0.1093216552663208 0
0.07032846256014569 0.1442180103997738 0
0.1607202160578283 0.2979632476014955 0
1.473322039880428 0.2955053514182229 0
0.7567090540926605 0.2880424435537612 0
1.523253211200309 0.2569991943478168 0
1.555647934395011 0.2675136412971323 0
0.3855540084004006 0.3307495665204889 0
0.3791919394181357 0.320436916390968 0
0.5983182386298751 0.3269018762470504 0
0.7652102975170025 0.1999543580539432 0
1.400915000539677 0.117660828191192 0
0.3324705977821221 0.1405544985142264 0
0.3267021541598932 0.151363707467305 0
0.5291062979487769 0.3182844362429033 0
0.5349512914376828 0.3071944778083594 0
1.911345418774563 0.2146928201125947 0
0.1251594249957882 0.3488692848687851 0
0.1196597397935634 0.3575942755787651 0
0.382735705572163 0.2027668860686623 0
1.569051819135469 0.3264200140851106 0
1.577237071479533 0.3383905456733227 0
1.740839685314193 0.3125657457397804 0
1.73470952226608 0.3282603714326669 0
0.371459121609672 0.2260841673302532 0
1.124349420988874 0.3341557182024515 0
1.117702767616711 0.3462399413590508 0
0.1823008328898595 0.2569223892677179 0
0.1759493851274607 0.2469611993764533 0
1.898851374803165 0.07850116643442 0
0.9374512106420175 0.236627812514555 0
1.453483184945761 0.1120642915273702 0
0.7802093551582869 0.1430497116281824 0
1.338209685888177 0.1645310730129852 0
0.5050241349841662 0.3408719485101992 0
0.4992112145656918 0.3518292363590658 0
0.04353055839783862 0.1365916968420562 0
0.04822732713816361 0.1272396200335951 0
0.04256070675708316 0.2192582397200298 0
0.07071790574252321 0.2633867246928312 0
0.969116054690931 0.2459017268767354 0
0.3959592171954743 0.06509141684384685 0
0.4015567945198036 0.0544988491582235 0
0.3804313857517346 0.3621945484587197 0
0.3924092535114219 0.3618600851792155 0
0.3981428050457556 0.3512994449083374 0
0.4044418510193243 0.3615526684974594 0
0.4102094863538991 0.350945300643252 0
0.4165603628506934 0.3612641902737533 0
0.4223302226197698 0.3505877812323628 0
0.4287077253738097 0.3609570783344552 0
0.9582613373222586 0.2688064907195451 0
0.4464787007397536 0.08357633602369108 0
0.4401322296002131 0.07332587735953543 0
1.775059988565296 0.3419996637702511 0
0.359888040665213 0.2463376805694514 0
0.7410880832762506 0.1231866674373659 0
0.735396733739309 0.1344717161646841 0
0.742622246738154 0.145093335232104 0
0.7300666273146812 0.1458889652240293 0
0.03881249566234934 0.1459202247339279 0
1.042335678125121 0.06176956894887556 0
1.536384705881164 0.1433105503769116 0
0.5403279347608884 0.1119290810793339 0
0.5527397149163008 0.1114659260204597 0
1.043942425864163 0.1325736004421354 0
1.349579322123447 0.05997600835172546 0
1.935014660053937 0.07676585653662515 0
1.953403917098909 0.07593183465360125 0
0.07539526552111003 0.2181489473436087 0
2.123325340523758 0.1569349389938226 0
0.1043940392437018 0.1507660400309669 0
1.383160739667555 0.1520630390418687 0
0.7204462885945354 0.3566667702642174 0
0.7334530764856743 0.3561998038958604 0
1.954694266273422 0.1077501374397999 0
1.53072139663466 0.06794052405704575 0
0.1142939834568842 0.3480979516835831 0
0.1088485208399625 0.3585364094433661 0
2.122314645485604 0.09119358842022751 0
1.144156201484516 0.2980846576086407 0
0.1100285618047802 0.1602176353367907 0
0.05868793349616254 0.1266413920046886 0
0.05613206300672442 0.04066807622862344 0
0.04577480802871581 0.04137247470611977 0
0.04098033314428325 0.05057967789797858 0
0.6946941952094927 0.3570064332771632 0
0.3401017645444971 0.2154670396576332 0
1.743104371115781 0.3419362516067275 0
1.727487528600919 0.3416078752251857 0
0.1431307422701272 0.04501694940953938 0
0.1322693777498985 0.04533492458722319 0
0.05273507895839523 0.1180247327058697 0
0.04247215447174855 0.1185357689145882 0
0.1461578117214598 0.3683108113722718 0
0.9444003625803427 0.1476550170848039 0
0.9314035841035621 0.1482162488461416 0
0.9383452495467304 0.159135874178013 0
0.3658175119372175 0.05569623187387641 0
2.017235113890059 0.07934597084859367 0
2.036134412226662 0.07858392641879136 0
0.6683982257963517 0.3576888126941232 0
1.52306658381575 0.1444057608914885 0
1.53023367804657 0.1555781875367087 0
1.294400416035212 0.2219966300421547 0
1.287529790896994 0.211777731980231 0
0.1240587986082335 0.3654813573913935 0
0.2112854361842605 0.06176292334765949 0
0.2052841649854201 0.0521055909756576 0
0.2165886003381682 0.0517126621615082 0
0.492630024869348 0.3413275581924816 0
0.4868409784026348 0.3522797378286924 0
1.138805712937986 0.3579304012320997 0
1.152898375666924 0.3575864995925918 0
0.563068428012796 0.04663627371540425 0
0.1609806764877112 0.1483592061754442 0
0.64315453736752 0.359151202195329 0
0.6303903452489502 0.3595851929346723 0
0.4228169251340382 0.1055666562561808 0
0.4834946052010878 0.08191386425515922 0
1.535109912133131 0.2353091550439909 0
0.0394747652947091 0.265335934956119 0
0.7695472493727968 0.2875180867289781 0
1.742696463646826 0.2595348729516813 0
1.748702039218951 0.246926084192152 0
1.734998793581343 0.246771333157754 0
1.740997323859661 0.2345199216204334 0
0.7025214776413043 0.245052459243314 0
0.7744856526991005 0.1546730172997048 0
0.7626963025110636 0.2766751285238614 0
0.7754799145489544 0.2761554912585483 0
0.768670562417599 0.2653603664043103 0
0.781394506477699 0.264839183430377 0
0.7746146795492883 0.2540915016901838 0
1.784517572085541 0.0699325643235414 0
1.767714686876922 0.07088110354355621 0
0.09431672948572908 0.06580678410835085 0
0.5489880986756244 0.3500882259444669 0
0.5431244867925358 0.361126106512445 0
0.5073583100723629 0.0596391375729055 0
0.5008136154049805 0.0492634963467476 0
0.74679610530708 0.1118802115863128 0
0.7341399116355716 0.1125923599991208 0
0.739850218179712 0.10127504378369 0
0.7271756890370555 0.1019912382645103 0
0.732900484097305 0.09063589001263017 0
1.135431864493851 0.1515833971091721 0
0.4344971138089759 0.3502377005390959 0
0.440295618785837 0.3603097495755733 0
0.3231721771652871 0.04739673749632208 0
0.3114455653048179 0.04778848624322513 0
0.3356543135331627 0.04664144176457299 0
0.555599148783773 0.3606821358114143 0
1.734204140407533 0.2716306994343206 0
0.603875168152801 0.2486721733474264 0
0.1039576342182899 0.2799863567757095 0
0.5055791666584823 0.1776979016099397 0
0.4931275232831888 0.1781468624046793 0
0.4997427707541038 0.1887068796696525 0
0.4872892718054722 0.1891523071464554 0
0.4806758634799987 0.1785928060092819 0
0.4748365458027156 0.1895358910818946 0
0.4682335160469121 0.1790288298000569 0
0.513079027729527 0.04876626731074873 0
1.994069020777036 0.22727902193978 0
0.8832118300059966 0.1160846097731027 0
0.4161597511991385 0.09523417210621289 0
0.133519976275159 0.0643129371076419 0
2.039725915637758 0.1763940383890744 0
1.719466398679723 0.3288998690580984 0
1.712175891577254 0.3416566840833546 0
0.6740469680404122 0.3247125404251024 0
1.281403375570071 0.2225379121974459 0
1.274522906332326 0.2123737048038281 0
1.268381952068531 0.2229476464901851 0
1.016975253115556 0.1335329678875505 0
0.3685888115705921 0.1394954056849855 0
1.541719821751414 0.3536889874645644 0
0.2188870998145062 0.11173112610589 0
0.1803078642602799 0.3657689325066478 0
0.1914204417708788 0.3654121928325377 0
0.5182081214098677 0.3619249397404837 0
0.1356630509201911 0.2399196010283084 0
1.101658214689529 0.1191018267311246 0
1.26147127624764 0.2122366025973964 0
1.255338601686934 0.223385161286251 0
1.248419227212487 0.2124716622019245 0
1.242288581777983 0.2237839946452773 0
1.235375969432911 0.2130646632710269 0
1.229244309054495 0.2242485543572617 0
1.222335268757116 0.2133360886368931 0
0.3833070628140597 0.04480319374976512 0
1.726641825075566 0.2348826164859558 0
1.733118647471976 0.2224560470544686 0
0.03858925501149232 0.2469080875855621 0
1.81331791273161 0.1422374328399289 0
0.4934026757146013 0.3627434275519688 0
0.4810668280831072 0.3631849311415532 0
0.4745200160069445 0.3527479280009836 0
1.44930960045993 0.06213209647364405 0
1.43455075261112 0.06336612911037445 0
1.428578484975808 0.07662356371867564 0
1.420320940680687 0.06428126374643232 0
1.526555464700991 0.3545538973612461 0
1.39907753494219 0.2745804967611977 0
1.392624530219744 0.2638063596381792 0
1.288547516722656 0.3292288517224136 0
1.28168611349339 0.3421620569989841 0
1.273976817062405 0.3297280819513114 0
1.267043697984021 0.3426489939090341 0
1.274812519137882 0.3551886044671364 0
1.260038639446948 0.3556526956962316 0
1.252301898622663 0.343107538997626 0
1.245275545889284 0.3560825076773701 0
0.9401159736279825 0.05543437666236939 0
0.9265808519053027 0.05601758438363976 0
0.9532261725691421 0.05460951780906709 0
2.124855699858103 0.1903280710957949 0
2.116629623033937 0.2074381165848282 0
1.382260083240018 0.3376975632456091 0
1.390191146101394 0.3501844435616555 0
1.375200932590059 0.3508127651213064 0
1.404983281946058 0.3493456232533541 0
1.790164750962224 0.2145233984611375 0
0.5884712283863389 0.06707887237598624 0
0.5943205392473196 0.05601587817055506 0
0.5224456669372013 0.3076690206870663 0
0.5282849949979077 0.2965736062061335 0
0.308006872164005 0.1413458501388978 0
0.3015542256773467 0.1309308244373945 0
0.1441133136619583 0.08321806348870268 0
0.1499095140665061 0.09271398378505676 0
1.582540930227497 0.2102913707989936 0
0.2132941111672743 0.1221067363645691 0
0.2249522768377145 0.1216948478360336 0
1.589999682093137 0.06317205908143692 0
1.605497366493216 0.06121559993089976 0
1.61416695709711 0.07531710534259432 0
1.62131593380292 0.06109221609199558 0
1.630054871116173 0.07477048393887997 0
1.637179832919951 0.06036944966419924 0
1.645840406921702 0.07370729867712031 0
1.653078190945172 0.05948850785256066 0
1.661923372273363 0.07307249249848674 0
1.669146327432553 0.05863698298305944 0
1.678030356790046 0.07216854722887638 0
1.464128376306939 0.06094851047858276 0
0.04701529565944655 0.1093053033028652 0
0.03671784393750097 0.1099250324868586 0
0.04122791046319096 0.1007317608963701 0
1.545665914264512 0.06675456742185915 0
0.4623951483507347 0.1899624220609046 0
1.237563915013243 0.3435612561380849 0
1.229995177570701 0.3567948029367368 0
0.4939040918191158 0.1997245773516212 0
0.2106072677958743 0.04212505347832646 0
0.2218779723608444 0.04171440069853045 0
0.1993168932921869 0.04250100918959918 0
1.685320289677858 0.05795463342923315 0
1.694258752421817 0.07138843730472656 0
1.701614412491521 0.05707036990259983 0
1.710494347896202 0.07045955283667349 0
1.363977741276606 0.1857369408132833 0
1.71926499417698 0.2228413326823831 0
1.725305439783077 0.2105331029875237 0
1.711633827145099 0.2124801797653957 0
0.06459058388871014 0.3732416263484594 0
0.07492530849496794 0.372903534148042 0
0.06919183511775158 0.09475913446389193 0
2.112069514712133 0.07490888377504397 0
2.092902422556744 0.07568735413667456 0
0.1298569716860683 0.3389967231147991 0
0.7873082080023128 0.2536882351370565 0
0.7940977424165224 0.2643257494234996 0
0.7802121299158826 0.242686564559542 0
1.439664852778066 0.1132128395204754 0
1.323579358364067 0.08538822675334458 0
1.315949662697122 0.07383116082183558 0
1.32209120243038 0.0613665855797547 0
1.308091543227381 0.06213579588697737 0
0.7202045926268295 0.09135248661381994 0
0.7259244730052338 0.07995603417469532 0
0.7386886659501039 0.07924506939958463 0
0.7316822095945799 0.06851646579215323 0
0.7188792256809402 0.06924488414353541 0
0.7445186366775297 0.06778989112529753 0
0.7246436154664722 0.05776381638501535 0
0.7117911712792699 0.05850530936412896 0
0.717578925753968 0.04699034987457044 0
0.7047113412417165 0.04775345538465245 0
0.7302197519442372 0.04621060024806429 0
0.6989458016176663 0.05924036795218415 0
0.6918784853446036 0.04852564291340738 0
1.110536235374487 0.3345083588429579 0
1.103848785038812 0.3465336533531147 0
1.379318285485795 0.2645393572296222 0
1.385236025930827 0.2528211274525199 0
1.739796160086801 0.2096994406220035 0
1.731968290546211 0.1974689577800865 0
1.57094187852587 0.3515006966494518 0
1.58556522248426 0.3504467287504782 0
0.7710698248574979 0.1889761626402912 0
0.5876468388924153 0.04541555909634668 0
0.6001785243089763 0.04492066494400634 0
0.6068685447759694 0.05554585173759038 0
0.6127438191655541 0.04449942349534788 0
0.61945269861458 0.05509232386701726 0
0.6253346317400065 0.0440113544546347 0
0.6324268965392406 0.05483211838492699 0
0.6380197349111167 0.04364566431659024 0
1.891577038076669 0.1256302279187883 0
1.314443245683782 0.04986599319086066 0
1.30025491227701 0.05063216784067803 0
0.03543274110619159 0.04198455520134156 0
1.717976969916865 0.0557967279194501 0
1.592175264688011 0.3370392338689417 0
1.600495996220665 0.3491825474484456 0
0.4107564017872772 0.3718650508789358 0
1.130316621170041 0.2987510074788994 0
1.136770074767641 0.2869284926355179 0
1.94348077616857 0.06033539226694532 0
2.131338479952182 0.07416254672740813 0
2.141601351257558 0.09051232963389666 0
0.7517228702427859 0.1785391233985969 0
0.7388639375779072 0.178945975019063 0
1.946123824965545 0.1240316692417722 0
1.292849993987798 0.1987841769479664 0
1.304195895952071 0.3541239854996345 0
1.319076083995022 0.3535389855324175 0
1.736109942458453 0.3542045187569629 0
0.9808084600533755 0.2236985748144969 0
0.6367263268629355 0.3701984185713707 0
0.07620032702777597 0.1531201155957771 0
0.1049921545603387 0.06522111562540205 0
0.099126609606374 0.05629826093123202 0
0.9255022273140671 0.1597167458292181 0
0.932370164498493 0.1705384488463182 0
0.9184704790664135 0.1487747214557492 0
0.09895899143680965 0.1417478597385205 0
0.1566371814619974 0.3280863784654257 0
0.6861235077917957 0.05981599374987645 0
0.6793188948150245 0.04910020196257928 0
1.110296109965427 0.3585640367072949 0
1.097182219923163 0.3585998321559833 0
1.090058372791776 0.3467865628962801 0
1.083400645949904 0.3587762193975731 0
1.076411931607918 0.347003225395692 0
1.069723019044631 0.3589087079501098 0
0.4521698877955661 0.07280148984671728 0
0.4456870697500701 0.06251174666584002 0
0.4334515514212758 0.06346502205910032 0
0.4389354097518479 0.05247299554660204 0
0.4512542353481671 0.05180726754162671 0
1.961251382692966 0.0591444693033227 0
1.057266015406343 0.08527355714778492 0
1.75893870878903 0.08754579026549669 0
1.703139344728679 0.08497987378993704 0
0.6483755755191887 0.325715753550704 0
0.635613274143062 0.326171704457834 0
0.1871752731351093 0.1884310645940575 0
0.7776617804147306 0.1997164441165055 0
0.3361175465902311 0.06727557901378228 0
1.062846317790377 0.3471912218184788 0
1.05613119867069 0.3590576152412274 0
2.000684669595294 0.112128332645485 0
0.4595567361794362 0.1042650668384347 0
0.1967511987067568 0.3556242431647603 0
0.2025551585198196 0.3650900677130182 0
1.447253587217502 0.1245055992449572 0
1.460922087116518 0.1235569810132864 0
1.056429658622529 0.06121584181672094 0
0.5497179837174401 0.3711625561808404 0
0.5622160831382884 0.3710064383660797 0
1.351649184211747 0.2897734099862316 0
1.0988897628253 0.04828907157983493 0
1.112343128129793 0.04767518485938115 0
1.293930617851237 0.06224414788455244 0
1.286120904618646 0.05148443844627851 0
0.09713913601839805 0.251304123375467 0
0.08430833732635909 0.3365175120632284 0
0.4734428799462085 0.1465349149124826 0
0.03207000769169903 0.1192982065468938 0
0.03075329919125303 0.05109756064980465 0
0.3913387135800503 0.3200507840484165 0
0.6998449352165677 0.3237331108705062 0
1.050830842288638 0.09742572427184343 0
1.064098646219391 0.09665564658886237 0
1.383300902590122 0.3635247737258436 0
0.5164117784965984 0.1342268398329766 0
0.4557954820220504 0.1794775512065561 0
0.4499502604381028 0.1900054637151872 0
1.048755161735789 0.04929856819025292 0
1.063020810252254 0.04875306016206185 0
0.5469290534594849 0.1224481256079813 0
0.5593560477075964 0.1219649765450806 0
0.3550937081540571 0.3212968391182168 0
2.097595843444942 0.2081573399762681 0
2.107743724139481 0.2244003855541553 0
2.126909410025004 0.2237600907317988 0
2.117894335303695 0.2406919202371662 0
1.023313332650171 0.09852777250833135 0
0.3389592156842927 0.1509525339176734 0
0.333189349629664 0.1618034389879248 0
1.719257244135599 0.08410070996520216 0
2.098720021740511 0.2412927561744868 0
2.108811695863309 0.2576099361582428 0
2.128009557506963 0.2570011027853485 0
2.118913819311107 0.2739304960068958 0
2.099716651775783 0.2745203744876989 0
2.109807592923218 0.2908462797605586 0
2.09062008867105 0.2913866205074791 0
2.100688413181662 0.3077389439084678 0
2.119924519838877 0.3071992609811995 0
2.110784471849986 0.3241429566514064 0
2.091427347494394 0.3247957609977046 0
2.130061549255265 0.3235956169421733 0
2.120880035461198 0.3406228375957894 0
1.593971356034675 0.3627897638869216 0
1.608956308476701 0.361391240426616 0
1.61530719953435 0.3478690966342433 0
1.623837838063589 0.3599552824080663 0
0.5990606091889585 0.3489085615460311 0
0.5934321559437605 0.3597032604099236 0
1.089860633137136 0.3708331126388945 0
1.639073724127506 0.08843618429168502 0
1.40715307932049 0.1055533273693565 0
1.400438733657756 0.09326358431670095 0
1.535060768981384 0.367217408729047 0
0.6243842184962657 0.3707263323627124 0
1.434261158873155 0.1261652784523593 0
0.4448093516986762 0.04157810936956274 0
0.4321925892867047 0.04238128056733032 0
0.4569170738673024 0.04107541063286264 0
0.9545844450551586 0.07825104515447616 0
1.754552712005993 0.2330881189928069 0
1.426119954498764 0.05150756133274925 0
1.411257407682063 0.052848560994443 0
1.671069374228251 0.08675834554309737 0
0.3169328035795146 0.03749879522520914 0
0.3059010197168576 0.03822074065209592 0
0.3849220212988387 0.3096772627190957 0
1.746655802545966 0.1966170947041312 0
1.279831922961795 0.06252763014009358 0
1.272157437225104 0.05217522244844092 0
2.138353738616651 0.306149560336564 0
0.09098351023682097 0.2427913215969375 0
0.1642439589208281 0.2475219898414569 0
0.16959693967969 0.2370514228474426 0
1.244551340150619 0.3306852378593601 0
1.537338357970842 0.05408248383175549 0
1.552705654462371 0.05284559501184418 0
0.6446898585800106 0.05413123993160314 0
0.6497626627387915 0.04229941467580023 0
0.4687817471159796 0.3636253246689085 0
2.02599860057774 0.06256752389965334 0
2.044910672140625 0.06175933775030874 0
0.4466934470577498 0.3498904934841824 0
1.049259961586444 0.3474085687977752 0
1.042593665265704 0.3592292678649595 0
1.035663004741539 0.3476108981492577 0
1.029075586761056 0.3594041390550372 0
1.022143877600811 0.3478198943714991 0
1.015570594366173 0.3595885849353253 0
1.008693344758109 0.3480021876118697 0
1.002076102289677 0.3597676923920778 0
0.9952002023247264 0.3481720665727677 0
0.9885667783694784 0.3599226662324691 0
0.9816967227085495 0.3483043432536124 0
0.9883004311544958 0.3366440100334698 0
0.974937141641121 0.336776171086782 0
0.9685803098756665 0.3482204559764905 0
0.9814364015868291 0.3252147434558536 0
0.9682330176874104 0.3253560330927296 0
0.9746739373607822 0.313920707074048 0
1.600224960359004 0.1030375014628674 0
2.007076910208009 0.06341368579001697 0
0.1877498947127363 0.2464241860459462 0
0.1941592814354858 0.2565000850048462 0
0.06321673240372042 0.1179243208410815 0
0.1374793693680522 0.03571774024834618 0
0.1266087044747977 0.03609675305812963 0
0.1485185889928423 0.03519760171134419 0
0.3866928481824352 0.3723823556263289 0
0.3753207268326522 0.3725788327409651 0
0.7100093896566833 0.0357150269985418 0
0.7870819179923243 0.1536522173224384 0
1.37157677917989 0.2536950918570453 0
1.377824054729273 0.2419015627689909 0
1.368524209355937 0.3640048192872056 0
0.04017892872061101 0.03282203350878429 0
1.704418142794052 0.32921738858949 0
1.696920315751195 0.3422319563323224 0
1.706174223877824 0.356101413675784 0
1.689637516073369 0.3552143376768142 0
0.5065570800952056 0.03889154616073737 0
0.4941387344815529 0.03910468029499479 0
0.518815427136508 0.03820129244943374 0
1.304521847224928 0.03849945792439025 0
1.2482395923423 0.2349815211711856 0
0.3214105146975149 0.1618847017780965 0
0.3278227586488091 0.1724207394481452 0
0.1972395356626065 0.3748607411605208 0
0.208375461234211 0.3745752037523165 0
0.2137088639817805 0.3647674624108009 0
0.2195770468564693 0.3742915498540352 0
0.2249168359952092 0.3645031128601885 0
0.2308142588227881 0.3740163890674904 0
0.2361780429348482 0.3641789699091176 0
0.2420997175888166 0.373726760539115 0
0.2474957167852189 0.36390860235822 0
0.2534487510581689 0.3734501591987768 0
0.2588673558493966 0.363583385145878 0
0.2648476824376218 0.3731605722918041 0
0.2702921275932237 0.3633017087142875 0
0.2762930713028993 0.372870285948262 0
0.2817651082738878 0.3629719414631511 0
0.2877957289567 0.3725790070599537 0
0.2932896628549013 0.3626756718086257 0
0.2993448689818072 0.3722878590621095 0
0.3048615175583762 0.3623424795023091 0
0.3109413706930318 0.3719894688462032 0
1.856086085945196 0.1266294130747027 0
0.727355688950751 0.3677207522946909 0
0.7404183238931826 0.3672565036791246 0
0.746525889237891 0.3556825121070191 0
0.7535199285495334 0.3667767871834849 0
0.4349766803863451 0.3712760218086565 0
0.5934788013217449 0.03430087957915758 0
0.4409733747062079 0.3394286950076522 0
0.9327072283938899 0.04392274915204203 0
0.9191434898177631 0.04454606340039675 0
0.4154561069407532 0.3406340486719643 0
1.015277271916319 0.3368888576233299 0
0.6261610098083875 0.0657551514182725 0
0.09978381587611597 0.1604742899006329 0
0.1049953081477942 0.170063053454101 0
1.222784092069127 0.3440657511660178 0
1.215879886410274 0.3568918542404333 0
0.4984234616992662 0.330358474036023 0
0.4864398442493612 0.331042527519635 0
0.9954858398869761 0.3716521794691728 0
1.775542098864556 0.05642436058826738 0
1.79179464331058 0.0548130741792875 0
1.760315354015415 0.05488991333065174 0
0.1214796411217831 0.04556682608573306 0
0.1167708471449098 0.03657767363106938 0
1.516825309519282 0.1564283020412801 0
1.524085733142579 0.1680536033035631 0
1.510082119779188 0.1442706551332326 0
0.03111117669492561 0.1012224502958136 0
0.03571171166061941 0.09239201613224252 0
2.140239460093559 0.3400541221426833 0
1.455662839390842 0.04848022625581542 0
1.47089275853785 0.04812747916667837 0
0.1159350292033863 0.1696169519701123 0
1.398799187089681 0.2520192216297313 0
1.613509734753044 0.04535011333849256 0
0.800108133301181 0.2526862638880957 0
0.807107976537554 0.2631282355916321 0
1.104111784877004 0.03556645018491444 0
0.4876114413451456 0.3736215045847051 0
1.543750515105123 0.1547737121565964 0
0.2158883285369655 0.0321947651591758 0
0.2271290740801775 0.03177699846669503 0
0.2331331189093655 0.04125508930679996 0
0.4082171104411607 0.06479742708324499 0
0.2384184977815852 0.03132680440388519 0
0.2444296339218322 0.04084602805151541 0
0.249736119357635 0.03088350562109574 0
0.2561741609532694 0.04083754007642122 0
1.287837312107174 0.2335026903403513 0
0.02989746637139134 0.03342049314321766 0
1.084061182140894 0.333429446929113 0
1.972069296543353 0.07389496424555823 0
1.216215831419488 0.2247961532627611 0
1.209356062560144 0.2137519445607198 0
1.215426217512594 0.2023536722774231 0
1.202236118427032 0.2027475317920984 0
2.101817574789036 0.05862580969125728 0
1.681891116135425 0.3423336369308526 0
1.674447488686846 0.3552137942014323 0
1.668021232691805 0.3423954780211429 0
1.660229023960858 0.3554137794375111 0
1.682673739089939 0.3677028679991674 0
0.6848531788551561 0.03778847757944667 0
0.9813222066501748 0.3732744114435954 0
1.15023675430704 0.2862834498732291 0
1.143102100070929 0.2751237269377897 0
1.129876340683271 0.2756436982746598 0
1.136462741605589 0.2638064388104072 0
1.123514703762315 0.2642617221089257 0
1.129669094024924 0.2527693941086726 0
1.9639002602515 0.1229805991595611 0
1.711081450117623 0.3164028678653677 0
1.267846762239771 0.3683288853863042 0
1.561060119016487 0.3145608844646153 0
1.575039981309132 0.3136971063283123 0
1.567257133234664 0.3022533404336106 0
1.579946898482189 0.3013119211135444 0
1.57230329437884 0.2907106357642487 0
1.951885268600622 0.04377925545925151 0
1.331037817794588 0.09684794455018174 0
1.317546925877023 0.09667630742664007 0
1.322765460968804 0.1085851926164158 0
0.6306098259412946 0.03301179066917855 0
1.738549819139339 0.1843347037878698 0
1.588703748158617 0.3118081981097064 0
0.9615545314938604 0.3140375474940292 0
0.9680118883550791 0.3026984798077458 0
0.980447872416503 0.3022546647956605 0
0.973532999593971 0.2918188953749886 0
1.630067411156053 0.3462987490602326 0
2.131060830276986 0.3573668229882947 0
2.111665532062064 0.3577111564811034 0
1.365888928759772 0.2653364522457241 0
0.1988684029893394 0.2451287351150548 0
0.2067995009214707 0.2546187019630762 0
0.08946876831377588 0.3455089933583256 0
1.621438678516822 0.3345389092792618 0
0.9554444389537522 0.3249616018044704 0
0.9516293398348764 0.1586478682550117 0
0.2419397866232848 0.354575576640128 0
0.9949187661168397 0.3264139075074297 0
0.1107104092735013 0.1799477548985962 0
2.150114091584484 0.3566579132401741 0
1.146086496579622 0.3700709376660243 0
1.160191722849227 0.3698764650588773 0
1.117158096240226 0.3225503714912746 0
0.781881527408924 0.1660443929361971 0
1.312303646419499 0.367196240937358 0
1.326471941327483 0.3658697445813446 0
1.405166666837382 0.06775669461973201 0
1.396272378646767 0.05427223793353288 0
0.2948095071346399 0.1433807438654547 0
0.2893130407128653 0.1312881617116649 0
0.4023446044406167 0.07519412494290563 0
0.410596370361736 0.1059899861498091 0
1.415645714686864 0.2987730958404373 0
1.237464372173099 0.3696317458004647 0
0.03973897600356642 0.1641263067359731 0
0.03499174009104934 0.173465893611439 0
0.04062306732778725 0.1822319231999591 0
0.03024691308694117 0.1827188698147271 0
0.03583210630365748 0.1914439692700218 0
0.0377150348447578 0.2287398536784682 0
0.0321177450215885 0.2198580117541519 0
0.2999019129345407 0.04820022639473126 0
0.2935319642041344 0.03723675891812355 0
0.03315149444178517 0.137193264937129 0
0.02847640427731089 0.1464055355718193 0
1.71380454604316 0.2350926728576324 0
1.196466275438717 0.2139534544376839 0
0.1692318528985574 0.3661177423150445 0
0.1750828695442992 0.375470823104306 0
0.1641605867380778 0.3757987646849383 0
0.09678230675999309 0.2316824779961869 0
0.04743198617853753 0.3288149055347198 0
0.04188509290977066 0.3200475983613596 0
0.03710694686539807 0.3291683836713075 0
0.04669637071578209 0.3108903319296621 0
0.03637638988488259 0.3113068473823808 0
0.04115726764842743 0.3021711903808589 0
0.03084933888008902 0.302654547227257 0
0.0260925441091332 0.311817292632415 0
0.1387826708322253 0.09295764639092335 0
0.1434656077896077 0.1023957400432591 0
0.1549289976746678 0.1021823141725589 0
0.1434672103095846 0.2887747561031669 0
0.1329981748997766 0.08346493441157485 0
0.8702379959896898 0.1167158575080812 0
0.8772631725374875 0.12761587722277 0
0.8651454702362648 0.1287478396777913 0
0.8901845045417619 0.1270112645816261 0
0.2611343428374148 0.03052638472184894 0
0.2671390168676489 0.04009603796287423 0
0.2722964742181327 0.0301292347981092 0
1.265280510929085 0.06515880259003183 0
1.257913680526499 0.05370691294298473 0
0.0356236662885081 0.2935071201167841 0
0.7498637735895834 0.2772018975509247 0
0.5196682400253374 0.05911517256561413 0
1.995754457867637 0.258885812739218 0
0.2878888596726765 0.04889233986054104 0
0.03628323987300409 0.05970242057555444 0
0.02608316622228266 0.06018018778376031 0
0.03127328796674308 0.06859462597446762 0
0.3164820623432705 0.3620417383682178 0
0.3225857294368524 0.3716944998338675 0
0.7678164498972418 0.2433322683925936 0
0.7729657235976327 0.2317932009879003 0
0.1455704657093303 0.3285351724244081 0
0.150684701397507 0.3187276761193134 0
1.207896828801903 0.1902097716486194 0
1.19480501707691 0.191665026426149 0
0.4843021316526886 0.1032384658577033 0
0.4478978621563395 0.3705922410308439 0
0.499948898722866 0.3731929030200968 0
0.5372691849297124 0.3720542830516265 0
0.7618588802819384 0.1549730941894066 0
0.7219844132790786 0.1338192382897448 0
0.7172184654204137 0.1464416179347514 0
0.7243946568954546 0.1571356403363446 0
0.7122771094856997 0.1575689069111151 0
0.7187002912221339 0.1682607025638628 0
0.1894521638887531 0.1023486914973464 0
0.1837821224639995 0.1126242439792649 0
0.1898551250613022 0.1225891604520199 0
0.1781572793700609 0.1228681149580067 0
0.1842232272277383 0.1322498109840221 0
0.02937497208524613 0.1645730664424425 0
0.4433738369414758 0.179859331359729 0
0.4375184471587766 0.1900582340216681 0
0.4309558913795928 0.1802323623126453 0
0.4251230625775837 0.1908680728359788 0
0.7928239565016799 0.142416057297876 0
0.7997942928883488 0.1527296503635248 0
0.8084132560190718 0.1409716333537665 0
1.022480924855967 0.3712469865639479 0
0.5408097485312811 0.2961078309441059 0
0.5341507827145032 0.2854842835357015 0
0.08232895970546292 0.2813452850158275 0
0.5810725622787429 0.03488641222013434 0
0.3170771567598276 0.2591956324455297 0
0.3101508314554309 0.2488932564317789 0
0.3043045096545881 0.2598813834325223 0
0.3158850722416929 0.2379585314992667 0
0.4551688277975968 0.1996838889312776 0
2.077472749786858 0.1756043734207243 0
0.4586543032205757 0.08311274755744823 0
1.925185353606466 0.06168362190115393 0
2.001740809706893 0.1457065657186543 0
0.7144966221021587 0.3680552554222529 0
0.5649395773420901 0.11113391608248 0
0.5713040118374596 0.1213097487451884 0
0.5659066539596833 0.1324454331884572 0
0.5780018077501059 0.1101727367537286 0
0.5792609363906281 0.1314735638935901 0
0.5726382986184674 0.142995771181066 0
0.9129375869548013 0.05666461409438354 0
0.9055061530575439 0.04524923806350088 0
0.8994551740827378 0.05745685671199659 0
0.8919176834001459 0.04596583459856785 0
0.5826084384489036 0.07783251253688864 0
0.6490363321022677 0.369084725965234 0
0.5063620262405206 0.1992786824630611 0
0.500489998725384 0.2102871730909933 0
0.5978280211732739 0.3048441889548144 0
0.5466795635254322 0.2850217080440582 0
0.5400152689891361 0.2744009139787993 0
0.5274874165301879 0.2748620631550876 0
0.5333483920738666 0.2637834428022418 0
0.5212011113102849 0.2644446856457356 0
0.5271982294140525 0.2534412101440516 0
0.5525379730207534 0.2738890673824759 0
0.5392918913811868 0.2527513055677859 0
0.5326437204671519 0.2421499003560444 0
0.5186473267486295 0.2437080169225992 0
0.5256687262826598 0.231694724483114 0
0.5133727246687547 0.2319581462988312 0
0.5128416843401425 0.2100262798349371 0
0.4616658028626048 0.168466728889532 0
0.08491485749842473 0.3547299910382027 0
2.138067869455841 0.2733086162296692 0
1.724979093424944 0.1858146052614082 0
2.054973467581513 0.07770014366711618 0
0.02599544010925669 0.1916118045930649 0
0.7120295328824819 0.3009815145307749 0
0.3031729635179551 0.1532565556964885 0
0.1108517316181569 0.07418435082460186 0
2.123390296786648 0.1243553781233893 0
0.3849135684558694 0.08615309780611988 0
0.3727211135073671 0.3100767429579445 0
0.3784942967341441 0.3000696914897128 0
0.7455457348280027 0.3332299258556569 0
0.3037527023645051 0.2385812297390838 0
0.641590557341605 0.3149086163392095 0
0.628849857331975 0.3153813588325284 0
0.6543494125804254 0.3144156194899692 0
2.082713303584621 0.05952267789115837 0
0.5354338869534249 0.1442682546431155 0
0.06917575080412153 0.1261367523868427 0
1.364651023790252 0.2425170650556047 0
1.370935595422274 0.2307906407818756 0
0.09590558407612693 0.3367724794654204 0
1.131531672540235 0.3706811327318202 0
1.265089379227145 0.04050376329552779 0
1.250501824039225 0.04154755424400184 0
1.244312204947337 0.05441021597889079 0
1.23636825815779 0.04279577738608471 0
1.230227630323764 0.0573293295926553 0
1.222418463001198 0.04500080544276364 0
1.216378408057673 0.05664228511704513 0
1.208484511684717 0.04600047166332587 0
1.202481656283146 0.05787431244261731 0
1.194520838394626 0.04681878277940506 0
1.188536484974688 0.05899238598943794 0
1.18055137362617 0.04789913784604891 0
1.174512958359703 0.06008645229222313 0
1.166617298181172 0.04860810798619587 0
1.18252883563556 0.0714445383038456 0
1.168696710802148 0.07258916452393972 0
1.1766217610569 0.08381837113143693 0
1.200255604209278 0.03397754628472062 0
1.268742287658596 0.2010045262891512 0
1.055489031587807 0.03678664921651586 0
1.040926164378785 0.03727099077721245 0
0.1963751367413007 0.133333444851422 0
0.7596038294855103 0.3552156220945342 0
0.7666525802506857 0.3662869948637118 0
0.7727545778222025 0.3547028512579564 0
0.7798319900658103 0.3658052160981167 0
0.2005965639719042 0.2664490061387214 0
0.2125233800760787 0.2662784844026711 0
0.2068960338419657 0.2767316158840394 0
0.2188542177517444 0.2764542502861969 0
0.5945326408205751 0.07660512238618893 0
0.5899254825656914 0.08833501512303508 0
0.07011852823524883 0.2456336075997309 0
1.522092514194088 0.05545898752651978 0
0.3810401057910068 0.3827726210757394 0
0.3446189174655455 0.1401295895022364 0
0.5426357982181955 0.3815668886512164 0
1.002944483240878 0.1108604397607467 0
0.5157667169044684 0.2970385241690983 0
0.5099963787818028 0.3081386762770958 0
0.2951771617628981 0.120572112536861 0
0.2829940337262736 0.1209286749662126 0
0.2771309772166039 0.1313540238274778 0
0.2707481165972522 0.1212258659676857 0
0.2649472912634073 0.1319069907466006 0
0.2585703812190749 0.1216581902097403 0
0.2531283651393487 0.1320732256877397 0
0.9206689366971946 0.1714102000122696 0
0.927193730144823 0.182181350581002 0
0.939312472613489 0.1813748562153371 0
0.9334469280876051 0.1926341814447008 0
0.921657524972091 0.1936314033548177 0
0.9276338289148363 0.203877055420308 0
0.9156556010583845 0.2036555297852949 0
0.9223824473277422 0.2141626573162033 0
1.282718327278528 0.3678279110958264 0
1.644836101202008 0.04582419786215432 0
1.191371190065727 0.08389030237644357 0
1.183888596575017 0.09546512427070497 0
1.17093650283147 0.09607869887909656 0
1.178542834271679 0.1069582931972386 0
0.785923193858286 0.3542052575262147 0
0.7930489610744309 0.3653224856008356 0
0.7991528523270751 0.3536796097028572 0
0.8063028817549042 0.3648391014747068 0
1.333511725107716 0.3526730993941432 0
0.4185543758021319 0.1808150803009778 0
0.4128701512134365 0.1915462582613428 0
0.4191630779350138 0.2021327316258735 0
0.1476036318893857 0.2586659640379056 0
0.3511663987719077 0.1505121122817704 0
0.4069000061497018 0.2027410025207775 0
1.049465046620268 0.3709320056712824 0
1.791432014505176 0.341787230384182 0
1.783184412103363 0.356096395217487 0
1.800914197609826 0.3566228029088613 0
0.9811714727839436 0.07646642980628073 0
0.9873664519242537 0.06421822969329279 0
1.767058768513359 0.3562210596636986 0
0.8123935894040539 0.3531811790630819 0
0.8195803726233671 0.3643770286988604 0
0.8256959410108472 0.3526347054867115 0
0.8329439445708148 0.3638596302361858 0
0.6229717095847314 0.3266969400505166 0
1.549838894932025 0.3667194816273736 0
0.8266813453215457 0.3755998197356412 0
0.8400959530953879 0.3750453311238004 0
0.8463961253577029 0.3632777112073283 0
0.8535647029965714 0.3746210631287907 0
0.8598663355006475 0.3627517819275566 0
0.8670676163048952 0.3741675501409842 0
0.8733884066197005 0.3622213603356406 0
0.8806076557895337 0.373668204989726 0
0.8869463481722915 0.3616840256498619 0
0.8941831221418021 0.3731794399854993 0
0.9005448299498042 0.361148933247222 0
0.9077938698526997 0.3726713154141153 0
0.9141715219657602 0.3606147372422168 0
0.8932781640633938 0.3497044141513758 0
0.9214314235621744 0.3721581788987717 0
0.9277973805909163 0.3600706524648196 0
0.9350774201516885 0.3716356486884687 0
0.9414061345315831 0.3595496983152357 0
0.948726802572757 0.3710973525690434 0
0.9341649258949728 0.3480808826472572 0
0.8000915662121768 0.3764694213712632 0
0.6928320310160865 0.07035923893565083 0
0.2194792183064061 0.1323182251257609 0
0.6741410355402551 0.06072907182991526 0
1.162703301051534 0.1086208264079389 0
1.172550785756288 0.1188368651771512 0
0.3397366533301634 0.1722593769953255 0
1.327985842898049 0.04944301370982734 0
1.167013358121312 0.3571639364389292 0
1.174663292894036 0.3695620366514413 0
1.180737381389739 0.3569930073515355 0
1.189541809259449 0.3688865976843431 0
1.831184140937784 0.1698838326437208 0
0.1779648163725605 0.1025104975170585 0
0.250945607407229 0.05093276463648244 0
1.069260769249911 0.03679093075008634 0
1.742780455524576 0.2854031535417239 0
1.728902369848993 0.2859015878763527 0
0.2478529541854807 0.3832038614886967 0
0.2245550091147543 0.2663127038709798 0
0.2309227123123518 0.276170244079987 0
0.2366255813972113 0.2656322213519115 0
0.2430348168719864 0.2757704598039461 0
0.248239352258612 0.2653703233442038 0
0.2551110615557244 0.2754149968048046 0
0.6237373496209916 0.3487959648910905 0
1.774561589854874 0.3698398635647651 0
0.6307634531348176 0.3807257137396531 0
0.7149395752518266 0.1026130643509948 0
2.147275989227865 0.2563704347667176 0
1.207778308875939 0.3438326745921292 0
0.07003668831532173 0.3820149146324499 0
0.08038642432785041 0.3817012160246633 0
0.05973374181314811 0.3823491153316463 0
0.08529630634884855 0.37258527330494 0
0.09079614416244131 0.3814039770630944 0
0.8980778677838981 0.03394357466338158 0
0.8843988264957061 0.03478333820317694 0
0.878295053123562 0.04673065264484186 0
0.8707913148791967 0.03542760204486935 0
0.8647157393200496 0.04742138197462373 0
0.8570788311943072 0.03595124697764785 0
0.8511835744357272 0.04812720606667447 0
0.8437452189590177 0.03674281146127414 0
0.8377767410985071 0.04884078276735147 0
0.830285005365482 0.03724514183701317 0
0.8243724280934404 0.0495151824266678 0
0.8166526752946012 0.03772319840176677 0
0.810992731683899 0.05020271103383153 0
0.8037883475184014 0.03922087493688101 0
0.7977785080465505 0.0510416509265162 0
0.790583496122254 0.0407084198275711 0
0.784569170349095 0.0519025492037873 0
0.7773837541744437 0.04143331092704592 0
0.7724036312487444 0.0538025466494979 0
0.7654998609900441 0.04403108569318 0
0.8219761864401557 0.02424367890886582 0
1.754220191064163 0.2089770354759141 0
1.519689104880615 0.3678716111332799 0
1.511254482543414 0.3552081614424652 0
1.504276877510837 0.368741993754121 0
0.1396141659018636 0.3191601576211457 0
0.3338581157722069 0.183108959365926 0
0.3216637326682875 0.1847649967949566 0
0.3288656715115868 0.1949736199773683 0
0.7736538250102971 0.3772880718098655 0
0.2601228011042432 0.2629275514657893 0
0.2672467778213355 0.2746970812102755 0
0.2616464495839997 0.2856385713061944 0
1.443025229907932 0.1382404351451304 0
0.786158745182023 0.188391706668799 0
0.02736644487806573 0.2291280548884947 0
0.02181277808478501 0.2204296162562967 0
1.280825927310788 0.3171013667133745 0
1.266163070336799 0.3176399820445373 0
1.10419336152373 0.3232886655900234 0
1.110556155304396 0.3114080699816414 0
1.21112295344445 0.06987502820824582 0
1.058185179789991 0.1090228794159447 0
1.070033551124101 0.1087267760937451 0
1.044488830061616 0.109373676834278 0
0.2141699894710451 0.3838543798153851 0
2.034631846625879 0.04633081412690225 0
1.222704250167292 0.2355564347916375 0
0.9464208715289063 0.1921778936458603 0
1.495923337267573 0.3562183910181984 0
1.488791850151149 0.3694506886615648 0
1.480455814225583 0.3569729510608529 0
0.1447045151414165 0.3092457994060069 0
0.02649982693986433 0.2105620180059901 0
1.711846196841485 0.09789239283641621 0
0.4138584577933027 0.05421080545691603 0
0.4072077908615949 0.04393214999522065 0
1.402238081537261 0.04083928920209335 0
1.387595011200702 0.04189738838363921 0
0.8661834594663524 0.351049553013072 0
0.2650830271670612 0.3539186984598869 0
0.2130425315565388 0.2868578307271049 0
0.03448480465833782 0.02436189398508643 0
1.544147464457473 0.04014765337849927 0
0.1579415182016445 0.2380137381809202 0
1.275739889929212 0.3814976465169631 0
1.520472081813219 0.1198191605702259 0
0.7473730050141673 0.3782420075106177 0
0.9894140696775169 0.3843251055133847 0
0.02535381621443291 0.2939904724831173 0
0.03010705642621941 0.2848820585526812 0
0.9254301099383719 0.03245911566382928 0
0.1632886992195404 0.2277106028511792 0
0.1750365096741628 0.226671494125278 0
1.221944235389655 0.1919926453063216 0
1.139148886003819 0.3827192423985759 0
0.4177103479437341 0.3100084176470829 0
0.7448229899836277 0.167619836656873 0
0.1995910443624929 0.2064553688749138 0
1.432312738129933 0.1018050629990451 0
0.4504972437105207 0.03100589056304747 0
0.4625920724126605 0.03065063007974623 0
0.4690371818899249 0.04060631495015733 0
0.4748207999895631 0.02996389798113397 0
0.3989633281544793 0.2742345112849442 0
0.3887891717737915 0.2664890588754977 0
0.3909876048985789 0.2538951749047077 0
0.379216378448736 0.2587067138825762 0
0.3770417015480233 0.2710251350191005 0
0.381170528889118 0.2463901968888612 0
0.3929900886230491 0.2412159670215123 0
1.698278211395306 0.3169050556084533 0
1.473295640837249 0.3700908547433197 0
1.464949578838766 0.3573504090914914 0
1.457799148563416 0.370706609964661 0
0.2739011185546491 0.2636949985150907 0
0.2797247796142193 0.2744518703554137 0
0.7082694158902683 0.0925082067447527 0
0.4306375434399177 0.2228708601125402 0
0.599183690704113 0.1339073825596254 0
0.603328256556392 0.1105577386609051 0
0.3008790774809136 0.1958394698521626 0
0.4828215682337688 0.2313426989715927 0
0.6099630212357241 0.1646267224989706 0
0.5982085508615389 0.1635530004292566 0
0.6039243282149596 0.174557063481469 0
0.5914805849749107 0.1738881424094364 0
0.5971742275963319 0.1850106762374214 0
0.6092526196523523 0.1855792949672672 0
0.6027961004435585 0.1961421406269937 0
0.6152856317251169 0.1968107747583032 0
0.6085263300792154 0.2073223558228987 0
0.621055585537839 0.2081730046335932 0
0.6142358649862115 0.2185442873573659 0
0.6267887663878997 0.2192044650791378 0
0.6336218493809627 0.2088561232295238 0
0.6393848694052656 0.2192798821490722 0
0.6461835824534728 0.2097144027536594 0
0.6519640225755294 0.2198773459440247 0
0.6588768271757013 0.2104589748726385 0
0.6645162242307235 0.2211302704747869 0
0.6715039052921778 0.2107214087589628 0
0.6771276621952518 0.2218129842053506 0
0.6839668825954911 0.2112060952056885 0
0.6777342042276225 0.1998971641189403 0
0.6907189056330811 0.2006244011506441 0
0.6567426965852795 0.232393393595616 0
0.6199463853394298 0.2297117565692476 0
0.6397539019809753 0.1993157652183108 0
0.6896969933101126 0.2224359173982987 0
0.6828381781871624 0.2330341666208404 0
0.5964610237570881 0.2064343049265565 0
0.5858222441462104 0.162976157987499 0
0.5792631964369753 0.1734046120486727 0
0.6847509776049614 0.1894872358318224 0
0.6972032861102493 0.1902800005251457 0
0.7032868816360819 0.2013108251434333 0
0.708760668888437 0.1907428638120764 0
1.061647672266254 0.2201342103386712 0
1.072164153452871 0.2126520339219198 0
1.083097424613202 0.2178509235240816 0
1.082706053933746 0.2056760807818388 0
1.061573003017568 0.207353318807889 0
1.093934060516772 0.2113904535210825 0
1.093347701138182 0.1988267719687417 0
1.082061548980727 0.1930912773626714 0
1.0927352203231 0.1861582551338105 0
1.104286949141418 0.2046145611451893 0
1.104195375434724 0.2167188377767452 0
1.403964829836832 0.1784156721991781 0
1.392375489179607 0.181276661459486 0
1.388193565368991 0.1925538593877007 0
1.299243351019705 0.1417559643848374 0
1.306779822000103 0.1524415066760202 0
1.312911868817789 0.1402821220067141 0
1.300877200320333 0.1637375556498884 0
1.313582448670931 0.1631063253669012 0
1.30849978257711 0.1739439859295259 0
1.295285308853132 0.1751536909422436 0
1.205450691388618 0.1545175006067993 0
1.200877123528354 0.1658319988565388 0
1.192724440606526 0.1563568429864713 0
1.188413028302961 0.1683898102224079 0
1.180253499173369 0.1582949988911439 0
1.184123788550751 0.1473180597400285 0
1.171601731983037 0.1497316559754044 0
1.176054159924086 0.1702974012098314 0
1.500540532139211 0.2117052759021529 0
1.503334583322129 0.1985907676721044 0
1.512231516040178 0.2079120617228154 0
1.51547816025265 0.1951085605542702 0
1.006260461716459 0.2423462522790615 0
0.9990454859390665 0.2528933478767069 0
0.9932536306169146 0.2433238590756605 0
1.026853001774113 0.224430758016395 0
1.031263414453852 0.2123347199126392 0
1.01428306336182 0.2208750241022261 0
1.60573570244824 0.2437526507248127 0
1.598427578868749 0.2548704442064159 0
1.592777333909921 0.2436142981406727 0
1.585418360378915 0.2533100996078156 0
1.629020280907385 0.2236826513654822 0
1.631538692466501 0.2121432446082467 0
1.643261199355706 0.2073324281662638 0
1.631798419815227 0.1990085127373526 0
1.645070586432402 0.1943939346621438 0
1.655342824531854 0.2018180958415939 0
1.619760426660652 0.2157628683820546 0
1.657422207692123 0.188755402295493 0
1.668001543408533 0.1972707580899538 0
1.645806130329907 0.1813784887274798 0
1.669881315162147 0.1840210757073487 0
1.680640664952525 0.1924574245542379 0
1.682658127793409 0.1790155613691827 0
1.678545290962109 0.2046553099808585 0
1.693581189113829 0.1874048130994317 0
1.003183388005014 0.2895353892433328 0
0.7993257485495054 0.207829788440633 0
0.7919843612181978 0.2191013188159434 0
1.603071861876233 0.2895818319312992 0
0.2372250012937363 0.149010689195303 0
1.25788909613639 0.180566114331584 0
0.8891636666244268 0.1664932331995699 0
0.8373444573272375 0.2501651311015047 0
0.851331718744171 0.253718857880035 0
0.8424581194883616 0.2626937665392658 0
0.8549664589151784 0.2656533108085998 0
0.6733775247972167 0.08411801431494023 0
0.6454944132753443 0.07894897513442131 0
0.2882834798947599 0.3533064014077553 0
0.8401004444921748 0.1501594715213473 0
0.8312636612548507 0.1423354778076813 0
0.8424070145210767 0.1373443282709306 0
0.8335422549448316 0.1297608759656602 0
0.6720037728630146 0.03860165015328627 0
0.677788398660126 0.02782235028113496 0
1.676395295815863 0.04352297556167886 0
0.8844086294664784 0.2402662677073787 0
0.8834648673630947 0.2519034308225264 0
0.8946954863240119 0.2461739853954519 0
0.8937002707373187 0.2581303471204938 0
0.8810039854846003 0.2657855517416931 0
0.8945102579067823 0.2712187300482136 0
0.2472216839898627 0.1213575862115756 0
1.564817291814455 0.1416586065204562 0
0.2816610133186532 0.3824362727489247 0
1.021298969569759 0.3137774491170215 0
2.183091884973765 0.0292857142856586 0
2.183177866381847 0.3808537311243536 0
1.099730738287482 0.2662105789452165 0
1.092966975990221 0.2969852586599224 0
1.054403773333671 0.3214124683898309 0
1.438332768716573 0.2500719152711088 0
1.427281101662087 0.2571235124960618 0
1.438873393516175 0.2633761188136625 0
1.428106730781596 0.2705509742593772 0
0.3045901807317758 0.3820115379369547 0
1.416620304045441 0.1612428959557543 0
1.416783099814725 0.1481540187774741 0
1.405985748166001 0.1537037051169336 0
1.405962931448895 0.1410638511368783 0
0.09563925691207531 0.3722891909180511 0
0.1012350925117016 0.3810806518480343 0
0.415250908487882 0.07475793398684433 0
0.942694241528937 0.3838198122815357 0
1.459869304327249 0.2499278020841824 0
1.469006580028421 0.2582511457022318 0
1.481154703281265 0.2551770275561168 0
1.477671468413275 0.2667210868057848 0
1.46467387644004 0.2706937789743191 0
1.490467085657477 0.2640798827349741 0
1.494003717830661 0.2523130404914977 0
1.48670188850741 0.2769494707850124 0
0.1318076983074673 0.02677136973504893 0
1.464490128177017 0.1498690361717195 0
1.472747441890312 0.1432586895158199 0
1.483116595545683 0.1480291769362304 0
1.48304831890134 0.1342199286823678 0
0.8460048747232563 0.2746568111459859 0
0.8343732847025792 0.2723858561108166 0
1.227143561530635 0.08514171424322714 0
1.205424556723157 0.1032834110182313 0
0.8451469718181587 0.0601416915673215 0
1.400288122169719 0.2117358694344903 0
1.297768053656635 0.1097635283928939 0
0.7212297827768763 0.3790647119035577 0
1.699725792999505 0.2778757918905741 0
1.710939052529947 0.2700000000061819 0
0.1686722197642071 0.2173090607633824 0
0.8157050274288588 0.2371714449473645 0
1.754110096917843 0.1837420265374434 0
1.449480292310378 0.3584173403538043 0
1.442328173656581 0.3717566235720045 0
1.434016470257799 0.3592469607766766 0
0.441964105363446 0.3812207377958824 0
1.360835619950646 0.3510683213684066 0
0.1699887636178533 0.3848756726034731 0
1.392269846635043 0.2218490204252605 0
0.07504887757684739 0.2361920716298317 0
0.08599625521009448 0.2525142328982134 0
0.09202790806337352 0.2610387287236248 0
0.4644124732277264 0.07221041008066606 0
0.182343908157624 0.05310908528672627 0
0.1764383202397443 0.04368621720161132 0
1.655436785316273 0.3205235620761714 0
0.8614219540219674 0.1497138046223261 0
0.3102196120429077 0.2279126425243675 0
0.2365757472590013 0.2861877677514479 0
0.008085348698146342 0.3949640949583943 0
2.09159374784141 0.04308558785760436 0
0.2226389850691078 0.06131926333085357 0
1.426861783699995 0.372191749320196 0
0.4037671817798604 0.09568224747544436 0
1.524777397544854 0.2037751622802581 0
1.527730505964189 0.1913222398342855 0
1.520912372644298 0.2166848644476648 0
2.080611771412777 0.2751229578419855 0
2.071502452751838 0.2919207518463218 0
0.3544368219992284 0.07697365798188939 0
0.0475773946430872 0.09167397797822466 0
0.3116680307277691 0.3526852620105356 0
1.340358793987757 0.3667288886009481 0
1.115421920607357 0.2522851649271054 0
1.122815950971908 0.241585041886796 0
0.1804442222136484 0.2161633562486941 0
0.1740495698239605 0.2064454307460861 0
1.118956056832202 0.03546294425281023 0
1.126298327195942 0.04728509464154415 0
1.133358441312354 0.03487898117555083 0
1.140090690865361 0.04811142057068254 0
1.146617165284791 0.03636465846232128 0
0.3289062077542984 0.3623400853528991 0
0.3342926619430828 0.3714450590960096 0
0.328680747982223 0.381348531691043 0
0.3403523669261986 0.3810214766234596 0
1.414400262669129 0.2355997371027783 0
0.05145699677791697 0.3017257236841323 0
0.9710216365591743 0.1465695931119587 0
1.600666514423888 0.2321139348856396 0
1.588860581431984 0.2307537131858163 0
0.02597074613212266 0.09271030925188904 0
0.705232026378638 0.1693115633476617 0
0.7823756332645792 0.2869537797957433 0
0.4525610339701828 0.3391016355597445 0
0.8053623217704444 0.06244973187864991 0
0.3459384275829068 0.3710226639827106 0
0.3515532751951546 0.3807064375282885 0
2.07296428849765 0.04378410350673095 0
0.4170772428702899 0.1163398971190028 0
0.404783080380709 0.1168253696581155 0
0.1653211708744134 0.04410941064712521 0
0.1705962656592935 0.03431854932998739 0
0.1816027235233083 0.03393913020243036 0
0.8629191897746429 0.0237038333730993 0
0.1617646689936081 0.3181047475263816 0
1.248754115971024 0.1916388356463973 0
0.9973620373206925 0.2339591743990243 0
0.4294779089772556 0.3816414210498762 0
1.07485125303245 0.3140237557331649 0
0.08848629434718402 0.05692856542099684 0
0.09330702377404734 0.04741621415773439 0
0.8007419304814039 0.2748132442945865 0
1.504182443982529 0.1555381808817916 0
0.5614972331819511 0.349660965516896 0
1.462638172207217 0.0342942053805142 0
0.7525017286956435 0.1005431556053262 0
0.2648580340876155 0.1109230420158287 0
2.150235917966967 0.07369932838053618 0
2.140308882770189 0.05708648391837746 0
2.160457497748181 0.09016013765599706 0
2.151748394106818 0.1067565842770823 0
0.5808205259756402 0.3600621709105087 0
0.5875364440052945 0.3708136227614109 0
0.6000427233358784 0.37042019584961 0
1.542890039963475 0.3805077426640091 0
0.7716951398781964 0.2105709542293919 0
0.3218510296856221 0.2273044549781984 0
0.452445236629816 0.381418491294794 0
0.5051792142931348 0.2984384812457436 0
1.731379170616793 0.1719859175491635 0
0.5345085827152312 0.1229046671873555 0
0.3117975759165479 0.02820881958389825 0
1.649451360386627 0.3314937637351371 0
0.5733918051372684 0.1634849404738238 0
0.4986858153674969 0.2617987621057688 0
0.5478848928892974 0.1437852835690587 0
1.272891511669959 0.08619083135843428 0
0.0895624624854898 0.3273568452260222 0
0.4129187944739569 0.2131939587354353 0
0.4010221752985983 0.2124453109120807 0
0.132460034286942 0.1596312161515555 0
0.3975741227810455 0.3304718789252065 0
0.2192366033587449 0.3550721491069538 0
0.0739342203973435 0.1166040259367375 0
0.08007159310003917 0.1254718148053969 0
0.9046283604753711 0.2523118450381214 0
0.9055507021626124 0.2409585587349626 0
0.6164343777822923 0.3155887366001176 0
0.488392686538246 0.2103472610387798 0
0.880845382492812 0.07053904134182622 0
0.8139936739329986 0.2753958703474177 0
0.8992438459073857 0.1904837053319302 0
1.95562032265529 0.1389530172366991 0
1.937924412363573 0.1399258010400473 0
0.7514290547741493 0.07853380354229515 0
0.2304004686591909 0.1111808334928026 0
0.988165090431848 0.2546154658317633 0
1.307659506621234 0.2443484423672752 0
0.88427349169634 0.1379880670736501 0
0.8975351799496254 0.1373780740828039 0
1.695867872609491 0.09853161195319464 0
0.4714823015219128 0.3142608450804567 0
0.3226365867999743 0.02741286159911878 0
0.2858457519285394 0.1638582635497139 0
0.1809679961017568 0.3844442896435393 0
0.172851677005621 0.1328216118319168 0
0.1672954144835573 0.1231547966505068 0
0.1790415271876509 0.1431279331525135 0
0.04069683069432226 0.08401558230292168 0
1.062479691836149 0.0245133724875145 0
0.04488108424185115 0.02410523508895383 0
1.711340925737804 0.257064461303206 0
0.4687062883102421 0.3275720357377576 0
0.3928754042764773 0.3821597240728341 0
1.069486199836607 0.08449687557739781 0
0.3664214722375799 0.2998070073069691 0
0.2308665907428386 0.1314923280795462 0
1.483376532059302 0.3827588708405705 0
0.1149653709232425 0.06425399297466242 0
1.503648195418717 0.3429438731690941 0
0.5543564747732203 0.1542409519486715 0
0.5007182210732091 0.0297502413137527 0
1.559933241801011 0.03901940601215114 0
0.1591663251925179 0.3854495535382277 0
1.70797103548647 0.04261480259434225 0
1.725531994197825 0.04154247853693627 0
0.3110252680661469 0.2045186702023009 0
0.08085150478100857 0.1436922240292552 0
1.568451437249537 0.07834027818706205 0
1.386849113565237 0.2110023418701443 0
0.7076309617509644 0.377920693887806 0
0.973890245289614 0.06505291620237823 0
0.9801138814954543 0.05263268091165767 0
0.9937986813660654 0.05190460512287032 0
0.9860859412603231 0.03957289498179677 0
0.9996241765075036 0.03886001832928486 0
0.9723600210655443 0.04081850936776249 0
0.02496614174312974 0.0252982589366916 0
0.441283333360223 0.3195682214484387 0
0.9467024602304221 0.3474303959717071 0
0.623463842161124 0.08580654592642632 0
0.1864208837687875 0.2263514304249704 0
0.3687728688843311 0.2633570870971141 0
0.3660935361620096 0.2755007304554516 0
0.2855320375749785 0.2638863671368635 0
0.2915174182843779 0.2744162219612835 0
0.6950433120539814 0.1075783837299651 0
1.707976615353008 0.2895117818246437 0
1.694903815268474 0.246014537979015 0
0.6655206103832467 0.02875585863810664 0
0.7954143935785335 0.2311153144573477 0
1.479241226421639 0.0600039726750543 0
1.486135096658104 0.04623822249903912 0
0.2600439217872194 0.1418806824386128 0
1.109984922774231 0.02349056534665709 0
0.02173253412101821 0.100825828595541 0
1.173616349796096 0.03709888486318227 0
0.2826152035264652 0.2373279257098402 0
0.7025438261213491 0.1342833470449795 0
0.02031751616293179 0.03412719254208275 0
1.970601531339069 0.04305903463163772 0
1.770223525129141 0.04180838132472053 0
1.973555183398305 0.1054333753109232 0
0.7573937908878287 0.06708907094766836 0
0.750164529747508 0.05639837660389783 0
1.447132160198312 0.03683484402265991 0
1.210448337756206 0.2359781820572695 0
0.457270704937286 0.2199484434779433 0
1.042891355691535 0.2074309253274778 0
1.03310672533625 0.1999701506990039 0
1.044805688410886 0.1948387018840375 0
1.02161890850612 0.2040314409482728 0
1.023866992434853 0.1898783220438496 0
1.215762113790649 0.24766266674246 0
0.4159403918556888 0.3205577574654021 0
0.8601768504069505 0.2775312315588871 0
0.3708147010382841 0.3820615747047838 0
0.4695799843714153 0.2143084237519677 0
0.1420288894260649 0.1199185516063029 0
0.9013365203768109 0.1664611085228321 0
1.626963492296294 0.3136007611058096 0
0.06515536222497759 0.3911045251397361 0
1.394973427404838 0.1695660353433459 0
1.38281763293513 0.1725124381468314 0
1.672856438490877 0.2251417142437168 0
1.158922130919857 0.1220498325469392 0
1.439648931892235 0.2762129160437005 0
1.070226753426689 0.06056593618133787 0
0.3560351952613037 0.3710966883142766 0
0.3968932707911349 0.3094456761673888 0
0.9390943122625524 0.03197053947001139 0
0.7847464071862396 0.02909014995592578 0
0.6718454105323999 0.174269528507177 0
0.2860199380604707 0.2845593157105922 0
0.2977515061663529 0.2843032886639915 0
0.6076901861654036 0.2288934884806378 0
1.435021306113587 0.3844984392380845 0
1.413974899451159 0.1162039711499271 0
0.17578109261151 0.02510872238766756 0
0.1869545594759186 0.0246102475612455 0
0.1648321270340178 0.02548233698314225 0
1.412611560407849 0.09159241896218979 0
0.4941358136569021 0.3840605273333671 0
0.5064230701429454 0.3836290986859107 0
1.568092609245689 0.05187957894797231 0
1.576581853912755 0.03895141235994467 0
0.8448046525176103 0.1248386575802821 0
1.376897925688558 0.3765765853760253 0
1.392353518459394 0.3758326883019078 0
1.41679739909874 0.2647254047611774 0
1.75788809452745 0.3693134046532326 0
1.088224196922841 0.2366369621719007 0
1.102032515920414 0.2364223300169484 0
2.158059739772465 0.05709768700403462 0
1.503252572448933 0.2609571268012473 0
1.505564109415543 0.2480785791314934 0
1.286168285758047 0.08097981521948468 0
1.296962455383895 0.08878170284712704 0
0.1033282794823364 0.04683072212894777 0
0.09770254601337847 0.03814545204062763 0
0.08749205363255229 0.03859384196871741 0
0.09219382227644211 0.02921742225830966 0
0.08178944184142151 0.02978554526498782 0
0.1021957778024834 0.02864580002902667 0
0.08648735446519758 0.02045146063783817 0
0.9388036962686601 0.3360804267323125 0
1.602486208873644 0.3745672442679087 0
1.587094487609781 0.37656835246695 0
0.4366083978700879 0.2107038526360171 0
0.8156943577707841 0.1643089172470377 0
1.63794325655813 0.358185237161943 0
1.632425823368109 0.3715453225782112 0
1.649495906528355 0.3675977459649091 0
1.090442697326996 0.03610670934787326 0
0.8189525033011453 0.2621724627837743 0
0.08584583352200989 0.3905505940968211 0
1.418239847155818 0.2774837861490921 0
0.6417789831875591 0.1787524633544427 0
0.1280161867621902 0.09297982127717058 0
0.2146308500195967 0.2352347913100135 0
1.72791318122488 0.09771673947369101 0
1.736526273858718 0.08175475039132483 0
0.3767789579509876 0.3923711187158181 0
1.1671724862155 0.130296751068251 0
1.157017464753122 0.1324901560655115 0
1.179970248446026 0.1281418695725103 0
1.398487555555963 0.2327910823490481 0
1.488493667296038 0.232563849921456 0
0.02328155381305918 0.1380074983089571 0
0.01843434513377907 0.1468862686227181 0
0.618052119425437 0.3805024442571939 0
1.199655558666132 0.1340572354869208 0
1.415988739487836 0.1370862762335868 0
1.973398899581162 0.1353237732011834 0
0.4280348244727246 0.3265342431911556 0
0.5928256203582858 0.3811137843016368 0
0.5804308782151263 0.3808202460105484 0
2.156372092065834 0.273446575540995 0
1.734353983435456 0.05484349386237956 0
1.740386855572886 0.04016536632631845 0
1.705605164757303 0.1100336166941941 0
0.8214096686570206 0.1327852205615859 0
1.695008604723768 0.1737386220897088 0
1.359433403105107 0.2302953902238462 0
0.5300308936559058 0.3823737395040257 0
1.487685700544541 0.1673524066854219 0
1.216108175771942 0.3314991055959875 0
1.685745074411386 0.2208011262354055 0
1.657752766032489 0.2215520422734284 0
1.011231324914064 0.3174886648590811 0
1.002047335320061 0.3087669104345313 0
1.6141899002255 0.321168048170505 0
0.6533980922442145 0.06854542331649378 0
0.02188279145775726 0.06945722652456349 0
0.01643356736586012 0.06172969498192446 0
0.02637617696367468 0.07755685010072495 0
0.9787789904647185 0.02836146175082419 0
0.9555136734863853 0.382477260401701 0
0.9610836314789752 0.3703492825375306 0
0.1202496929697313 0.07423764668409687 0
0.6938810674065555 0.1533102888757183 0
1.302397201454836 0.1853937198092296 0
1.241774201295188 0.02729672389058045 0
1.11768961187237 0.2753802032434435 0
1.456590637709669 0.3443524983871183 0
1.774377207928917 0.2165331442128894 0
1.782875571641473 0.2287843081050962 0
1.799048173793245 0.2284350489783933 0
1.791285409997982 0.2427189202884695 0
1.807625968540784 0.2423837677686405 0
2.110802610318216 0.0415697991757538 0
0.6573603491838902 0.05365570979326675 0
0.8964047658271742 0.155884543248848 0
0.7991950433096681 0.1944587756546285 0
0.2423051135732371 0.2546545312169214 0
1.203438876333188 0.2472274573311724 0
0.6109018084067391 0.08453146420319699 0
1.590848125021533 0.2848863745886817 0
1.588666927363366 0.2730473653017652 0
0.04952745302698561 0.08321615456306511 0
1.227519026695573 0.1752113444627229 0
0.964049670500682 0.02870392996605459 0
0.99133094495978 0.2854842883463284 0
0.9894023913875838 0.2742180467286603 0
2.082607469204784 0.02895570636692176 0
0.5856010247658945 0.1432007319736953 0
0.05487781221647561 0.3914249341198735 0
0.0493749622358255 0.3823395195314424 0
0.1068995954720889 0.3702617894101364 0
0.1117950437028623 0.3805520754350102 0
0.1067822528609647 0.3897214351566644 0
1.365687927986895 0.2187433261353069 0
1.32045625587073 0.3800198605625287 0
1.184413798752196 0.1801354245354546 0
1.171838763568679 0.1821498007379006 0
1.180120092517218 0.1917970329015777 0
1.259420238491544 0.07929134547197685 0
1.085292700015081 0.3192613419821203 0
1.695676715045688 0.2260370710428448 0
0.8821557638127558 0.2791125834990023 0
0.8934031709800698 0.2850018979035975 0
0.0585631252822229 0.09522602689240722 0
0.3749307885196683 0.2825317484343602 0
0.09441147139977159 0.3539341126923922 0
0.09527751470925847 0.1702981383626853 0
0.08608333785212856 0.1524669418532818 0
0.08108800628341688 0.1620371794206018 0
0.6709172035198248 0.1879958010313372 0
0.6573934350613601 0.1922949809412214 0
0.9066284125011613 0.1837188089194924 0
1.156509529386733 0.09648754249007377 0
1.598618704849144 0.3872372143119647 0
1.5073692474343 0.2222082719364346 0
1.517926760005333 0.2294268339390423 0
0.2320155316277042 0.0214656374483313 0
0.4818626292880481 0.3844895692725334 0
1.94771153083192 0.1532047502737924 0
0.7798658147144615 0.06435708790648142 0
0.6721295613416539 0.01673472013349863 0
0.4621645291016426 0.3547691281984045 0
1.362551325783515 0.3782532966494224 0
1.413725346227413 0.25068260695213 0
1.23118457248227 0.07209206945584745 0
0.5076016334464398 0.2512840948291802 0
1.236174315317962 0.1918916677616982 0
1.596185424390584 0.2210270377732064 0
1.390086269595117 0.06754023539052907 0
0.8989003128903754 0.212096349132337 0
0.9059509802657081 0.2211878066475757 0
1.135091714443491 0.2416849882331801 0
1.128294821553288 0.2309155709565405 0
0.8138502618287301 0.2501927236378637 0
1.517170037084469 0.1806222978293728 0
0.45614018718581 0.02014555304154867 0
1.38603172264805 0.3912249725912086 0
0.1517244949441446 0.1196135957103532 0
1.393579594770613 0.02786301784887881 0
0.06361498864334794 0.1032201999082973 0
0.07459932433475421 0.1050715191488379 0
0.5863607968616193 0.02338868214230976 0
0.5985587675399845 0.02262457060308749 0
0.07608982494111 0.02106332733748188 0
0.07143080704912008 0.0303391259722664 0
0.06578912296721341 0.02215764741240606 0
1.744092208556091 0.09618743190976636 0
0.4921913114121462 0.3195117949554817 0
1.041627388306196 0.3367118540811556 0
0.9157615310981935 0.3847446281335171 0
0.2550168797682933 0.02085803580137719 0
1.684915467556914 0.1652669440721789 0
2.17072842749298 0.10707573585698 0
0.5149485296268465 0.2757273439611064 0
1.310575951592065 0.1151661350408692 0
2.159361511572569 0.3404691648498304 0
0.8678275797875421 0.266489032223561 0
1.250368940590488 0.06830748961451848 0
1.115845803438724 0.2103938280440679 0
0.2599222570866377 0.2495220227549254 0
1.735824437503168 0.2980756776246019 0
1.71978304316909 0.2961318135579543 0
1.081373103611034 0.1803999856648809 0
1.070670543749203 0.1869927125110144 0
1.091630084865216 0.1735225746057036 0
0.1862329735323484 0.2066398085715611 0
1.750309627518999 0.2991143451394404 0
0.9179470756994719 0.2475520628436188 0
0.9169447551977883 0.2346561685806518 0
0.6905743896006138 0.02633317079800723 0
1.103313647343579 0.1795346877586551 0
1.352233964932425 0.2426354728307281 0
0.9614533559674203 0.2915597946767459 0
0.966288151386095 0.2802468936096931 0
1.559684678122531 0.2910260095837865 0
1.564347134837359 0.2790428183721839 0
0.2943537492370328 0.2211267761209104 0
0.9341772003641038 0.2144374391404125 0
1.320243850920209 0.1744354387352079 0
0.6326533110439088 0.1876586263485973 0
1.538905809997511 0.2014080297048274 0
1.539392559258309 0.1871605096463989 0
1.114868159050131 0.2314683993468934 0
0.613087879548925 0.2402646362781185 0
0.6254430776682994 0.2407901417697731 0
0.6179376494326565 0.2509718354110397 0
0.1615891593651106 0.1344466757112606 0
1.20770126614152 0.1764775441688041 0
0.2836933978110819 0.1503062336319758 0
1.149958508329082 0.2631450230840575 0
0.9542949185772291 0.01868211931483584 0
1.684183336306028 0.3047861152208321 0
0.4662056807973435 0.3410221033805577 0
1.290917377626586 0.3809151907379832 0
0.5738646749819118 0.02455158739602746 0
0.5646342524841677 0.01255144821060578 0
0.5613951026804811 0.02593359059534973 0
0.6932415800810136 0.1770356314284589 0
0.3016578965196557 0.2725337757896882 0
1.003286972883523 0.3841673219808328 0
1.289046015608739 0.1861405708805372 0
0.6959475457382169 0.2337786313396641 0
0.6892816911431188 0.2443219728382338 0
0.6753753708025387 0.24528284663376 0
0.9699380119329338 0.3821410006630595 0
0.4935470217977871 0.2230397676211999 0
1.188796552588767 0.2028306513224566 0
1.183086561830255 0.2135230141458995 0
0.9252558387610019 0.33704391679711 0
0.3827855023394239 0.2341007513153754 0
0.3944346995144736 0.2296081183294634 0
0.384770266840762 0.2223732329309442 0
1.123938684443426 0.3835252637785477 0
0.121963074695584 0.1800813859403994 0
0.8375221261035343 0.2841574252424806 0
1.705063142890792 0.1816501394522081 0
2.149269453206701 0.0403859498254281 0
2.161298719413596 0.1238345372278377 0
2.168441693553483 0.1413595165392993 0
2.150620792698096 0.139929238402606 0
2.157614722236175 0.1569635217671471 0
0.5530189446616491 0.01744091963962493 0
0.5493651041151331 0.02847035052757737 0
1.705088185850026 0.302256954667298 0
1.163473693650728 0.1721579395456602 0
0.7106890772052612 0.1271751732438896 0
1.280810749492126 0.1950286670531669 0
1.549422670667792 0.1964630678671212 0
0.9519031392331994 0.1808117683892972 0
0.9282860795536868 0.2267569439244691 0
1.157879860432221 0.1855418702019205 0
1.155494769699223 0.162046103492947 0
0.8878306140625883 0.3852464822235335 0
0.4194051303344929 0.04337791040841945 0
0.412826869133131 0.03332482441273216 0
0.4008379611719741 0.03378954691314078 0
0.4063743792064343 0.0232402618379222 0
0.3945002930546146 0.02370124606931166 0
1.182464898212968 0.3823758134375763 0
1.19838416947081 0.3822596131603909 0
0.8705163370752461 0.2848701596187502 0
1.57926681441553 0.2411096636030172 0
1.70418637416281 0.1940552741663249 0
1.312054316572755 0.1266408457942983 0
0.7316143113492587 0.1679539522283622 0
0.7261243977268916 0.1792555743974876 0
0.03119129521336179 0.2006973342340068 0
0.01986707069648561 0.2007616969621571 0
0.03691437195003754 0.2098052435645747 0
0.3713542917927617 0.2397644497438067 0
1.14201419936824 0.2299500311701272 0
0.02046522169351331 0.1829906771174239 0
1.196683879662105 0.3545522364588158 0
1.193913878692596 0.3404764598774544 0
0.2802325441117611 0.03956569355052778 0
0.2766271477788868 0.0514681869090392 0
0.2635981880091218 0.0514742570737587 0
0.2842221362348313 0.02871493817938954 0
0.2952720589434455 0.02546609877843223 0
0.2876062096796935 0.01837707938610328 0
1.28391862121706 0.3953126315732603 0
1.307116224436367 0.1980590140799039 0
0.1339498758179053 0.3095366549562106 0
0.1281649169854444 0.3189692898648986 0
0.1279573799246838 0.2993506432867853 0
0.1164740131329726 0.3184182752299737 0
0.1106183041835366 0.3271511033584893 0
2.121442007692897 0.3749048778158612 0
1.636129325640843 0.3329557158020931 0
0.8346720660790297 0.1170593959155839 0
2.061461754344713 0.2756872037867008 0
2.052435568597884 0.2924669195864233 0
2.062393243339796 0.3087765461983482 0
0.01977390635724872 0.285226431604071 0
0.02450682387372155 0.2759537179669043 0
0.01514163516007171 0.2944143899562726 0
0.03475214217160313 0.2750042186561287 0
1.337999213845891 0.1081855985544055 0
1.331792110284931 0.1196665546058565 0
1.41792557354588 0.3597734945743894 0
1.409099689040235 0.3739039998158345 0
1.425654511736097 0.3458097198291529 0
0.2002742069953621 0.1921242080856228 0
1.675230471354617 0.3286673273864081 0
1.689853927865941 0.329557432552765 0
1.102912856994896 0.1658028898446695 0
0.9591582357294249 0.1916502191340013 0
0.06109635607869546 0.03089096110068621 0
1.495831630562651 0.1424734455178776 0
1.504701478546298 0.1336048156384517 0
0.1703685147742349 0.01593764212028335 0
2.102072914722071 0.3750276076632642 0
2.092251604819042 0.3582999231737356 0
2.083020815212349 0.3752047219762722 0
2.07299779441061 0.3588072390657589 0
0.3451551308697887 0.390681241756319 0
0.1224076498236843 0.3301401332252144 0
0.2986096746327863 0.1646830042638482 0
0.3064380461627396 0.1736760147382729 0
1.35595722304784 0.2560840731004964 0
1.346983872244459 0.266773411256638 0
0.812790814046342 0.1531876332847396 0
0.3181170251662855 0.01848371936678881 0
1.260630312207486 0.3822093208351336 0
2.181415238187518 0.0889438573828418 0
0.9966353694589767 0.3968645779534077 0
1.203366767917284 0.09013300141575052 0
0.3186693347895878 0.3426789890606375 0
0.9484415763122487 0.3141317303637388 0
0.4051417141262031 0.2471435616096883 0
0.1132715275545808 0.3370685834114301 0
0.1052792908266192 0.3421216505684998 0
0.9585844538593356 0.1694946271567055 0
1.724866785615076 0.3163245132882905 0
1.206082221482222 0.3696635128802521 0
1.222658339151477 0.3700316973412817 0
1.230264874251336 0.3831593985338763 0
0.1172965183735057 0.389399821469244 0
0.1222619064743911 0.3809891026958163 0
0.1278607273793797 0.3891453643359825 0
0.1329085954981315 0.3801035295431742 0
0.1384952046442774 0.3888433324953324 0
0.1435805660719463 0.3797603081265441 0
0.4874175654865424 0.02966530435701316 0
0.7769226106288011 0.1777565047830168 0
0.7901747513913451 0.1756540033206527 0
0.7694245628990575 0.1663804883023985 0
0.7945022998995611 0.1651256531442566 0
0.3164415757275469 0.216969019944785 0
0.3234796620066535 0.2066998819482568 0
1.285599737253847 0.1655997371239761 0
0.4815763668530038 0.03997614515655439 0
0.4800964855460071 0.0186596156675049 0
0.6222653820494093 0.3044643065724678 0
0.6854030008887699 0.08127194951710476 0
0.2571354904090691 0.06093707687449645 0
1.191763461824579 0.1057939828854554 0
2.063675484831205 0.3757340231684484 0
2.053781690290208 0.3593064515460913 0
2.062922250051695 0.3424667390918151 0
2.043788987961122 0.3430261212152619 0
2.03470035092213 0.3597910321508844 0
2.024934264803826 0.342833646591034 0
2.01568539625955 0.3601335429248468 0
2.006121594607483 0.342904208683486 0
1.996768078265451 0.3605894966302661 0
1.986851945058715 0.3446773825395302 0
1.97783190696363 0.3611628698149474 0
1.968305880319267 0.3444188292214467 0
1.959133337247979 0.3616224197508373 0
1.949904448076367 0.3444151409030705 0
1.940278850991972 0.3619802221320376 0
1.949024009833743 0.3780154874440234 0
1.931524450958628 0.3454411210392923 0
1.921806330381513 0.3625258504129097 0
1.913210392583927 0.3460270604760687 0
1.903641243971215 0.3631108300908802 0
1.894998758220041 0.3465883410539318 0
1.885460410467007 0.363419196118797 0
1.876569109826361 0.3487222832977311 0
1.867293580465725 0.363996777629582 0
1.858044699841759 0.3498756615312644 0
1.849405489875261 0.3643639065330738 0
1.84012272318467 0.3503849795158584 0
1.830990493685917 0.3642724345183623 0
1.820402260578433 0.3494765650603443 0
1.848657576885619 0.3341991171032464 0
1.97721785672246 0.3280885876050713 0
2.033762579630911 0.3268227705459058 0
0.9505382732754744 0.3962262424722662 0
1.269067343158591 0.1876879484788872 0
0.5906214455025824 0.1144684058018494 0
0.592930553295311 0.1021702494567205 0
1.721508755648547 0.2631682993352022 0
1.714648338822205 0.02783150462973273 0
1.607203105208572 0.3354440759574652 0
1.597878091393909 0.323444319363429 0
0.05530868461578851 0.02311661446675456 0
0.06033164833803668 0.01326129740181128 0
1.345708169092831 0.1197955131531338 0
1.338852828634251 0.1309767781259954 0
1.325766644056133 0.1317096467543673 0
1.32537949736749 0.1442082469652 0
0.0461998277208655 0.1909985674409476 0
0.4182632893077008 0.02277485719732378 0
1.857715982463996 0.3792520224872036 0
1.206662373166305 0.3964301125295679 0
0.696222275567062 0.2558852257452996 0
1.395343441931148 0.1465682772018697 0
1.394765870177861 0.1324029812338094 0
1.123707939116137 0.3107088278175966 0
1.117034236572785 0.2996163479721731 0
0.6475544871491304 0.3036158541227189 0
0.6681585774799146 0.07240955473890649 0
2.025603757156007 0.3765111496419009 0
0.7028417062020159 0.2231160097771708 0
0.8608532602282859 0.3861707383252201 0
1.507630698622037 0.2357987280891874 0
1.359963185528372 0.1194117136694717 0
0.5811015923360291 0.0978366516870363 0
0.6014017599612997 0.09272468218324005 0
1.632477816108712 0.3964998999958695 0
1.011156601897233 0.1966366459895863 0
1.01247825407284 0.1837347736181982 0
1.001667295315639 0.2040272905299318 0
0.5914986503204858 0.01161761618466942 0
1.643482262114458 0.3444108979090075 0
1.051136327130994 0.1208866195433235 0
1.546635529618591 0.3156400178165572 0
1.687098565960731 0.08576328064301417 0
1.679917522517098 0.09924471154258845 0
1.664156885186536 0.1003162020034497 0
1.655102732226108 0.08767615681018116 0
1.64822251372598 0.1010387925772234 0
1.633212095988543 0.1022368105030289 0
1.623263522184353 0.09033656083273411 0
1.617427967952293 0.1045491411634867 0
1.642728465896371 0.1149405177007104 0
1.196571138558936 0.07027165494341406 0
1.450853366772347 0.2691065976666894 0
1.452126591945267 0.2829194726448106 0
0.2010778309592445 0.2869267948332788 0
0.2072125075143456 0.2970614008565686 0
1.671980260532872 0.1134849761359242 0
1.990078750450017 0.09569626494768384 0
1.459517972508908 0.2959679122238226 0
1.582656736012518 0.39403055907648 0
1.572427634893397 0.3794227372406438 0
1.175272839285522 0.3963477938498879 0
0.02382874767164583 0.1557111692112462 0
1.987028001903631 0.3773182620482281 0
1.430192911772533 0.2964145861464441 0
1.893946007076963 0.3788082312379209 0
1.482305826396975 0.1099741553658456 0
1.489622806050847 0.1209762215917161 0
1.476002000203108 0.1224510617542245 0
1.467747851372774 0.1109321745533452 0
1.096847699143689 0.3348560913473319 0
0.9833324905434312 0.01297883466420328 0
1.454621961733816 0.1357297808997117 0
1.440408531333109 0.1510502096217013 0
1.143777590106808 0.2516114463036565 0
1.34484796093076 0.09621720115348482 0
1.556872920524278 0.1299168212855019 0
1.962307998481713 0.02819596506833834 0
1.944230430161648 0.02854313715159899 0
0.4710881748348917 0.0824825453918667 0
1.237350467097217 0.01312976457982293 0
1.365939038037689 0.288975232453037 0
1.358077852713465 0.277097142042325 0
0.06661222318611452 0.03985376082876126 0
1.883032560308007 0.3301312966891806 0
1.511510490165608 0.1075914608368343 0
1.268003174877407 0.01361893645524642 0
1.27652473302028 0.02683684118810318 0
1.291691246027616 0.0269333090815669 0
1.29984928129973 0.01316193282522621 0
1.315846883850448 0.01313736025936333 0
1.324688026724495 0.02592607722573328 0
1.33970300802083 0.02673863160633266 0
1.347630306484676 0.01377643640668843 0
1.354879764115626 0.02757647069812613 0
1.346962303363463 0.03980225886588181 0
1.361900973309919 0.04137177404017668 0
1.369790338927154 0.02882112639184266 0
0.6392074470237213 0.06642703079330435 0
0.2943369570217451 0.05852918653976726 0
1.487610118489287 0.2924609559698726 0
0.8256264072741065 0.2817417822545192 0
0.8158516971151175 0.2907371780941682 0
0.4243715021183718 0.1698659913093362 0
0.4121145964240948 0.1702268904465939 0
0.03295943613765211 0.2379705105664707 0
0.02302339110279078 0.2385251985567225 0
1.070228403950697 0.3353456165568441 0
1.055874528481932 0.3341536071145403 0
1.406278989411853 0.08132806052755563 0
0.2912508268132075 0.2944094809241909 0
0.3041235810300178 0.294621066808793 0
1.766127343178384 0.2996733980528264 0
0.0274692152517699 0.1286292815162615 0
2.167070315393769 0.2553547757757341 0
2.156392431997618 0.2392777093709991 0
2.172700572802568 0.2251030122869299 0
1.028239543100891 0.3368741268637266 0
1.299803641311779 0.07502007014502082 0
1.828851511976362 0.3944191849808926 0
1.821034680433907 0.3790030913499778 0
1.801772278974298 0.377036421751939 0
1.792185465176594 0.3946205773124813 0
1.773875864609254 0.3960236003103381 0
1.001812242491504 0.3373735534255587 0
0.9720252347313298 0.1689354975807693 0
1.823620025943729 0.2826748535751812 0
1.831709112891096 0.2671786547053373 0
1.849076140652315 0.2664274717492162 0
1.839689457668981 0.2518129417115347 0
1.857101159710739 0.2510287188599505 0
1.8478450620275 0.2363952570797164 0
1.865271879464826 0.2365195498855265 0
1.874654465853441 0.2503862459130731 0
1.883436624364635 0.2355169140218052 0
1.892392117249224 0.2496589915076924 0
1.829506733348719 0.2365130395812197 0
1.900910279568433 0.2337056902936006 0
1.910268175269858 0.2490364399503731 0
1.919351325323547 0.2324298764636268 0
1.928486096832873 0.2480359473235855 0
1.93734231961872 0.2318021717820134 0
1.946651897166542 0.2474775410803528 0
1.938088305746946 0.2632143342234831 0
1.855756152923391 0.2207904603322243 0
1.956030476883564 0.2313739269145618 0
1.964915391181761 0.2469003824792806 0
1.965901179915118 0.2142249275404916 0
1.814014650593427 0.2690685443322076 0
1.889815875553649 0.2166711385580952 0
1.684550629703446 0.3951278418585888 0
1.666897765866871 0.3956274808827699 0
0.5450948787114748 0.2415969492865887 0
0.1580871264956138 0.3666616370931658 0
1.771809048776719 0.1850481149828776 0
1.502374800911527 0.2937004893936638 0
1.473353873727773 0.3443279690059293 0
1.337444552717018 0.290578743189967 0
1.511170498615829 0.1674444891220699 0
1.517656147285161 0.2431606608413404 0
1.922955720069466 0.3283774163672515 0
0.02827570395324865 0.2472075902526585 0
0.01745703796975659 0.2488081135068957 0
0.02371567623929804 0.2571040222379278 0
1.463030716559476 0.01630788689054295 0
1.545087268804841 0.01404172044414578 0
0.04261947796860136 0.3379335884704014 0
0.03232155900300504 0.3382575315128644 0
0.02692050976992762 0.3295989751435742 0
0.02219745639489466 0.3386554998456731 0
0.02755182223345061 0.3472418012668285 0
0.01656944337137005 0.3485996289309169 0
0.02276204628766072 0.356192796952006 0
0.03294205822826312 0.3559517144501379 0
0.02811195351923729 0.3648258258829581 0
0.01869576945257965 0.3650717480517892 0
0.02389373198677794 0.3734587450828168 0
0.03350980047880212 0.3734006836901128 0
0.02878413139656762 0.3822894619856915 0
0.01789168447414903 0.3815299840891519 0
0.01182505272171174 0.3394429914513428 0
0.03903992923431641 0.3822727750961424 0
0.03402485671774058 0.3909647672179073 0
1.429512480874393 0.01339521613421603 0
1.423005761676016 0.02649613614272785 0
1.719815037397054 0.3948933422320362 0
1.712030393284814 0.3806141487322796 0
1.727596454598609 0.3802588292707954 0
1.718898892831476 0.3660010768336213 0
1.737134964692723 0.3950556893213817 0
1.694429085769125 0.3792761501779585 0
1.229984102773703 0.3311798076552649 0
1.222965119464162 0.3186368486548759 0
1.236896912079182 0.3186454282751201 0
1.230645986773979 0.3065084241260891 0
1.217110091667298 0.3067145978042091 0
1.251512518274762 0.3182443939943612 0
1.287411042998154 0.2567523112978547 0
1.280873156780584 0.2452490552704512 0
1.267426940038965 0.2457781770232694 0
1.260033018047355 0.2579459739941998 0
1.246091863323292 0.2585601300444615 0
1.240569118980383 0.246666741321819 0
1.579467174387825 0.01413241782440448 0
1.026058143255755 0.3973759831442445 0
1.033441261203844 0.3849163714051905 0
1.018493870467037 0.3848988891617547 0
1.055584206384669 0.3972537483273237 0
1.062881124100755 0.3840878020074737 0
1.07784625635764 0.3845066715778311 0
1.085029031954588 0.3972992896355399 0
1.099715025425684 0.3970908035796859 0
1.108301124961106 0.3840282565354431 0
0.7372629260370889 0.15646882240721 0
1.614874559151395 0.01478527424780766 0
1.622586897273922 0.03023610080792485 0
1.605618292059931 0.02948290697447067 0
1.595134975820611 0.04475183983915817 0
1.649502912252242 0.01487572940780221 0
1.658545463685019 0.03041280347980907 0
1.651788793470601 0.1608743460047998 0
1.658217403202221 0.1739550998908686 0
1.637596269377466 0.1614746261579739 0
1.63289149578716 0.1749832491858545 0
1.6175657210189 0.1754171599214927 0
1.624691964678289 0.1870431039299215 0
1.611072339309942 0.1874243870864679 0
1.618031880188869 0.1978391539272476 0
1.605388958338966 0.1983891925562654 0
1.609583877135389 0.1636189540728215 0
1.69737433764797 0.2145049375054181 0
0.7605614361724063 0.2326264165627824 0
0.7549324326991589 0.2438874205153832 0
1.68479756719348 0.01453850023049919 0
1.69343690969163 0.03020957551655523 0
1.755864775510618 0.01460703930005474 0
1.791665012975698 0.01540214463101502 0
1.801332144110109 0.03038485933392795 0
1.818537335511318 0.03102843360346397 0
1.808077862501917 0.04749452836905608 0
1.826923479352278 0.04667774150685922 0
1.818169273999217 0.06368618282892996 0
1.836137848188206 0.06279529111108226 0
1.844856791592005 0.0468684984604037 0
1.853574046057549 0.06205696511865214 0
1.862660717293756 0.04679823451979507 0
1.871691660655327 0.06278147281039455 0
1.88064831093576 0.04703104673150827 0
1.810401581079391 0.08157461021197561 0
1.783027759366216 0.03098474750452633 0
1.872141663146087 0.03145258933430632 0
0.855908280270018 0.1184056424936959 0
1.187656671411944 0.1173218092005078 0
0.01725156933117219 0.1292283197544175 0
0.02232198018608019 0.1197192635000914 0
1.347233865448666 0.3960528773471776 0
1.341086097824527 0.3823427836591557 0
1.314922948404649 0.3952004438494072 0
0.02678475085085916 0.1102028353316847 0
1.206398067997899 0.01232678273119843 0
1.214283912532537 0.02420482955478381 0
1.19090304344367 0.01217783492380024 0
1.131329590992939 0.3960822074676962 0
0.1344538252971392 0.3289147134701159 0
1.402011332847291 0.299181383034726 0
1.123562373505719 0.2874088808370478 0
1.11005416587865 0.2859793137556811 0
1.130961139656601 0.3221659232234824 0
1.116972327859598 0.3707664551654615 0
1.591449221671503 0.2008069729053788 0
0.122781771792591 0.2008618619403147 0
0.1166693065162003 0.1907938149432583 0
0.1113599712708713 0.2010871625004331 0
0.1058652090252121 0.1907167234868166 0
0.1002216892656574 0.2006655882400851 0
0.1055492924544238 0.2124207823839164 0
0.09384378799860811 0.2099984803488051 0
0.0962697392598562 0.2206522529176516 0
0.08627210374120109 0.2185887687887134 0
0.08111065515006048 0.2075363449656018 0
1.536642510525855 0.1665652066402321 0
1.550785478703015 0.167562967129377 0
1.557293275208845 0.1542170923018701 0
1.82767398693956 0.01562383351911458 0
1.889649913600707 0.06291152313092137 0
1.898891648193973 0.04742971665041979 0
1.295314868195553 0.3164692450708365 0
1.28809570678573 0.3044987059561009 0
0.1175314539099706 0.2111826905195087 0
1.929654232291145 0.2147080795883316 0
1.159701758012166 0.01241621592742072 0
1.145653483031739 0.01198230453104977 0
1.259142380071988 0.027220098420351 0
0.9896489217857816 0.3132697499225301 0
1.037927254866594 0.1667767466005921 0
1.044464164836984 0.1799202258822583 0
1.059108527352648 0.179443643856526 0
1.031667963537386 0.1783863933816769 0
0.1032585327445342 0.1316375235992518 0
0.09153413065125539 0.1317163049802703 0
0.09739895573707431 0.1219100709019512 0
0.1633108103070013 0.356716650086189 0
0.04450789900854971 0.1547249291745773 0
1.301225643995225 0.2562658805320392 0
1.512648952727436 0.01446066307875984 0
1.520541779569231 0.02827170134332638 0
1.504919169928132 0.02837095088843494 0
1.496238313379026 0.01447498355035074 0
1.488350117989574 0.03011878605302968 0
0.1387146717720287 0.1695597362845321 0
1.526360076983995 0.1067956481788032 0
0.3889371213827096 0.03423201855953149 0
0.3826701765715044 0.02414855023372989 0
1.552946238496483 0.3031986532629777 0
1.551154281228244 0.2800225049773669 0
1.568468427338999 0.26646349576783 0
1.03710462513289 0.09795167315291038 0
1.030813995672583 0.1099016407126183 0
1.016995880854682 0.1106258702610991 0
1.583347662694112 0.3251332362381371 0
1.493938993251151 0.396243651252588 0
1.7696377333625 0.1006442991058616 0
1.778618191465753 0.1145101041942749 0
1.762891454247202 0.1160701381004112 0
0.9638375417665639 0.1354688839985408 0
0.4265710912873553 0.05349343891835402 0
0.05689851340442761 0.1908575060153202 0
0.3771409576380779 0.03459368890615747 0
0.3708796650168275 0.0245931850416288 0
0.3653055463100671 0.03503968747104819 0
0.3591274738291052 0.02503611773535099 0
0.3536156667003742 0.03540562607597124 0
0.3474124017446911 0.02547734139711861 0
0.3415347748668615 0.03604473294887552 0
0.3478415082339447 0.04594551795505425 0
0.3354584051785344 0.02642545107315016 0
0.3420644114403065 0.0565995973939867 0
0.7895595816639783 0.2001209831771594 0
1.167679289467924 0.3827964476508944 0
0.03162386477828147 0.3204858866473568 0
0.02191981025855318 0.3206742498976661 0
0.01653631111932162 0.3124411863282116 0
0.02048198796634623 0.3032619274644691 0
0.03782012623216748 0.1279146397984206 0
0.9228170342605697 0.1143095396979086 0
0.9167503521879042 0.1260326291378811 0
0.9298554705467985 0.1254194830360087 0
2.131042123842008 0.3925278577504199 0
2.140877145154793 0.3744998302773614 0
2.163493498163404 0.373363132436455 0
0.1669236923530166 0.3078297640877552 0
0.02463621723194618 0.1739642017671693 0
0.01475075989867667 0.1744701438169504 0
0.0191126488256521 0.1650660740436721 0
0.2768732177505647 0.0697023496706204 0
1.821377680306618 0.2535611001356997 0
0.2045295860739151 0.0326876406068561 0
0.2099469911965257 0.02270168759708585 0
0.1983533387349449 0.02415526457788518 0
1.363401485622199 0.01420747545043068 0
0.1799482935980487 0.1559472671134949 0
0.7369278866613049 0.2777731303589804 0
1.259258223738544 0.3303423714593716 0
1.259298901048604 0.3058046347758668 0
1.531459852196342 0.3954420496523235 0
1.900985006355845 0.01585957756298225 0
1.909201498120836 0.03169711033875626 0
0.08363749529606913 0.06646938252437723 0
1.171756341159577 0.2969415377629633 0
0.3133899358559283 0.3326022427567951 0
0.5517477765425185 0.2521728910372417 0
2.072942837199877 0.3925300439784391 0
0.03388585109222951 0.2563111727006179 0
0.02914265792347255 0.2660073487760007 0
0.01945887102438023 0.2669635484214176 0
0.2260251585900259 0.1437997864571375 0
0.21361807981376 0.1429670767200784 0
1.160833097758746 0.06135821456077029 0
1.155140594032803 0.07383266315864435 0
1.14693735885241 0.06223972490728594 0
1.140666860220439 0.07293793281367426 0
0.4249887293270505 0.03277092958164057 0
0.4302145271187298 0.02212222946870253 0
1.763476085823432 0.1714796530483564 0
0.2047720646130431 0.153625448239409 0
0.196361588284713 0.1453480634241673 0
0.04336101987335921 0.237660966814103 0
0.2489389788749344 0.2858959690264246 0
0.1527958187515981 0.2485122606287794 0
0.229159695194989 0.07105516241789596 0
0.2341979305567597 0.06083662447040216 0
0.1725346153456969 0.1125034793199198 0
0.9034075858966789 0.1263830974826721 0
0.9111467249620175 0.1374748591811384 0
1.514246130168623 0.2685454734844649 0
0.05622700804583812 0.2917808982483576 0
0.09893920216061577 0.2897821871960928 0
0.1090436617863768 0.2701476251866236 0
0.09802677992388106 0.2705910875301937 0
0.1030978982311164 0.2607210287892102 0
0.08697290792600749 0.2707867677827291 0
0.220788176350024 0.02139721095620864 0
1.845525853201807 0.079200416440384 0
0.8797187463137949 0.3505318339752254 0
0.8850784139664332 0.3387449088586845 0
0.8982302752498366 0.3381259932847709 0
0.2738177506136815 0.2847649956644461 0
0.267002100066277 0.2952531538071998 0
1.75103101057374 0.07127559640081914 0
0.8714435689015599 0.1405350291354788 0
0.1216461417397598 0.0271041105903612 0
0.1256776020854001 0.01795214983779527 0
0.9202818534097652 0.3489395345413276 0
0.906640909426455 0.3495438939443271 0
0.1940141711173811 0.05241510776005686 0
0.2770215505538349 0.1105641955897488 0
1.178388054365073 0.2848901538126316 0
1.164622793298209 0.2852826927109919 0
0.5192955890620042 0.2208281522617838 0
0.5317519687623051 0.2204202781572014 0
1.134298017437023 0.1288944276286496 0
0.422954714530773 0.3716402947405001 0
0.4170699914578659 0.3821168003116439 0
0.4049539428662522 0.3819138587412828 0
0.411413220519948 0.3915504750285442 0
1.064065814002012 0.1658848487104032 0
0.8585043942060068 0.05942487834700046 0
1.437644153160923 0.08835815595656757 0
0.925550030769382 0.01141459919725903 0
0.8973081626967945 0.01177545770066307 0
0.5245853921476045 0.3723823998771335 0
0.5180280852891072 0.3823452899245739 0
1.572716713684579 0.1530648467278515 0
0.4209875228879823 0.06413630899226701 0
0.1345574029223911 0.3663383752840337 0
1.011685499280343 0.1695435032597973 0
0.1600219734753249 0.05393321430400883 0
1.538566076453295 0.3040073419208056 0
0.1963233733522734 0.336220543982211 0
0.2076969014651748 0.3358411062236186 0
0.1320032688570816 0.288660060575346 0
1.228798878604767 0.2025498709857637 0
0.2430736611759897 0.02089835742789857 0
0.3693389977461558 0.3621759720769331 0
0.3628719947819008 0.3520225741973148 0
1.026159197043899 0.01262113764347782 0
1.033461621697622 0.0250322299676394 0
1.019155365463161 0.02543578856744462 0
1.02691774189097 0.03804962430026634 0
1.034734675559433 0.05001063092865766 0
1.01170207315258 0.01271173955549123 0
1.00532337201955 0.02554968293746204 0
0.2897523383408303 0.3333601869243619 0
0.2950699392120634 0.3429427636222207 0
0.8275074188581992 0.3983459486219079 0
1.640056381536228 0.0299157483061586 0
0.8186120896471829 0.06148696287983447 0
0.01894886576910743 0.05108897784256791 0
0.3952408490829347 0.04436865394649481 0
0.04323383893342446 0.355773203085205 0
0.9535087608926174 0.3588305921694465 0
0.8110222513306612 0.1086261005023264 0
0.8165684535459291 0.1205811791221848 0
0.8043964376687336 0.1200577562735443 0
0.3366857813817598 0.08796217595373479 0
0.3487040484653863 0.0875609578748163 0
0.3423852259712808 0.07741877803304702 0
0.3073214645946638 0.1202065270410607 0
0.3011175104912241 0.1098860265466672 0
0.7895679222664324 0.2978009025243355 0
0.9549232750263436 0.3027786994307429 0
0.9535508419096079 0.2808129500912436 0
0.9707788943824249 0.2680126012054816 0
1.550292716233262 0.142442189049727 0
0.8005237131841152 0.3986425208152371 0
0.1835616995999882 0.09240903685689246 0
0.1722364596344589 0.09250022279839849 0
0.2660602349589097 0.3340787869076937 0
0.2715425483248091 0.3436518426552366 0
0.3601698330236257 0.06630742747490222 0
0.7059710606004864 0.06990377364019441 0
0.7001674009490005 0.08137431866556098 0
0.8281975750927679 0.01186472827712963 0
0.8144113491169012 0.01188121881552902 0
0.8069743679408922 0.0257479884234649 0
1.894093096843423 0.2796490856633597 0
0.8526969721863946 0.3516050324165713 0
0.858296554092156 0.340109860601124 0
0.8392073390442807 0.3522051333983905 0
0.8314584700431263 0.3411293661913788 0
0.7737311465098411 0.3988239215867119 0
0.05298073147569438 0.3376266310611906 0
1.367890034903107 0.3381393244179884 0
0.138951212823776 0.07398989330756982 0
0.9056556950678222 0.2919777116496456 0
0.632801389460387 0.07660038362684281 0
0.1276958267262105 0.05458330419831183 0
0.3714931634347776 0.04513716916878704 0
0.7862107452535202 0.01375979290120454 0
0.4112862036533947 0.127187961272297 0
0.3989831759422922 0.1276369666324951 0
0.1744760837055318 0.1883826595210135 0
0.1596128400178231 0.03471236960781426 0
0.153838184687196 0.02592545063975836 0
0.1427385649417878 0.02639342406120471 0
0.1487709864721417 0.01624476018279272 0
1.986921678667272 0.275515994564583 0
0.1930436607264098 0.03353713712671351 0
0.1920882361967065 0.01472484640015813 0
1.147498850539493 0.1059643046957934 0
0.7599659652969061 0.01153690499545513 0
0.7651038312469227 0.02222375400247327 0
0.7530333526424223 0.02290668937302118 0
0.7466453314192327 0.01152403289541258 0
0.740292133059025 0.02288960801613635 0
0.7467504570714153 0.03454563817921773 0
0.7268825010146117 0.02306730156224798 0
0.7202075695749264 0.01163346275041228 0
0.7145681662641443 0.02335311669933453 0
0.7072612535049572 0.01178689649856079 0
0.7923050789177722 0.06320337898142762 0
0.01407289565393658 0.1554499140249527 0
0.2245498583823587 0.2864057914440463 0
0.4235167668583448 0.1268150393017007 0
1.984472874206985 0.2107724216239105 0
0.2363965857399742 0.01085899259781776 0
0.6417331763225428 0.01095915099426471 0
0.647957639384084 0.02159637800550669 0
0.2928584060495709 0.3821740220773284 0
1.157252911291096 0.2742427104384469 0
0.7471404131479892 0.3989846325209261 0
0.4753684026233765 0.3740292404191912 0
0.4696123454714999 0.3849127444255709 0
1.142662280986626 0.1622949916026885 0
1.147899008902064 0.1516402855457387 0
1.100453941677531 0.01160222652238987 0
0.2424362274439499 0.3349009009687998 0
0.2480141792704427 0.3444645394589969 0
0.2307404919231007 0.3352052774050461 0
0.7558928461309992 0.2658382939027725 0
0.7430122203089475 0.2663795277832745 0
0.7489117651984244 0.2551362835375839 0
0.08277889999189589 0.04796683158598847 0
0.3164592928104307 0.3817527705671921 0
0.3216312193139726 0.3912107527748001 0
0.1546375197639051 0.2881367690369356 0
0.1497578103243928 0.2989548491815842 0
0.2362800763702635 0.3832997554228181 0
0.01625418800665789 0.2118731171009343 0
0.01166225645264312 0.2205728759606142 0
0.01016405312546106 0.195103269592446 0
1.939130546352108 0.3942698936686712 0
0.8050406135644812 0.3420474022341853 0
1.158134536788709 0.2972934272175703 0
0.386625112179191 0.2784844846434955 0
0.2251252422526167 0.3836386581967357 0
0.2197791269385015 0.3932563022261099 0
0.7977999039011781 0.1090826167976884 0
0.2701724692956445 0.3826178251011885 0
0.2590071858988983 0.3829281408722052 0
0.2528592854241148 0.3921742807110146 0
0.5042711379975687 0.3192761227880008 0
0.9108664220445385 0.3976930145318077 0
1.302467763438709 0.3039197905442135 0
0.4378003345235867 0.03190358595865884 0
0.8555333780987562 0.01183027349151057 0
0.8494323959513485 0.02388922348748064 0
0.02520904130283236 0.04253630647207053 0
0.06196760721517919 0.3008985290625223 0
2.130307747704994 0.01482867058819947 0
1.999379794225187 0.07940120731633155 0
1.988620892800941 0.06340174249331451 0
1.997711859820611 0.04716116157272387 0
2.015739813210238 0.04674833354056503 0
0.05417594690929821 0.3733951130785661 0
0.6421934354590049 0.3991408283638216 0
0.648944119225956 0.3888618872562807 0
0.6615886779591699 0.3880722779200463 0
0.3003206027568067 0.06857532156369643 0
0.4220536975831701 0.08450005644318713 0
2.089703393812144 0.2582404989949431 0
2.079594425706905 0.2415165282831686 0
2.088524037971423 0.2247299735116533 0
2.078395065806327 0.2083519149902287 0
2.087488412919212 0.1919100944486621 0
2.068468850970255 0.1924317620767362 0
1.100123544461813 0.09615448088905353 0
1.087862999970413 0.09675019931012958 0
0.6178981640033029 0.3597909424775681 0
0.7222069945499239 0.1128725295766685 0
0.9577241121774988 0.147083057879244 0
0.4768120426164502 0.0715977098488627 0
0.4700672929163408 0.06141379708125235 0
0.6289574927443138 0.01090405544163286 0
0.6234534428463606 0.0218986781592511 0
0.7206493445511085 0.3990794340576506 0
0.5306563061655059 0.3616086074917083 0
2.004438391086062 0.2423992962928799 0
1.98494147721684 0.2445450155427951 0
0.1333990630845101 0.179822680987537 0
0.9204515597868183 0.06808314032536103 0
1.927894285974876 0.1246046397520107 0
1.919601573340307 0.1398169130072759 0
0.7551305643641331 0.1442903933548716 0
0.4491400762230122 0.2100358806594742 0
1.203573531125438 0.2249198094572511 0
0.133415875201469 0.1026672510514278 0
0.6299024701634282 0.3996547348710257 0
0.3693589745001825 0.1606357839555621 0
1.345907265034636 0.2198711662425848 0
2.052860686688589 0.3261911482473386 0
2.072206796306113 0.3253810685960274 0
0.9198163333154566 0.2703082755850733 0
0.9079785218867974 0.2709327960659129 0
2.009706159128582 0.1286127276234456 0
1.991101084280292 0.1286240155799902 0
0.398688283607198 0.3719556238326761 0
1.062963227412677 0.07267192019356011 0
0.01503224797936364 0.008491684247055131 0
0.3292315101872224 0.03690333668454144 0
0.6935551003226506 0.3987617141497011 0
0.6869351286934957 0.3875148002434755 0
0.6741138762024497 0.3874724490143965 0
0.6810085590763919 0.376761803872948 0
0.694244822960418 0.3774057536429241 0
0.668206547294887 0.3775933009822316 0
0.7127656416025189 0.3232713022340515 0
0.7059129574543446 0.312380038020703 0
0.6929741445817027 0.3128672793134688 0
1.329468876102631 0.2788577466675922 0
0.8630442265370606 0.1057441291060043 0
0.9241602467802427 0.1370897701312837 0
0.09695329753203939 0.01979309432018382 0
0.1068731881786287 0.01903441418618176 0
0.02389286223185199 0.3912369308433856 0
0.5530568117113159 0.3997855567510039 0
0.5602709075762039 0.3895771025496826 0
0.4900785938246757 0.0923355778991386 0
2.033840427818951 0.01555950673657402 0
0.4785017803308391 0.1141807071872017 0
0.4718900421441985 0.1037691817186914 0
0.3577326501937387 0.1823324096304769 0
0.3131380953417837 0.1095315780306274 0
0.9408427494206222 0.303050425810315 0
0.6130107949936592 0.06558583743306082 0
0.44921494927389 0.1689427995822524 0
0.6596243856470111 0.2593622689825255 0
0.646932600815009 0.2593872638307267 0
0.6407921321088597 0.2492038697245278 0
0.6538320648965248 0.2475543224367882 0
0.645033229488374 0.2375024190285849 0
1.023782684819362 0.1217023968268846 0
0.188497586878023 0.06257869298193372 0
0.1088960580500825 0.05527377631124603 0
0.5741222260301189 0.3493023848280296 0
0.09913993414015633 0.1815682136756755 0
0.5600339139310482 0.3062395488938006 0
0.5284883590694935 0.01073614815363468 0
0.5329722652344544 0.02073554272302377 0
0.5207233161460258 0.02070362512481365 0
0.9583998609055164 0.04146383076405326 0
2.067471566436679 0.1594284672564703 0
1.995434944129072 0.01586117889295394 0
1.357373966364631 0.1968207956419177 0
1.368285389770778 0.1974203223322437 0
1.378113764975374 0.1864630224019548 0
1.370156159149782 0.1744196268738108 0
0.6034540080745647 0.3994116065345167 0
1.128484556071995 0.1406248357536171 0
0.1080996668264686 0.2317326624598105 0
0.6869286000571135 0.3242354825105876 0
0.6800545044515154 0.3133381636601001 0
0.6860701966541947 0.3019704235359153 0
0.6732460699497712 0.3024543463598745 0
0.6671755095756398 0.3138957709775205 0
0.6296610105035882 0.3374863875002774 0
0.6172135276982362 0.3379488131621787 0
2.183102453817798 0.1854944962505862 0
2.166230160870174 0.1952381089208101 0
2.166412033993161 0.1751259550970236 0
2.148093124141217 0.1729080967545212 0
0.4740714148667295 0.1680533541991411 0
0.4675713661119164 0.1574825360412577 0
0.4865164515953123 0.1676107376560538 0
0.730064908643739 0.2669261086451796 0
1.739604554700673 0.1585425331001938 0
0.5232642980185676 0.3293633654521165 0
1.093994450971336 0.2249260506480593 0
0.7290481320784328 0.1231984587056382 0
0.7759170608828785 0.07679359554406098 0
0.08635014801414098 0.008629661467596852 0
0.08637616542952899 0.4010565813685811 0
0.5718278416704629 0.2839533065755282 0
0.03412324911811138 0.1552435386449977 0
0.5088933069164868 0.2869026590894383 0
1.124257867033561 0.1964926688652163 0
0.5386962367056598 0.06896851881458206 0
0.5320491290378422 0.05855705576671374 0
0.5375259751604544 0.04773838575364017 0
0.5329144899106852 0.07996855005007773 0
0.5502744186027937 0.0472724120177383 0
0.5777452093965996 0.272788431493191 0
0.565110972621316 0.2733542538352398 0
1.934401283918375 0.04550700166611456 0
0.3461127583651133 0.2040791697603704 0
0.4923768482777452 0.1566228833659584 0
0.7095148573363881 0.2344745867036643 0
0.7093228444439209 0.2123750319706809 0
0.1861579206840158 0.3750916157542377 0
0.1919533744775812 0.3843798139966 0
0.2030021360947467 0.383936014262871 0
0.03556744823153692 0.4011379673817191 0
0.07545126264137772 0.3907932924408131 0
0.03477174336847069 0.00845271288490127 0
0.4661286835207769 0.114670368279337 0
1.047660086261465 0.3848903433012736 0
0.1071878329578842 0.4012911771662533 0
2.101515444181989 0.3412314271981229 0
0.3376098355493922 0.3528956751208174 0
0.5027544963342655 0.01028920423665734 0
0.9317536969104552 0.2478692614894868 0
0.08552258635665416 0.1035497698747626 0
0.4776669838570938 0.09286170095309983 0
0.5780536788088401 0.3997644407716268 0
0.4077762786935071 0.011854261608605 0
0.5057869345348264 0.3623161423907688 0
0.5746113268734139 0.3703240492296528 0
0.1281864069529094 0.4008930379069189 0
0.3621922963193402 0.1290770271336962 0
0.9407957488354717 0.2034371122774393 0
0.941858206687425 0.2248666852436723 0
2.183299153093442 0.3025979521522464 0
2.166290737591834 0.2915413525643067 0
2.167478915804169 0.3116537297595453 0
2.183310296417927 0.3211641304994079 0
0.1263710429180729 0.1499569412169869 0
0.4577795892519288 0.06201338543463629 0
0.3558279091437024 0.1186909766483596 0
0.1542548369591255 0.04454539521815063 0
0.5406165293318228 0.3996160591032408 0
0.7132360281254596 0.08072328399709311 0
0.04654369258943298 0.05926263051414185 0
1.540346016912543 0.2237978055847278 0
0.05088202721650419 0.03197324111456011 0
0.5165762409666033 0.4004253002649502 0
0.5384446688576834 0.2309720973467458 0
2.083974316679993 0.09272123384096197 0
0.7478232243179065 0.233277914674653 0
0.09607720461264864 0.3907447355860562 0
0.5576224536738341 0.240978971066161 0
2.182387864081176 0.3620624046879872 0
2.184687744908798 0.04874114053233999 0
0.5215886246150668 0.2860980800194276 0
0.5710203118781894 0.2622015849711175 0
0.4927316212182915 0.400317264644902 0
0.3832405408816558 0.008972431456775625 0
0.6097391073315698 0.2609960414613265 0
0.3381172903756078 0.129773152901803 0
0.2831911430473547 0.2513035207730224 0
0.9750042284722671 0.2345671937528906 0
0.5849815890760317 0.1842548349274772 0
0.5733692866414323 0.1848069403717159 0
0.4678548903934447 0.3980488595948878 0
0.3983456965528565 0.1064601273201958 0
0.3914751253777647 0.09628755095009034 0
0.1496455420585272 0.4017508708875188 0
0.3751103237487327 0.1498590339365615 0
0.1307214234791433 0.1208388141670753 0
0.3924550604267836 0.1173597573911367 0
0.6966390356367838 0.211844713440986 0
0.544356117238588 0.2197517786491432 0
0.5376437221542302 0.2092455159528528 0
0.4429741178550181 0.400485133957479 0
0.4819352320117883 0.1997575462976766 0
0.7334076409981484 0.1902733880189426 0
0.5098010596182414 0.1237405862006968 0
0.5246215675170796 0.1878333729766299 0
0.3629447654533779 0.288123728443979 0
2.081473056957475 0.3083332820090581 0
0.5907214452541152 0.1953131981626973 0
0.5856353012585386 0.2064700065254773 0
0.7859935866268691 0.1317628781344557 0
0.6611899795889244 0.3252305964985871 0
0.1676636889788874 0.158404924970217 0
0.07785069816366794 0.05762093281392282 0
0.09311717728762942 0.2805227815609142 0
0.545874161129107 0.2633128223116016 0
0.7438621596796737 0.2885597346869574 0
2.082193587343843 0.3418540705481052 0
0.5279395322355798 0.1123671829938941 0
0.3598224162899915 0.009156925269611845 0
0.1405341101631195 0.3383602201693094 0
2.044332644100268 0.3762371593006973 0
0.2249782570433172 0.3452270165045871 0
0.603684208610977 0.2936493039271628 0
0.7593589168366419 0.2110377108722996 0
0.5121634170412028 0.3726317956064946 0
0.8859234094052737 0.0581215198127553 0
0.6815895793254176 0.3569067194889943 0
0.3885720089987942 0.1920699688124464 0
2.075142349844396 0.1097288469489677 0
0.1197730746670869 0.1008414715761871 0
0.3362844137172624 0.00940001818614267 0
1.135155144826516 0.219347307431204 0
0.5487148345504754 0.1653172599957127 0
0.3032720028986953 0.4006127092091724 0
0.6022686291332755 0.2175648500736983 0
0.1707818642930176 0.4010650043648564 0
0.7765014906906837 0.2983931947914569 0
2.134593911798326 0.2064624976739845 0
1.268437408092621 0.3958614446827665 0
0.1923374643086181 0.4008957870649503 0
0.5674655113226194 0.3386352237125951 0
0.2806365819199375 0.4005036656751187 0
0.5205318501602658 0.08046838495961794 0
0.7619008547992063 0.2545934121918464 0
0.5180169285108941 0.177256181407918 0
0.009541320382687426 0.0348549952921336 0
0.6002717590114126 0.06605859142392066 0
0.00844467956500276 0.3853300412404447 0
1.57674800031427 0.2282972793506597 0
0.2587075361374044 0.00987993191674582 0
2.137095127565708 0.2400374730140215 0
0.5230178671914854 0.1447423343801743 0
0.2128981269460992 0.01142663958976863 0
0.7076906422076286 0.3568994722063348 0
0.008274470004030348 0.08498595233250024 0
0.5582809394080719 0.1006459859201479 0
0.3482097987365097 0.06681755316726255 0
0.5474767856881784 0.306725632017996 0
0.3426676454650278 0.3008352870861725 0
0.6677166785750777 0.3988507176447098 0
0.07440633618454673 0.354976611022469 0
1.094879651975145 0.1082981036455765 0
0.3454597243181141 0.1613686834434611 0
0.01461092870305995 0.2762427180036806 0
0.07705354439083945 0.03920376239023892 0
1.83862729753938 0.1270338672569579 0
1.847710983146208 0.1416385509580748 0
1.865207699073631 0.141130061543886 0
0.5155760111176522 0.112808567272382 0
1.692094253592733 0.201400100866582 0
0.48581135641062 0.1461051513218109 0
1.60795390665819 0.08934445724290979 0
1.607329911487084 0.1157542471741718 0
0.8324053515092117 0.0609623706107476 0
0.5943961269769426 0.2386261744273384 0
0.4183743541009735 0.1591102103548346 0
0.6700694436356665 0.232722347624659 0
1.157147685262145 0.2511964963715572 0
0.007769718807543993 0.1050478104200096 0
0.1886053054813016 0.2668829658212578 0
0.6338971295810611 0.2305371625967386 0
0.570144526872564 0.07822319506102209 0
0.61616798963454 0.2932785893892276 0
0.4367798812779862 0.1694588333350088 0
0.4314623910123864 0.01016920670866039 0
0.1664578674590754 0.08280066624233758 0
0.2977200808167919 0.2494004559345486 0
0.08005393920978796 0.2270342240489805 0
0.04508904774381228 0.2743193856381566 0
1.009598935079106 0.09897810463597023 0
0.4805489302842723 0.3418918435325978 0
1.184258395911247 0.02584544513987768 0
0.5917814360426632 0.3159744071358421 0
0.4529782682431259 0.09391083138566528 0
0.04104275080472698 0.06797391024591803 0
0.2022047729877738 0.3457875858110207 0
0.5108493104645608 0.3298484308873346 0
0.4429658015369605 0.1582825950318198 0
0.5121855088977947 0.1882581617601073 0
0.3303237282513828 0.07785053647364575 0
0.9856118065434522 0.2122836446073424 0
0.6553663572052689 0.3582649877677209 0
0.2151133930291454 0.2476021252329598 0
0.5609762212504626 0.1642866699932587 0
0.7188386773180653 0.3118863877313884 0
0.03780002852323206 0.3469890111002454 0
0.3527582371039329 0.2575213527656396 0
0.9750660970896982 0.08868329888106202 0
0.5139399471018227 0.07003736105463652 0
0.7787202670807074 0.3431404584924001 0
0.976254939542081 0.3595279958046437 0
0.6349093119338618 0.3040969872145382 0
1.087051688474138 0.07212158911515973 0
0.4292935719470116 0.115973421912028 0
0.3793199123602488 0.09687043986400486 0
0.5548996803255813 0.3390523750976855 0
1.873731116050319 0.1260208377477661 0
2.058580671828772 0.1764084505956853 0
2.049550879136316 0.1927159615314772 0
0.328291898112422 0.2375610062348429 0
0.4060254642970457 0.159511676222304 0
1.901414232145767 0.1670630871610675 0
1.777423484730892 0.2437694834004112 0
0.4799462472864905 0.1570814918202239 0
0.008458916489780541 0.2549635049143676 0
1.343890843161391 0.1535341430779812 0
0.1950588440627628 0.09213727921759239 0
0.8138232161684015 0.0739506718863966 0
0.9620880236345273 0.3365792939621275 0
0.7052438959611774 0.290083832332181 0
0.1410605734120473 0.2299315456812231 0
1.381305302727956 0.05571698944360377 0
1.381955984690498 0.08152131417715575 0
1.364686347439628 0.05596230747062286 0
0.5753496063015159 0.0460337100654564 0
2.151188555325943 0.3217897992240539 0
0.6057347935420412 0.03357511524731905 0
0.8721390037228733 0.05862960686733634 0
0.4610900777423678 0.1469445702622666 0
1.163032786400537 0.08480137550551617 0
0.3903799905998198 0.07558153232260856 0
0.1304450773127777 0.2499038368192268 0
0.7515477680157107 0.3217872201759769 0
2.128857568331128 0.290189502354962 0
1.560877676462039 0.2557828932188715 0
1.858537447395484 0.2811377928106289 0
1.314221147606747 0.2325571735441202 0
2.114088426068745 0.1412583098817096 0
2.046148698826024 0.09455303989444602 0
0.7342775573146392 0.3785529797591406 0
2.121072522187901 0.05783643936830582 0
0.6417410405455859 0.2923443152199954 0
0.5187415195533713 0.1989892783418239 0
0.8546689785015112 0.0720596545838539 0
0.323913091704477 0.2695594937661897 0
0.2660365322293275 0.02040345946567465 0
1.909690675241014 0.12500410447758 0
0.9453574699310204 0.1700005738401137 0
2.132489646436421 0.1072774586796864 0
0.788187142707619 0.2755625312843194 0
0.3431628416769626 0.3217278896377024 0
0.1877932795094424 0.04319794779452291 0
0.04159969518857463 0.2005767494672449 0
0.5533492054489517 0.2956230493473368 0
0.9112344604467102 0.1604406656188559 0
0.36076760105939 0.3106259486917674 0
1.104037324828237 0.1919463990680049 0
0.9649171199105581 0.1581198438359118 0
0.04594787901901087 0.2929669139321771 0
2.056219586199964 0.1105663194175883 0
0.7395461615288041 0.3447043896655428 0
1.082724128677931 0.1311269793403667 0
2.060741859460951 0.2407943602497086 0
0.4357902281900273 0.1264116080554953 0
1.603260906290689 0.1757342343622438 0
2.030829688326135 0.192949094635084 0
1.075215329849487 0.04875276973602721 0
0.3059389803194552 0.05817322809868413 0
0.3148515220696435 0.1517903532398205 0
1.882923606038459 0.1406403060985302 0
1.90086069521456 0.1397391196539982 0
0.7594417185684328 0.1111730060161469 0
0.896297226670723 0.1154585751322354 0
1.993509337516116 0.1626428758070315 0
0.1730048598039239 0.3174182944694195 0
0.8412238586216396 0.07268870899211029 0
1.237655704457814 0.3964613991129085 0
0.5262999821569354 0.06951917386854034 0
1.377353762292343 0.2194437957515003 0
0.963523782807427 0.2573745860012601 0
0.4882814007072132 0.04997879545146775 0
1.372639699438601 0.2766933669961698 0
0.3900499345293238 0.2992093875145129 0
0.2279052861319845 0.05123993289988747 0
0.336851732000594 0.3115089500187261 0
1.601692044666748 0.3096819658723734 0
0.1520310739026169 0.2096993532335027 0
0.3918471274448067 0.3410485363292237 0
0.9117266511335875 0.03343916830398493 0
1.518696171189968 0.3421051081393205 0
0.9555628155853324 0.1013424245652275 0
0.907088056869793 0.06893978774656193 0
0.9144910582041518 0.08015191596547017 0
0.402943980479829 0.3202847366243341 0
1.325585869749415 0.3404352335938042 0
1.166019470777683 0.3331742228872341 0
0.8880656501301731 0.08171750516825961 0
0.7989673446650098 0.1310036387884307 0
0.05708268337176279 0.3104347358677421 0
0.5592373324185345 0.2844908057741351 0
0.7374123232121936 0.05715806540851475 0
0.3341421113823171 0.2268136388856502 0
0.2174681650636973 0.0714747721844957 0
0.7604900591565875 0.3776438065712026 0
2.048485185138425 0.1597687975222613 0
0.1627280307723368 0.188902252393559 0
0.7525535192197802 0.3441974598202877 0
0.06514665262346561 0.2548750930405765 0
0.6973163027402723 0.03645910360579178 0
0.07986584749617125 0.3638078350391202 0
0.05113511723100013 0.1818342369243764 0
0.2543158918264813 0.2957135714987476 0
0.5221639502873578 0.1233093665195508 0
0.1908792333058988 0.34610236842193 0
0.4653057514132203 0.0934003456408677 0
0.7652328031678828 0.09966958170678092 0
0.7868466649188279 0.376686706491918 0
0.7455821190401879 0.08992273649495187 0
0.01651067442412258 0.229980966720959 0
0.5166555150247463 0.3187633420557529 0
1.916886012657635 0.07772407156953032 0
0.7223781244590934 0.0348400928709116 0
0.5681444239971976 0.3601730241104302 0
1.962685187046892 0.09065787635258876 0
0.813360815808349 0.3759589693312299 0
0.9688896313945318 0.1006746495299626 0
0.08814098924189293 0.2903985444114027 0
0.3437706519190349 0.1190691116344523 0
0.07970486202331392 0.09459448174631387 0
0.9966051666605407 0.1226096931093872 0
0.1060429292395863 0.0837822724382834 0
0.4283092817761985 0.3382570287651249 0
0.04735038345637214 0.2098513926463028 0
0.3671220296322485 0.3208462388552781 0
2.130099861322528 0.04135613515277668 0
0.07873666603644834 0.3276679648234835 0
0.3070053428397982 0.09922508510135368 0
1.096788658189117 0.3117933376396899 0
1.412517145304309 0.3354527611234355 0
1.071557226910621 0.2000688190373504 0
0.5584354256337711 0.2627540520204267 0
1.883533489349894 0.167700997492834 0
1.565910306474882 0.1646427593288481 0
2.034221512262072 0.3933174936019444 0
2.146089041333106 0.2231235801920987 0
0.2726088891430345 0.1429636818514566 0
1.001098734028699 0.06363035885992559 0
1.214199897962323 0.08203432020650835 0
0.1211293901884174 0.1598405092376799 0
0.09460471771267116 0.3179982979637458 0
1.848439106951026 0.16906290257125 0
1.880909100552158 0.07926629692723829 0
0.6040091153120217 0.0111066290884463 0
0.5287663036161849 0.13379467471063 0
0.1677450850188257 0.3275962296334073 0
0.1830426790153535 0.2771140924230326 0
0.5253355374622992 0.04830104697873541 0
0.8829869639518878 0.3980714091236875 0
0.699008947713803 0.3015898295332518 0
0.1813399402135712 0.2365808386615192 0
1.17112846177486 0.2735748078073594 0
1.513763923100189 0.0420897008962839 0
0.06444538760273862 0.1353951898609118 0
0.6603658235102409 0.3031149930560883 0
1.836168664178449 0.03130078591873011 0
0.5806257624177551 0.2179579205045129 0
0.201635790762385 0.1224763521041343 0
0.06953748539394014 0.227379701507479 0
1.320064084185203 0.1976864542448108 0
0.04034572518992058 0.2840747990108083 0
0.7950331290565564 0.2862877395031619 0
0.9017305204112094 0.384881591051676 0
0.2358534087285281 0.3056291760198853 0
1.245345462887157 0.3827080625513413 0
1.830295454354094 0.1416916544231811 0
0.07120314095700776 0.1625599891762578 0
1.252766849140624 0.3691022029911408 0
0.2243558414197822 0.1013818284566719 0
0.9287040488873975 0.3837029770389445 0
1.289539514788272 0.3546864907667205 0
1.806369991594421 0.2840728694690293 0
0.9483821655238786 0.09017717078624876 0
0.6670068574605674 0.2914710648573943 0
0.4634244160324387 0.0512672248356443 0
1.309752695588539 0.08625153458811315 0
2.070749885053556 0.2587355244254047 0
0.6797268065118325 0.2910106260496655 0
0.08122619800973586 0.262095881186642 0
0.863655442892731 0.256439060671257 0
1.09345260622189 0.3841998969288798 0
0.06575345761849793 0.4012398146702468 0
1.466206081790074 0.2840648902897564 0
1.095724063739216 0.1306376759390859 0
1.771389092428696 0.1296226608498469 0
0.9780883813541476 0.1575306691274695 0
0.1590358178801778 0.2580844322999578 0
1.805361119611697 0.1568153449235815 0
0.07653836317589488 0.2723941704252405 0
0.1364142671894394 0.2593083885157362 0
1.003450339061744 0.1338502166168607 0
1.530856826277195 0.1783108446718777 0
1.0760980235216 0.3708850931212578 0
0.2949846289742865 0.09965286667826616 0
0.5411758973084546 0.1333360008401501 0
0.5923648066973712 0.1534187383175493 0
1.008978250903301 0.3713492927121242 0
1.119309107914559 0.0597213117306653 0
0.9831172522917744 0.3968168305267338 0
1.301040144244242 0.2331122343240591 0
0.455215411799913 0.1579131668290517 0
0.4038111821073227 0.3407852911395085 0
1.12447430908431 0.358356518727724 0
0.758517653865451 0.3327359014990945 0
0.7360188825286069 0.2556828225453086 0
1.035971397498094 0.370980962094465 0
1.726291008297637 0.06897704008036012 0
1.807073812519911 0.2141709927192145 0
0.5535447681162475 0.1328361943679405 0
0.3540242348428453 0.05595494738791116 0
2.073872715988343 0.07671609095869796 0
0.7090337534065803 0.1138832034528696 0
1.335513634921919 0.06099311981002487 0
0.8694809353079088 0.0118189793519225 0
2.042925287970298 0.2738448783274208 0
0.1155748690563106 0.08363138485491993 0
1.428667089050266 0.1401578726040661 0
1.821386280302579 0.12735338659777 0
1.062859682391589 0.3687742447982702 0
0.40558185739509 0.2241548212687466 0
1.515828774354825 0.06927461837405408 0
2.005968730892118 0.3770251212688178 0
1.758984452403498 0.341952781297681 0
1.16794719659459 0.1606033798198671 0
1.450914988329405 0.3838851720727339 0
0.5600510101764722 0.1432664003685341 0
1.331944754219473 0.3273937471118518 0
0.1609235837965484 0.09256853126011645 0
0.7217986857130891 0.2123770878749195 0
0.4979863843217207 0.3078837164188723 0
1.107893115483586 0.1074253102613101 0
0.08385504428760915 0.3183663802487105 0
1.374706139368577 0.3253360699528954 0
0.01690695989448326 0.07916462551081486 0
2.065055189186705 0.09366427912129632 0
0.2079599178484453 0.3552925569267332 0
0.3596829385765377 0.04552986332210804 0
0.2890547582356561 0.1102574637880951 0
0.1076540888949458 0.008967139724692473 0
1.986031886829358 0.03241180056025198 0
2.063839731820276 0.06074563057360292 0
0.5087758671018298 0.02074565603271117 0
1.579118297852647 0.3642148825331926 0
0.4615670497875218 0.375495083490459 0
1.398166995419181 0.3626057600427137 0
2.034012654896622 0.290963485220181 0
1.007234652823277 0.05136443412644091 0
1.047933222140974 0.02481776912575726 0
1.59257179355566 0.11551104186004 0
0.008823230301803375 0.1459691499151997 0
1.561963447131928 0.09172061828735889 0
0.4758285658954278 0.05065976695725286 0
0.3501941923406212 0.1293683750052324 0
0.5308843757453489 0.0379410629292519 0
1.472161738659729 0.07322194347934784 0
0.03833788572824904 0.3646563143503238 0
0.5068058825978023 0.2212676581302558 0
0.1557592673779615 0.3084710139870894 0
1.028502989094607 0.06246046156943219 0
2.043780263525131 0.3098758375681808 0
1.628839551338077 0.0467275364816006 0
0.8744640213654794 0.3857093693355942 0
1.506424485767708 0.1864161659208839 0
2.054100239639356 0.04529561566411441 0
1.429093105812745 0.2827253120165059 0
0.07477654692353537 0.1350180056425291 0
1.159336128744504 0.3452327152831782 0
0.2082162683639118 0.1323606002003119 0
0.9542213318665995 0.2030979444479476 0
1.440843351032072 0.04993920488756972 0
1.866618591309532 0.2656686094618674 0
1.22654424522495 0.03279685328297896 0
0.7582374132066541 0.08915427617464615 0
0.2812425485638073 0.00961767820425764 0
1.07040379144963 0.01244337951679152 0
1.799656817437349 0.327876036944982 0
0.05590483714181618 0.4012547908146294 0
1.66594751521777 0.2111927751492254 0
0.7656114490366884 0.3436940514316934 0
0.09004190599833449 0.3634400739762805 0
0.3488384530871667 0.3110608564865516 0
0.07646567280498326 0.1716941488298733 0
0.1948974616385512 0.2768571021906151 0
0.2358710194987506 0.1009372118387536 0
1.814039207537759 0.1708531927565688 0
0.2713711114547066 0.1001034828689294 0
1.556379131531591 0.3526232706760661 0
1.995943663562855 0.3937588763795732 0
1.815367098388722 0.2280697091197413 0
0.7660543752159918 0.2215049147704931 0
0.8548809843223517 0.3981949743166512 0
0.5252482277247088 0.2096607375241057 0
0.04374629257141278 0.3733949710417512 0
1.757877459172905 0.2854507082260154 0
0.961714525781773 0.08948552966140501 0
0.9934741167530158 0.2986144338085051 0
0.1490990162021044 0.3870699831656843 0
0.4580061733065528 0.3645813970699569 0
1.547997594562459 0.3955776429735421 0
1.956616794249024 0.2623895576836897 0
1.66661284666059 0.3681258541569252 0
1.658016776687435 0.3819492826531017 0
1.140526474879798 0.1402290448456156 0
1.0612129784703 0.1938263548043514 0
1.907428918426384 0.06271072615452823 0
0.356648960413101 0.1397363777126161 0
1.744526204871032 0.3797886119011471 0
0.1533752387369534 0.3771751763301386 0
0.1950867365207313 0.2968008638091529 0
0.3542729101212619 0.2783737628099869 0
1.74700062620083 0.2215217407980187 0
1.01012563462546 0.1221969307437548 0
0.4687413207055822 0.2019003039191122 0
1.854246206976502 0.03126744829346915 0
0.1924435375882764 0.2358393959167282 0
0.7845133910898079 0.3316344196574241 0
0.2012333282944259 0.3067125880556072 0
0.007956063918212472 0.1248728994424568 0
1.761484044583356 0.1959356952236882 0
0.0159674293036047 0.3293290635552346 0
1.751124685943831 0.3550113578294043 0
1.786856376082578 0.257403277216838 0
0.2590828330070314 0.1006962461199638 0
0.008411487403566347 0.245000000000433 0
0.8416399320941078 0.2960939680338101 0
0.1001718779559158 0.3268564224134536 0
0.4000500081487375 0.1702903378427509 0
1.967986353392881 0.3777589232470131 0
1.976203378326327 0.2607456252264541 0
1.499729563161499 0.2730831033967083 0
1.297554668956463 0.3678746017298495 0
0.2135526094020909 0.3454643319109898 0
1.549753772989445 0.1806272619939199 0
0.3630964436458762 0.1500967271881678 0
0.2531095725354535 0.1109490114188143 0
2.147752220944166 0.289491245018331 0
2.184447695163534 0.263595842425681 0
0.09034248981066482 0.1995000108142378 0
1.294341134457768 0.2448717690220051 0
1.40820894325388 0.2852760858553751 0
1.133282364852509 0.06043520186812032 0
1.617492189755901 0.3724480431247146 0
0.4065383468497871 0.1809858045071308 0
1.863945383680667 0.01570995556763306 0
1.360414631033547 0.3259453481754065 0
0.7917920095845135 0.3426570940752861 0
0.1415632081826299 0.2492560249943536 0
1.746747594106572 0.1181150821443391 0
0.8472480227663024 0.3862341719998796 0
2.04061987404019 0.2088516743709124 0
2.092269527506349 0.3922346715246468 0
1.587542589191447 0.02831360805787536 0
0.5016362645177423 0.2312839328389731 0
0.5728767114016193 0.3899685019828048 0
2.015787545687517 0.3238681680236179 0
0.6184856015677612 0.03353983860837398 0
0.400702494673838 0.1918435917477155 0
0.7639263189782707 0.07773878599905683 0
1.372444273435058 0.2090108333296189 0
0.009537302164653556 0.3651375031521319 0
0.1272668772051447 0.1697587467619693 0
1.295505527247725 0.2918395638655523 0
1.339678757990269 0.339387662778447 0
1.181085747415266 0.2270503970141846 0
1.958134300626086 0.3939898848722292 0
0.71380354955756 0.179934938497543 0
0.357342283489263 0.160870171605174 0
0.5897452846116775 0.126116423586804 0
0.3880531460941299 0.3917551540704691 0
0.1667575787546843 0.1022536328731248 0
1.204668119374505 0.2589117158151422 0
1.839792938611987 0.2234324207279284 0
0.396928412095101 0.08564375291396754 0
0.3550826215381773 0.3000435383581097 0
0.2393591887336839 0.0508663102272634 0
1.386847714760999 0.09413406779705154 0
1.169279306605683 0.1941071510808067 0
0.7154474323183487 0.201878979966744 0
0.8768276500176613 0.02347861497070962 0
1.959373884477269 0.3263368840679216 0
0.893761162358149 0.06961984103055109 0
0.3949132393880201 0.2023057298119148 0
0.8107360677340048 0.3306301268423964 0
0.664344790581811 0.2419330831888819 0
1.835804310127799 0.324735933666087 0
0.4092095904983082 0.08511021445672497 0
0.9679825790133427 0.07741997242307595 0
1.930492527443327 0.3782168592167027 0
1.507541143540555 0.05627847197981407 0
1.88432260824998 0.2649166711971359 0
0.0087004470474689 0.05555776934147354 0
1.078625033163574 0.02623331469369557 0
0.8337871725890111 0.3865551894723668 0
1.55364252755037 0.07955007725623665 0
2.169232687011788 0.01808827354678389 0
2.170184581971458 0.3936362883722886 0
1.724608186875594 0.1591787722763114 0
1.173013468512001 0.345008840515292 0
0.610031781766785 0.3044077172690186 0
1.219361743343703 0.2594318953673246 0
1.305830188188519 0.3818218059779243 0
2.059429321829921 0.2085274272588509 0
0.6041897734544194 0.3158597738199395 0
0.7920672026246331 0.242049876777999 0
0.778502268827731 0.220540771688251 0
0.6106311302212267 0.3267904581400725 0
1.054958320186828 0.01232838730533158 0
1.660400275816123 0.04757709354785247 0
0.6049561415378121 0.3807253019962517 0
1.533201410813346 0.2138618530636841 0
0.0451167747172421 0.3914515810012765 0
0.3515657017086545 0.1717110706312557 0
0.6113215230680863 0.3488135991870709 0
1.274986094368924 0.2337523134224303 0
0.8181513399250732 0.3416427658314807 0
1.486636570312844 0.07216569943181211 0
1.82208646762771 0.1562108585170502 0
0.820423309338455 0.3870221473071228 0
1.088933522184691 0.1200119224366174 0
1.890676214181311 0.03154317542004468 0
0.1598540333537051 0.1138230952232237 0
2.069545226235181 0.2247600648703737 0
1.375812425092872 0.1629095985859266 0
1.528912757824012 0.04133058639798341 0
0.960689799848635 0.06596845144820217 0
0.7570312390733762 0.1666409269909406 0
0.7641160025993362 0.1779529920559055 0
0.2305611164839838 0.354723735739887 0
0.3457572927656946 0.1826824694385766 0
0.8070391802874868 0.3873436356859863 0
1.39739918867241 0.01358352566218132 0
1.163837301456232 0.1407631552887206 0
1.281082466586377 0.2927405073014562 0
1.304607466639792 0.0976963624084724 0
1.148157198297926 0.08456403990148664 0
1.383773720292195 0.2306903401454751 0
1.806050201691535 0.3411711667519891 0
0.7950737536165327 0.02255302181733865 0
0.2471465278801491 0.4012585507192724 0
0.1178098100515249 0.3726782405387002 0
0.008634832626421226 0.01571390163920623 0
1.14592878755824 0.3958425481279821 0
1.402620065756838 0.3872647844923747 0
1.261167568940202 0.2346771606063902 0
1.71725288748874 0.1991017719214147 0
0.8358949868051551 0.0242982471029071 0
0.01576440680484208 0.4000686438273779 0
1.511499038034557 0.3296526315827648 0
0.3114460579788877 0.1916416834095355 0
0.7838126884344833 0.210450167396631 0
0.6358846262047773 0.02177425965953516 0
0.6657986201020556 0.2000362273288618 0
0.8371871993109752 0.3296656609558095 0
0.3400061824498399 0.1934663429856847 0
0.5689239684524523 0.03577961088607642 0
1.902128519303108 0.3945879720810718 0
1.72121681751746 0.2487169847793204 0
0.4091069002064621 0.3306369156936347 0
0.9053080000346914 0.148338667264574 0
1.432071237880094 0.03851262065268733 0
0.4241612696451666 0.391501547313308 0
1.912083716213939 0.3785957982724206 0
0.6048560503170641 0.3378709997432137 0
2.00562111441866 0.03162853778665118 0
2.142014078336992 0.1238815093883211 0
1.121859443252696 0.2208457063667621 0
0.1923979000815394 0.2174720938628145 0
1.560474256794212 0.0654729143054875 0
1.564386094954426 0.366121488932651 0
0.7937074790082771 0.3875752967883004 0
1.902015536892712 0.2640040400576302 0
0.9668088705041962 0.05356090259951216 0
1.253921350278749 0.2464349506935543 0
0.4277129148923487 0.07404390374229593 0
1.153237471558859 0.3829856214137641 0
1.196269164495138 0.1799691267342467 0
1.279492999408573 0.03994287114477933 0
1.07619354481134 0.1204713240091215 0
1.273589690186448 0.3053291605504558 0
0.09999559667704488 0.3620714867028109 0
1.527278484984797 0.3807668800730229 0
0.6803184911006558 0.07044617004170821 0
1.235116088107411 0.2351612792111973 0
1.608322271741026 0.2206785312619918 0
1.875511689466317 0.3793083281153095 0
0.7053892272936075 0.1472458062784587 0
1.675530140629567 0.3813015796214185 0
0.8300622837196132 0.2621559932654556 0
0.6820700121557153 0.009952334183384535 0
1.030612230087387 0.1328342102043387 0
0.2477251390077735 0.14270867991578 0
1.593243149043382 0.2984381147893682 0
1.254829882202386 0.2021886517030062 0
1.020917427558188 0.05075696326991131 0
2.132449722581772 0.140294679053595 0
0.2920673499822586 0.008976107320536914 0
0.7425641973451588 0.04584021329613976 0
0.6056274592506168 0.3596764598674084 0
1.057047129851791 0.132140752823231 0
0.8906778378563911 0.02321803678932291 0
0.4425143369834617 0.02207997037648783 0
0.2166290391808117 0.1553468316899612 0
0.8448540449058028 0.3405961623269843 0
1.332324366479645 0.175106310676809 0
0.2306571133778598 0.2561060788168915 0
1.529587416907621 0.2458285406103755 0
0.2364450097980131 0.3448495077862408 0
0.7497881410797197 0.1558477348052343 0
1.919990541160787 0.2633577710861214 0
1.037462748939351 0.1212120240939297 0
1.325856733820149 0.1639463143872152 0
2.167965188846715 0.04013978656218458 0
1.353789883134935 0.1308853003837104 0
1.407368322708334 0.128541644221356 0
1.697305012464929 0.1603500469478519 0
0.3969951805614254 0.2881551076597648 0
1.600040760164212 0.1276968986318747 0
1.865664716539285 0.3946599785278936 0
0.6118268043415521 0.370306946135124 0
0.3763382243381375 0.2137415617438665 0
1.715150373014068 0.1217608564894566 0
0.9458601607014813 0.04334426736991485 0
0.01996934497975451 0.01667736834165416 0
0.05678910907891008 0.07786541007931623 0
1.929900668744932 0.2785518658663614 0
1.803144704820801 0.2569461157371595 0
1.839243840771259 0.3793347249164696 0
1.334488762164394 0.2659963198664162 0
0.8636901489953935 0.3285792714834583 0
0.2456704813040226 0.06039884028907937 0
1.252742858683646 0.2939384007687522 0
1.575580044217471 0.06439463206259537 0
0.615414284901171 0.1755716695969463 0
0.9974655854382397 0.2651013725819633 0
1.153529501359194 0.04989202368417025 0
0.6999746564425925 0.3879856513774541 0
1.676058137436825 0.026684976775994 0
0.01639514320892694 0.1101419901370817 0
0.1466841491098883 0.2391562095469216 0
0.6426772094064775 0.03218912015956504 0
0.5611355553925607 0.187027737012248 0
0.7804749949161069 0.3877739298973351 0
0.8040433670710568 0.2413467469271487 0
0.97960387323431 0.2799824982990859 0
1.578130544315868 0.2784128653458421 0
0.895443848921188 0.2351618466974626 0
2.160283940000557 0.2121597722556335 0
1.948650143371104 0.2778286293980913 0
0.2768851258637672 0.01952674711792418 0
0.0166943474369084 0.09082551212075905 0
0.8716179131795372 0.3394564674295582 0
1.343816273865913 0.2789196160700455 0
0.2536346175091562 0.3539744092053705 0
1.245000645724508 0.3062103578123628 0
1.314129672373565 0.1859700174199863 0
0.1386400100625108 0.2990871272515166 0
0.7011889694079464 0.3672966223086246 0
1.10516639052762 0.2462407180974656 0
1.573339748341593 0.2540064858886744 0
1.59969204596312 0.2661788446448634 0
2.141567952018829 0.1890558565717924 0
1.50486111424849 0.1213759603935594 0
1.496329582460354 0.3309153327998704 0
0.8099510321111529 0.1290798856199024 0
1.839339860901982 0.1556226180756606 0
0.00776355801974043 0.0650000000001944 0
1.493289642908487 0.05780227138272026 0
1.24167300715885 0.2025668826811806 0
2.024653017944846 0.03125198184591205 0
0.7208745429219861 0.1905853475186501 0
0.6110989999628296 0.02229065379527205 0
0.9419925660897646 0.3243931627801923 0
1.013195456043775 0.03833608525513501 0
1.814833084392074 0.3648038828906927 0
0.6271625249428303 0.1976889837900245 0
0.3704719708196532 0.2517107387566762 0
0.212699597765742 0.3066099968427444 0
0.448348269640245 0.3297960550923307 0
1.353693783052539 0.338690302428367 0
1.686178117962354 0.316842850309077 0
0.2528332888618011 0.07131805992391804 0
0.1296153784649132 0.008939191835284698 0
1.427002526909147 0.1147979401435217 0
0.904446438569645 0.02277687595027194 0
0.5666472263144475 0.1534593960915805 0
0.9913517354998216 0.02496198175974037 0
1.614346537386296 0.1274636891980695 0
0.2141442342502949 0.4013888252477156 0
0.6836415659518775 0.255688299396804 0
1.512182110885207 0.3788256824104043 0
1.2259865572971 0.2941647214732048 0
0.9939346175157293 0.2228604332942239 0
0.8835004499702884 0.1561258850845538 0
0.4554424371631335 0.008335846924602233 0
0.3100716595297829 0.1625861109420522 0
0.8895083897859193 0.3269984304254521 0
0.2597705707559488 0.3440954280766645 0
1.975055070030217 0.2291826160068033 0
0.7019729626385538 0.02330151671780084 0
1.0214486094783 0.325045141865019 0
0.9752923797565085 0.2561004167994602 0
1.070732847335877 0.1757333568303039 0
1.716663759496542 0.1738792900709474 0
0.7671653922651466 0.3880522443125849 0
1.211812910929208 0.2955370186570423 0
0.9870033248060972 0.2337722326131163 0
0.5794109009466099 0.1532559560042023 0
0.903450975096088 0.3269087830109862 0
1.768486018083806 0.2315493536164815 0
1.581678404664095 0.05197165760799469 0
0.2706447256105263 0.06045698139882407 0
1.404725964022744 0.2624699417351262 0
0.2830976915898251 0.05952956739130746 0
1.337032306817449 0.1426126709532547 0
1.214397387571798 0.3829760643410183 0
0.2184158565618295 0.296468674622401 0
0.02944174642332786 0.01678326614066751 0
0.9117451421182012 0.33776955179548 0
1.536231632317071 0.02773859111766118 0
0.07548256122214855 0.2538548636151063 0
1.747170642676464 0.1714058593826983 0
0.1520812526194662 0.2289189179586559 0
0.9296920250626545 0.3254404533934489 0
0.8535545676102939 0.1324053921078208 0
0.0519571236045939 0.1012800212107888 0
1.488580007952172 0.3437834590855868 0
0.8374802434918119 0.1060846246518494 0
0.2416304254959534 0.1109887185037772 0
1.390844327002214 0.2419533644199258 0
0.3838917138186646 0.2899131217793298 0
0.9136474756227404 0.2602064109923323 0
1.916937561590437 0.0466190871146644 0
0.3343563484674606 0.2053560289562369 0
0.2768385486995147 0.3532792350682168 0
0.5432040713112108 0.03779981991071197 0
0.6976784811410277 0.09437754714077175 0
0.349880806890736 0.4004492407796956 0
1.497657188048821 0.3814458415413833 0
0.328160168623699 0.216725041779788 0
1.449376084274529 0.2556030284121922 0
0.734894189759969 0.03431945745181225 0
2.04421381367775 0.03026800192425447 0
1.292416381911354 0.04149844888753861 0
0.3333885871698921 0.3910855520521748 0
1.133889244306975 0.08399839715748916 0
0.2301193517305275 0.2960920214298355 0
0.7540451197851197 0.3882295327773743 0
1.06372921563165 0.1205012430729234 0
0.2832293502520126 0.3433876853811199 0
0.1366264085768133 0.01811217352417652 0
0.8677433464905284 0.2960472177153691 0
0.2086657368237951 0.3926186121494656 0
0.08035176027443122 0.244385384893606 0
1.856558000381601 0.1551117724767264 0
0.3557375979023934 0.390725470690267 0
0.4596394365665805 0.3892224683501351 0
0.4948481743094624 0.2929299913566064 0
0.3022074330789732 0.1843252149671425 0
0.05742540210106725 0.109874871417624 0
0.4682199542668877 0.02206473798215483 0
1.762875382276432 0.2455312446914451 0
1.477038357913784 0.3963764097569659 0
0.2304107709279236 0.3926465169617577 0
0.3094997479535849 0.3914733675398883 0
0.3267642099079142 0.4006447635050412 0
0.1573326047667723 0.2187273015980145 0
1.102677503678053 0.3711652650219928 0
1.602329834174985 0.2105171503998967 0
1.012234464368842 0.2095328631722121 0
1.003894205038262 0.2164403106216968 0
0.4190138776533208 0.224268139155752 0
0.9517356873060039 0.03087059878512942 0
0.4025097244910148 0.2353045461836468 0
1.407741231842309 0.02728711779739494 0
0.1164161119571296 0.01834279562734464 0
0.5700890899623727 0.1001366736013401 0
0.2360791655518889 0.1212044002542859 0
0.007764954008638079 0.3151100002010085 0
0.2677427078895913 0.2546064400862978 0
1.558657896796594 0.1887477960409272 0
0.5564742075258408 0.03689033765142064 0
0.8059418602249107 0.2848454052957531 0
0.9813057847957609 0.2447134824916044 0
0.2977991367357518 0.3916096107091241 0
0.2862293305512595 0.391905383970894 0
0.6677465602279127 0.0491095875349873 0
1.641321675543125 0.3833578469180172 0
0.57666540287412 0.08746857507206938 0
0.2752324288274333 0.3918312588820423 0
0.2416913032156101 0.3922858610974563 0
1.159576297109984 0.03673810978722045 0
1.167464818792419 0.02467136899053703 0
0.1977023753394825 0.3925504745839131 0
0.9182579291352875 0.0223994675566289 0
1.380726644277417 0.2012440815987662 0
0.2250695475838393 0.4016863994258096 0
0.5792538783621094 0.1960505996334724 0
1.394387759431121 0.2011127276899833 0
1.467015086969381 0.3319396796331539 0
1.284299324176432 0.1774451905302063 0
1.692947588632669 0.04627447140088187 0
0.263993727288862 0.3920847981866319 0
0.9376634007984862 0.3977853369954855 0
1.557204671292925 0.3814085880731657 0
1.320334376037947 0.1194046630807503 0
1.672677982568538 0.1706530841190909 0
0.8009159396288685 0.07461171788348391 0
0.2583247453796292 0.4010934428581813 0
0.3001702636323141 0.3526066068036558 0
1.443728235744357 0.3970930707437478 0
0.2834961586445764 0.1400173227946286 0
0.03962554666998253 0.01646548483835965 0
1.661808278114162 0.331162433566592 0
0.740880549877681 0.3884515400433866 0
0.5672563765070229 0.1748157668220337 0
1.051363583645079 0.2145601764171202 0
1.419692205761701 0.1030674420753412 0
1.093681969231477 0.02380998090418828 0
1.404786905063463 0.2423816209099067 0
1.196794884209771 0.1455394192915837 0
1.874285189158583 0.1544187095360047 0
0.3067726356501062 0.3427667728943531 0
1.076265223126488 0.3255775712715989 0
1.467188360016766 0.383472340298754 0
0.2026174675019869 0.2346016791679427 0
0.1867660190736265 0.3926746405157664 0
1.42818624058764 0.3972218738958291 0
0.3895470456350256 0.2119676188098065 0
0.2422940135711713 0.2958321423240102 0
0.8514363419619364 0.144809708975033 0
1.474365749776478 0.02668837273721008 0
0.6610371204426095 0.04053823907103776 0
0.4484118075241074 0.3906871844770658 0
0.6184609417791517 0.07563322817465699 0
1.405915274039316 0.1663695628574239 0
0.2421419880723998 0.1316558270744194 0
0.8938999285889254 0.2959968131541171 0
1.438303130406757 0.02549829285941443 0
2.167197379629675 0.3547082899406437 0
0.08494217796259454 0.2350991455313353 0
1.454221069754637 0.3305029240645831 0
0.4312471822036728 0.2007056678327238 0
0.7846808562420121 0.2301860152952486 0
1.44117402211421 0.3485023355147174 0
1.104675491909225 0.2995026564685871 0
2.091553231794426 0.01456952406401188 0
0.1628718455526659 0.20830045331825 0
0.6208840123464502 0.185851069781679 0
1.347208511836953 0.352001553232429 0
0.1528088817831407 0.1402104937540316 0
0.1118286918260391 0.02801038597691581 0
1.636140996882152 0.1871309706091681 0
1.417217641861201 0.03995271379949586 0
2.185385327234534 0.1467066767512079 0
1.483939912673689 0.2438301791893004 0
1.499004676334259 0.04193834859716031 0
0.5099767324580887 0.2649116979660948 0
0.4806725133033103 0.2190169703118988 0
1.112878995102337 0.1977917303824388 0
1.720435534632004 0.2759853356927216 0
0.6222432337723054 0.2612667170506952 0
0.1759016225820113 0.3928463925968269 0
0.727766763540461 0.3886584224283796 0
0.3240867136552485 0.3525688696942146 0
1.00258225328329 0.1781858119201976 0
0.1357187072008946 0.1121303725265113 0
2.140537398945799 0.1564551689702466 0
1.92876518507482 0.1537148791714281 0
0.9826182840339689 0.2651674474990749 0
1.528743413447495 0.2258476038216252 0
1.11624044397571 0.01199067007641434 0
0.4362837735071506 0.391055034192765 0
0.6960206203242469 0.1646129325881343 0
0.8501995965537372 0.2860430605595352 0
1.418952391294474 0.3854721369607355 0
1.035582306911272 0.1885987587781653 0
0.3048736971104931 0.2178552119930351 0
1.374550678989999 0.04337885184975542 0
1.20334333854983 0.07933014740430724 0
1.386614447933202 0.1631703179456449 0
1.27467686740566 0.07399218775968787 0
2.167605022038212 0.07376237621796107 0
1.801079202809543 0.0667717540309142 0
1.425674669214557 0.3322005375875812 0
0.08217617408890274 0.113563777085547 0
1.696256756158086 0.3654133449025532 0
2.063051789155027 0.02945990532763917 0
1.06566397697642 0.3230925466110591 0
1.552437814132761 0.02710710250125858 0
1.31821849520166 0.1526322617307044 0
1.51692657138775 0.1338737277778907 0
0.3414166051560391 0.362286186465598 0
1.579983154857663 0.2639168797118112 0
1.090394607075836 0.1624062872537156 0
1.331431260376053 0.1535774516878901 0
1.159778921849627 0.1510240541700497 0
1.308964568016663 0.02565167575774677 0
1.47741066257357 0.2849026287125235 0
0.5055481300038549 0.2406877905270901 0
1.355172390932794 0.3634610448242632 0
1.052410342185074 0.1877238528289309 0
1.721656007439976 0.01413386466006879 0
0.3509617484968989 0.3633955529719997 0
0.06772191663091508 0.00728710717020643 0
1.789183988622318 0.3686908375546054 0
0.6627651965572969 0.0630660264003976 0
1.892125929663192 0.1538168392577222 0
0.1653584632725835 0.3931592080826496 0
1.49692783863257 0.2409080644183795 0
0.4183794064516079 0.4007866441545911 0
1.03562015163769 0.3268320961253073 0
0.1679433282300454 0.1981821776733964 0
1.12524258398807 0.02401004771923456 0
0.4791791864608152 0.007844899744576334 0
0.7140207410518219 0.3885549714605543 0
0.2598833481403736 0.3051286368380431 0
0.007311794976463704 0.3465138416034631 0
1.20314112443572 0.3313601413104461 0
0.4806892840703336 0.3216470822183224 0
0.932483527454572 0.0221893056794841 0
0.1074069216152761 0.0372481791027728 0
0.313563986443168 0.009210910853078964 0
0.01661468694953289 0.04162708307453333 0
0.3288527298572678 0.01899205931838799 0
1.139412963651247 0.02390949603045987 0
0.1038253902616269 0.3510332137874418 0
0.9104886194203832 0.1928967925717366 0
0.1494242808602666 0.006744046454462785 0
0.314035503147907 0.2901665539341078 0
0.2182384017979547 0.2577000083301947 0
1.49645677522488 0.2838335961908962 0
0.4249314789293283 0.2123125350163903 0
0.8740406429838046 0.2574977878751551 0
0.7684423428050918 0.06652822838541671 0
0.4058449973497847 0.4007658967205309 0
1.927253346860058 0.030049228094321 0
0.272306569332204 0.3043261872163661 0
1.938970408098007 0.0126735348570057 0
1.385712959501869 0.1402938968995529 0
0.7115650018639421 0.1377930365583648 0
0.3059088883191112 0.01960521041131144 0
0.08849545638957955 0.1210925270038569 0
1.111786429379 0.2638799001550304 0
1.706514371016434 0.2248268729046223 0
1.468808992782201 0.1321179011456548 0
0.4378098848173573 0.3296606447671225 0
0.1479534550648474 0.1116772782137015 0
1.701140545714124 0.2362023128296168 0
0.5740893356730667 0.2073930727571497 0
0.1692794190775552 0.1419803514877744 0
0.7613088142502688 0.05651938707093521 0
0.3996468596242481 0.3914711679901666 0
0.04980705326919733 0.01554805854204534 0
0.6880388997837603 0.367015672890104 0
1.499704841453044 0.1673769993107442 0
1.492463863539576 0.1553202138740466 0
1.584886441057416 0.2205790337827164 0
0.007358156887403032 0.2135012063451115 0
1.720713065168962 0.1088412664164799 0
0.3832504176278581 0.4011897186058784 0
0.006683559291802131 0.2947667082832759 0
1.112563652560625 0.1736718778271968 0
1.910462773999074 0.1536155445392104 0
0.2967212450116422 0.01624432497046129 0
1.153071080980391 0.02434702562150152 0
0.7539533540829987 0.04507550406843126 0
1.425098430351632 0.0884519318280073 0
0.2790878719179436 0.2946263171092749 0
0.9267463138902485 0.2384691629104697 0
0.7032558117900787 0.1812338969832542 0
1.458755842368517 0.260716470567923 0
1.239649729392984 0.06466276518367819 0
0.3586398413194695 0.2665613107155085 0
0.3126885874797288 0.2699272222669716 0
0.493069558029506 0.2369974513754176 0
0.01570099488829383 0.2594617320788025 0
1.186640512387483 0.03832795938264691 0
0.9029851048489088 0.2802476068296714 0
0.1126153874225094 0.04527904081004956 0
2.072516333601748 0.01464623707733832 0
1.082230907078308 0.1081984509787558 0
0.6746150756391753 0.3673897704506746 0
0.3166154652286511 0.1728667715657193 0
1.764137977099633 0.02767257024206185 0
1.39489069471384 0.07854708570787867 0
1.619813249827357 0.1172767163347578 0
0.1802713353640775 0.1975600091886485 0
0.03081779637211547 0.08497698100797839 0
1.421557272494281 0.1266023491135341 0
0.1875613336921222 0.148073595258762 0
1.73138568367123 0.0273990029944004 0
0.6620324655480201 0.3680309759033945 0
0.2960387338312213 0.3041095571202606 0
0.2554906121392542 0.1512649325273687 0
1.221331600212406 0.06671500779456405 0
1.191054592484464 0.1275641157205252 0
1.318903746957938 0.03780782183681839 0
0.01481579635479844 0.3906259389917509 0
0.3719671566537041 0.401483589207881 0
0.1594855261616659 0.01854061256731227 0
1.782699898036787 0.3816662907328585 0
1.175844292673677 0.1388473441670132 0
1.452016330251498 0.02509909137454347 0
0.3061783907956114 0.3050865077413629 0
0.6105445476840358 0.3903365243615208 0
2.187260810702822 0.107380952380699 0
0.0532446682027076 0.007482542279868517 0
0.2948784686449579 0.2654049673570156 0
1.688842495994708 0.1101284932283691 0
1.956539996960629 0.1663841161320261 0
1.624704595336874 0.3839433041269404 0
0.4935585338626192 0.0203201767362919 0
1.720975175988386 0.3535424268878559 0
1.956914187061008 0.01311759825227228 0
1.707434998876952 0.2460215125731574 0
0.6551954916980882 0.378591293490286 0
0.4432721986152082 0.2001988312993913 0
0.8043569365095965 0.1621750131987537 0
1.569663878629079 0.02694465892870528 0
0.7586273391353973 0.03348519000238834 0
1.656872808696695 0.1107091713668531 0
1.6433563236238 0.1278861687966043 0
0.4594383711298997 0.3316630341704179 0
0.08339320436449443 0.1360423724920611 0
0.006494434527878574 0.2750000000003379 0
0.6292346078134314 0.2505248018148058 0
0.1183267461818764 0.05422371003801951 0
2.131919367854314 0.1728285485509162 0
0.1912192444311474 0.1977703312896459 0
1.671764559391479 0.1267519712220748 0
1.764720142633268 0.3828771293000052 0
1.227695149293522 0.2472191331651491 0
1.747517760906946 0.0267895916975976 0
0.03565135547858256 0.07645386314348664 0
1.74421557207178 0.3651153168553384 0
1.021085743390387 0.1774577282762199 0
1.984743980534335 0.1481481504190313 0
0.6815589557780561 0.1794986271200518 0
1.655296211426387 0.3433091223402875 0
0.7049929075487369 0.1021920810838708 0
0.6430714898376058 0.3794852144171265 0
1.754609344727797 0.1035616599948526 0
1.699600555402824 0.1226528323417792 0
0.5985872508998636 0.1441869842045551 0
1.259856545025397 0.1926172152898052 0
1.938307215955736 0.1671862400222041 0
1.075927269017444 0.09681836270890444 0
1.008277962739201 0.3278077242136249 0
1.082286963869654 0.2283576866961677 0
0.9027744329112259 0.2018050315287213 0
0.8910354498134683 0.1465096884188858 0
2.101125523211148 0.02904500732580378 0
1.293206109880074 0.09913339688957086 0
1.278841058825031 0.1851504860845188 0
0.3661879719836177 0.3911477178687607 0
1.192441492045717 0.2255993054840538 0
1.612533377216209 0.2077644849470586 0
1.229513020113503 0.1848052735997413 0
0.59180376662593 0.2168336918385606 0
0.950514431118284 0.3359953066362604 0
1.302730462008665 0.1318069651231901 0
0.3412990248889246 0.0184244524141885 0
1.332894349706072 0.03775947610058398 0
1.052376158570073 0.2009555550116345 0
0.9907995361577864 0.2010537880863538 0
0.653916890636127 0.03085646766754905 0
0.9157347842835579 0.2237599923402179 0
0.1707612195189826 0.006759762959001351 0
0.006323530763286356 0.1750000000004507 0
0.08936187868682903 0.1427495145376979 0
0.6528998217418663 0.2017156909250365 0
0.6468596819557546 0.1898252721630168 0
0.8609951470893236 0.1392371048850193 0
0.04502785925809016 0.07601274915342844 0
1.978142949292255 0.1204666129205038 0
0.08886405338668657 0.2266113738565736 0
1.102479217129005 0.2554712546165805 0
1.187907227505137 0.1369113406630969 0
1.605612408304257 0.300064459188075 0
0.516925006675499 0.2555579411015323 0
1.006265180533376 0.2995441231948291 0
1.147812763056342 0.1282651924620381 0
1.439255697692908 0.2871842037157329 0
0.542752035407053 0.02158792763191563 0
1.173019959558823 0.2185734334340491 0
1.737420397265418 0.1074061920197872 0
1.199638617600446 0.112636435157023 0
0.597233439090326 0.3909995835434822 0
0.6369692606712223 0.3895462263331205 0
0.5683863669279789 0.379278379926977 0
1.965577426172525 0.1510488392942358 0
1.627833707836109 0.3250804458711032 0
0.6069424955725581 0.1009982665985347 0
0.01612482250611325 0.02626438643078266 0
1.204876747576525 0.3074085744066301 0
0.1241185278407353 0.06451661332760428 0
1.081323786031803 0.08430832788739985 0
0.5817090435797847 0.1203979171787717 0
0.8796644092265125 0.1469683153856124 0
0.4780313721606626 0.2092957487571343 0
0.2929538724160639 0.2396364968306822 0
1.783334359413773 0.04536930027837455 0
0.5128873854244883 0.03016887531310517 0
0.3077657734621935 0.2827750994150103 0
0.7713358075206725 0.03192024975248035 0
0.1723953724582681 0.15021911542685 0
1.760369831070648 0.2199176566155354 0
1.396308014565615 0.1588004786102518 0
0.2367967755413548 0.1397334621444372 0
2.188089504371927 0.2245238095233381 0
1.09958594951024 0.2879774364393427 0
1.416624589573531 0.07675234971358036 0
0.4125865305466902 0.301589579173357 0
1.19237277531414 0.3293610593459227 0
0.2905681746446416 0.2302959917582764 0
0.4597196020918302 0.2095592744501956 0
1.481893928768613 0.1586006018337175 0
0.3531724302384851 0.01798632389241264 0
0.8230338891038633 0.2539005327336758 0
0.5847442931360114 0.3910540535971646 0
0.6238018684642298 0.3900770413910751 0
0.01472313732217187 0.2401539185492086 0
0.0950795406479429 0.1511375267606073 0
1.645235949256908 0.1702882254720709 0
0.1960088952724135 0.2272100850087531 0
1.38165745369431 0.03121287742504494 0
0.8595123122462436 0.2473294886127423 0
1.105087239086898 0.22663345318665 0
1.20009885296168 0.2346071345864815 0
1.217550121277757 0.1826012659202636 0
0.5559159828946039 0.379485610042913 0
1.199219804818926 0.02170648772687615 0
1.976711716256112 0.08865989139028856 0
2.120495167029658 0.02852524905907175 0
0.015159698278452 0.13930200394331 0
2.154095327557393 0.3036050429974225 0
0.1810144187021256 0.01785223241955671 0
1.497259226011453 0.1905332200914024 0
1.50491697010739 0.1764467059545925 0
0.4189156170741334 0.3310877813353925 0
1.074784606590886 0.07134781247886911 0
0.104950412369984 0.3337446575050756 0
2.168796761732437 0.3272995767965451 0
0.09046736738928576 0.1614449465385832 0
0.1545986617046105 0.3939539314964313 0
0.007082286555996979 0.3326722444783392 0
0.6596776230466757 0.01969249113568899 0
1.151893522462616 0.1413597448976202 0
1.210382810826175 0.3192470404546877 0
0.5531208446667577 0.007825260925836965 0
0.007325651490975933 0.007328471190725545 0
0.2932262590050005 0.1550969602014962 0
0.007319473605065982 0.4026777001686579 0
0.8444834061963093 0.1147061578302252 0
0.1297338702403065 0.07518020513560325 0
2.185670810630355 0.3957712649717497 0
2.185670810630409 0.01422873502813431 0
0.8201498478249918 0.144775642981222 0
0.6352835240992394 0.2402616065674055 0
0.0861434135036188 0.1707509467844718 0
1.006595739542541 0.2279304978289439 0
1.021627575304477 0.2143211311736596 0
0.9578339386237018 0.3472322155157916 0
0.3610799043758179 0.3813387156213386 0
0.07072637194559883 0.01507750345737758 0
0.9101989850532675 0.21289639680928 0
1.350437149511643 0.3753208846867119 0
0.8062616882941104 0.2316893168781423 0
1.178095055987325 0.2014594996876619 0
0.4073493885506874 0.3104617690297646 0
0.7978557429807429 0.1834427097134985 0
1.619291099432801 0.2263570270810046 0
0.547043652842981 0.3914868197769318 0
1.975245157222855 0.05700243815057959 0
1.652410465466295 0.2120632539332443 0
0.9838383840768359 0.2923689325479787 0
0.4766208462519064 0.332854132190703 0
0.9169718991720517 0.1840862765101634 0
0.005920188181491535 0.1550000000004149 0
0.365070715164282 0.01750372815489469 0
1.34023876479557 0.04985221805917557 0
1.704872291772216 0.1698007789155191 0
1.419619120719029 0.2881455572837225 0
1.56924663408184 0.234965183281277 0
0.3624284613639165 0.2345702256317923 0
0.6452961516387679 0.2276237378147457 0
0.5250479225325334 0.03004009103267252 0
1.453407510455366 0.1487691045679903 0
0.3721093434539554 0.2922977780654019 0
0.007282512413451379 0.2273863184935886 0
0.09029995806024238 0.1784167571510733 0
1.512264047187878 0.2567639511206091 0
0.860778183697765 0.287958040465908 0
0.9092332587537344 0.1733286569531518 0
1.151248356357417 0.1157686349546946 0
0.5343995374137543 0.3921273146243142 0
1.677816869917435 0.2149126281235089 0
1.842346086459829 0.2098008509534302 0
1.194120140631367 0.2512995714672533 0
1.687228738686842 0.2109025163101686 0
0.5980545015626245 0.2273617621653366 0
0.1246737792326699 0.08465280552843715 0
1.494953375638469 0.1309512309831879 0
0.3193787044178805 0.1970496849876041 0
1.081213690580969 0.05988123754310905 0
0.09698801722180321 0.1922675013964229 0
0.606438282370804 0.07537990422914637 0
2.172296555931559 0.2729201101084921 0
0.2373138155508374 0.2467492676560652 0
0.5124013936591121 0.3908099182649905 0
0.7760572616726225 0.02165719359064757 0
1.093791681123643 0.325150894319058 0
0.0978263852540352 0.3457671505727293 0
1.398173537085291 0.399716622541427 0
0.2926267431601499 0.2574986959376304 0
1.37633278256061 0.39881654096262 0
0.3950712089367899 0.2201098204502083 0
2.139660809117759 0.02819197518193328 0
0.3121267885773962 0.1817605247208881 0
0.01583714618305742 0.372446483340127 0
1.739022553123946 0.06572969182027021 0
1.49862912222317 0.2313812171076783 0
1.218161352201075 0.1728528216146501 0
0.8242114483944929 0.271618210323696 0
1.747660412093968 0.08466214505454801 0
0.5224854522770982 0.3919700095323751 0
0.06740285388717865 0.1107465920607884 0
1.694715623132816 0.306726011900857 0
0.3769799823233425 0.01701264377126237 0
1.031368270822593 0.3158840438317976 0
0.08120546473859613 0.01461955955928205 0
1.107895781935621 0.2728222177368418 0
0.6922121550672926 0.08785601951171003 0
0.01385167723287899 0.06949428396202412 0
1.765978225077629 0.2079210297104431 0
0.01425094197737559 0.1201375611579422 0
0.5002437925271264 0.3910551306473123 0
0.6641541633853491 0.009204277172781385 0
1.717909933489356 0.2858396936869133 0
1.184438470995913 0.3459972307795104 0
1.731532729579905 0.2578290605762568 0
1.731428932558133 0.3672586911359452 0
0.9649684034612858 0.3586724346434013 0
1.59000656197613 0.2626176789676002 0
1.611316685904884 0.3828802601698101 0
0.02335320535986089 0.08504685559843327 0
1.086435679688585 0.04857672506650125 0
0.4008602543429705 0.3003318235851909 0
2.172500474991025 0.1572196308213729 0
0.1922369058843597 0.006123117146415207 0
0.05556868612488833 0.08733930824651907 0
0.01396149108895721 0.3204287334733786 0
1.715621711542107 0.306564743633315 0
0.9438062006904471 0.02312768558238413 0
1.354065953745752 0.04921128948768166 0
0.2078968956342216 0.2426410597857507 0
0.252117904804546 0.254494885756368 0
1.19481951305951 0.09588162539266754 0
1.832083926807786 0.3383845204333042 0
0.6973633329360706 0.1427536667871375 0
1.857712741164084 0.2076642697596166 0
0.08170666846486793 0.1972587951601384 0
1.409409937694674 0.2729071430523936 0
0.01537225126220269 0.3580088185222661 0
0.9028152335892625 0.2621786440535098 0
0.8266128782589933 0.1222784031790568 0
0.8157665403711037 0.3006916703860497 0
1.361230998731286 0.2060603063010563 0
0.4878703858963941 0.3914335505450673 0
0.2041619549430597 0.1413654522153146 0
0.1440064284624675 0.3946836403426085 0
1.287337859170419 0.0707585962893902 0
0.9049734066893185 0.2306278632433056 0
0.9539612737318208 0.007976815192733832 0
1.001348005081829 0.3185327480143019 0
1.5408168656995 0.1760923063074888 0
1.11254095168208 0.2410593476485135 0
0.3887915231655875 0.01672998179838976 0
1.047197277901684 0.3277885978630607 0
0.1151586654856133 0.3646803471133053 0
1.746706431458629 0.05335755888127477 0
0.4501684696231372 0.3583027916517312 0
0.1891479050946213 0.1400785820027917 0
1.623070694876911 0.2068189806365958 0
1.582826956794101 0.2917320527218966 0
1.159404436192312 0.1973911435882303 0
0.1333394200790999 0.3949272249954917 0
1.07999590185571 0.03929208991883672 0
0.01745129975481697 0.1908629633359808 0
0.4765150415095956 0.3914238174482128 0
0.09137451387540495 0.01462495798327613 0
1.310795707262369 0.1053620111997139 0
1.214574150539817 0.0365962565686258 0
0.7964865152739958 0.03196587997092631 0
0.3656376496052162 0.3718446291542307 0
1.66612562466195 0.3212111378975083 0
1.353017139029622 0.38581840969977 0
0.5368407210647936 0.02983076844384605 0
1.372902283836705 0.3880017672695832 0
1.355322923173812 0.2176837267946472 0
0.2650454080595139 0.1503474501973274 0
0.1227457580712284 0.3951475145253533 0
0.6654834008160907 0.2512548974217302 0
0.7192435374235618 0.1222330075008131 0
1.873453069587197 0.2251724091973367 0
1.462908251305152 0.1413818376614495 0
1.676371895437113 0.1580618087972968 0
0.3597003702855905 0.3613145614087572 0
0.1213069438357942 0.340783526365607 0
1.648785111290416 0.3549783813723348 0
1.795147029633848 0.04244908799112185 0
0.6043374214324304 0.2376552836470169 0
0.2999942388935054 0.2295494799925532 0
0.4554005195372393 0.3479621887499439 0
0.9610179154722533 0.3930766597707447 0
1.477160013481336 0.03775042363665254 0
0.436919031475956 0.01625027374861821 0
0.6833163783881828 0.0191143607688501 0
1.754881317363775 0.04078056363377082 0
0.3624297162377602 0.2557083043582479 0
1.575553058152218 0.2189263247584264 0
0.4001997082682888 0.01734990747745842 0
0.2456160145430886 0.1529884081941009 0
0.1282773643856659 0.3733369711039874 0
1.629442030483504 0.1130741175037243 0
0.1199168099288818 0.09096654232079725 0
1.221928508027388 0.07590891688172229 0
1.851091464525507 0.3210852445361747 0
1.591940582655851 0.212224053717741 0
2.149487300301348 0.2033691566508155 0
1.7004368103057 0.2541919316484274 0
0.1122716642992069 0.395364872032237 0
1.985314396851371 0.07946971751179346 0
0.9957565131018019 0.2115092728063283 0
1.112438940591209 0.2223858685701801 0
1.229189234477042 0.02114011782829457 0
1.711397385800764 0.2798425206202069 0
1.551560644613643 0.2054329324734718 0
0.2035601506269588 0.01670375613348267 0
0.8875556822691887 0.2308764186047811 0
2.156589798961464 0.02860545079872475 0
0.01389181867135369 0.1000000000002769 0
0.8725684428115327 0.2753373412410404 0
0.1582720176902984 0.1247324659814248 0
1.349341778858035 0.230392310158934 0
0.971712581568478 0.3691891163030259 0
1.356726969191384 0.2663227696612958 0
1.728286545247681 0.3057928633589138 0
1.280804794261512 0.2044333747730811 0
0.9791181665570068 0.3861632311733187 0
1.331620630622733 0.3772881156025088 0
0.6191004952826115 0.1674136456569274 0
1.525804729955748 0.2359145588512749 0
2.154358114264945 0.1871394347989925 0
2.170260038228403 0.2387638449908983 0
0.3027191103477957 0.02991119237543726 0
1.597781080668223 0.4004967665463365 0
1.703957194769766 0.204798163391328 0
0.1375720989637089 0.3739918221479474 0
0.1045521715651452 0.2238348234692497 0
0.1019549133873043 0.3957018784730498 0
1.866437640690964 0.3384028243442126 0
1.473886455294644 0.2761109934741033 0
1.706934855982262 0.3691338283919181 0
0.7025600101777495 0.1584098996002176 0
1.986746945172549 0.1107379955802211 0
1.343191011152119 0.2404651284029599 0
1.713959347571579 0.1884213770010901 0
1.983653813355532 0.04772287679523388 0
0.6006399948250218 0.08351523762496148 0
0.5899994806268279 0.1353981367016914 0
2.173346584106985 0.05857142857129714 0
$EndNodes
$Elements
37 11700 1 11700
1 1 1 153
1 1 37 
2 37 38 
3 38 39 
4 39 40 
5 40 41 
6 41 42 
7 42 43 
8 43 44 
9 44 45 
10 45 46 
11 46 47 
12 47 48 
13 48 49 
14 49 50 
15 50 51 
16 51 52 
17 52 53 
18 53 54 
19 54 55 
20 55 56 
21 56 57 
22 57 58 
23 58 59 
24 59 60 
25 60 61 
26 61 62 
27 62 63 
28 63 64 
29 64 65 
30 65 66 
31 66 67 
32 67 68 
33 68 69 
34 69 70 
35 70 71 
36 71 72 
37 72 73 
38 73 74 
39 74 75 
40 75 76 
41 76 77 
42 77 78 
43 78 79 
44 79 80 
45 80 81 
46 81 82 
47 82 83 
48 83 84 
49 84 85 
50 85 86 
51 86 87 
52 87 88 
53 88 89 
54 89 90 
55 90 91 
56 91 92 
57 92 93 
58 93 94 
59 94 95 
60 95 96 
61 96 97 
62 97 98 
63 98 99 
64 99 100 
65 100 101 
66 101 102 
67 102 103 
68 103 104 
69 104 105 
70 105 106 
71 106 107 
72 107 108 
73 108 109 
74 109 110 
75 110 111 
76 111 112 
77 112 113 
78 113 114 
79 114 115 
80 115 116 
81 116 117 
82 117 118 
83 118 119 
84 119 120 
85 120 121 
86 121 122 
87 122 123 
88 123 124 
89 124 125 
90 125 126 
91 126 127 
92 127 128 
93 128 129 
94 129 130 
95 130 131 
96 131 132 
97 132 133 
98 133 134 
99 134 135 
100 135 136 
101 136 137 
102 137 138 
103 138 139 
104 139 140 
105 140 141 
106 141 142 
107 142 143 
108 143 144 
109 144 145 
110 145 146 
111 146 147 
112 147 148 
113 148 149 
114 149 150 
115 150 151 
116 151 152 
117 152 153 
118 153 154 
119 154 155 
120 155 156 
121 156 157 
122 157 158 
123 158 159 
124 159 160 
125 160 161 
126 161 162 
127 162 163 
128 163 164 
129 164 165 
130 165 166 
131 166 167 
132 167 168 
133 168 169 
134 169 170 
135 170 171 
136 171 172 
137 172 173 
138 173 174 
139 174 175 
140 175 176 
141 176 177 
142 177 178 
143 178 179 
144 179 180 
145 180 181 
146 181 182 
147 182 183 
148 183 184 
149 184 185 
150 185 186 
151 186 187 
152 187 188 
153 188 2 
1 2 1 21
154 2 189 
155 189 190 
156 190 191 
157 191 192 
158 192 193 
159 193 194 
160 194 195 
161 195 196 
162 196 197 
163 197 198 
164 198 199 
165 199 200 
166 200 201 
167 201 202 
168 202 203 
169 203 204 
170 204 205 
171 205 206 
172 206 207 
173 207 208 
174 208 3 
1 3 1 153
175 3 209 
176 209 210 
177 210 211 
178 211 212 
179 212 213 
180 213 214 
181 214 215 
182 215 216 
183 216 217 
184 217 218 
185 218 219 
186 219 220 
187 220 221 
188 221 222 
189 222 223 
190 223 224 
191 224 225 
192 225 226 
193 226 227 
194 227 228 
195 228 229 
196 229 230 
197 230 231 
198 231 232 
199 232 233 
200 233 234 
201 234 235 
202 235 236 
203 236 237 
204 237 238 
205 238 239 
206 239 240 
207 240 241 
208 241 242 
209 242 243 
210 243 244 
211 244 245 
212 245 246 
213 246 247 
214 247 248 
215 248 249 
216 249 250 
217 250 251 
218 251 252 
219 252 253 
220 253 254 
221 254 255 
222 255 256 
223 256 257 
224 257 258 
225 258 259 
226 259 260 
227 260 261 
228 261 262 
229 262 263 
230 263 264 
231 264 265 
232 265 266 
233 266 267 
234 267 268 
235 268 269 
236 269 270 
237 270 271 
238 271 272 
239 272 273 
240 273 274 
241 274 275 
242 275 276 
243 276 277 
244 277 278 
245 278 279 
246 279 280 
247 280 281 
248 281 282 
249 282 283 
250 283 284 
251 284 285 
252 285 286 
253 286 287 
254 287 288 
255 288 289 
256 289 290 
257 290 291 
258 291 292 
259 292 293 
260 293 294 
261 294 295 
262 295 296 
263 296 297 
264 297 298 
265 298 299 
266 299 300 
267 300 301 
268 301 302 
269 302 303 
270 303 304 
271 304 305 
272 305 306 
273 306 307 
274 307 308 
275 308 309 
276 309 310 
277 310 311 
278 311 312 
279 312 313 
280 313 314 
281 314 315 
282 315 316 
283 316 317 
284 317 318 
285 318 319 
286 319 320 
287 320 321 
288 321 322 
289 322 323 
290 323 324 
291 324 325 
292 325 326 
293 326 327 
294 327 328 
295 328 329 
296 329 330 
297 330 331 
298 331 332 
299 332 333 
300 333 334 
301 334 335 
302 335 336 
303 336 337 
304 337 338 
305 338 339 
306 339 340 
307 340 341 
308 341 342 
309 342 343 
310 343 344 
311 344 345 
312 345 346 
313 346 347 
314 347 348 
315 348 349 
316 349 350 
317 350 351 
318 351 352 
319 352 353 
320 353 354 
321 354 355 
322 355 356 
323 356 357 
324 357 358 
325 358 359 
326 359 360 
327 360 4 
1 4 1 41
328 4 361 
329 361 362 
330 362 363 
331 363 364 
332 364 365 
333 365 366 
334 366 367 
335 367 368 
336 368 369 
337 369 370 
338 370 371 
339 371 372 
340 372 373 
341 373 374 
342 374 375 
343 375 376 
344 376 377 
345 377 378 
346 378 379 
347 379 380 
348 380 381 
349 381 382 
350 382 383 
351 383 384 
352 384 385 
353 385 386 
354 386 387 
355 387 388 
356 388 389 
357 389 390 
358 390 391 
359 391 392 
360 392 393 
361 393 394 
362 394 395 
363 395 396 
364 396 397 
365 397 398 
366 398 399 
367 399 400 
368 400 1 
1 10 1 5
369 5 401 
370 401 402 
371 402 403 
372 403 404 
373 404 6 
1 11 1 5
374 6 405 
375 405 406 
376 406 407 
377 407 408 
378 408 7 
1 12 1 5
379 7 409 
380 409 410 
381 410 411 
382 411 412 
383 412 8 
1 13 1 5
384 8 413 
385 413 414 
386 414 415 
387 415 416 
388 416 5 
1 20 1 5
389 9 417 
390 417 418 
391 418 419 
392 419 420 
393 420 10 
1 21 1 5
394 10 421 
395 421 422 
396 422 423 
397 423 424 
398 424 11 
1 22 1 5
399 11 425 
400 425 426 
401 426 427 
402 427 428 
403 428 12 
1 23 1 5
404 12 429 
405 429 430 
406 430 431 
407 431 432 
408 432 9 
1 30 1 5
409 13 433 
410 433 434 
411 434 435 
412 435 436 
413 436 14 
1 31 1 5
414 14 437 
415 437 438 
416 438 439 
417 439 440 
418 440 15 
1 32 1 5
419 15 441 
420 441 442 
421 442 443 
422 443 444 
423 444 16 
1 33 1 5
424 16 445 
425 445 446 
426 446 447 
427 447 448 
428 448 13 
1 40 1 5
429 17 449 
430 449 450 
431 450 451 
432 451 452 
433 452 18 
1 41 1 5
434 18 453 
435 453 454 
436 454 455 
437 455 456 
438 456 19 
1 42 1 5
439 19 457 
440 457 458 
441 458 459 
442 459 460 
443 460 20 
1 43 1 5
444 20 461 
445 461 462 
446 462 463 
447 463 464 
448 464 17 
1 50 1 5
449 21 465 
450 465 466 
451 466 467 
452 467 468 
453 468 22 
1 51 1 5
454 22 469 
455 469 470 
456 470 471 
457 471 472 
458 472 23 
1 52 1 5
459 23 473 
460 473 474 
461 474 475 
462 475 476 
463 476 24 
1 53 1 5
464 24 477 
465 477 478 
466 478 479 
467 479 480 
468 480 21 
1 60 1 5
469 25 481 
470 481 482 
471 482 483 
472 483 484 
473 484 26 
1 61 1 5
474 26 485 
475 485 486 
476 486 487 
477 487 488 
478 488 27 
1 62 1 5
479 27 489 
480 489 490 
481 490 491 
482 491 492 
483 492 28 
1 63 1 5
484 28 493 
485 493 494 
486 494 495 
487 495 496 
488 496 25 
1 70 1 5
489 29 497 
490 497 498 
491 498 499 
492 499 500 
493 500 30 
1 71 1 5
494 30 501 
495 501 502 
496 502 503 
497 503 504 
498 504 31 
1 72 1 5
499 31 505 
500 505 506 
501 506 507 
502 507 508 
503 508 32 
1 73 1 5
504 32 509 
505 509 510 
506 510 511 
507 511 512 
508 512 29 
1 80 1 5
509 33 513 
510 513 514 
511 514 515 
512 515 516 
513 516 34 
1 81 1 5
514 34 517 
515 517 518 
516 518 519 
517 519 520 
518 520 35 
1 82 1 5
519 35 521 
520 521 522 
521 522 523 
522 523 524 
523 524 36 
1 83 1 5
524 36 525 
525 525 526 
526 526 527 
527 527 528 
528 528 33 
2 1 2 11172
529 3698 3550 4405 
530 381 382 4231 
531 3603 5133 5362 
532 2661 2366 3613 
533 3768 2665 3973 
534 4313 720 4314 
535 2309 4788 5460 
536 5012 5094 5565 
537 3334 4287 4482 
538 4314 720 4810 
539 753 547 3596 
540 4372 3331 4429 
541 721 4372 4429 
542 922 4399 5335 
543 725 3698 4405 
544 2116 2115 3898 
545 444 3236 4176 
546 746 5012 5565 
547 1603 1891 3703 
548 3977 3477 4875 
549 4801 657 5228 
550 560 4375 5228 
551 680 4138 4962 
552 2556 3412 3471 
553 5133 2872 5362 
554 3593 2102 3595 
555 4082 4038 4505 
556 3127 3511 5344 
557 2596 3357 5629 
558 710 3372 3397 
559 3595 2102 4701 
560 670 3234 3350 
561 3920 3922 5354 
562 4287 928 4482 
563 4764 3889 4790 
564 3818 1896 3820 
565 1780 3922 3923 
566 4392 3863 4982 
567 3331 597 4393 
568 597 3331 4372 
569 3797 3796 4707 
570 3368 2331 3387 
571 3767 3768 3973 
572 1482 3817 4860 
573 3263 555 4285 
574 645 3639 3641 
575 3685 2615 3686 
576 3688 3220 3915 
577 642 2892 3623 
578 2940 2930 3423 
579 2817 2819 4165 
580 3014 444 4176 
581 2557 2556 3471 
582 3686 2615 3713 
583 1281 1283 4484 
584 2890 424 5087 
585 3385 3817 4036 
586 1645 1644 3929 
587 411 751 5073 
588 3277 4393 4753 
589 4393 597 4753 
590 1847 3669 3671 
591 3192 5105 5340 
592 2826 2817 4165 
593 3797 4707 5118 
594 653 2961 3644 
595 3409 2573 3411 
596 3890 3889 4764 
597 1794 1796 3960 
598 2428 3148 3602 
599 4190 2774 5666 
600 737 4082 4505 
601 3256 3758 4811 
602 4439 2901 5250 
603 3758 535 4811 
604 3817 1482 4943 
605 3977 4875 5372 
606 1283 3564 4484 
607 2422 3920 5354 
608 3472 1650 5037 
609 3553 3628 5186 
610 3412 2556 5352 
611 3390 6 5728 
612 3817 3385 4860 
613 2840 3389 4018 
614 3366 3974 4867 
615 3402 3277 4848 
616 3275 3388 4617 
617 3277 4753 4848 
618 4205 2044 5169 
619 3602 3148 5427 
620 86 87 3509 
621 2904 427 5242 
622 674 4392 4982 
623 3367 2498 3689 
624 3476 1553 3478 
625 4400 4813 5483 
626 3511 3127 5441 
627 3900 3022 4979 
628 2960 3557 3695 
629 1477 1479 3828 
630 2737 3889 4396 
631 3502 598 4708 
632 1283 1285 3564 
633 3555 2986 5130 
634 5115 4153 5340 
635 2034 3497 3499 
636 3426 2774 4190 
637 3357 2596 5135 
638 4617 3388 5030 
639 551 3121 3342 
640 2102 3593 4816 
641 4788 3348 5460 
642 3304 3594 5014 
643 3889 2737 4790 
644 4399 3117 5335 
645 2800 2417 3566 
646 1650 3472 4376 
647 3698 725 4063 
648 3330 2438 3447 
649 702 3688 3915 
650 2839 3753 5659 
651 3896 2436 3897 
652 737 3430 4082 
653 3442 1634 4584 
654 3008 462 5164 
655 695 3378 3761 
656 3389 2840 5642 
657 2438 2437 3447 
658 5014 3594 5346 
659 2206 3377 3575 
660 3022 3900 5108 
661 2309 2839 4788 
662 3593 3594 4816 
663 3501 2572 5047 
664 3377 2206 3514 
665 1949 1794 3960 
666 1832 3415 3416 
667 3328 2462 4872 
668 1278 1343 3544 
669 2667 2557 3471 
670 609 3242 4783 
671 3391 3269 4942 
672 3250 2439 5289 
673 3372 710 3752 
674 4063 725 4537 
675 241 242 3740 
676 3197 657 5390 
677 3662 3664 4951 
678 749 3863 4392 
679 6 3390 5680 
680 545 3449 5072 
681 3863 749 4315 
682 1896 3818 3830 
683 3449 545 5165 
684 2427 3448 3839 
685 3034 4030 4431 
686 1607 1609 4585 
687 2527 3568 3571 
688 3279 2956 4346 
689 1771 3664 3667 
690 4942 3269 4971 
691 2975 3101 3428 
692 898 4458 4945 
693 2239 753 3596 
694 3038 30 5211 
695 3733 3055 3734 
696 3694 3693 5084 
697 2527 2562 3568 
698 3754 612 4788 
699 3890 2303 4752 
700 3502 4708 5282 
701 657 3461 5390 
702 2303 3890 4764 
703 3802 2740 5145 
704 4346 2957 5266 
705 3566 2417 3628 
706 4057 4056 5073 
707 4138 680 5394 
708 3163 2575 4815 
709 281 3683 5786 
710 3367 3689 3690 
711 4164 2826 4165 
712 2377 5368 5468 
713 3822 1485 3826 
714 560 3170 5328 
715 4815 2575 4869 
716 281 282 3683 
717 1280 1278 3544 
718 3415 1832 3554 
719 3280 3364 4849 
720 4345 4346 5266 
721 2884 548 5038 
722 3884 4923 5490 
723 3734 3055 4754 
724 4396 3886 4777 
725 2784 2449 3570 
726 2331 3368 3779 
727 3541 3495 4904 
728 3172 3412 5352 
729 674 3402 4848 
730 1601 1603 3703 
731 2932 4330 4331 
732 3186 3782 3783 
733 3164 4801 5228 
734 1547 1533 4580 
735 1902 3474 3480 
736 4813 3217 5483 
737 1847 3671 3765 
738 3664 1771 4951 
739 3754 2839 5659 
740 2956 2957 4346 
741 3402 674 4982 
742 2554 3569 3570 
743 2737 4396 4777 
744 1052 1043 3701 
745 3350 3234 5417 
746 3003 3004 5021 
747 708 3408 5822 
748 2940 3423 5509 
749 3192 2978 5105 
750 3231 3230 5157 
751 1627 1902 3480 
752 3922 1780 3929 
753 5368 3772 5468 
754 1634 3442 4585 
755 5052 631 5161 
756 1041 1039 5160 
757 4731 3575 5126 
758 3541 4904 5251 
759 3467 560 5328 
760 2907 416 5229 
761 4923 3301 5490 
762 4018 3003 5021 
763 4137 1547 4580 
764 5006 1333 5216 
765 743 3589 4023 
766 4330 2932 4955 
767 2034 3499 4437 
768 1650 4484 5037 
769 3893 4752 5238 
770 4056 595 5073 
771 2892 2896 3623 
772 3656 3658 4926 
773 3378 695 3973 
774 1566 1563 3681 
775 4057 4065 5741 
776 2151 3610 3944 
777 805 803 3578 
778 2306 4947 5456 
779 3521 1551 5640 
780 473 23 5105 
781 2978 473 5105 
782 31 3069 5269 
783 521 35 5131 
784 4121 2547 5127 
785 2740 3802 5376 
786 4045 631 5052 
787 5116 3996 5364 
788 2133 2518 3629 
789 3485 2661 3613 
790 2436 2116 3898 
791 2984 521 5131 
792 3976 3266 5347 
793 3199 598 3502 
794 4375 3164 5228 
795 3835 1503 4890 
796 3243 3475 3537 
797 4163 2826 4164 
798 2436 3896 4832 
799 677 4544 5263 
800 2944 24 5287 
801 4890 1503 5706 
802 1718 3694 5084 
803 4061 1676 4912 
804 4741 3050 5274 
805 4315 5018 5469 
806 1845 3658 3660 
807 2961 2964 3644 
808 678 3197 3208 
809 3347 488 5291 
810 2435 3437 5183 
811 640 3561 4229 
812 3679 2740 5008 
813 3240 2901 4439 
814 4315 749 5018 
815 1833 3679 5008 
816 4061 5006 5216 
817 3408 708 3938 
818 2572 2573 5047 
819 3417 3453 5196 
820 427 621 5242 
821 3091 20 5301 
822 1551 3521 5556 
823 5196 3453 5230 
824 3039 3305 3437 
825 3594 3304 4816 
826 3266 3976 5372 
827 1333 3426 4190 
828 640 381 4231 
829 382 745 4231 
830 3896 4136 4832 
831 577 3263 3273 
832 424 603 5087 
833 606 3091 4090 
834 3170 611 3439 
835 1563 1845 3681 
836 3043 506 5306 
837 3287 4179 5009 
838 1358 4971 5503 
839 2977 473 2978 
840 578 3333 3493 
841 919 5095 5545 
842 3003 561 3004 
843 3225 4641 4930 
844 2364 4671 5170 
845 1845 3660 3681 
846 3840 1885 5663 
847 549 3288 3423 
848 3900 2721 4136 
849 2983 521 2984 
850 2839 3754 4788 
851 2740 3679 5145 
852 499 3343 5326 
853 1485 3822 3970 
854 2965 599 2966 
855 2955 641 2956 
856 744 4055 4516 
857 4065 4057 5073 
858 808 3576 3577 
859 2366 2494 3613 
860 2980 623 2982 
861 2960 3695 3696 
862 3075 592 3447 
863 3687 3207 5028 
864 3187 553 3425 
865 3679 1833 5730 
866 3225 4930 5266 
867 3639 645 5642 
868 2973 29 2974 
869 4179 3287 5682 
870 3437 3305 5183 
871 808 3577 3579 
872 3009 18 3010 
873 1469 1471 3830 
874 3186 3783 5253 
875 1285 1687 3564 
876 4060 4061 4912 
877 3526 672 3893 
878 1771 3667 3841 
879 595 411 5073 
880 6 3473 5728 
881 3658 1845 4926 
882 645 3641 5489 
883 3648 3013 5053 
884 3163 4815 5227 
885 4815 4213 5227 
886 3013 3707 5053 
887 3820 1896 3970 
888 4175 3416 5449 
889 3016 610 3017 
890 557 2980 2981 
891 3399 5115 5340 
892 3800 3801 5098 
893 3310 4075 4901 
894 3915 3022 5108 
895 3313 3312 3799 
896 3515 2007 3516 
897 1452 4064 5192 
898 1609 1634 4585 
899 3244 542 5419 
900 3416 4175 5308 
901 2573 3409 5047 
902 2473 2897 3537 
903 2554 3568 3569 
904 3959 1949 3960 
905 3511 622 5344 
906 3828 4205 5169 
907 1576 1574 3765 
908 554 3199 3611 
909 3687 5028 5712 
910 3037 468 5359 
911 5204 1967 5210 
912 1644 1720 3929 
913 3871 3831 5058 
914 3426 1333 5006 
915 1866 3555 5130 
916 556 3007 3141 
917 3428 3101 3429 
918 3430 737 4206 
919 3124 2985 3125 
920 794 3956 3969 
921 4068 4674 5300 
922 2469 2471 3755 
923 1687 3445 3564 
924 3669 1847 3841 
925 2664 3949 4774 
926 3835 3076 4064 
927 5095 3395 5545 
928 610 3325 3615 
929 4584 1634 4586 
930 3022 3915 5272 
931 4975 2154 5314 
932 4752 2303 5238 
933 3730 2354 4524 
934 1825 3481 4401 
935 4224 4225 5235 
936 4201 3130 5278 
937 3484 1552 4619 
938 3887 3513 4768 
939 462 606 5164 
940 2449 2554 3570 
941 3561 640 4231 
942 270 672 3943 
943 3478 1553 5365 
944 4045 3160 4870 
945 2413 2188 3779 
946 565 2987 2988 
947 3434 95 5060 
948 3325 645 5489 
949 1876 4336 5677 
950 3333 549 5543 
951 3898 3301 4923 
952 1780 1645 3929 
953 3007 574 3684 
954 666 3013 3648 
955 3121 600 3437 
956 3263 4285 5587 
957 656 3455 3508 
958 3058 3781 5369 
959 744 4516 5496 
960 2597 3886 3887 
961 539 3797 5118 
962 639 5014 5346 
963 1780 3923 4083 
964 3411 2573 3520 
965 1343 3538 3544 
966 3980 3180 5413 
967 4971 3269 5503 
968 3489 1886 3996 
969 1762 1731 4083 
970 3528 1783 3782 
971 4216 3250 5289 
972 3537 2897 5699 
973 4136 2721 4832 
974 5161 631 5209 
975 1485 1477 3828 
976 3500 1995 5321 
977 3013 682 3707 
978 7 2884 3596 
979 4336 1876 5662 
980 3150 3845 5302 
981 562 4186 5399 
982 2546 4992 5418 
983 3144 655 3413 
984 3445 1687 3755 
985 241 3740 5828 
986 408 548 2884 
987 3615 2596 5629 
988 672 3526 3943 
989 3974 2489 4867 
990 86 3509 5621 
991 547 409 3596 
992 4086 5179 5189 
993 4544 2682 5448 
994 3487 1931 4153 
995 242 671 3740 
996 30 3051 5211 
997 548 407 3335 
998 1885 3840 5077 
999 3335 586 4555 
1000 1886 3489 3995 
1001 406 586 3335 
1002 95 3434 5709 
1003 3301 3898 5181 
1004 3380 1639 5312 
1005 1639 3380 5315 
1006 3288 622 5509 
1007 4544 3252 5263 
1008 3690 2195 4000 
1009 1316 5176 5566 
1010 2503 3527 3952 
1011 4186 562 5471 
1012 593 3464 4123 
1013 5513 4919 5557 
1014 4937 3559 5141 
1015 631 4001 5209 
1016 3051 602 3052 
1017 1931 3487 4152 
1018 1572 1570 3841 
1019 3636 1974 4879 
1020 2462 3328 5781 
1021 3180 3980 5495 
1022 3703 1891 5085 
1023 2908 3519 5446 
1024 683 3513 3887 
1025 3781 3058 5402 
1026 1147 3649 5182 
1027 2968 2966 5047 
1028 404 588 3473 
1029 606 4090 5570 
1030 2486 3690 4000 
1031 1995 3500 5421 
1032 3222 3642 5348 
1033 4431 4030 5310 
1034 5179 1209 5189 
1035 87 656 3509 
1036 670 421 3234 
1037 3768 3769 5048 
1038 3433 1546 4370 
1039 414 598 3199 
1040 1546 3433 4201 
1041 3596 2884 5500 
1042 411 410 751 
1043 3527 833 3952 
1044 1638 3486 4151 
1045 1629 3488 3994 
1046 542 3280 3363 
1047 10 678 3234 
1048 2721 3900 4979 
1049 3389 3003 4018 
1050 1513 3962 4705 
1051 3503 1352 4210 
1052 1261 1264 3599 
1053 4810 536 5246 
1054 1406 3491 4410 
1055 3830 3815 5776 
1056 3828 1479 4205 
1057 4381 5206 5252 
1058 5408 4088 5439 
1059 3466 626 3531 
1060 2682 4544 5603 
1061 1650 1281 4484 
1062 554 415 3199 
1063 3898 2115 5181 
1064 682 3368 3707 
1065 2463 3871 5058 
1066 678 420 3197 
1067 4132 4128 5144 
1068 3629 2518 3630 
1069 3160 4045 5052 
1070 11 424 2890 
1071 4314 4810 5246 
1072 1958 3404 5051 
1073 12 555 3263 
1074 4410 2854 4840 
1075 419 657 3197 
1076 1392 1399 3995 
1077 2880 3440 4122 
1078 403 402 3253 
1079 5048 3769 5214 
1080 3540 2683 3684 
1081 401 649 3490 
1082 577 429 3263 
1083 428 427 2904 
1084 901 5408 5439 
1085 5 416 2907 
1086 4458 3211 4945 
1087 621 426 3623 
1088 425 642 3623 
1089 15 440 2905 
1090 442 441 2906 
1091 431 430 2908 
1092 3649 3570 5182 
1093 432 611 3170 
1094 3506 3129 5494 
1095 3076 3835 4890 
1096 474 473 2977 
1097 622 434 3376 
1098 19 3003 3389 
1099 2314 5180 5232 
1100 435 622 3288 
1101 5280 4134 5293 
1102 560 9 3170 
1103 578 437 3333 
1104 456 561 3003 
1105 444 443 3236 
1106 479 478 3307 
1107 487 599 2965 
1108 481 25 2958 
1109 264 265 3700 
1110 16 444 3014 
1111 449 17 3443 
1112 458 645 3325 
1113 497 29 2973 
1114 522 521 2983 
1115 31 504 3069 
1116 3799 3312 5743 
1117 3845 3150 5474 
1118 549 436 3288 
1119 482 653 3644 
1120 14 549 3333 
1121 4376 3472 5330 
1122 2578 2008 3640 
1123 3844 4054 4055 
1124 4947 4585 5456 
1125 3886 2597 4777 
1126 609 448 3242 
1127 505 641 2955 
1128 3455 656 3719 
1129 475 623 2980 
1130 477 24 2944 
1131 574 483 3644 
1132 663 3172 3312 
1133 464 553 3187 
1134 1952 3702 5579 
1135 3394 5116 5364 
1136 27 488 3347 
1137 453 18 3009 
1138 686 3066 3438 
1139 3106 5280 5293 
1140 463 462 3008 
1141 610 459 3325 
1142 1210 1212 4152 
1143 3701 1041 5160 
1144 454 592 3075 
1145 21 480 3035 
1146 3537 3475 5724 
1147 1132 5268 5420 
1148 461 20 3091 
1149 1335 3485 3613 
1150 472 471 3002 
1151 588 4439 5250 
1152 4132 3231 5157 
1153 3692 42 5375 
1154 3412 686 3471 
1155 5143 3321 5194 
1156 710 3397 3504 
1157 4577 3843 5447 
1158 445 682 3013 
1159 42 3692 5478 
1160 507 506 3043 
1161 447 666 3242 
1162 2813 2815 5017 
1163 484 574 3007 
1164 1352 3503 4530 
1165 2007 3515 4387 
1166 666 446 3013 
1167 460 610 3016 
1168 3487 4153 5115 
1169 557 476 2980 
1170 3628 3629 5186 
1171 499 498 3343 
1172 586 5076 5401 
1173 740 3860 4500 
1174 2983 2985 3124 
1175 4539 4439 5572 
1176 3696 3695 5185 
1177 2973 2975 3428 
1178 1502 5480 5514 
1179 431 2908 5446 
1180 2701 5602 5644 
1181 3072 530 3073 
1182 1406 4410 4840 
1183 466 465 3036 
1184 496 495 3070 
1185 695 3767 3973 
1186 485 556 3396 
1187 3801 3678 5098 
1188 3129 3506 5785 
1189 5602 4317 5644 
1190 490 489 3067 
1191 548 3335 5296 
1192 3792 881 5475 
1193 551 503 3121 
1194 3897 2436 3898 
1195 22 468 3037 
1196 3219 4868 4879 
1197 556 26 3007 
1198 3461 657 4801 
1199 511 510 3361 
1200 4092 5153 5221 
1201 501 30 3038 
1202 3225 3083 4641 
1203 5102 4044 5125 
1204 520 519 3005 
1205 5268 4461 5420 
1206 881 3792 5400 
1207 577 3273 5329 
1208 3198 4016 4300 
1209 3489 3996 5116 
1210 3281 3340 5553 
1211 649 3222 5348 
1212 3253 402 5586 
1213 3565 745 4033 
1214 2354 3730 4525 
1215 1473 1475 3970 
1216 3404 1958 5751 
1217 600 3039 3437 
1218 723 3646 5231 
1219 627 3072 3243 
1220 3578 4121 5127 
1221 3464 593 4502 
1222 3108 5414 5548 
1223 2749 5040 5275 
1224 2784 3570 3649 
1225 3954 3953 3955 
1226 3782 1783 3783 
1227 3516 2007 3701 
1228 5180 4575 5232 
1229 5480 3356 5514 
1230 2007 1052 3701 
1231 1415 1417 3950 
1232 5153 727 5221 
1233 2581 1939 3894 
1234 3321 3522 5194 
1235 3839 3448 5610 
1236 658 3276 3367 
1237 560 3467 4375 
1238 565 524 2987 
1239 4868 3636 4879 
1240 3646 723 5385 
1241 4555 586 5401 
1242 4505 4038 5810 
1243 5452 2849 5518 
1244 3561 2859 4229 
1245 1043 1041 3701 
1246 3213 5233 5295 
1247 2203 4997 4998 
1248 3391 1326 5600 
1249 2665 3768 5048 
1250 502 600 3121 
1251 3575 3377 5126 
1252 4210 1352 4723 
1253 3105 3417 5196 
1254 3281 5553 5666 
1255 601 4741 5274 
1256 1684 5102 5125 
1257 3643 5204 5210 
1258 3460 5513 5557 
1259 1420 1418 4705 
1260 5233 644 5295 
1261 5351 1952 5579 
1262 3978 3268 5507 
1263 1627 3480 3793 
1264 4325 5305 5678 
1265 1606 1602 3712 
1266 4064 3076 5192 
1267 4641 3083 5007 
1268 467 655 3144 
1269 3590 3588 4054 
1270 4268 5452 5518 
1271 3765 3673 5833 
1272 3470 3027 5814 
1273 3115 4060 4912 
1274 1863 3925 3927 
1275 2883 2204 3558 
1276 4030 3034 4967 
1277 1264 1268 3599 
1278 1638 4151 4324 
1279 808 805 3578 
1280 3473 588 5250 
1281 3302 3932 5195 
1282 1871 4575 4893 
1283 36 565 3364 
1284 5176 3876 5566 
1285 3956 794 5831 
1286 3342 3121 5290 
1287 508 612 3754 
1288 3450 253 5687 
1289 3425 553 5665 
1290 3547 2311 4006 
1291 3689 2195 3690 
1292 2934 3493 5543 
1293 601 3463 4741 
1294 2001 3590 4054 
1295 4016 4014 4300 
1296 3560 2859 3561 
1297 2311 2231 4006 
1298 3234 678 5149 
1299 542 526 3280 
1300 3875 3876 5162 
1301 3639 2508 3641 
1302 5112 1168 5286 
1303 2595 3615 5489 
1304 4458 898 4881 
1305 3463 601 4243 
1306 1326 3391 5670 
1307 500 602 3051 
1308 4138 3370 4962 
1309 3180 3179 5356 
1310 3513 683 3619 
1311 1229 1227 3600 
1312 3477 3977 5173 
1313 3448 2427 4763 
1314 4225 5215 5236 
1315 3280 525 3364 
1316 5162 3876 5176 
1317 5105 3399 5340 
1318 527 542 3244 
1319 58 59 4206 
1320 683 278 3619 
1321 5215 731 5236 
1322 3716 1734 3717 
1323 1672 3907 3909 
1324 3526 3893 3949 
1325 1484 3830 5776 
1326 4648 2486 5063 
1327 3396 5529 5601 
1328 5329 3273 5571 
1329 3367 3690 4648 
1330 259 260 3574 
1331 4960 5138 5327 
1332 3638 2508 3639 
1333 4014 2031 4300 
1334 5305 3392 5678 
1335 3440 2880 5529 
1336 3519 4924 5446 
1337 1974 3636 5830 
1338 3276 684 5563 
1339 5567 2047 5626 
1340 4143 3357 5135 
1341 3523 1904 3525 
1342 4674 891 5300 
1343 684 3090 3168 
1344 268 269 5013 
1345 553 3275 5665 
1346 5015 3880 5044 
1347 2503 3952 3954 
1348 3695 3694 5185 
1349 491 662 3066 
1350 1755 1370 4701 
1351 2733 5313 5403 
1352 3417 3105 5722 
1353 253 3450 5685 
1354 2905 440 5515 
1355 1632 1946 4586 
1356 5415 2530 5419 
1357 1533 1535 4580 
1358 3490 649 5348 
1359 2597 3887 4768 
1360 2445 2861 4114 
1361 3937 708 5822 
1362 2885 5288 5438 
1363 3180 5356 5413 
1364 4075 1772 4901 
1365 663 494 3172 
1366 3700 3553 5186 
1367 686 492 3066 
1368 4225 571 5235 
1369 3423 2930 5023 
1370 4310 5099 5123 
1371 28 686 3412 
1372 3307 478 5520 
1373 2031 4014 4015 
1374 1949 3959 4540 
1375 3443 17 5521 
1376 4116 3717 5336 
1377 3740 671 3741 
1378 3066 662 4710 
1379 3464 4502 4608 
1380 3610 3577 3944 
1381 4046 4047 4991 
1382 4199 2364 5170 
1383 1705 3731 5492 
1384 3172 493 3412 
1385 621 3623 5244 
1386 3414 5415 5419 
1387 442 2906 5564 
1388 5247 1813 5259 
1389 658 3367 4648 
1390 622 3376 5344 
1391 2958 25 5532 
1392 3396 556 5529 
1393 2417 2133 3629 
1394 3486 1638 4152 
1395 3578 803 4121 
1396 3488 1629 3995 
1397 3126 3251 5121 
1398 3717 4116 5507 
1399 3070 495 5524 
1400 3246 4975 5314 
1401 3375 5567 5626 
1402 3493 3333 5543 
1403 3610 2151 5780 
1404 1484 1469 3830 
1405 3963 3030 4113 
1406 5146 2916 5319 
1407 33 530 3072 
1408 657 418 5228 
1409 1547 4137 4526 
1410 3952 3953 3954 
1411 192 193 3618 
1412 2304 3727 3728 
1413 1223 1221 4411 
1414 2985 2986 3555 
1415 2378 5015 5044 
1416 278 279 3619 
1417 417 560 5228 
1418 3688 5373 5462 
1419 3883 2378 5044 
1420 3906 2990 3908 
1421 2595 2596 3615 
1422 705 3552 3553 
1423 3452 633 5002 
1424 3949 2222 4774 
1425 652 281 5786 
1426 3396 5601 5694 
1427 1634 1632 4586 
1428 627 513 3072 
1429 2364 4199 4684 
1430 658 518 3276 
1431 2994 2996 3902 
1432 416 554 5229 
1433 2457 2531 3520 
1434 3328 4872 4873 
1435 543 5107 5386 
1436 5032 3143 5343 
1437 662 3620 4710 
1438 3465 1441 5086 
1439 514 627 3505 
1440 3035 480 5548 
1441 1846 1576 3765 
1442 3002 471 5552 
1443 1546 4201 5278 
1444 574 3644 5271 
1445 4575 3384 4893 
1446 3507 563 3574 
1447 532 3587 3589 
1448 3005 519 5550 
1449 4359 539 5118 
1450 2996 3904 5595 
1451 422 2882 5584 
1452 5373 575 5462 
1453 1846 3765 5833 
1454 117 118 3752 
1455 1904 3523 3563 
1456 2471 3445 3755 
1457 1913 5075 5082 
1458 517 684 3276 
1459 622 3511 5509 
1460 3242 666 5207 
1461 2498 3367 5563 
1462 5205 4159 5220 
1463 279 280 4770 
1464 675 515 3505 
1465 405 6 5680 
1466 3231 4132 5144 
1467 2491 2498 3582 
1468 3538 1343 3545 
1469 3693 3712 5084 
1470 3195 5030 5522 
1471 3491 1406 4411 
1472 692 192 3618 
1473 633 3778 4040 
1474 3904 2996 5323 
1475 1471 1896 3830 
1476 5257 3387 5303 
1477 2117 2119 3729 
1478 3067 489 5558 
1479 2377 3769 5368 
1480 641 31 5269 
1481 3595 1639 5315 
1482 1749 3734 3739 
1483 3515 3709 4387 
1484 423 422 5584 
1485 3860 740 5691 
1486 2188 2331 3779 
1487 1561 3494 5809 
1488 3268 3978 5347 
1489 4022 743 4023 
1490 4645 5087 5719 
1491 623 2977 5632 
1492 3707 3368 5377 
1493 3027 3470 5404 
1494 3589 743 5432 
1495 684 34 3090 
1496 4502 736 4608 
1497 4151 3622 4324 
1498 5206 3536 5252 
1499 3818 3815 3830 
1500 3387 2332 5303 
1501 5129 3108 5548 
1502 1574 1847 3765 
1503 747 4030 4967 
1504 2977 3142 5632 
1505 4783 3242 5511 
1506 3015 5205 5220 
1507 3826 1485 3828 
1508 3345 4202 4821 
1509 2452 3413 5683 
1510 488 2965 5291 
1511 2943 4937 5141 
1512 593 4123 4206 
1513 3558 2204 3559 
1514 2483 3468 5763 
1515 3179 3454 5356 
1516 1484 3825 5732 
1517 3740 3427 5828 
1518 4260 3049 5045 
1519 4199 4197 4684 
1520 3036 465 5582 
1521 4902 2509 4972 
1522 563 259 3574 
1523 5438 3297 5583 
1524 2304 3726 3727 
1525 2669 3438 5466 
1526 3324 5313 5488 
1527 24 557 5287 
1528 5288 3297 5438 
1529 570 264 3700 
1530 3503 2469 3755 
1531 3681 3662 4951 
1532 1399 1886 3995 
1533 2491 3582 3720 
1534 269 270 3943 
1535 624 3124 5055 
1536 3769 2377 5214 
1537 2044 4279 5169 
1538 4243 712 4734 
1539 5121 3251 5813 
1540 3619 279 4770 
1541 3361 510 5588 
1542 1731 1780 4083 
1543 506 2955 5306 
1544 3362 5389 5620 
1545 1330 1229 3600 
1546 20 3016 5301 
1547 1863 3927 4714 
1548 3648 2771 4162 
1549 3468 2483 5276 
1550 1602 1600 3712 
1551 2836 3473 5250 
1552 3962 1513 4904 
1553 4526 3068 4638 
1554 592 3009 5590 
1555 2800 3566 3567 
1556 3139 2811 4247 
1557 1910 3543 4411 
1558 1330 3542 3626 
1559 633 3452 5597 
1560 4098 4210 4723 
1561 1607 4585 4947 
1562 723 3449 5165 
1563 2997 2994 3902 
1564 3129 2408 5149 
1565 1918 2525 3562 
1566 644 249 5281 
1567 3825 1484 5776 
1568 1629 3994 4118 
1569 2413 3779 4176 
1570 2636 3439 5370 
1571 3463 4243 4734 
1572 1847 1572 3841 
1573 542 3414 5419 
1574 3502 2513 5623 
1575 1859 4731 5126 
1576 1547 4526 4638 
1577 3822 3820 3970 
1578 3385 4036 5097 
1579 3474 1902 5819 
1580 2527 3571 3572 
1581 2573 2457 3520 
1582 5370 611 5446 
1583 4927 4589 5142 
1584 523 624 5643 
1585 3483 681 5170 
1586 1639 3595 5355 
1587 4213 4443 5227 
1588 3863 3862 4982 
1589 3469 691 5310 
1590 579 3933 5558 
1591 3788 3789 5359 
1592 2774 3281 5666 
1593 4439 3253 5572 
1594 5342 629 5384 
1595 3729 3730 4524 
1596 3250 5342 5384 
1597 5075 3492 5082 
1598 4285 3324 5488 
1599 4399 1726 5363 
1600 2966 3501 5047 
1601 4992 3451 5418 
1602 3009 5059 5590 
1603 3671 3673 3765 
1604 1419 1421 4627 
1605 3542 1330 3600 
1606 5389 1355 5620 
1607 833 3527 4280 
1608 5163 5241 5632 
1609 3280 4849 5668 
1610 3449 723 5231 
1611 4227 1882 4829 
1612 3423 3288 5509 
1613 1875 4871 4900 
1614 2031 4015 4017 
1615 265 705 3700 
1616 509 32 5659 
1617 3737 1705 5492 
1618 4992 3202 5815 
1619 3617 2871 4491 
1620 4060 3115 5106 
1621 3295 4039 4188 
1622 2897 2370 3598 
1623 3597 675 5151 
1624 3311 3840 5663 
1625 1212 1931 4152 
1626 1863 1762 4083 
1627 2378 3883 5054 
1628 3308 3307 4368 
1629 1570 1771 3841 
1630 2112 1415 3950 
1631 5363 1726 5374 
1632 655 3036 4700 
1633 3473 2836 5728 
1634 2008 2508 3640 
1635 2987 523 5643 
1636 3142 5163 5632 
1637 4168 5100 5122 
1638 3208 3506 5494 
1639 3006 595 4056 
1640 602 499 5326 
1641 812 807 3579 
1642 4401 3481 5440 
1643 626 3466 5477 
1644 4817 3585 4831 
1645 3947 559 5703 
1646 3568 2562 3569 
1647 3392 667 3714 
1648 3925 1863 4083 
1649 1441 3465 5778 
1650 5134 3215 5197 
1651 561 455 5639 
1652 2859 3560 3562 
1653 3748 3063 3749 
1654 2241 1711 4017 
1655 3552 705 3742 
1656 1062 3517 5160 
1657 4047 3966 4991 
1658 4039 4037 4188 
1659 1553 3476 5173 
1660 3364 565 5646 
1661 4054 3588 4055 
1662 183 5317 5451 
1663 455 3075 5639 
1664 5313 3324 5403 
1665 747 4029 4030 
1666 2884 3479 5500 
1667 2664 3526 3949 
1668 3682 3656 4926 
1669 4036 3829 5097 
1670 2872 3766 3991 
1671 1705 3737 5501 
1672 4247 2813 5017 
1673 2858 4227 4829 
1674 709 3617 4491 
1675 3843 3844 5447 
1676 5568 3210 5612 
1677 3576 808 3578 
1678 3682 1564 4831 
1679 3789 3037 5359 
1680 468 3144 5359 
1681 3932 2551 5195 
1682 807 808 3579 
1683 645 457 5642 
1684 3837 3380 5270 
1685 659 4878 5502 
1686 457 3389 5642 
1687 3451 4992 5815 
1688 3357 4143 5737 
1689 269 3943 5013 
1690 3413 2452 5294 
1691 3665 3666 4959 
1692 3731 1705 5493 
1693 1638 1210 4152 
1694 3438 2669 5443 
1695 1896 1473 3970 
1696 215 581 4052 
1697 5100 1216 5122 
1698 3958 3956 5831 
1699 4871 3827 4900 
1700 3270 4656 5641 
1701 3963 4113 4705 
1702 3875 1684 5125 
1703 2142 1593 4347 
1704 1846 3680 5799 
1705 3454 3179 5698 
1706 4874 5553 5619 
1707 5538 3482 5744 
1708 3297 3790 5583 
1709 1672 3909 3950 
1710 1564 4817 4831 
1711 3637 2375 3645 
1712 1717 3829 4743 
1713 2583 3559 4937 
1714 3667 3669 3841 
1715 3621 922 5335 
1716 1629 1392 3995 
1717 3279 4346 4347 
1718 3558 2581 3894 
1719 4065 4066 5741 
1720 3060 5659 5777 
1721 2883 3558 3894 
1722 3843 4577 4895 
1723 2217 4074 4312 
1724 213 214 4922 
1725 3379 3947 5703 
1726 2889 3637 3645 
1727 3083 3342 5007 
1728 3879 2450 4910 
1729 1418 1513 4705 
1730 4062 4063 4245 
1731 3456 3455 3719 
1732 3049 4114 5045 
1733 266 267 3742 
1734 3439 2636 5551 
1735 1939 1938 3894 
1736 5132 2097 5499 
1737 1783 3528 4896 
1738 3115 3116 5106 
1739 5149 2408 5417 
1740 3766 2872 5133 
1741 3030 3963 4154 
1742 1114 5101 5152 
1743 2311 3547 4062 
1744 3581 664 3605 
1745 2231 2230 4006 
1746 5068 2170 5212 
1747 3680 1846 5833 
1748 4443 4213 5761 
1749 3749 2249 3750 
1750 3878 3879 4910 
1751 3060 509 5659 
1752 3757 3030 4154 
1753 624 5055 5643 
1754 2779 3552 4019 
1755 3960 1796 5733 
1756 1475 1485 3970 
1757 4283 5339 5434 
1758 4750 4081 4760 
1759 1552 3484 5433 
1760 2468 2199 3946 
1761 3956 3953 3969 
1762 3485 1335 5838 
1763 5553 3340 5619 
1764 5038 548 5596 
1765 4255 3403 4864 
1766 3494 1561 4981 
1767 686 3438 5443 
1768 3546 712 4720 
1769 3958 2535 5547 
1770 3927 3965 4714 
1771 4260 2046 4957 
1772 691 3469 5614 
1773 1554 4107 4590 
1774 3514 2206 3540 
1775 656 3508 3509 
1776 736 4845 5120 
1777 1209 3522 5189 
1778 1879 2206 3575 
1779 3471 686 5443 
1780 3759 5409 5485 
1781 581 3651 4052 
1782 2435 5200 5290 
1783 1558 5134 5197 
1784 4039 3295 4189 
1785 3709 1067 4387 
1786 4162 2903 5207 
1787 1417 1672 3950 
1788 3481 1825 5202 
1789 4442 5112 5286 
1790 3068 4107 4606 
1791 3763 2494 4644 
1792 367 3861 5388 
1793 3444 5538 5744 
1794 4246 3139 4247 
1795 5659 3753 5777 
1796 705 3553 3700 
1797 3844 4055 5447 
1798 3479 2884 5038 
1799 5056 534 5089 
1800 735 3604 5539 
1801 3068 4606 4638 
1802 1370 1372 4701 
1803 4565 5568 5612 
1804 1703 1879 3575 
1805 5270 3380 5312 
1806 2311 4062 4245 
1807 4997 3640 4998 
1808 4113 1420 4705 
1809 3695 3557 5276 
1810 3604 735 5608 
1811 1566 3681 4951 
1812 5087 603 5719 
1813 4245 4063 5072 
1814 5445 907 5575 
1815 3437 2435 5290 
1816 2600 4081 4466 
1817 5007 3342 5200 
1818 2121 2123 3726 
1819 2583 3558 3559 
1820 3368 3387 5377 
1821 5099 3614 5123 
1822 5030 3388 5522 
1823 1919 4750 4760 
1824 5124 4218 5168 
1825 3230 3372 5157 
1826 2304 2121 3726 
1827 3699 5056 5089 
1828 3503 3755 4530 
1829 2439 3329 5289 
1830 2811 2813 4247 
1831 544 5476 5592 
1832 3717 1734 5336 
1833 737 58 4206 
1834 1859 3492 5075 
1835 2547 4227 5127 
1836 710 117 3752 
1837 4976 3004 5314 
1838 1832 3416 5308 
1839 2525 2859 3562 
1840 3170 3439 5328 
1841 3615 3325 5489 
1842 3329 4963 5289 
1843 4878 3306 5502 
1844 3520 2531 3521 
1845 3622 1205 4324 
1846 3427 690 5828 
1847 3713 5247 5259 
1848 5040 3741 5275 
1849 4123 3430 4206 
1850 3827 4279 4900 
1851 1702 1606 3712 
1852 3049 2445 4114 
1853 1421 3910 4627 
1854 4089 5692 5752 
1855 3590 2001 4541 
1856 5051 3419 5397 
1857 563 3507 4972 
1858 4162 5207 5704 
1859 3758 3759 5485 
1860 4033 541 4034 
1861 3990 4280 4932 
1862 1711 2031 4017 
1863 2861 4006 4114 
1864 470 469 5701 
1865 1450 4004 4756 
1866 1508 4968 5174 
1867 3829 3807 4743 
1868 1963 3601 3764 
1869 1406 1223 4411 
1870 1911 1698 3750 
1871 118 564 3752 
1872 1221 1910 4411 
1873 59 593 4206 
1874 5107 3226 5386 
1875 2241 4017 4509 
1876 2696 3686 3713 
1877 5016 2145 5829 
1878 3493 5146 5319 
1879 4821 4202 5650 
1880 2854 3600 4840 
1881 3624 1957 3625 
1882 4615 1805 4695 
1883 669 5032 5343 
1884 3646 546 5483 
1885 3861 367 5617 
1886 675 3505 5151 
1887 664 3581 4028 
1888 2513 2647 5623 
1889 4700 3036 5316 
1890 2500 3626 4610 
1891 585 5393 5412 
1892 929 1963 3764 
1893 3505 627 5699 
1894 2198 3704 3705 
1895 5395 4483 5533 
1896 4041 3203 5461 
1897 4074 4026 4312 
1898 5061 4332 5081 
1899 3369 3371 4805 
1900 140 673 3771 
1901 4165 2819 5765 
1902 712 3546 4734 
1903 4478 3185 4590 
1904 5072 4063 5788 
1905 3694 1718 5185 
1906 3591 1702 3693 
1907 5407 706 5409 
1908 3456 3719 4715 
1909 257 258 3938 
1910 4331 4533 5657 
1911 2623 5487 5512 
1912 1958 5051 5397 
1913 4107 1554 4606 
1914 1880 3583 5737 
1915 1702 3591 3756 
1916 5106 3116 5262 
1917 3531 626 3532 
1918 3771 673 3772 
1919 1564 3682 4926 
1920 3492 1859 5126 
1921 4894 3152 4906 
1922 1039 1062 5160 
1923 143 633 4040 
1924 2882 3270 5641 
1925 5085 3293 5460 
1926 3574 260 4491 
1927 2117 3729 4524 
1928 2866 5124 5168 
1929 1684 3875 5162 
1930 4170 5024 5074 
1931 3556 5016 5829 
1932 3213 4001 5233 
1933 2370 2371 3598 
1934 2365 2595 3641 
1935 4478 2620 4952 
1936 237 694 3832 
1937 552 4834 5609 
1938 1590 3793 4865 
1939 2508 2365 3641 
1940 3403 3862 4864 
1941 3379 3946 3947 
1942 589 4751 5598 
1943 5526 5226 5635 
1944 3582 3168 3720 
1945 3141 5064 5139 
1946 3226 4305 5128 
1947 2825 2824 5422 
1948 5004 3968 5050 
1949 3617 709 4736 
1950 709 4639 4736 
1951 3766 1690 3991 
1952 2198 1858 3704 
1953 3762 3763 4644 
1954 3686 2696 3714 
1955 2423 4089 5752 
1956 930 929 3764 
1957 2826 4163 5017 
1958 2781 3566 3628 
1959 1902 1903 3627 
1960 3642 3222 3643 
1961 231 659 3804 
1962 211 212 4028 
1963 2102 1755 4701 
1964 4541 915 4732 
1965 3032 470 5701 
1966 3862 3403 4982 
1967 2492 2504 4029 
1968 3522 1209 5194 
1969 3506 3208 5648 
1970 3512 5445 5575 
1971 1125 4894 4906 
1972 2428 3602 3603 
1973 5481 1476 5517 
1974 2484 5022 5111 
1975 4694 3350 5417 
1976 549 3424 5543 
1977 3447 2437 5114 
1978 3185 1554 4590 
1979 5508 1495 5562 
1980 690 3427 5716 
1981 2317 3723 3724 
1982 1875 1567 5119 
1983 599 486 5694 
1984 4439 4539 5686 
1985 3974 3366 5746 
1986 4263 4262 4993 
1987 4305 3226 5107 
1988 4086 4085 5167 
1989 699 3988 3989 
1990 2825 5422 5437 
1991 4791 3524 5688 
1992 3330 3447 5590 
1993 2506 2779 4019 
1994 2508 3638 3640 
1995 4796 644 5281 
1996 5476 3346 5592 
1997 2119 2304 3729 
1998 1026 1024 4437 
1999 3255 4498 5565 
2000 3460 2235 5513 
2001 4183 2361 4184 
2002 3994 3722 4118 
2003 2317 3724 3725 
2004 267 634 3742 
2005 3907 1672 4627 
2006 5317 3400 5451 
2007 3743 4034 4202 
2008 3801 3802 5145 
2009 1680 1733 4524 
2010 3637 2889 3646 
2011 632 5208 5226 
2012 1964 2369 4424 
2013 4625 4262 4748 
2014 3666 4232 4959 
2015 3626 3542 4610 
2016 3690 2486 4648 
2017 3206 3691 4424 
2018 1935 3563 5147 
2019 1945 5061 5081 
2020 3584 3585 4786 
2021 3587 532 4516 
2022 3739 3734 4754 
2023 2833 2834 5675 
2024 3440 3141 5139 
2025 486 3396 5694 
2026 4608 736 5120 
2027 4671 3483 5170 
2028 3494 3541 5809 
2029 3348 5085 5460 
2030 3562 4615 4695 
2031 5487 4257 5512 
2032 1414 3541 5251 
2033 214 215 4052 
2034 4223 930 4517 
2035 2249 1911 3750 
2036 4710 3620 5350 
2037 123 4846 4978 
2038 930 3764 4517 
2039 3590 4541 4732 
2040 4037 2137 4188 
2041 4533 4331 5630 
2042 4086 5167 5179 
2043 3353 4413 4907 
2044 4004 4003 4756 
2045 3741 671 5275 
2046 3793 3480 4865 
2047 2235 3460 5696 
2048 3553 2781 3628 
2049 5022 4208 5111 
2050 2578 3640 4997 
2051 3584 1500 4748 
2052 3879 3880 4985 
2053 4835 5213 5358 
2054 3379 2468 3946 
2055 3743 2589 4034 
2056 3489 3488 3995 
2057 1588 1627 3793 
2058 4217 4218 5078 
2059 2824 3433 5405 
2060 1981 5453 5463 
2061 4445 965 4567 
2062 705 266 3742 
2063 3487 3486 4152 
2064 5156 2617 5178 
2065 2196 2195 3689 
2066 3272 5526 5635 
2067 4189 583 5810 
2068 1500 4625 4748 
2069 5339 1493 5434 
2070 3899 3900 4136 
2071 3413 655 4700 
2072 4786 3585 4817 
2073 5002 698 5245 
2074 2481 1781 3756 
2075 2337 3462 3789 
2076 5372 4875 5535 
2077 4287 2545 5337 
2078 5024 1674 5074 
2079 2871 3574 4491 
2080 2535 3958 5831 
2081 812 3579 3580 
2082 5257 2773 5377 
2083 3999 4332 4883 
2084 1315 5004 5050 
2085 1672 1419 4627 
2086 4751 589 5404 
2087 4184 2361 4185 
2088 3195 4074 5030 
2089 3579 3577 3610 
2090 3475 3243 5710 
2091 4975 3246 5114 
2092 2486 2478 5063 
2093 3962 3963 4705 
2094 2815 2826 5017 
2095 2271 1941 4130 
2096 3600 1227 4840 
2097 5012 4299 5094 
2098 2361 4183 4419 
2099 699 150 3988 
2100 214 4052 4922 
2101 5020 2833 5675 
2102 3409 2968 5047 
2103 4129 2685 4130 
2104 2408 4694 5417 
2105 280 652 4770 
2106 239 690 3715 
2107 2359 3059 4185 
2108 4924 5370 5446 
2109 4619 1552 5330 
2110 5337 2545 5418 
2111 3524 4791 5244 
2112 773 3500 5321 
2113 4280 3527 4932 
2114 1918 3562 4695 
2115 3507 4902 4972 
2116 3552 3742 4019 
2117 570 3630 4639 
2118 3546 4720 4833 
2119 3203 4041 5577 
2120 659 3870 4878 
2121 4346 2142 4347 
2122 696 3800 5098 
2123 1389 1385 3836 
2124 2977 2978 2979 
2125 2317 2125 3723 
2126 3208 3197 5390 
2127 549 3423 3424 
2128 1734 3716 3718 
2129 2824 5405 5422 
2130 2956 641 2957 
2131 687 3831 3871 
2132 3266 5372 5535 
2133 3004 561 3246 
2134 3614 3763 5123 
2135 2722 2679 3732 
2136 2429 2128 3939 
2137 3778 633 5597 
2138 3557 2960 5532 
2139 1619 1960 4234 
2140 3601 1963 4424 
2141 3049 4260 4957 
2142 2198 3705 3946 
2143 4966 3033 5083 
2144 727 4186 5221 
2145 1166 3912 4428 
2146 258 563 3938 
2147 3004 4976 5021 
2148 2983 2984 2985 
2149 4444 965 4445 
2150 3897 3898 4923 
2151 1500 3584 4786 
2152 5381 323 5406 
2153 1593 1595 4347 
2154 4332 2055 4883 
2155 2788 4241 5261 
2156 3760 3087 4272 
2157 5200 3342 5290 
2158 3803 230 3804 
2159 4033 745 5540 
2160 3728 3727 3731 
2161 708 257 3938 
2162 3735 904 4854 
2163 2572 3501 5601 
2164 2966 599 3501 
2165 3912 3913 4428 
2166 1999 3760 4272 
2167 4029 2504 4030 
2168 3791 3792 5464 
2169 2973 2974 2975 
2170 4985 3880 5015 
2171 4720 617 4833 
2172 3050 3683 5274 
2173 2199 2198 3946 
2174 3950 3909 5239 
2175 3626 2500 4620 
2176 3844 4053 4054 
2177 3125 2985 3555 
2178 2840 3639 5642 
2179 3122 4076 4249 
2180 4079 3086 4080 
2181 516 675 5767 
2182 557 2981 3264 
2183 3313 3799 4747 
2184 4183 3136 4419 
2185 3591 2481 3756 
2186 4034 541 4202 
2187 2965 2966 2967 
2188 2955 2956 3278 
2189 1772 1389 3836 
2190 4473 581 4706 
2191 1421 1423 3910 
2192 3428 3429 3711 
2193 3016 3017 3018 
2194 3645 2375 4643 
2195 3866 687 3867 
2196 2589 3743 4374 
2197 3319 5322 5392 
2198 3913 1065 4428 
2199 2844 3877 4044 
2200 3009 3010 3011 
2201 4724 4960 5327 
2202 4092 536 5153 
2203 3799 2157 4747 
2204 3349 5508 5562 
2205 4098 2466 4210 
2206 965 4444 4449 
2207 4081 4079 4466 
2208 3999 2702 4542 
2209 1428 3030 3757 
2210 1067 3709 4388 
2211 2519 2589 4374 
2212 3517 1062 5774 
2213 3651 581 4473 
2214 556 3141 3440 
2215 3797 539 5581 
2216 4275 4927 5142 
2217 4070 3096 4071 
2218 1301 1358 3882 
2219 2466 4098 4234 
2220 2845 2173 3751 
2221 3648 4162 5704 
2222 2459 2461 3597 
2223 4044 1315 5050 
2224 681 3483 5789 
2225 1698 1696 3750 
2226 3965 1909 4714 
2227 3922 3929 5354 
2228 2240 2840 4018 
2229 3124 3125 3441 
2230 5464 3792 5475 
2231 2685 2271 4130 
2232 4639 3630 4736 
2233 930 4223 4465 
2234 3086 4079 4081 
2235 1065 3913 4222 
2236 3369 4805 5705 
2237 2517 3945 4911 
2238 2988 2987 2993 
2239 4997 2883 5079 
2240 3140 4031 4637 
2241 4127 2685 4129 
2242 1883 1379 3739 
2243 788 794 3969 
2244 2473 2370 2897 
2245 1273 1269 4214 
2246 3027 3415 5814 
2247 2354 1680 4524 
2248 1805 3697 4007 
2249 3770 139 3771 
2250 3704 1858 3948 
2251 4605 1118 4863 
2252 4354 4726 4745 
2253 3842 2074 4053 
2254 4366 3165 4968 
2255 656 88 3719 
2256 3534 4360 4361 
2257 3088 4095 4333 
2258 5393 3616 5412 
2259 4147 2241 4509 
2260 4071 3096 4646 
2261 5515 3401 5842 
2262 4160 4509 4781 
2263 3090 516 5767 
2264 4035 5182 5184 
2265 3436 613 5768 
2266 3535 618 5621 
2267 3722 1388 4118 
2268 5453 4306 5463 
2269 3422 5615 5631 
2270 4019 634 5046 
2271 97 98 4200 
2272 1612 1388 3722 
2273 3647 1045 4564 
2274 3432 5481 5517 
2275 659 232 3870 
2276 4073 4026 4074 
2277 3710 617 4862 
2278 3598 3597 5151 
2279 3251 2429 3939 
2280 1287 1289 4530 
2281 2361 2359 4185 
2282 4230 379 5429 
2283 88 89 3719 
2284 5138 3248 5327 
2285 546 3646 5385 
2286 4444 3135 4449 
2287 1767 2083 4652 
2288 4001 3213 5209 
2289 212 664 4028 
2290 3955 3953 3956 
2291 3697 1805 4615 
2292 4223 3145 4465 
2293 3572 5412 5827 
2294 3882 1358 3883 
2295 4643 1758 4823 
2296 2848 2849 5219 
2297 3185 4478 4952 
2298 3708 4473 4706 
2299 3543 3491 4411 
2300 2509 3408 4972 
2301 1373 2517 3745 
2302 1045 3647 4535 
2303 4105 5381 5406 
2304 3735 3736 4880 
2305 3366 4867 5552 
2306 3783 1219 5253 
2307 2693 3735 4854 
2308 141 142 3774 
2309 693 134 3761 
2310 2665 2666 3973 
2311 2649 5036 5066 
2312 672 3892 3893 
2313 2123 2317 3726 
2314 3052 602 3053 
2315 2476 2486 4000 
2316 4974 3183 4977 
2317 3706 4564 4604 
2318 529 3931 4915 
2319 3761 3378 5807 
2320 234 687 3866 
2321 3877 2844 4043 
2322 4564 1045 4604 
2323 4072 3202 4992 
2324 3747 1727 3748 
2325 613 3436 5770 
2326 695 136 3767 
2327 2049 2370 2473 
2328 529 4046 4991 
2329 433 13 5731 
2330 1011 1013 4452 
2331 1320 1405 4244 
2332 4963 3329 5759 
2333 4361 5132 5499 
2334 747 211 4028 
2335 652 3518 5821 
2336 4081 2600 4760 
2337 170 704 3964 
2338 1635 3903 3904 
2339 13 3254 5731 
2340 1557 1365 3762 
2341 3581 2492 4029 
2342 3844 3842 4053 
2343 3996 1886 4597 
2344 2679 2675 3732 
2345 3139 4246 4785 
2346 1423 1431 3910 
2347 4272 3087 4273 
2348 4096 1134 4809 
2349 5101 3649 5152 
2350 3915 3220 5272 
2351 3384 3385 5097 
2352 2491 2299 2498 
2353 2650 4445 4567 
2354 3509 3535 5621 
2355 230 231 3804 
2356 1974 1818 3834 
2357 1637 4026 4073 
2358 5615 3420 5631 
2359 4143 1880 5737 
2360 5087 4645 5201 
2361 1758 4272 4273 
2362 1703 3575 4731 
2363 4188 2137 4614 
2364 4096 3152 4857 
2365 172 529 4915 
2366 3439 611 5370 
2367 5028 2005 5712 
2368 681 97 4200 
2369 1975 1877 4271 
2370 3512 2604 5445 
2371 3686 3714 5564 
2372 4341 3232 5043 
2373 5151 3505 5699 
2374 2369 3206 4424 
2375 4069 2326 4758 
2376 5328 3439 5551 
2377 4793 719 4859 
2378 3940 693 3941 
2379 1261 3599 5365 
2380 3867 687 3871 
2381 707 5027 5033 
2382 5412 3572 5435 
2383 229 230 3803 
2384 672 271 3892 
2385 2137 4095 4614 
2386 2348 2502 3805 
2387 554 3611 3612 
2388 4893 3384 5097 
2389 3895 3896 3897 
2390 1024 2034 4437 
2391 4156 2783 4157 
2392 565 2988 2989 
2393 698 3864 3865 
2394 2883 3894 5079 
2395 139 140 3771 
2396 2294 4292 4459 
2397 884 4474 4903 
2398 3933 3650 5558 
2399 677 131 3942 
2400 4140 3854 4558 
2401 3971 677 5263 
2402 228 591 3800 
2403 1800 4007 4673 
2404 1889 4974 4977 
2405 3541 1414 5809 
2406 2049 2050 2370 
2407 3874 3873 3875 
2408 1882 4031 4829 
2409 3572 3571 3573 
2410 3488 2477 3994 
2411 1900 2476 4000 
2412 2125 2139 3723 
2413 2666 3378 3973 
2414 1635 1433 3903 
2415 1430 1428 3757 
2416 2371 2459 3598 
2417 4153 1931 4642 
2418 3525 1904 5091 
2419 915 4076 4621 
2420 1694 1727 3747 
2421 1029 1026 4437 
2422 4170 2746 4986 
2423 3774 142 4040 
2424 4291 3586 4292 
2425 2304 3728 3729 
2426 1872 1873 2003 
2427 4846 3205 4978 
2428 3452 5002 5245 
2429 684 3582 5563 
2430 4880 3736 4888 
2431 3462 2339 3798 
2432 917 4140 4558 
2433 3583 1880 5198 
2434 3563 1935 5656 
2435 2003 1873 2033 
2436 3831 236 3832 
2437 3493 2934 5146 
2438 4514 4267 4802 
2439 1581 1583 3807 
2440 3725 3724 3737 
2441 2584 2783 4156 
2442 1169 3706 4604 
2443 1557 3762 4644 
2444 2242 2337 3789 
2445 3759 5407 5409 
2446 719 3708 4706 
2447 634 268 5013 
2448 2203 2883 4997 
2449 1963 1964 4424 
2450 634 5013 5046 
2451 1458 1503 3835 
2452 89 90 4715 
2453 2484 4275 5022 
2454 2299 2196 3689 
2455 3800 591 3801 
2456 3589 2875 4023 
2457 5082 5361 5366 
2458 138 139 3770 
2459 379 4230 5661 
2460 4222 4221 4776 
2461 1337 1878 4027 
2462 3886 3885 3887 
2463 587 3895 3897 
2464 5208 3609 5226 
2465 1627 1628 1902 
2466 2173 2174 3751 
2467 3923 3925 4083 
2468 3964 704 4727 
2469 780 777 3981 
2470 4426 4100 4451 
2471 3978 3976 5347 
2472 150 151 3988 
2473 3930 3257 5455 
2474 1974 3834 4879 
2475 3760 1999 4403 
2476 734 4483 5395 
2477 3545 4214 4215 
2478 1113 3780 4259 
2479 4147 4145 4552 
2480 4075 3310 5663 
2481 1960 2466 4234 
2482 1367 1724 3945 
2483 98 4198 4200 
2484 1359 1619 4234 
2485 3708 719 4793 
2486 4218 2501 5078 
2487 1611 1767 4652 
2488 4726 1169 4745 
2489 777 775 3981 
2490 3866 3868 3870 
2491 2143 2072 2530 
2492 1642 1640 4003 
2493 3881 1303 3882 
2494 3624 3610 5780 
2495 694 238 3715 
2496 3719 89 4715 
2497 3057 5326 5380 
2498 1385 1383 3836 
2499 4031 852 4637 
2500 3645 4643 4823 
2501 1481 1487 4205 
2502 133 693 3940 
2503 1872 1631 1873 
2504 915 4621 4732 
2505 4104 3209 4297 
2506 3334 4482 5797 
2507 1381 1883 3781 
2508 1781 1610 3756 
2509 2875 2542 4023 
2510 630 153 3846 
2511 1233 1231 3806 
2512 4275 2484 4927 
2513 3872 3873 3874 
2514 4366 1452 5192 
2515 1585 1586 1587 
2516 4442 1132 5112 
2517 3540 3684 5525 
2518 3872 3362 3873 
2519 3519 2908 5329 
2520 648 148 3845 
2521 698 146 3864 
2522 5529 2880 5601 
2523 3767 688 3768 
2524 1587 1588 3793 
2525 2151 3944 4472 
2526 2906 3686 5564 
2527 4070 1093 4665 
2528 4899 537 4936 
2529 4342 4570 4667 
2530 2503 3954 4336 
2531 3394 3393 5116 
2532 1319 1311 3984 
2533 687 235 3831 
2534 3868 3867 3869 
2535 1905 2507 3948 
2536 786 788 3969 
2537 2477 2475 3994 
2538 663 3312 3313 
2539 3496 3308 5599 
2540 1167 4426 4451 
2541 2092 2328 4043 
2542 3482 3543 5440 
2543 928 4287 5337 
2544 2328 3877 4043 
2545 3985 630 3986 
2546 4413 3353 5679 
2547 3311 3711 3840 
2548 3936 708 3937 
2549 4196 5068 5212 
2550 4654 4281 4655 
2551 3520 3521 5640 
2552 2423 5752 5790 
2553 2734 4069 4758 
2554 629 128 3972 
2555 1583 1584 1585 
2556 236 237 3832 
2557 1313 1320 4244 
2558 2241 4147 4552 
2559 1051 1050 4365 
2560 1368 1367 3945 
2561 3136 4117 4419 
2562 4498 3255 5394 
2563 697 155 3884 
2564 4292 3586 4459 
2565 1167 3833 4426 
2566 1257 1553 4106 
2567 4089 3337 5692 
2568 2416 3362 3872 
2569 2899 3380 3837 
2570 1343 1273 4214 
2571 1900 1769 2475 
2572 2197 4104 4297 
2573 2903 4162 4421 
2574 1900 2475 2476 
2575 2476 2475 2477 
2576 3893 3892 4752 
2577 3543 1910 5440 
2578 3706 1169 4726 
2579 3744 4793 4859 
2580 3788 2242 3789 
2581 3901 1519 3902 
2582 2990 3906 5323 
2583 1303 1301 3882 
2584 3693 1702 3712 
2585 2280 3998 3999 
2586 2500 4271 4620 
2587 703 3917 3930 
2588 277 683 3885 
2589 275 700 3888 
2590 3885 683 3887 
2591 782 833 4280 
2592 701 3899 4136 
2593 1733 2117 4524 
2594 3691 3601 4424 
2595 2345 2348 3805 
2596 3772 673 3773 
2597 1778 4144 4660 
2598 4357 4984 5034 
2599 3628 2417 3629 
2600 1335 3613 3614 
2601 701 159 3899 
2602 587 157 3895 
2603 3193 1319 3984 
2604 4007 3697 4673 
2605 3786 2074 3842 
2606 590 161 3914 
2607 671 4870 5275 
2608 3157 4407 4685 
2609 3248 3989 5327 
2610 3545 1343 4214 
2611 2128 2261 3939 
2612 3135 4181 4449 
2613 4509 4017 4781 
2614 1305 1303 3881 
2615 1687 1287 4530 
2616 3341 2775 3933 
2617 4233 2728 4917 
2618 546 4400 5483 
2619 575 165 3916 
2620 703 167 3917 
2621 3891 3890 4752 
2622 3497 2034 5783 
2623 917 3847 4172 
2624 4262 4625 4993 
2625 2476 2477 2478 
2626 3807 1583 4743 
2627 3917 3918 3930 
2628 3096 4070 4665 
2629 3889 3888 4396 
2630 3834 1818 3982 
2631 3837 1558 5197 
2632 3408 3938 4972 
2633 1405 3967 4244 
2634 3983 2519 4374 
2635 1903 2049 3627 
2636 2513 3502 5282 
2637 4582 2646 4721 
2638 3747 3748 3749 
2639 1758 4273 4823 
2640 4076 3122 4621 
2641 2547 4226 4227 
2642 5484 2209 5713 
2643 142 143 4040 
2644 2155 1911 2248 
2645 2706 4096 4809 
2646 1885 1398 4075 
2647 1219 3783 5738 
2648 2261 3794 3935 
2649 3932 1719 4311 
2650 765 3176 4416 
2651 3778 3775 4040 
2652 263 570 4639 
2653 4026 4027 4312 
2654 2459 2460 2461 
2655 3775 3774 4040 
2656 4767 3401 5515 
2657 1321 1314 3838 
2658 4095 1148 4333 
2659 3387 5257 5377 
2660 4008 2071 4178 
2661 1777 4255 4864 
2662 4857 3152 4894 
2663 4180 957 4181 
2664 3509 3508 3510 
2665 2074 3786 4067 
2666 700 3886 4396 
2667 1456 3835 4064 
2668 1390 1629 4118 
2669 617 288 4862 
2670 2309 2248 2839 
2671 130 677 3971 
2672 256 708 3936 
2673 245 631 4045 
2674 98 99 4198 
2675 3939 3935 5109 
2676 2500 1975 4271 
2677 2354 4525 4820 
2678 1437 1519 3901 
2679 2478 2477 2479 
2680 1216 4085 5122 
2681 1589 1587 1590 
2682 4112 3299 4477 
2683 3187 3425 5398 
2684 564 119 4131 
2685 1630 1590 1631 
2686 3257 2423 5790 
2687 4279 3827 5169 
2688 3794 2261 4024 
2689 1871 1631 1872 
2690 2604 3512 5479 
2691 2785 3205 4963 
2692 1387 1390 4118 
2693 152 630 3985 
2694 3749 3063 5416 
2695 1903 1969 2049 
2696 4242 3461 4801 
2697 2156 2481 2482 
2698 542 3363 3414 
2699 4041 756 4464 
2700 237 238 694 
2701 239 240 690 
2702 5114 3246 5639 
2703 2004 2003 2005 
2704 2063 4514 4802 
2705 1330 3626 3806 
2706 3753 2249 5416 
2707 1588 1626 1627 
2708 234 235 687 
2709 3808 3829 4036 
2710 1102 4434 4703 
2711 2256 2159 3799 
2712 3668 3665 4959 
2713 4131 4128 4132 
2714 3042 4224 5235 
2715 2156 1781 2481 
2716 2226 2242 3788 
2717 1383 1381 3781 
2718 2559 4042 4221 
2719 1694 1692 1727 
2720 1503 2103 3381 
2721 3196 2860 3356 
2722 4076 837 4249 
2723 3784 3785 4528 
2724 1635 3904 3905 
2725 2353 2489 3974 
2726 4474 3178 4903 
2727 135 695 3761 
2728 1590 1587 3793 
2729 3979 2218 3980 
2730 532 3589 5432 
2731 2280 3999 4542 
2732 2482 2481 2483 
2733 3905 3904 3906 
2734 1696 1694 3747 
2735 1769 1612 3722 
2736 1065 4222 4776 
2737 1231 1330 3806 
2738 3878 1327 3879 
2739 3944 2570 4472 
2740 4292 2294 4469 
2741 1864 3757 4154 
2742 1822 1698 1911 
2743 4388 3709 4450 
2744 3176 763 3990 
2745 4097 4098 4723 
2746 564 4131 4132 
2747 2459 3597 3598 
2748 3744 537 4899 
2749 1581 1582 1583 
2750 1636 3975 3978 
2751 1398 1391 4075 
2752 3531 3532 3533 
2753 1387 1385 1389 
2754 4010 4008 4178 
2755 2543 4021 4022 
2756 4384 5203 5407 
2757 3621 3106 5293 
2758 4528 3785 4573 
2759 2942 4388 4450 
2760 956 959 4181 
2761 4003 1640 4756 
2762 1982 1983 2426 
2763 3784 1119 4536 
2764 2280 3997 3998 
2765 1865 1942 1982 
2766 137 688 3767 
2767 2197 4103 4104 
2768 3073 530 3207 
2769 4407 2252 4685 
2770 4095 3088 4614 
2771 2426 2427 3839 
2772 1982 1942 1983 
2773 3504 594 5745 
2774 1338 1337 4027 
2775 3847 917 4558 
2776 2507 3704 3948 
2777 1637 4073 4635 
2778 1390 1389 1391 
2779 1865 1864 1942 
2780 664 213 4922 
2781 1269 2026 4214 
2782 1118 1011 4452 
2783 967 957 4180 
2784 2236 2860 3196 
2785 3559 2204 4455 
2786 815 4402 4691 
2787 1390 1391 1392 
2788 2371 2373 2459 
2789 3907 3906 3908 
2790 774 2218 3979 
2791 650 3852 5735 
2792 2300 2299 2491 
2793 1518 1864 1865 
2794 1673 4654 4655 
2795 1383 3781 3836 
2796 1407 1637 4635 
2797 242 243 671 
2798 1387 1389 1390 
2799 1940 1810 3983 
2800 2673 2671 2847 
2801 1822 1911 2155 
2802 651 4194 4195 
2803 1392 1391 1398 
2804 3975 3976 3978 
2805 1379 1377 3739 
2806 1587 1586 1588 
2807 1542 1538 4238 
2808 651 4195 4197 
2809 1241 3123 4005 
2810 2265 2850 3997 
2811 4162 4161 4421 
2812 3985 3986 3987 
2813 1013 4451 4452 
2814 2197 4102 4103 
2815 4498 746 5565 
2816 2841 3787 4681 
2817 4051 1102 4703 
2818 4144 1778 4238 
2819 3000 2998 4522 
2820 2498 2299 3689 
2821 4620 3123 4757 
2822 1518 1511 1864 
2823 3895 701 3896 
2824 4648 5063 5550 
2825 4326 4536 4550 
2826 4184 4185 4186 
2827 2248 2249 3753 
2828 3729 3728 3730 
2829 231 232 659 
2830 4354 4745 4749 
2831 3731 3727 5492 
2832 2155 2248 2309 
2833 685 3888 3889 
2834 2048 4570 4571 
2835 4078 4079 4080 
2836 3832 694 4873 
2837 3899 590 3900 
2838 3866 3867 3868 
2839 4834 552 5610 
2840 4656 3270 5029 
2841 132 3940 3942 
2842 4111 4112 4477 
2843 1585 1584 1586 
2844 3771 3772 5368 
2845 3616 734 5395 
2846 1365 1363 3762 
2847 1312 1318 4310 
2848 5495 3980 5541 
2849 238 239 3715 
2850 1636 1251 3975 
2851 700 3885 3886 
2852 2257 2256 2322 
2853 2427 3961 4763 
2854 2538 3849 4020 
2855 2683 3540 5820 
2856 2224 2226 2452 
2857 1377 1375 1749 
2858 1217 4170 4986 
2859 2775 2725 3933 
2860 4609 4283 4633 
2861 4039 4189 5810 
2862 1381 1379 1883 
2863 3742 634 4019 
2864 4353 4354 4749 
2865 2426 1983 2427 
2866 2600 4466 4689 
2867 2829 2855 3215 
2868 1307 1327 3878 
2869 2006 2005 2072 
2870 3938 563 4972 
2871 4032 4033 4034 
2872 1456 1458 3835 
2873 3630 2518 4736 
2874 1753 2532 3982 
2875 1479 1481 4205 
2876 3914 702 3915 
2877 2323 2322 2556 
2878 2452 2226 3788 
2879 2569 3912 4861 
2880 2681 2722 2723 
2881 3773 3775 3776 
2882 3833 1167 4430 
2883 3905 3906 3907 
2884 1392 1398 1399 
2885 745 3565 5760 
2886 2507 2845 2846 
2887 2579 3539 5775 
2888 3838 1314 4310 
2889 4466 4077 4689 
2890 2507 2173 2845 
2891 3195 4073 4074 
2892 3801 591 3802 
2893 3869 5484 5713 
2894 1017 1019 4430 
2895 1371 1368 3945 
2896 4032 3565 4033 
2897 3955 3956 3957 
2898 1373 1371 2517 
2899 1648 1905 3948 
2900 3448 4834 5610 
2901 233 234 3866 
2902 696 227 3800 
2903 2681 2679 2722 
2904 2857 2899 3837 
2905 2015 2235 4089 
2906 1724 1557 1725 
2907 1916 2528 4024 
2908 235 236 3831 
2909 1405 1678 3967 
2910 3768 688 3769 
2911 1583 1582 1584 
2912 2084 1725 2085 
2913 4570 2048 4667 
2914 4140 1777 4827 
2915 3086 2258 4080 
2916 1458 1460 1503 
2917 2899 3077 3380 
2918 1118 4452 4863 
2919 4353 1046 4721 
2920 1132 4442 5268 
2921 2450 3879 4985 
2922 3762 2253 3763 
2923 529 173 4046 
2924 1649 1642 4003 
2925 712 286 4720 
2926 969 967 4204 
2927 1375 1373 3745 
2928 1782 1781 2156 
2929 4536 1119 4550 
2930 1877 4005 4271 
2931 2545 2546 5418 
2932 824 839 4048 
2933 1146 1112 4455 
2934 2543 4020 4021 
2935 5326 3343 5380 
2936 2096 4341 5043 
2937 2763 4086 4094 
2938 2522 3565 4032 
2939 2337 2339 3462 
2940 1289 1352 4530 
2941 1902 1628 1903 
2942 135 136 695 
2943 133 134 693 
2944 1119 3784 4528 
2945 1050 1055 4365 
2946 3079 3593 3595 
2947 1399 1398 1400 
2948 2479 3488 3489 
2949 617 3710 4833 
2950 1433 1435 3903 
2951 3997 2850 3998 
2952 3308 3496 5748 
2953 2725 2723 3650 
2954 677 3942 4544 
2955 631 246 4001 
2956 2033 2786 2787 
2957 2680 2679 2681 
2958 4128 4129 5144 
2959 1074 1128 4323 
2960 149 699 3845 
2961 1724 1725 2084 
2962 1435 3901 3903 
2963 1367 1365 1557 
2964 886 876 4050 
2965 1255 1257 4106 
2966 4065 827 4066 
2967 5062 3249 5465 
2968 1085 1147 4035 
2969 233 3866 3870 
2970 957 956 4181 
2971 4870 3160 5275 
2972 1363 1361 2253 
2973 1585 1587 1589 
2974 2606 4884 5587 
2975 154 697 3846 
2976 147 648 3864 
2977 1692 1690 3766 
2978 967 4180 4204 
2979 4020 3849 4021 
2980 685 3890 3891 
2981 2783 2585 4072 
2982 2760 2763 4094 
2983 696 3699 5089 
2984 4518 4737 4789 
2985 3006 4056 5580 
2986 3205 4846 4963 
2987 3136 1716 4117 
2988 3148 2426 3839 
2989 3946 3705 3947 
2990 3875 3873 3876 
2991 3907 3908 3909 
2992 763 760 3990 
2993 1905 2173 2507 
2994 2584 4156 4579 
2995 2839 2248 3753 
2996 129 3971 3972 
2997 4058 2680 4059 
2998 3808 3807 3829 
2999 1377 1749 3739 
3000 2640 4326 4772 
3001 3086 4081 4750 
3002 228 229 591 
3003 2428 2426 3148 
3004 1487 2044 4205 
3005 806 810 4077 
3006 4416 3176 4711 
3007 4006 2230 4114 
3008 747 4028 4029 
3009 4403 4321 4677 
3010 2085 2176 2435 
3011 1704 2265 3997 
3012 537 3744 4859 
3013 2677 2675 2679 
3014 2351 2353 3974 
3015 3666 4899 4936 
3016 4150 1182 4489 
3017 802 2035 4078 
3018 821 831 4226 
3019 2702 3999 4883 
3020 4249 828 4661 
3021 2317 3725 3726 
3022 4002 4003 4004 
3023 3337 4089 5696 
3024 140 141 673 
3025 137 138 688 
3026 1311 1309 3984 
3027 530 528 5802 
3028 627 3243 3537 
3029 1447 4366 4968 
3030 651 100 4194 
3031 1810 1807 3983 
3032 1756 1581 3807 
3033 2725 3650 3933 
3034 2248 1911 2249 
3035 1367 1557 1724 
3036 156 587 3884 
3037 2308 3346 5090 
3038 2547 821 4226 
3039 2298 2196 2299 
3040 2085 2175 2176 
3041 2724 2723 2725 
3042 2838 4087 4088 
3043 1690 1517 3991 
3044 4027 1878 4312 
3045 3692 3691 5424 
3046 754 756 4041 
3047 1726 925 4125 
3048 784 786 3951 
3049 4078 2035 4079 
3050 2174 2224 3751 
3051 1102 4051 4430 
3052 3522 2769 4093 
3053 700 276 3885 
3054 685 274 3888 
3055 900 919 4422 
3056 5172 1920 5254 
3057 1770 1769 1900 
3058 2258 795 4080 
3059 3548 3698 4062 
3060 134 135 3761 
3061 3367 3276 5563 
3062 160 590 3899 
3063 158 701 3895 
3064 1280 3544 5757 
3065 1511 1430 3757 
3066 132 133 3940 
3067 169 170 3964 
3068 3093 2792 4068 
3069 1800 1797 4007 
3070 162 702 3914 
3071 1422 1420 4113 
3072 2524 1790 4067 
3073 2673 2847 3732 
3074 1883 3739 4754 
3075 1361 1321 3838 
3076 528 3244 5802 
3077 2382 2851 4391 
3078 136 137 3767 
3079 1437 1439 1519 
3080 2607 4265 4266 
3081 3992 2071 4008 
3082 2132 2416 3872 
3083 4968 3165 5174 
3084 823 824 4048 
3085 2456 2880 4122 
3086 166 703 3916 
3087 168 550 3917 
3088 4562 2689 4850 
3089 119 120 4131 
3090 1749 1375 3745 
3091 3726 3725 3727 
3092 3917 550 3918 
3093 3122 4249 4661 
3094 3547 3548 4062 
3095 613 255 3936 
3096 3980 2218 5541 
3097 4042 1051 4365 
3098 1431 1433 1635 
3099 2646 4308 4721 
3100 1435 1437 3901 
3101 1960 1858 2198 
3102 3845 699 5302 
3103 1850 1849 4174 
3104 2049 1969 2050 
3105 3723 3196 3724 
3106 3592 3694 3695 
3107 1386 1385 1387 
3108 2535 2325 5311 
3109 3268 3717 5507 
3110 2197 1928 4102 
3111 775 3979 3981 
3112 1696 3747 3750 
3113 3620 2722 5350 
3114 1363 2253 3762 
3115 1627 1626 1628 
3116 130 131 677 
3117 3984 3878 4910 
3118 2176 2366 2367 
3119 1164 2584 4579 
3120 2339 2341 3798 
3121 1691 1690 1692 
3122 3128 4150 4489 
3123 2475 1769 3722 
3124 2537 2538 4020 
3125 2195 1901 4000 
3126 4303 4258 4306 
3127 591 229 3803 
3128 3117 4399 5363 
3129 1693 1692 1694 
3130 4402 3454 4691 
3131 5322 2425 5392 
3132 244 245 4045 
3133 3882 3883 5044 
3134 2517 1371 3945 
3135 227 228 3800 
3136 2119 2121 2304 
3137 4016 3198 5395 
3138 4221 4042 4365 
3139 2838 2837 4087 
3140 1329 1359 4049 
3141 1384 1383 1385 
3142 3806 4620 4757 
3143 2294 4398 4469 
3144 2496 2495 5727 
3145 3312 3172 5352 
3146 3817 3810 4036 
3147 2756 2865 4084 
3148 2236 2283 2860 
3149 671 243 4870 
3150 4555 2496 5727 
3151 1426 1422 4113 
3152 2820 3130 4201 
3153 1608 1606 1702 
3154 4383 4373 4662 
3155 2675 2673 3732 
3156 3326 2491 3720 
3157 4025 1338 4027 
3158 2073 2072 2143 
3159 1340 1338 4025 
3160 1512 1511 1518 
3161 1248 1345 4542 
3162 2089 2092 4043 
3163 752 827 4065 
3164 2071 3992 4139 
3165 1357 1703 4731 
3166 2867 2694 4203 
3167 131 132 3942 
3168 859 884 4120 
3169 1116 4156 4157 
3170 2123 2125 2317 
3171 1579 1580 1581 
3172 1243 1241 4005 
3173 587 3897 4923 
3174 1219 4150 4733 
3175 2769 2765 4093 
3176 1675 4233 4917 
3177 2663 3173 4897 
3178 2370 2050 2371 
3179 903 1753 3982 
3180 4355 2051 4463 
3181 1695 1694 1696 
3182 4871 1875 5119 
3183 1075 1074 4323 
3184 3430 2443 4082 
3185 1986 1821 4115 
3186 1917 1916 4024 
3187 3518 2465 5821 
3188 3200 4389 4390 
3189 3888 700 4396 
3190 3538 3545 4795 
3191 1902 3627 5819 
3192 2341 2412 3798 
3193 2047 1850 4174 
3194 2341 2343 2412 
3195 1322 1319 1323 
3196 4291 3682 4831 
3197 711 113 4109 
3198 1323 3193 4599 
3199 5542 2934 5543 
3200 636 111 4110 
3201 3847 2536 4172 
3202 3951 786 3969 
3203 4451 4100 4452 
3204 3500 773 5815 
3205 2475 3722 3994 
3206 152 153 630 
3207 3145 4048 4465 
3208 3580 3579 3610 
3209 2139 2236 3723 
3210 2328 3872 3874 
3211 2542 2543 4023 
3212 4042 2559 4468 
3213 1960 2198 2199 
3214 3932 3302 5625 
3215 2502 2351 3974 
3216 1778 1542 4238 
3217 3760 4403 4677 
3218 1081 1113 4259 
3219 2044 4278 4279 
3220 833 3951 3952 
3221 2677 2680 4058 
3222 2979 2978 3192 
3223 1538 1536 4238 
3224 2235 1721 4002 
3225 1619 1858 1960 
3226 2483 3591 3592 
3227 3967 2843 3968 
3228 1872 2003 2004 
3229 4282 4283 4609 
3230 2774 2725 2775 
3231 833 784 3951 
3232 2787 3474 3475 
3233 149 150 699 
3234 3755 1687 4530 
3235 2192 2159 2256 
3236 1309 1307 3878 
3237 1318 1311 1319 
3238 3852 650 5388 
3239 1150 4259 4630 
3240 246 247 4001 
3241 2467 2199 2468 
3242 151 152 3985 
3243 3776 3775 3777 
3244 1399 1400 1401 
3245 1858 1620 3948 
3246 1651 1206 4175 
3247 827 754 4041 
3248 2532 3834 3982 
3249 4126 635 4127 
3250 4002 1649 4003 
3251 1575 1874 4166 
3252 153 154 3846 
3253 143 144 633 
3254 147 148 648 
3255 145 146 698 
3256 3104 1000 4146 
3257 752 753 754 
3258 2139 2141 2236 
3259 1905 1906 2173 
3260 2416 2800 3362 
3261 3113 3115 4912 
3262 99 651 4198 
3263 248 249 644 
3264 245 246 631 
3265 129 130 3971 
3266 1431 1635 3910 
3267 3677 3678 3679 
3268 148 149 3845 
3269 146 147 3864 
3270 1619 1620 1858 
3271 2424 1971 4177 
3272 1322 1323 1334 
3273 804 806 4077 
3274 760 761 3990 
3275 2469 2468 2470 
3276 3810 3808 4036 
3277 1721 1649 4002 
3278 1633 1610 1781 
3279 154 155 697 
3280 226 227 696 
3281 1128 4148 4323 
3282 1307 1305 1327 
3283 2977 2979 3142 
3284 4097 4049 4098 
3285 2070 2456 4122 
3286 4222 3913 4496 
3287 2446 3430 4123 
3288 2528 3794 4024 
3289 2159 2157 3799 
3290 2083 2829 4652 
3291 155 156 3884 
3292 1719 1528 4311 
3293 2783 4072 4941 
3294 2092 2132 2328 
3295 128 129 3972 
3296 3952 3951 3953 
3297 254 255 613 
3298 251 252 639 
3299 2135 2137 4037 
3300 2015 1721 2235 
3301 2657 4355 4463 
3302 2348 2351 2502 
3303 2473 3537 5724 
3304 291 614 4135 
3305 1295 1317 4097 
3306 1318 1319 1322 
3307 2180 1901 2195 
3308 2046 3098 4957 
3309 2536 841 4172 
3310 127 128 629 
3311 673 141 3774 
3312 2467 2468 2469 
3313 1233 3806 4757 
3314 715 4164 4165 
3315 2348 2349 2351 
3316 3030 1426 4113 
3317 4146 4145 4147 
3318 1091 1093 4070 
3319 1577 1578 1579 
3320 1978 4160 4781 
3321 798 802 4078 
3322 276 277 3885 
3323 274 275 3888 
3324 3661 3744 4899 
3325 2224 2225 2226 
3326 751 547 752 
3327 2512 2511 3442 
3328 1293 1295 4097 
3329 159 160 3899 
3330 157 158 3895 
3331 2677 2679 2680 
3332 771 774 3979 
3333 161 162 3914 
3334 4107 2810 4590 
3335 2345 2347 2348 
3336 1359 1360 1619 
3337 1334 1323 1336 
3338 2261 3935 3939 
3339 275 276 700 
3340 273 274 685 
3341 277 278 683 
3342 918 872 4133 
3343 165 166 3916 
3344 167 168 3917 
3345 1515 1565 4187 
3346 4259 3780 4630 
3347 156 157 587 
3348 158 159 701 
3349 160 161 590 
3350 2328 2132 3872 
3351 782 784 833 
3352 2607 1707 4265 
3353 2074 1784 4053 
3354 3609 731 5215 
3355 162 163 702 
3356 293 714 4155 
3357 3135 4180 4181 
3358 3786 2524 4067 
3359 4378 4377 4640 
3360 715 105 4164 
3361 3592 3693 3694 
3362 1573 1575 4166 
3363 3539 609 4783 
3364 885 868 4158 
3365 3169 5156 5178 
3366 3675 3676 3677 
3367 4005 3123 4271 
3368 168 169 550 
3369 164 165 575 
3370 166 167 703 
3371 2743 3306 4892 
3372 1565 1875 4187 
3373 803 800 4121 
3374 270 271 672 
3375 2086 2088 2843 
3376 762 760 763 
3377 811 4712 4803 
3378 2048 4571 4628 
3379 2253 1361 3838 
3380 3710 4862 4920 
3381 1727 1692 3766 
3382 2788 4240 4241 
3383 5143 2499 5531 
3384 4308 2646 4557 
3385 1999 4318 4403 
3386 1206 1202 4175 
3387 2708 3152 4096 
3388 751 752 4065 
3389 1821 1819 4115 
3390 754 755 756 
3391 3160 2749 5275 
3392 1978 4781 4808 
3393 1940 3983 4374 
3394 255 256 3936 
3395 2560 4378 4640 
3396 2771 4161 4162 
3397 756 757 758 
3398 685 3889 3890 
3399 2550 3194 4090 
3400 4137 2816 4526 
3401 271 272 3892 
3402 681 4200 5170 
3403 876 878 4050 
3404 1274 1550 4101 
3405 758 759 760 
3406 2360 2425 4091 
3407 1309 3878 3984 
3408 2061 4111 4477 
3409 1334 1336 1348 
3410 3879 1327 3880 
3411 1395 1646 4290 
3412 3420 2415 4336 
3413 3255 2451 4248 
3414 295 576 4171 
3415 2851 4236 4237 
3416 884 861 4219 
3417 2367 2661 2662 
3418 1790 1787 4067 
3419 925 927 4125 
3420 100 101 4194 
3421 1428 1426 3030 
3422 4055 3588 4516 
3423 764 763 765 
3424 1046 4582 4721 
3425 754 753 755 
3426 2667 3471 5443 
3427 1391 1389 1772 
3428 1589 1590 1630 
3429 1000 989 4146 
3430 1678 2086 3967 
3431 1317 4049 4097 
3432 1926 2197 4297 
3433 1971 1852 4177 
3434 2702 1248 4542 
3435 1348 1336 1349 
3436 3235 2769 3321 
3437 2771 2171 4161 
3438 618 3535 5555 
3439 766 765 767 
3440 752 547 753 
3441 3605 664 4922 
3442 2520 2522 4032 
3443 2351 2352 2353 
3444 4169 2746 4170 
3445 3988 3987 3989 
3446 3381 2103 3382 
3447 2226 2227 2242 
3448 3902 2996 5595 
3449 3098 4445 4944 
3450 2693 2867 3735 
3451 2489 2488 2490 
3452 3104 4146 4147 
3453 760 759 761 
3454 758 757 759 
3455 756 755 757 
3456 2870 2326 4069 
3457 1234 1236 4116 
3458 2412 2343 3805 
3459 2471 2470 3108 
3460 121 635 4126 
3461 1689 1517 1690 
3462 2325 2258 3085 
3463 4104 4103 4105 
3464 4142 1880 4143 
3465 2788 2390 4240 
3466 2747 2746 4169 
3467 3278 2956 3279 
3468 2049 2473 3627 
3469 1131 1851 4117 
3470 1382 1381 1383 
3471 2242 2243 2337 
3472 769 770 771 
3473 596 103 4179 
3474 2176 2175 2366 
3475 2487 3622 4151 
3476 3704 2846 3705 
3477 2343 2345 3805 
3478 1510 1430 1511 
3479 1697 1696 1698 
3480 2704 4242 4801 
3481 2511 3790 5456 
3482 1928 1930 4102 
3483 1978 1155 4160 
3484 2476 2478 2486 
3485 768 767 769 
3486 1270 4101 4349 
3487 1391 1772 4075 
3488 2245 4321 4395 
3489 3812 3810 3817 
3490 151 3985 3988 
3491 774 1951 2218 
3492 4128 4127 4129 
3493 2633 4383 4662 
3494 2985 2984 2986 
3495 1581 1580 1582 
3496 1301 1299 1358 
3497 2843 2088 2844 
3498 2244 4295 4296 
3499 3176 3990 4932 
3500 1699 1698 1822 
3501 3735 2867 3736 
3502 2479 2477 3488 
3503 1949 4540 4730 
3504 4126 4127 4128 
3505 2423 2015 4089 
3506 2144 2143 2145 
3507 2851 2384 4236 
3508 1126 3088 4333 
3509 850 852 4031 
3510 1716 1127 4117 
3511 2085 1725 2175 
3512 4321 4320 4395 
3513 1579 1578 1580 
3514 4220 4222 4496 
3515 1648 1862 1905 
3516 280 281 652 
3517 1768 1612 1769 
3518 170 171 704 
3519 256 257 708 
3520 1503 1460 2103 
3521 3031 2396 4209 
3522 1167 1017 4430 
3523 2224 2452 3751 
3524 1620 1648 3948 
3525 772 771 775 
3526 3957 3959 3960 
3527 2174 2223 2224 
3528 916 795 2258 
3529 916 2535 4350 
3530 1923 2363 4124 
3531 1066 1067 4800 
3532 697 3884 5490 
3533 4637 864 4717 
3534 3931 4885 4915 
3535 776 775 777 
3536 761 782 4280 
3537 1777 1775 4255 
3538 3509 3510 3535 
3539 3831 3832 5058 
3540 267 268 634 
3541 2585 2587 4072 
3542 1114 4070 4071 
3543 3677 3676 3678 
3544 765 763 3176 
3545 173 174 4046 
3546 174 706 4046 
3547 794 790 4350 
3548 1934 2743 4794 
3549 2549 3932 4311 
3550 800 801 4121 
3551 2704 2106 4682 
3552 3042 2400 4224 
3553 2081 1766 4108 
3554 3673 3674 3675 
3555 2724 2725 2774 
3556 273 685 3891 
3557 1575 1576 1577 
3558 3979 3980 3981 
3559 3957 3958 3959 
3560 1630 1631 1871 
3561 1806 1854 2519 
3562 4212 3431 4213 
3563 786 787 788 
3564 788 789 790 
3565 2519 2520 2589 
3566 1825 1211 4293 
3567 2681 2723 2724 
3568 297 716 4211 
3569 4258 4303 4512 
3570 848 850 1882 
3571 3328 4873 5258 
3572 1973 1917 4024 
3573 2353 2488 2489 
3574 1707 1844 4265 
3575 1449 1452 4366 
3576 4540 3084 4730 
3577 1918 2524 2525 
3578 2767 2765 2769 
3579 1019 1102 4430 
3580 1774 1773 4277 
3581 2469 2470 2471 
3582 2456 2457 2572 
3583 2525 2841 2842 
3584 790 791 792 
3585 2589 4032 4034 
3586 2035 804 4077 
3587 272 3891 3892 
3588 2353 2487 2488 
3589 2525 2524 2841 
3590 916 2258 2325 
3591 3795 739 4908 
3592 684 3168 3582 
3593 1916 1940 2528 
3594 2265 2266 2848 
3595 1317 1329 4049 
3596 1207 1638 4324 
3597 2587 3202 4072 
3598 1104 1097 1105 
3599 2053 2064 2683 
3600 1126 1117 1127 
3601 3562 3560 4615 
3602 2528 2529 3344 
3603 601 284 4243 
3604 285 712 4243 
3605 1046 4353 4749 
3606 4053 2001 4054 
3607 4181 959 4449 
3608 4335 3149 4493 
3609 3975 1701 3976 
3610 778 777 779 
3611 2519 1854 2520 
3612 2752 2747 4169 
3613 1539 1541 4370 
3614 2348 2347 2349 
3615 4618 2651 4696 
3616 2666 2557 2667 
3617 1879 1985 2206 
3618 1534 1880 4142 
3619 864 887 888 
3620 1314 1312 4310 
3621 1401 1400 1402 
3622 2440 3431 4212 
3623 792 793 795 
3624 4737 2075 4789 
3625 2204 1146 4455 
3626 788 790 794 
3627 2589 2520 4032 
3628 2662 3359 3407 
3629 1524 2549 4311 
3630 1107 1126 4333 
3631 4167 2752 4169 
3632 1349 1395 4290 
3633 2086 2843 3967 
3634 1114 1091 4070 
3635 771 770 774 
3636 813 779 815 
3637 1918 1790 2524 
3638 986 2574 4318 
3639 762 763 764 
3640 1104 1105 1148 
3641 823 819 824 
3642 818 815 819 
3643 4049 1359 4234 
3644 792 916 4350 
3645 2549 2045 2550 
3646 4242 2704 4682 
3647 969 4204 4626 
3648 2584 2585 2783 
3649 854 856 864 
3650 2587 3201 3202 
3651 2522 2645 3565 
3652 4273 3087 4417 
3653 265 266 705 
3654 784 785 786 
3655 1112 1165 4455 
3656 4354 4355 4726 
3657 1784 2001 4053 
3658 4111 2061 4277 
3659 911 903 3982 
3660 1083 1085 4035 
3661 4038 4037 4039 
3662 2564 3370 4138 
3663 2765 2762 4093 
3664 4303 717 4512 
3665 752 754 827 
3666 4099 2638 4828 
3667 1204 1207 4324 
3668 1864 1511 3757 
3669 1851 1850 1852 
3670 1148 1105 4333 
3671 1878 1975 1976 
3672 3374 2768 4141 
3673 1253 1255 1701 
3674 2442 4037 4038 
3675 766 767 768 
3676 824 825 826 
3677 107 628 4163 
3678 2668 2667 2669 
3679 172 173 529 
3680 3344 2529 3345 
3681 1236 1249 4116 
3682 4232 3666 4936 
3683 1878 1877 1975 
3684 764 765 766 
3685 1395 1357 1396 
3686 224 225 534 
3687 3675 3674 3676 
3688 4226 1882 4227 
3689 1002 1076 4145 
3690 2375 2020 4643 
3691 1573 1574 1575 
3692 810 809 811 
3693 782 783 784 
3694 895 917 4172 
3695 2551 2550 4090 
3696 775 771 3979 
3697 4191 596 4192 
3698 2070 2455 2456 
3699 1128 1830 4148 
3700 1982 2426 2428 
3701 1337 1877 1878 
3702 2528 1940 2529 
3703 1806 1802 1854 
3704 410 547 751 
3705 2490 3486 3487 
3706 4309 4352 4353 
3707 1970 1852 1971 
3708 4342 2607 4570 
3709 2276 4263 4264 
3710 888 902 903 
3711 1976 1977 2215 
3712 2135 1988 2137 
3713 4884 3273 5587 
3714 2359 1971 2360 
3715 909 1777 4140 
3716 905 843 915 
3717 1784 1685 2001 
3718 1134 4096 4857 
3719 4217 885 4218 
3720 2532 2533 2534 
3721 816 811 817 
3722 232 233 3870 
3723 3059 2360 4091 
3724 2549 2550 2551 
3725 2442 2135 4037 
3726 1095 1097 1104 
3727 3637 3646 5483 
3728 2451 2193 4248 
3729 3549 2862 4139 
3730 1089 1091 1114 
3731 4158 918 4159 
3732 1785 2074 4067 
3733 904 3735 4880 
3734 1756 3807 3808 
3735 2850 2848 3721 
3736 1524 2045 2549 
3737 4363 2260 4576 
3738 1829 1394 4267 
3739 2848 2266 2849 
3740 3225 5266 5269 
3741 1976 1975 1977 
3742 1349 1356 1357 
3743 2694 2790 4203 
3744 802 803 804 
3745 3576 2831 3577 
3746 1173 1171 4468 
3747 1107 1117 1126 
3748 4318 2574 4403 
3749 3671 3672 3673 
3750 4062 3698 4063 
3751 1067 4388 4800 
3752 2318 3198 4300 
3753 910 903 911 
3754 1364 1363 1365 
3755 113 114 4109 
3756 1204 1202 1206 
3757 2367 2366 2661 
3758 111 112 4110 
3759 864 856 887 
3760 1817 1818 1819 
3761 1251 1253 3975 
3762 806 807 809 
3763 822 817 828 
3764 1882 850 4031 
3765 804 805 806 
3766 3089 1716 3136 
3767 2044 1490 4278 
3768 2316 2082 2511 
3769 665 185 4250 
3770 1407 1350 1637 
3771 1395 1396 1555 
3772 2792 2794 4068 
3773 1787 1785 4067 
3774 2215 2216 2712 
3775 1524 1522 2045 
3776 1816 911 1817 
3777 1518 2872 3991 
3778 1211 1208 4293 
3779 769 767 770 
3780 792 795 916 
3781 1085 1087 1147 
3782 1127 1130 1131 
3783 2101 3081 4173 
3784 114 594 4109 
3785 1126 1127 1716 
3786 2762 2760 4094 
3787 2794 2838 4068 
3788 2456 2455 2457 
3789 112 711 4110 
3790 914 841 2536 
3791 1916 1810 1940 
3792 3933 579 5467 
3793 1704 2234 2265 
3794 1819 1974 4115 
3795 1131 1849 1850 
3796 1337 1324 1877 
3797 2326 1722 4758 
3798 222 707 4232 
3799 1400 1398 1885 
3800 2537 2536 2538 
3801 1577 1576 1578 
3802 1107 1116 1117 
3803 2470 2468 3379 
3804 3089 3136 3137 
3805 2831 2570 3944 
3806 798 800 802 
3807 2262 4138 4248 
3808 831 848 4226 
3809 1748 2795 4356 
3810 4031 3140 4829 
3811 1207 1206 1208 
3812 905 915 4541 
3813 2767 2769 3235 
3814 4068 2838 4674 
3815 258 259 563 
3816 261 262 709 
3817 263 264 570 
3818 3281 2775 3339 
3819 290 291 4135 
3820 796 798 4078 
3821 3669 3670 3671 
3822 796 4078 4080 
3823 1207 1208 1210 
3824 3294 3296 3604 
3825 2534 3082 3219 
3826 1095 1096 1097 
3827 870 918 4158 
3828 3339 2775 3341 
3829 772 775 776 
3830 2466 2199 2467 
3831 3294 3137 3296 
3832 3200 2533 4389 
3833 1753 2059 2532 
3834 866 885 4217 
3835 3587 2875 3589 
3836 1820 1819 1821 
3837 1811 1810 1916 
3838 1349 1357 1395 
3839 4191 4192 4193 
3840 2080 1766 2081 
3841 679 91 4274 
3842 758 760 762 
3843 816 817 822 
3844 1579 1581 1756 
3845 2814 2812 3068 
3846 1105 1106 1107 
3847 1571 1572 1573 
3848 90 679 4715 
3849 2001 1685 4541 
3850 4046 706 4047 
3851 2763 4084 4085 
3852 3976 1701 3977 
3853 292 293 4155 
3854 1210 1208 1211 
3855 2483 2481 3591 
3856 2512 3442 4584 
3857 1803 1802 1806 
3858 1801 1800 1802 
3859 3310 3057 3311 
3860 2681 2724 4592 
3861 2215 1977 2216 
3862 1093 1094 1095 
3863 1127 1131 4117 
3864 105 106 4164 
3865 1204 1206 1207 
3866 2708 2710 3152 
3867 2882 670 3270 
3868 795 796 4080 
3869 769 771 772 
3870 1585 1589 4743 
3871 1366 1365 1367 
3872 7 408 2884 
3873 1329 1354 1359 
3874 837 822 4249 
3875 1759 1397 4281 
3876 2284 4261 4262 
3877 914 2536 2537 
3878 4320 977 4395 
3879 2236 3196 3723 
3880 3999 3998 4332 
3881 4229 2842 4230 
3882 1312 1311 1318 
3883 2639 4605 4863 
3884 2388 2788 4228 
3885 1983 1942 2441 
3886 776 777 778 
3887 810 811 816 
3888 4051 3833 4430 
3889 2029 2318 4300 
3890 4133 886 4134 
3891 779 780 4402 
3892 779 777 780 
3893 3464 2448 4123 
3894 2351 2349 2352 
3895 1249 1251 1636 
3896 2758 2756 4084 
3897 3586 4291 4831 
3898 3794 3344 3934 
3899 294 295 4171 
3900 839 826 840 
3901 4523 4386 4576 
3902 2359 2360 3059 
3903 2865 4167 4168 
3904 2328 3874 3877 
3905 1897 1821 1898 
3906 1851 1852 1970 
3907 306 544 4288 
3908 2128 1973 2261 
3909 1274 1276 1550 
3910 4356 2795 4357 
3911 713 290 4135 
3912 4119 4548 4676 
3913 888 887 902 
3914 299 543 4276 
3915 2891 2890 4235 
3916 1970 1971 2359 
3917 2532 2059 2533 
3918 2355 4251 4252 
3919 2394 3031 4239 
3920 4028 3581 4029 
3921 2542 2540 2543 
3922 2712 2216 2713 
3923 1164 1729 2584 
3924 3059 4091 4092 
3925 103 104 4179 
3926 2790 3093 4203 
3927 1362 1361 1363 
3928 1257 1259 1553 
3929 4330 4329 4331 
3930 1530 1528 1719 
3931 1116 4157 4538 
3932 903 902 1753 
3933 828 829 834 
3934 412 595 3006 
3935 2693 2694 2867 
3936 1957 1898 1958 
3937 1490 1494 4278 
3938 4270 2022 4369 
3939 1394 1332 4267 
3940 1249 1636 4116 
3941 3667 3668 3669 
3942 1575 1574 1576 
3943 1131 1850 1851 
3944 3011 3010 3012 
3945 1591 2142 4344 
3946 2360 2424 2425 
3947 1849 2110 4174 
3948 2110 2544 2548 
3949 802 804 2035 
3950 244 4045 4870 
3951 2416 2417 2800 
3952 2363 2699 3272 
3953 3018 3017 3019 
3954 3957 3956 3958 
3955 3317 3316 3318 
3956 1619 1360 1620 
3957 1741 2051 4351 
3958 106 4163 4164 
3959 3056 3053 3057 
3960 1134 4765 4809 
3961 2448 2446 4123 
3962 761 781 782 
3963 971 969 4626 
3964 1886 1401 4597 
3965 4335 3157 4685 
3966 2214 2016 3145 
3967 4142 4143 4144 
3968 2127 1973 2128 
3969 1655 2610 4295 
3970 2814 3068 4526 
3971 1555 1396 1556 
3972 3126 2429 3251 
3973 2706 2708 4096 
3974 614 292 4155 
3975 4548 2246 4676 
3976 679 4274 4275 
3977 2276 2277 4263 
3978 1310 1309 1311 
3979 2200 2609 4384 
3980 1202 1200 4175 
3981 2533 2059 4389 
3982 1569 1570 1571 
3983 2129 2128 2429 
3984 1378 1377 1379 
3985 4422 919 4547 
3986 3296 4183 4184 
3987 3675 3677 3680 
3988 2171 2167 4161 
3989 2068 2070 4122 
3990 1615 1617 2280 
3991 806 809 810 
3992 772 928 4448 
3993 818 819 823 
3994 813 815 818 
3995 651 4197 4198 
3996 296 297 4211 
3997 2430 2429 3126 
3998 5027 3746 5033 
3999 3315 3146 3316 
4000 778 779 813 
4001 2837 2902 4087 
4002 899 840 900 
4003 2071 1835 4178 
4004 534 3746 5027 
4005 2724 3426 4592 
4006 2132 2133 2416 
4007 2534 2533 3082 
4008 102 596 4191 
4009 4309 4351 4352 
4010 2967 2966 2968 
4011 2318 2319 3167 
4012 1218 4562 4850 
4013 3446 3109 3496 
4014 929 900 934 
4015 4130 1941 4830 
4016 1799 1797 1800 
4017 3918 3919 3920 
4018 3664 3665 3667 
4019 826 825 832 
4020 4827 1777 4864 
4021 2485 2178 2643 
4022 868 870 4158 
4023 1809 1807 1810 
4024 2572 2457 2573 
4025 3787 3842 3843 
4026 1210 1211 1212 
4027 301 717 4301 
4028 2265 2234 2266 
4029 3533 3532 3534 
4030 1657 1655 4295 
4031 1308 1307 1309 
4032 2841 3786 3787 
4033 1323 1319 3193 
4034 769 772 4448 
4035 2670 2669 2671 
4036 4224 3119 4225 
4037 714 294 4171 
4038 409 7 3596 
4039 1171 4042 4468 
4040 1791 1790 1918 
4041 3320 3318 3457 
4042 1372 1371 1373 
4043 1079 1081 4259 
4044 2392 4239 4240 
4045 4148 2705 4149 
4046 1923 2362 2363 
4047 3272 2699 3338 
4048 2318 2030 2319 
4049 2353 2352 2487 
4050 2363 2362 2699 
4051 3673 3672 3674 
4052 2092 2093 2132 
4053 1567 1568 1569 
4054 3321 2769 3522 
4055 2820 2818 3130 
4056 3961 2441 3962 
4057 1380 1379 1381 
4058 3849 3848 3850 
4059 874 886 4133 
4060 1518 1865 2872 
4061 3662 3663 3664 
4062 834 835 841 
4063 2033 3687 5712 
4064 863 4217 4219 
4065 1818 911 3982 
4066 1078 1077 1079 
4067 824 819 825 
4068 2414 2415 3420 
4069 4198 4197 4199 
4070 1817 911 1818 
4071 1573 1572 1574 
4072 920 922 3621 
4073 4093 2762 4094 
4074 917 909 4140 
4075 1972 1917 1973 
4076 2774 2775 3281 
4077 2255 3113 4769 
4078 3683 282 5274 
4079 1076 1077 1078 
4080 185 186 4250 
4081 1198 1196 1832 
4082 2250 3283 4298 
4083 2902 3289 4087 
4084 1194 1192 1683 
4085 2550 2552 3194 
4086 1315 4044 5102 
4087 4178 1978 4808 
4088 3580 3610 3624 
4089 4145 1076 4552 
4090 1714 1923 4124 
4091 861 863 4219 
4092 834 841 914 
4093 1078 1079 1150 
4094 1327 1305 3881 
4095 2754 2752 4167 
4096 583 4505 5810 
4097 4079 2035 4466 
4098 2763 2758 4084 
4099 788 787 789 
4100 1819 1818 1974 
4101 104 715 4179 
4102 3671 3670 3672 
4103 2095 1759 4281 
4104 1608 1702 3756 
4105 1951 1961 2414 
4106 305 306 4288 
4107 2691 2692 2693 
4108 2337 2338 2339 
4109 894 2641 4513 
4110 4207 689 4208 
4111 1155 1153 4160 
4112 3896 701 4136 
4113 2862 1922 4139 
4114 790 789 791 
4115 2865 2754 4167 
4116 1081 1083 1113 
4117 3577 2831 3944 
4118 1676 4061 5216 
4119 2061 1774 4277 
4120 2645 3560 3561 
4121 2824 2822 3433 
4122 843 837 4076 
4123 2214 3145 3146 
4124 3289 3290 3791 
4125 1782 2156 2157 
4126 3130 4580 5278 
4127 2398 3042 4209 
4128 2390 2392 4240 
4129 3264 2981 3265 
4130 2897 5151 5699 
4131 2136 2135 2442 
4132 2619 2618 2620 
4133 2016 823 4048 
4134 2794 2837 2838 
4135 2193 2262 4248 
4136 2029 2030 2318 
4137 792 791 793 
4138 2291 2294 4459 
4139 91 92 4274 
4140 1351 1350 1407 
4141 4351 2051 4352 
4142 1401 1402 1403 
4143 2607 4266 4570 
4144 1987 1148 1988 
4145 407 406 3335 
4146 4674 4088 5387 
4147 2310 2311 4245 
4148 1212 1211 1213 
4149 2471 3108 3109 
4150 2275 4618 4696 
4151 4301 717 4302 
4152 1408 1407 1522 
4153 1795 1793 1805 
4154 3077 3078 3079 
4155 2522 2523 2645 
4156 3315 3316 3317 
4157 2760 2758 2763 
4158 2109 2514 2705 
4159 718 180 4319 
4160 1964 1965 2193 
4161 1637 4025 4026 
4162 121 122 635 
4163 118 119 564 
4164 124 125 568 
4165 298 299 4276 
4166 1983 2441 3961 
4167 1091 1092 1093 
4168 824 826 839 
4169 2567 3119 4224 
4170 2538 3848 3849 
4171 872 874 4133 
4172 1536 1534 4142 
4173 1403 1404 1409 
4174 1852 2047 4177 
4175 774 1848 1951 
4176 2386 4228 4236 
4177 120 121 4126 
4178 1534 1532 1880 
4179 4195 4193 4196 
4180 3125 3555 4501 
4181 2748 4356 4357 
4182 2175 1725 4644 
4183 910 911 1816 
4184 2520 2521 2522 
4185 576 296 4211 
4186 2325 3085 5224 
4187 2261 1973 4024 
4188 2790 2792 3093 
4189 795 793 796 
4190 2543 4022 4023 
4191 1565 1566 1567 
4192 4328 4329 4330 
4193 1325 1324 1337 
4194 2384 2386 4236 
4195 1785 1784 2074 
4196 4282 3189 4283 
4197 1617 1704 3997 
4198 2490 2488 3486 
4199 2396 2398 4209 
4200 1807 1806 3983 
4201 304 305 4256 
4202 2456 2572 2880 
4203 2004 2005 2006 
4204 2809 2808 2810 
4205 806 805 807 
4206 3079 3097 3593 
4207 2262 2564 4138 
4208 3721 1945 5081 
4209 1989 1988 2135 
4210 1977 2500 4610 
4211 2110 2548 4174 
4212 1113 1083 4035 
4213 2265 2848 2850 
4214 3669 3668 3670 
4215 2995 2998 3000 
4216 1571 1570 1572 
4217 1272 1269 1273 
4218 1403 1402 1404 
4219 2672 2671 2673 
4220 1686 1685 1784 
4221 786 785 787 
4222 1523 1522 1524 
4223 116 117 710 
4224 804 803 805 
4225 2293 2296 4398 
4226 1624 1573 4166 
4227 628 4246 4247 
4228 3660 3661 3662 
4229 2899 2900 3077 
4230 2355 1979 4251 
4231 1255 1256 1257 
4232 1555 1591 4344 
4233 3457 3458 3459 
4234 1544 1778 4462 
4235 933 1907 4532 
4236 2564 3369 3370 
4237 174 175 706 
4238 3992 3549 4139 
4239 2284 2285 4261 
4240 3790 2306 5456 
4241 1376 1375 1377 
4242 3202 3201 3500 
4243 222 223 707 
4244 1268 1267 1269 
4245 2406 3080 3143 
4246 1963 934 1964 
4247 2400 2567 4224 
4248 1631 1590 4865 
4249 1002 1075 1076 
4250 1253 1701 3975 
4251 1898 1821 1986 
4252 1268 1269 1272 
4253 1652 2578 4284 
4254 1374 1373 1375 
4255 2538 3847 3848 
4256 3085 2258 3086 
4257 1839 1841 4282 
4258 802 800 803 
4259 1506 1515 4187 
4260 809 807 812 
4261 2811 2810 2812 
4262 3317 3318 3320 
4263 900 840 919 
4264 4389 2381 4390 
4265 1820 1821 1897 
4266 3667 3665 3668 
4267 1555 1556 1591 
4268 895 908 909 
4269 2294 2293 4398 
4270 1897 1898 1957 
4271 2029 1710 2030 
4272 300 301 4301 
4273 1988 1148 4095 
4274 1190 1188 1783 
4275 4843 3941 5807 
4276 1203 1202 1204 
4277 841 842 4172 
4278 1569 1568 1570 
4279 1076 1075 1077 
4280 2813 2812 2814 
4281 3317 3320 4313 
4282 1186 1184 1219 
4283 842 895 4172 
4284 2618 2095 4281 
4285 114 115 594 
4286 93 689 4207 
4287 1817 1819 1820 
4288 2756 2754 2865 
4289 112 113 711 
4290 991 1002 4145 
4291 110 111 636 
4292 4209 3042 5255 
4293 688 138 3770 
4294 888 903 910 
4295 1543 1542 1544 
4296 1357 1356 1703 
4297 2369 2193 2451 
4298 1253 1254 1255 
4299 3146 3145 4223 
4300 1830 2109 4148 
4301 1272 1273 1277 
4302 1829 4267 4268 
4303 2193 1965 2262 
4304 1543 1544 1545 
4305 1172 1174 4557 
4306 3459 3601 3691 
4307 1540 1542 1543 
4308 2803 3403 4255 
4309 2662 2661 3359 
4310 1461 1482 4779 
4311 2815 2814 2816 
4312 842 893 895 
4313 2902 3241 3289 
4314 895 909 917 
4315 839 840 899 
4316 4256 305 4288 
4317 899 900 929 
4318 4176 3236 5305 
4319 3550 3549 3551 
4320 2327 2326 2870 
4321 180 181 4319 
4322 3345 3743 4202 
4323 287 288 617 
4324 283 284 601 
4325 285 286 712 
4326 1349 1336 1356 
4327 4358 4359 4360 
4328 1545 1544 1548 
4329 3664 3663 3665 
4330 2609 1947 4683 
4331 3711 3429 3840 
4332 535 178 4343 
4333 2685 4127 4819 
4334 2852 2334 4254 
4335 3140 4637 4717 
4336 3331 2805 4429 
4337 422 670 2882 
4338 3850 3852 3861 
4339 3138 3137 3294 
4340 1324 1243 4005 
4341 1089 1090 1091 
4342 3088 1716 3089 
4343 1575 1577 1874 
4344 1399 1401 1886 
4345 988 989 1000 
4346 1350 1340 4025 
4347 923 1726 4399 
4348 4194 4193 4195 
4349 410 409 547 
4350 408 407 548 
4351 4295 2610 4296 
4352 2576 4406 4477 
4353 2876 2875 3587 
4354 4307 2264 4308 
4355 1773 2018 4277 
4356 2618 4281 4654 
4357 731 3609 5208 
4358 4102 3143 4103 
4359 1789 1787 1790 
4360 1131 1130 1849 
4361 1270 1274 4101 
4362 722 83 4338 
4363 4220 2559 4221 
4364 1841 2205 4282 
4365 1852 1850 2047 
4366 1540 1538 1542 
4367 2077 2440 4212 
4368 120 4126 4131 
4369 2857 2898 2899 
4370 186 748 4250 
4371 801 2547 4121 
4372 2446 2443 3430 
4373 2763 4085 4086 
4374 4302 717 4303 
4375 289 290 713 
4376 1257 1258 1259 
4377 1515 1563 1565 
4378 1737 2264 4307 
4379 909 1775 1777 
4380 2548 2544 3334 
4381 906 905 1685 
4382 1212 1213 1214 
4383 3137 3136 4183 
4384 1546 1539 4370 
4385 3098 4944 4957 
4386 3658 3659 3660 
4387 1567 1566 1568 
4388 106 107 4163 
4389 2817 2816 2818 
4390 1161 2046 4260 
4391 107 108 628 
4392 988 964 989 
4393 311 312 4316 
4394 1127 1117 1130 
4395 2821 2820 2822 
4396 2807 2621 2808 
4397 2540 2537 4020 
4398 3145 2016 4048 
4399 2705 2514 2706 
4400 1390 1392 1629 
4401 4326 4550 4772 
4402 2410 2095 2618 
4403 2553 2448 3464 
4404 284 285 4243 
4405 2819 2818 2820 
4406 308 724 4348 
4407 4379 4378 4719 
4408 2844 4044 5050 
4409 83 84 4338 
4410 2713 2715 2716 
4411 1342 1340 1350 
4412 3274 768 4448 
4413 2236 2141 2283 
4414 963 964 988 
4415 3133 2658 4812 
4416 870 872 918 
4417 178 179 4343 
4418 1184 1182 4150 
4419 2220 2171 2771 
4420 1151 1150 1710 
4421 307 308 4348 
4422 1033 1057 4328 
4423 2823 2822 2824 
4424 1409 1404 1410 
4425 3535 3510 3536 
4426 2558 2542 2875 
4427 2855 2856 2857 
4428 2859 2842 4229 
4429 2280 1617 3997 
4430 3662 3661 3663 
4431 1264 1267 1268 
4432 291 292 614 
4433 1964 934 1965 
4434 844 843 905 
4435 2812 2810 4107 
4436 4161 2164 4421 
4437 3850 3851 3852 
4438 929 934 1963 
4439 272 273 3891 
4440 1306 1305 1307 
4441 1709 1664 2244 
4442 3747 3749 3750 
4443 2868 2451 3233 
4444 1739 1741 4351 
4445 2205 3189 4282 
4446 1201 1200 1202 
4447 2803 3277 3402 
4448 1835 1978 4178 
4449 3198 3167 3616 
4450 1348 1349 4290 
4451 1245 1243 1324 
4452 1922 1836 4139 
4453 1817 1820 4472 
4454 2109 2705 4148 
4455 3990 761 4280 
4456 848 1882 4226 
4457 822 828 4249 
4458 4278 2561 4279 
4459 3270 670 3350 
4460 568 125 4216 
4461 4344 2142 4345 
4462 3967 3968 4244 
4463 2360 1971 2424 
4464 2172 2171 2220 
4465 1123 4335 4493 
4466 1021 1023 4434 
4467 2459 2373 2460 
4468 1259 1260 1261 
4469 412 411 595 
4470 1709 2244 3738 
4471 834 829 835 
4472 1701 1255 4106 
4473 3656 3657 3658 
4474 4017 4015 4781 
4475 1404 1402 2000 
4476 3548 3549 3550 
4477 1241 1239 3123 
4478 1499 1506 2561 
4479 2257 2322 2323 
4480 2319 2526 2527 
4481 1775 2146 4255 
4482 4352 2051 4355 
4483 819 815 4691 
4484 2712 5649 5665 
4485 3093 4068 5300 
4486 293 294 714 
4487 784 783 785 
4488 1150 1079 4259 
4489 4059 2680 4592 
4490 1901 1900 4000 
4491 3718 5240 5241 
4492 3316 3146 4223 
4493 1835 1155 1978 
4494 1565 1563 1566 
4495 2584 1729 2585 
4496 2494 2175 4644 
4497 2539 2537 2540 
4498 1153 3104 4160 
4499 1674 4168 5074 
4500 920 921 922 
4501 1711 1710 2029 
4502 3113 3114 3115 
4503 854 855 856 
4504 922 923 4399 
4505 3233 2451 3255 
4506 3654 3655 3656 
4507 2532 2534 3834 
4508 92 4207 4274 
4509 1591 1556 1592 
4510 4328 1057 4329 
4511 738 4358 4360 
4512 1820 2151 4472 
4513 1856 1677 4657 
4514 2009 2559 4220 
4515 838 837 843 
4516 2713 2714 2715 
4517 1261 1263 1264 
4518 2415 2503 4336 
4519 1561 1410 4423 
4520 1153 1000 3104 
4521 1105 1097 1106 
4522 2260 4523 4576 
4523 104 105 715 
4524 1633 1781 1782 
4525 1531 1530 1532 
4526 3918 550 3919 
4527 4220 4221 4222 
4528 1720 1649 1721 
4529 406 405 586 
4530 2146 2801 2803 
4531 989 991 4146 
4532 1579 1756 4598 
4533 716 298 4276 
4534 1219 1184 4150 
4535 2541 2540 2542 
4536 1345 1615 4542 
4537 1087 1088 1089 
4538 4338 4339 4340 
4539 2221 2220 2773 
4540 1811 1916 1917 
4541 852 853 854 
4542 1836 2071 4139 
4543 2070 2454 2455 
4544 6 404 3473 
4545 1529 1528 1530 
4546 3548 2862 3549 
4547 1806 2519 3983 
4548 828 817 829 
4549 1571 1573 1624 
4550 2381 2382 4391 
4551 1095 1094 1096 
4552 2561 1506 4187 
4553 2565 2563 4547 
4554 2678 2677 4058 
4555 1107 1106 1116 
4556 101 102 4191 
4557 2528 3344 3794 
4558 1753 1754 2059 
4559 3238 2894 3239 
4560 295 296 576 
4561 927 1714 4125 
4562 1264 1265 1267 
4563 3491 2717 4410 
4564 2024 2022 4270 
4565 3102 3103 3584 
4566 2818 2816 4137 
4567 1388 1387 4118 
4568 2427 1983 3961 
4569 2012 2011 2013 
4570 1942 1864 4154 
4571 2260 4363 4591 
4572 2975 2974 2976 
4573 2798 2024 4270 
4574 3551 3992 3993 
4575 1910 1215 4401 
4576 3608 3651 3652 
4577 2089 2091 2092 
4578 4013 4014 4016 
4579 1747 1748 4356 
4580 2010 2009 2011 
4581 841 835 842 
4582 3653 3652 3654 
4583 2406 2575 3080 
4584 773 768 3274 
4585 832 2148 3417 
4586 2710 2711 3029 
4587 874 876 886 
4588 3606 3607 3608 
4589 4134 3015 5220 
4590 866 868 885 
4591 4117 1851 4419 
4592 3993 4008 4009 
4593 3657 3708 4793 
4594 1178 1176 1884 
4595 836 822 837 
4596 4434 4383 4703 
4597 2169 2167 2171 
4598 739 3797 5581 
4599 767 765 4416 
4600 4323 4149 4699 
4601 1809 1810 1811 
4602 4009 4010 4011 
4603 863 866 4217 
4604 1844 2276 4265 
4605 1803 1806 1807 
4606 3457 3318 3458 
4607 1930 2406 4102 
4608 1528 1525 4311 
4609 915 843 4076 
4610 1714 1715 1923 
4611 1964 2193 2369 
4612 1923 1924 2362 
4613 961 962 963 
4614 2443 2442 4082 
4615 850 851 852 
4616 2127 2128 2129 
4617 1997 2308 4269 
4618 102 103 596 
4619 963 962 964 
4620 878 920 4050 
4621 2129 2429 2430 
4622 4011 4012 4013 
4623 1370 1368 1371 
4624 101 4191 4194 
4625 1359 1354 1360 
4626 2167 2164 4161 
4627 3660 3662 3681 
4628 4307 4308 4557 
4629 895 893 908 
4630 2388 2390 2788 
4631 1539 1538 1540 
4632 1277 1273 1278 
4633 3660 3659 3661 
4634 3654 3682 4291 
4635 1537 1536 1538 
4636 3459 3691 3692 
4637 2392 2394 4239 
4638 2068 2069 2070 
4639 2152 2013 2154 
4640 1972 1973 2127 
4641 2051 1743 4463 
4642 96 97 681 
4643 2086 2087 2088 
4644 1801 1802 1803 
4645 99 100 651 
4646 2386 2388 4228 
4647 1527 1525 1528 
4648 994 986 4318 
4649 2033 1873 2786 
4650 1279 1650 4376 
4651 2310 2231 2311 
4652 2886 2310 4245 
4653 4712 3173 4803 
4654 2157 2156 4747 
4655 3920 3921 3922 
4656 2394 2396 3031 
4657 4336 3954 5677 
4658 2002 1884 2009 
4659 1410 1404 4423 
4660 1130 1117 4538 
4661 2796 5472 5502 
4662 2440 3298 3431 
4663 859 861 884 
4664 1073 4493 4568 
4665 2716 2715 2717 
4666 2538 2536 3847 
4667 2822 2820 4201 
4668 3794 3934 3935 
4669 4304 4303 4306 
4670 2288 2290 3102 
4671 2803 3402 3403 
4672 2010 2011 2012 
4673 637 304 4256 
4674 2115 5103 5181 
4675 1208 1206 1651 
4676 1533 1532 1534 
4677 2564 2565 3369 
4678 1659 1661 4342 
4679 3459 3458 3601 
4680 3953 3951 3969 
4681 186 187 748 
4682 210 211 747 
4683 2398 2400 3042 
4684 93 94 689 
4685 878 880 920 
4686 2507 2846 3704 
4687 1644 1642 1649 
4688 2744 2728 4233 
4689 2146 2803 4255 
4690 4060 4059 4061 
4691 4353 4352 4354 
4692 1152 1000 1153 
4693 1536 4142 4238 
4694 4321 2245 4677 
4695 2205 3188 3189 
4696 1162 1161 4260 
4697 3120 3132 3609 
4698 3299 2576 4477 
4699 2012 2013 2152 
4700 1494 1499 4278 
4701 1799 1800 1801 
4702 1085 1086 1087 
4703 1214 1213 1215 
4704 2333 2077 4212 
4705 4345 2142 4346 
4706 2567 3118 3119 
4707 125 126 4216 
4708 3239 2894 3418 
4709 1535 1534 1536 
4710 583 4189 5721 
4711 3296 3137 4183 
4712 2717 2715 4410 
4713 2893 2891 2894 
4714 909 908 1775 
4715 4265 4264 4266 
4716 3316 4223 4517 
4717 2369 2451 2868 
4718 4111 3360 4112 
4719 2382 2384 2851 
4720 2802 3331 4393 
4721 3647 3183 4970 
4722 1160 1159 1161 
4723 1545 1548 1549 
4724 2229 1933 2230 
4725 2077 2076 2440 
4726 1403 1409 1866 
4727 923 925 1726 
4728 959 960 961 
4729 2137 1988 4095 
4730 2060 2247 2381 
4731 2860 2283 3336 
4732 1610 1608 3756 
4733 1591 1592 1593 
4734 1182 1179 4489 
4735 3656 3655 3657 
4736 1549 1652 4284 
4737 1671 1737 4307 
4738 3853 3855 3856 
4739 949 948 950 
4740 221 222 4232 
4741 1991 2076 2077 
4742 1160 1161 1162 
4743 2229 2230 2231 
4744 1208 1651 4293 
4745 2493 3605 3606 
4746 424 423 603 
4747 782 781 783 
4748 1121 1070 1122 
4749 297 298 716 
4750 3289 3241 3290 
4751 2262 2563 2564 
4752 2357 2496 2691 
4753 4267 1332 4802 
4754 92 93 4207 
4755 3658 3657 3659 
4756 1757 1122 1758 
4757 2525 2842 2859 
4758 2803 2801 3277 
4759 3585 3586 4831 
4760 1664 1657 4295 
4761 1093 1092 1094 
4762 3584 3103 3585 
4763 1512 1518 3991 
4764 4308 2264 4309 
4765 2339 2340 2341 
4766 3857 3859 3860 
4767 4782 4427 4806 
4768 1907 2357 4532 
4769 927 1713 1714 
4770 932 823 2016 
4771 2160 2024 2798 
4772 946 1149 4322 
4773 1565 1567 1875 
4774 2009 1884 2559 
4775 951 950 952 
4776 2099 4173 4804 
4777 1812 3157 4335 
4778 1083 1084 1085 
4779 1215 1213 4401 
4780 2277 2284 4263 
4781 3102 2290 3103 
4782 1067 1061 4387 
4783 2002 2009 2010 
4784 3654 3652 3655 
4785 2841 2524 3786 
4786 2543 2540 4020 
4787 1395 1555 1646 
4788 1154 1153 1155 
4789 1931 1214 4642 
4790 414 413 598 
4791 1635 3905 3910 
4792 2550 2045 2552 
4793 1797 1795 4007 
4794 4198 4199 4200 
4795 1991 1915 2076 
4796 2674 2673 2675 
4797 2076 1915 4406 
4798 1156 1155 1835 
4799 422 421 670 
4800 722 4338 4340 
4801 3314 3146 3315 
4802 3608 3607 3651 
4803 1661 1682 4342 
4804 1836 1835 2071 
4805 3791 3290 3792 
4806 2646 1172 4557 
4807 3217 2375 3637 
4808 2576 2076 4406 
4809 2716 2717 2718 
4810 1556 1396 1859 
4811 4302 4303 4304 
4812 3623 2896 5244 
4813 1691 1692 1693 
4814 1035 1033 4328 
4815 1404 2000 4423 
4816 2610 1653 4636 
4817 4414 4412 4415 
4818 2341 2342 2343 
4819 1059 1109 4337 
4820 2577 2701 3360 
4821 2244 1664 4295 
4822 1682 2607 4342 
4823 1795 1805 4007 
4824 3592 3591 3693 
4825 1976 2215 2217 
4826 4327 1035 4328 
4827 4191 4193 4194 
4828 1102 1021 4434 
4829 2101 2368 3081 
4830 979 977 4320 
4831 2285 2288 4261 
4832 2078 2077 2333 
4833 1926 1928 2197 
4834 1930 2028 2406 
4835 2893 2894 3238 
4836 3654 3656 3682 
4837 4358 539 4359 
4838 1805 1793 4695 
4839 2808 4478 4590 
4840 848 849 850 
4841 991 4145 4146 
4842 1158 1159 1160 
4843 1079 1080 1081 
4844 4244 3968 4933 
4845 1144 1773 1774 
4846 3323 3740 3741 
4847 1908 1722 2326 
4848 4187 1875 4900 
4849 543 300 4301 
4850 3068 2812 4107 
4851 1158 1157 1159 
4852 1129 1108 4438 
4853 1322 1334 1335 
4854 3608 3652 3653 
4855 2186 2413 4325 
4856 3208 5390 5648 
4857 2011 2009 4220 
4858 1176 1173 4468 
4859 2173 1906 2174 
4860 3653 3654 4291 
4861 2442 4038 4082 
4862 1199 1198 1200 
4863 3606 3605 3607 
4864 2060 2381 4389 
4865 2829 2830 2855 
4866 1068 4364 4386 
4867 3843 3842 3844 
4868 4966 5083 5812 
4869 1347 1321 1361 
4870 1023 4382 4434 
4871 2284 4262 4263 
4872 1499 2561 4278 
4873 1272 1277 1552 
4874 1909 3965 4876 
4875 2213 2016 2214 
4876 1905 1862 1906 
4877 184 185 665 
4878 212 213 664 
4879 2602 935 4607 
4880 421 10 3234 
4881 1178 1884 2002 
4882 3158 3352 4407 
4883 404 403 588 
4884 2766 2765 2767 
4885 1877 1324 4005 
4886 3098 4444 4445 
4887 738 197 4358 
4888 3004 3246 5314 
4889 947 946 948 
4890 2154 2568 2569 
4891 2559 1884 4468 
4892 2480 2200 4384 
4893 588 403 3253 
4894 982 974 1157 
4895 1827 2061 4406 
4896 3787 3786 3842 
4897 4412 204 4415 
4898 3547 2862 3548 
4899 982 1157 1158 
4900 1544 1542 1778 
4901 884 4219 4474 
4902 1678 1857 2086 
4903 757 755 4182 
4904 4362 2640 4363 
4905 1061 1056 4387 
4906 1977 1975 2500 
4907 1637 1350 4025 
4908 1161 1998 2046 
4909 2276 4264 4265 
4910 1874 1577 4598 
4911 761 759 781 
4912 181 582 4319 
4913 2046 2516 3098 
4914 2099 2101 4173 
4915 1078 1150 1151 
4916 90 91 679 
4917 261 709 4491 
4918 2577 3360 4111 
4919 1101 997 4380 
4920 1104 1148 1987 
4921 1277 1279 4376 
4922 1549 1548 1652 
4923 961 960 962 
4924 1826 1774 1827 
4925 87 88 656 
4926 1891 2305 3293 
4927 3104 4147 4509 
4928 1264 1263 1265 
4929 1105 1107 4333 
4930 1914 1827 1915 
4931 1213 1211 1825 
4932 1682 1707 2607 
4933 1142 1143 1144 
4934 1081 1082 1083 
4935 4186 4185 5221 
4936 1714 4124 4125 
4937 642 2890 2891 
4938 3850 3848 3851 
4939 1069 994 1070 
4940 1593 1592 1594 
4941 1748 1997 2795 
4942 953 952 954 
4943 625 4412 4413 
4944 4148 4149 4323 
4945 1693 1694 1695 
4946 2621 2620 4478 
4947 2343 2344 2345 
4948 4126 4128 4131 
4949 1853 1130 4538 
4950 2169 2171 2172 
4951 2136 2442 2443 
4952 1689 1690 1691 
4953 3130 2818 4137 
4954 3445 3109 3446 
4955 2269 2590 4326 
4956 1106 1097 4579 
4957 4221 4365 4776 
4958 1386 1387 1388 
4959 2467 3503 4210 
4960 2192 2256 2257 
4961 3458 3318 4517 
4962 4326 2590 4536 
4963 1068 2037 4364 
4964 299 300 543 
4965 1745 1746 1747 
4966 1646 1555 4344 
4967 262 263 4639 
4968 2031 2029 4300 
4969 1743 1744 1745 
4970 2795 1997 4269 
4971 1261 1260 1263 
4972 2288 3102 4261 
4973 1109 1073 1110 
4974 2619 2620 2621 
4975 1960 2199 2466 
4976 955 954 956 
4977 2374 2020 2375 
4978 1552 1277 4376 
4979 1214 1215 1220 
4980 2406 3143 4102 
4981 1652 1912 2008 
4982 301 302 717 
4983 181 182 582 
4984 215 216 581 
4985 934 900 4422 
4986 3859 3863 4315 
4987 2296 2493 4398 
4988 956 958 959 
4989 5171 3032 5701 
4990 1990 1915 1991 
4991 1122 1999 4272 
4992 1351 1407 1408 
4993 2008 2365 2508 
4994 2172 2220 2221 
4995 1304 1303 1305 
4996 1050 1043 1052 
4997 303 304 637 
4998 2042 2640 4362 
4999 1827 1774 2061 
5000 2861 1922 2862 
5001 1704 1834 2234 
5002 4327 4328 4330 
5003 1588 1625 1626 
5004 2237 1747 2238 
5005 1756 3809 4598 
5006 1121 1122 1757 
5007 3608 3653 4469 
5008 1409 1410 1411 
5009 1151 1710 1711 
5010 1325 1337 1338 
5011 2008 1912 2365 
5012 1023 1025 4382 
5013 992 998 4386 
5014 3194 2552 3195 
5015 1277 1278 1279 
5016 2708 2709 2710 
5017 1739 1740 1741 
5018 2224 2223 2225 
5019 1745 1744 1746 
5020 1671 1736 1737 
5021 84 85 618 
5022 4373 1163 4662 
5023 415 414 3199 
5024 1752 4377 4378 
5025 1257 1256 1258 
5026 1049 1163 4373 
5027 3157 3158 4407 
5028 947 948 949 
5029 3860 3859 4315 
5030 920 3621 4050 
5031 306 307 544 
5032 1055 1052 1056 
5033 1559 1549 1560 
5034 1060 1056 1061 
5035 1255 1254 1256 
5036 790 792 4350 
5037 1741 1742 1743 
5038 637 4256 4257 
5039 1408 1522 1523 
5040 4077 810 4689 
5041 84 618 4338 
5042 2066 2067 2068 
5043 1989 2135 2136 
5044 2706 2707 2708 
5045 2656 2748 3183 
5046 2858 2831 3576 
5047 1747 1746 1748 
5048 1936 1560 1937 
5049 1259 1258 1260 
5050 3382 3384 4575 
5051 3551 3549 3992 
5052 1064 1061 1066 
5053 2520 1854 2521 
5054 3802 591 3803 
5055 4026 4025 4027 
5056 2809 2810 2811 
5057 82 722 4400 
5058 2813 2814 2815 
5059 1669 1671 4307 
5060 3699 696 5098 
5061 1002 1074 1075 
5062 2410 2618 2619 
5063 40 661 4394 
5064 1844 2098 2276 
5065 2713 2216 2714 
5066 1976 2217 4312 
5067 1060 1061 1064 
5068 2823 2824 2825 
5069 2318 3167 3198 
5070 1037 1035 4327 
5071 4098 4049 4234 
5072 1055 1056 1060 
5073 3281 3339 3340 
5074 2764 2762 2765 
5075 2807 2808 2809 
5076 2570 1816 4472 
5077 4048 839 4465 
5078 3856 3855 3857 
5079 544 307 4348 
5080 1652 1548 1912 
5081 1039 1037 1062 
5082 1144 1143 1773 
5083 1142 1110 1143 
5084 3764 3458 4517 
5085 1515 1562 1563 
5086 2805 3048 4429 
5087 2467 2469 3503 
5088 949 950 951 
5089 1932 1162 1933 
5090 1342 1350 1351 
5091 3433 2822 4201 
5092 2821 2822 2823 
5093 1064 1066 1098 
5094 1892 1129 4438 
5095 1559 1560 1936 
5096 3759 2480 4384 
5097 2811 2812 2813 
5098 2819 2820 2821 
5099 2018 2251 2577 
5100 998 1068 4386 
5101 4309 4353 4721 
5102 2645 2523 3560 
5103 1789 1790 1791 
5104 2153 2152 2437 
5105 2718 2717 2719 
5106 1098 1066 1099 
5107 4765 4149 4809 
5108 642 11 2890 
5109 2232 2231 2310 
5110 3189 3188 3432 
5111 3653 4292 4469 
5112 989 990 991 
5113 1711 2029 2031 
5114 179 180 718 
5115 217 218 719 
5116 1737 1739 2264 
5117 1212 1214 1931 
5118 2815 2816 2817 
5119 1506 1514 1515 
5120 2228 1933 2229 
5121 1069 1070 1121 
5122 1523 1524 1525 
5123 956 954 958 
5124 1737 1738 1739 
5125 831 847 848 
5126 1122 1070 1999 
5127 3554 1832 5222 
5128 1141 1110 1142 
5129 1525 1524 4311 
5130 1207 1210 1638 
5131 1050 1052 1055 
5132 991 1001 1002 
5133 1662 1660 4481 
5134 2541 2558 4621 
5135 260 261 4491 
5136 1758 1122 4272 
5137 1937 1938 1939 
5138 986 984 2574 
5139 2150 1824 4427 
5140 2655 2238 2656 
5141 4119 857 4120 
5142 952 950 4289 
5143 2549 2551 3932 
5144 1278 1273 1343 
5145 2011 4220 4496 
5146 1686 1784 1785 
5147 628 108 4246 
5148 3852 3851 3853 
5149 1987 1988 1989 
5150 1937 1939 2579 
5151 2579 1939 2580 
5152 4493 3149 4568 
5153 2817 2818 2819 
5154 179 718 4343 
5155 3319 3317 4313 
5156 2277 2279 2284 
5157 2574 4320 4321 
5158 1591 1593 2142 
5159 2186 2188 2413 
5160 2184 4325 4499 
5161 1743 1742 1744 
5162 2308 2797 3346 
5163 1245 1324 1325 
5164 3734 1749 5554 
5165 961 963 965 
5166 1594 1592 1913 
5167 3784 2731 3785 
5168 3181 3025 3182 
5169 945 944 946 
5170 555 2904 3324 
5171 2154 2013 2568 
5172 1937 2579 4369 
5173 2656 2238 2748 
5174 2592 2731 3784 
5175 4382 4373 4383 
5176 5093 3286 5243 
5177 4377 1137 4380 
5178 856 857 4119 
5179 2064 2065 2066 
5180 3158 3351 3352 
5181 1510 1511 1512 
5182 2374 2375 3217 
5183 3993 3992 4008 
5184 3985 3987 3988 
5185 1137 1101 4380 
5186 3345 2529 3743 
5187 1752 1139 4377 
5188 2160 2798 2903 
5189 1499 1505 1506 
5190 988 1000 1152 
5191 1443 1445 1508 
5192 1652 2008 2578 
5193 1059 1071 1073 
5194 4085 1216 5167 
5195 1220 1215 1221 
5196 3392 3714 5841 
5197 2255 3112 3113 
5198 1054 1059 4337 
5199 4246 109 4785 
5200 1812 2302 3157 
5201 1123 1812 4335 
5202 2440 2576 3298 
5203 2693 2692 2694 
5204 45 720 4371 
5205 950 1063 4289 
5206 3089 3137 3138 
5207 1062 1037 4327 
5208 1126 1716 3088 
5209 3455 2601 3508 
5210 2319 2030 2526 
5211 1220 1221 1222 
5212 2640 2269 4326 
5213 2345 2346 2347 
5214 959 958 960 
5215 4009 4008 4010 
5216 1091 1090 1092 
5217 2522 2521 2523 
5218 605 311 4316 
5219 1098 1099 1111 
5220 2200 1947 2609 
5221 916 2325 2535 
5222 3554 3271 5814 
5223 1997 2211 2308 
5224 1741 1743 2051 
5225 1741 1740 1742 
5226 3138 3294 3295 
5227 3709 2935 4450 
5228 4398 3606 4469 
5229 852 854 4637 
5230 1539 1540 1541 
5231 177 178 535 
5232 219 220 537 
5233 4413 4412 4414 
5234 2949 2954 4368 
5235 2404 4623 4669 
5236 2042 2269 2640 
5237 1139 1137 4377 
5238 4122 3440 5139 
5239 857 859 4120 
5240 10 420 678 
5241 4293 1651 4294 
5242 2487 2499 3622 
5243 975 974 982 
5244 2312 2310 2886 
5245 4375 3467 4433 
5246 4011 4010 4012 
5247 1991 2077 2078 
5248 4354 4352 4355 
5249 2676 2675 2677 
5250 2569 2568 3912 
5251 2577 2251 2701 
5252 2323 2556 2557 
5253 2571 2570 2831 
5254 3758 2480 3759 
5255 1163 1054 4337 
5256 1302 1301 1303 
5257 950 948 1063 
5258 952 4289 4447 
5259 1251 1252 1253 
5260 2998 3001 4522 
5261 2715 2714 2854 
5262 550 169 3964 
5263 4013 4012 4014 
5264 2975 3099 3101 
5265 1522 1407 4635 
5266 108 109 4246 
5267 2040 2042 4362 
5268 82 83 722 
5269 1824 1667 4427 
5270 2931 2930 2940 
5271 1144 1774 1826 
5272 958 954 4447 
5273 1739 1738 1740 
5274 942 1967 4385 
5275 1537 1538 1539 
5276 2264 1739 4351 
5277 2929 2927 2930 
5278 1056 2007 4387 
5279 1745 1747 2237 
5280 1708 1664 1709 
5281 198 539 4358 
5282 1059 1073 1109 
5283 945 946 947 
5284 906 1685 1686 
5285 1750 1139 1752 
5286 3773 3774 3775 
5287 1213 1825 4401 
5288 1449 1451 1452 
5289 2580 2581 2582 
5290 1531 1532 1533 
5291 1144 1826 4367 
5292 308 309 724 
5293 2184 2186 4325 
5294 4316 312 4420 
5295 2699 2362 3209 
5296 2237 2238 2655 
5297 914 2537 2539 
5298 2876 3587 3588 
5299 1937 1560 1938 
5300 4954 1217 4986 
5301 922 921 923 
5302 1047 4373 4382 
5303 1545 1549 1559 
5304 2288 2289 2290 
5305 920 880 921 
5306 973 971 974 
5307 2892 2891 2893 
5308 1049 1054 1163 
5309 43 44 580 
5310 4142 4144 4238 
5311 1111 1099 1112 
5312 2053 2054 2064 
5313 755 753 2239 
5314 2078 2333 3435 
5315 40 41 661 
5316 2703 2106 2704 
5317 3373 2768 3374 
5318 2406 2028 2575 
5319 1221 1215 1910 
5320 625 203 4412 
5321 2285 2287 2288 
5322 2219 1816 2570 
5323 353 354 597 
5324 1025 1047 4382 
5325 1748 1996 1997 
5326 1056 1052 2007 
5327 1615 1616 1617 
5328 717 302 4512 
5329 1529 1530 1531 
5330 3912 1166 4861 
5331 2334 1979 2355 
5332 2887 2886 3449 
5333 1222 1221 1223 
5334 1487 1490 2044 
5335 1623 1394 1829 
5336 1535 1536 1537 
5337 3678 3801 5145 
5338 4309 2264 4351 
5339 2659 1005 4504 
5340 1224 2210 4440 
5341 356 357 674 
5342 1279 1278 1280 
5343 1550 1276 4190 
5344 2107 2703 4433 
5345 1791 1918 4695 
5346 2558 2875 2876 
5347 2018 2577 4277 
5348 3119 3118 3120 
5349 3913 2568 4496 
5350 649 2907 3222 
5351 1197 1196 1198 
5352 809 812 4712 
5353 1161 1159 1998 
5354 555 428 2904 
5355 2269 2270 2590 
5356 4623 2653 4669 
5357 1047 1049 4373 
5358 4390 2381 4391 
5359 303 637 4512 
5360 2590 2591 2592 
5361 1878 1976 4312 
5362 198 199 539 
5363 2656 3183 3647 
5364 2527 2526 2562 
5365 3048 3405 3406 
5366 2146 2147 2801 
5367 1915 1827 4406 
5368 4970 3183 4974 
5369 943 942 944 
5370 1753 902 1754 
5371 2906 569 3685 
5372 1737 1736 1738 
5373 1142 1144 4367 
5374 3748 1727 5133 
5375 2407 2182 2601 
5376 1109 1110 1141 
5377 3481 3182 3482 
5378 2493 3606 4398 
5379 555 3324 4285 
5380 2042 2131 2269 
5381 1894 1142 4367 
5382 2929 2930 2931 
5383 3080 2575 3163 
5384 2563 4422 4547 
5385 887 856 4119 
5386 1826 1827 1914 
5387 1936 1937 4369 
5388 3977 1701 4106 
5389 2949 2953 2954 
5390 1822 2885 4108 
5391 943 944 945 
5392 1205 1204 4324 
5393 2592 2593 2731 
5394 984 979 4320 
5395 1970 2359 2361 
5396 1033 1031 1057 
5397 1044 1043 1050 
5398 951 952 953 
5399 1527 1528 1529 
5400 2941 2940 3511 
5401 1177 1176 1178 
5402 2414 1961 2415 
5403 2894 2891 4235 
5404 801 821 2547 
5405 2603 2602 2604 
5406 1279 1281 1650 
5407 815 779 4402 
5408 985 984 986 
5409 2946 2949 4368 
5410 4337 1109 4510 
5411 200 201 739 
5412 196 197 738 
5413 358 359 749 
5414 1152 1153 1154 
5415 3095 2658 3133 
5416 1195 1194 1196 
5417 205 691 4415 
5418 1220 1222 1920 
5419 2037 2040 4364 
5420 1042 1041 1043 
5421 2040 2041 2042 
5422 2580 1939 2581 
5423 798 799 800 
5424 1924 1926 4297 
5425 2923 2921 2934 
5426 1066 1061 1067 
5427 987 986 994 
5428 12 428 555 
5429 2457 2455 2531 
5430 1269 1267 2026 
5431 1655 1653 2610 
5432 1775 1776 2146 
5433 1093 1095 4665 
5434 2574 4321 4403 
5435 856 855 857 
5436 1752 4378 4379 
5437 1494 1498 1499 
5438 2863 5245 5324 
5439 1111 1112 1145 
5440 38 39 750 
5441 774 770 1848 
5442 420 419 3197 
5443 4362 4363 4576 
5444 1951 1848 1961 
5445 1249 1250 1251 
5446 2568 2013 4496 
5447 2592 3784 4536 
5448 1078 1151 4552 
5449 37 38 4299 
5450 3082 2533 3200 
5451 3098 2516 4444 
5452 2510 2208 2730 
5453 5387 4088 5408 
5454 202 203 625 
5455 194 195 626 
5456 1752 4379 4381 
5457 3048 3406 4429 
5458 1040 1039 1041 
5459 4885 704 4915 
5460 1714 1713 1715 
5461 2022 1936 4369 
5462 1802 1800 4673 
5463 2458 2150 2658 
5464 2056 958 4447 
5465 3157 2302 3158 
5466 3186 2438 3330 
5467 1860 935 2602 
5468 4377 4380 4640 
5469 2226 2225 2227 
5470 569 15 2905 
5471 441 15 569 
5472 2637 4100 4426 
5473 3524 3523 3525 
5474 351 352 721 
5475 1560 1549 4284 
5476 3019 3017 3357 
5477 45 46 720 
5478 2574 984 4320 
5479 1923 1715 1924 
5480 946 944 1149 
5481 4386 4364 4576 
5482 3652 3651 4473 
5483 2046 1998 2516 
5484 2953 2950 4619 
5485 2582 2583 3127 
5486 842 892 893 
5487 2160 2903 4421 
5488 1145 1112 1146 
5489 768 769 4448 
5490 441 569 2906 
5491 816 822 836 
5492 3548 3550 3698 
5493 3851 3848 4558 
5494 204 205 4415 
5495 2109 2513 2514 
5496 402 401 3490 
5497 2541 2542 2558 
5498 2715 2854 4410 
5499 1533 1534 1535 
5500 1174 1669 4557 
5501 2019 1757 2020 
5502 1822 2155 2885 
5503 2719 3491 3543 
5504 2635 2637 4426 
5505 2466 2467 4210 
5506 2281 1892 2700 
5507 1054 1058 1059 
5508 2381 2247 2382 
5509 1145 1146 1823 
5510 755 2239 4182 
5511 954 952 4447 
5512 977 975 4395 
5513 1185 1184 1186 
5514 1089 1088 1090 
5515 1154 1155 1156 
5516 2719 2717 3491 
5517 2582 2581 2583 
5518 2365 2594 2595 
5519 844 905 906 
5520 1300 1299 1301 
5521 854 853 855 
5522 80 81 546 
5523 1203 1204 1205 
5524 2861 2862 3547 
5525 2539 2540 2541 
5526 1183 1182 1184 
5527 981 979 984 
5528 3239 3418 4458 
5529 1663 1657 1664 
5530 2703 4375 4433 
5531 1160 1162 1932 
5532 1141 1142 1894 
5533 3567 3566 5711 
5534 203 204 4412 
5535 2238 1747 4356 
5536 982 1158 2245 
5537 3779 3014 4176 
5538 1985 2052 2053 
5539 637 4258 4512 
5540 2276 2098 2277 
5541 1667 1662 4481 
5542 78 79 723 
5543 2493 3581 3605 
5544 1543 4634 4678 
5545 4156 1106 4579 
5546 429 12 3263 
5547 3056 3057 3310 
5548 2931 2940 2941 
5549 2703 2704 3164 
5550 2599 2107 4433 
5551 2291 2293 2294 
5552 197 198 4358 
5553 1193 1192 1194 
5554 1049 1053 1054 
5555 1890 1823 2181 
5556 2938 2939 3169 
5557 4406 2061 4477 
5558 1156 1835 1836 
5559 3523 2895 3563 
5560 2440 2076 2576 
5561 2037 2039 2040 
5562 2059 1754 2060 
5563 76 77 545 
5564 4566 1157 4626 
5565 1163 4337 4616 
5566 74 725 4405 
5567 4262 4261 4748 
5568 1447 1449 4366 
5569 1059 1058 1071 
5570 796 797 798 
5571 3397 3232 4341 
5572 357 358 4392 
5573 2637 2638 4099 
5574 74 75 725 
5575 310 311 605 
5576 1593 1594 1595 
5577 649 5 2907 
5578 2240 2181 2840 
5579 2488 2487 4151 
5580 3173 4712 4897 
5581 2229 2231 2232 
5582 2334 2355 4254 
5583 995 1069 4495 
5584 2035 4077 4466 
5585 1079 1077 1080 
5586 1453 1455 1456 
5587 1187 1186 1188 
5588 2040 4362 4364 
5589 72 73 538 
5590 1222 1223 1224 
5591 419 418 657 
5592 1070 994 4318 
5593 352 353 4372 
5594 1920 1222 4440 
5595 4074 2217 5030 
5596 2635 2636 2637 
5597 1384 1385 1386 
5598 2937 2917 4487 
5599 2637 2636 2638 
5600 2802 2805 3331 
5601 996 1100 4470 
5602 1703 1855 1879 
5603 2628 2599 2629 
5604 674 357 4392 
5605 416 415 554 
5606 2657 2655 3706 
5607 1849 1853 2110 
5608 353 597 4372 
5609 1060 1064 1065 
5610 3369 2565 3371 
5611 1991 2078 4543 
5612 724 309 4404 
5613 1112 1099 1165 
5614 1047 1048 1049 
5615 1890 2181 2240 
5616 2635 2632 2636 
5617 838 843 844 
5618 2355 4252 4253 
5619 2928 2927 2929 
5620 1145 1823 1890 
5621 4382 4383 4434 
5622 1617 1618 1704 
5623 349 350 531 
5624 309 310 4404 
5625 2262 1965 2563 
5626 1750 1752 4381 
5627 1914 1915 1990 
5628 2910 2912 2938 
5629 1151 2241 4552 
5630 1932 1933 2228 
5631 832 825 2148 
5632 959 961 4449 
5633 1773 2017 2018 
5634 3445 3446 3564 
5635 1934 2739 2743 
5636 2416 2133 2417 
5637 426 425 3623 
5638 2242 2227 2243 
5639 47 48 536 
5640 1115 1005 2659 
5641 2938 2912 2939 
5642 3181 3182 3481 
5643 953 954 955 
5644 2630 2629 2631 
5645 2906 3685 3686 
5646 2630 2631 2632 
5647 2590 2270 2591 
5648 1224 1226 2210 
5649 2269 2131 2270 
5650 1098 1111 1166 
5651 205 206 691 
5652 191 192 692 
5653 1166 1111 4476 
5654 3087 2228 4417 
5655 2628 2629 2630 
5656 2149 1824 2150 
5657 1222 1224 4440 
5658 1938 1560 4284 
5659 3123 1239 4757 
5660 948 946 4322 
5661 3315 3317 3319 
5662 995 994 1069 
5663 2564 2563 2565 
5664 3515 2935 3709 
5665 2844 2088 4043 
5666 38 750 4299 
5667 2110 2111 2544 
5668 962 4409 4418 
5669 1189 1188 1190 
5670 358 749 4392 
5671 2043 2020 2374 
5672 1879 1984 1985 
5673 191 692 4432 
5674 1191 1190 1192 
5675 894 2497 2641 
5676 1709 3738 4251 
5677 1830 2108 2109 
5678 1025 1027 1047 
5679 1574 1572 1847 
5680 2042 2041 2131 
5681 2316 2511 2512 
5682 4338 618 4339 
5683 2208 1856 4657 
5684 2637 4099 4100 
5685 1695 1696 1697 
5686 2634 2632 2635 
5687 4380 997 4495 
5688 1038 1037 1039 
5689 778 813 814 
5690 828 834 4661 
5691 2601 2182 4587 
5692 3833 2635 4426 
5693 4281 1397 4655 
5694 2761 2760 2762 
5695 2622 2695 2696 
5696 941 942 943 
5697 2627 2599 2628 
5698 2059 2060 4389 
5699 1054 1053 1058 
5700 2250 2272 3283 
5701 1953 2611 4506 
5702 2040 2039 2041 
5703 973 974 975 
5704 981 984 985 
5705 313 314 643 
5706 2892 2893 2895 
5707 4144 4143 5135 
5708 852 851 853 
5709 588 3253 4439 
5710 1279 1280 1281 
5711 2896 3523 3524 
5712 642 2891 2892 
5713 1049 1048 1053 
5714 2926 2925 2927 
5715 4427 1667 4481 
5716 607 2909 2910 
5717 2180 2195 2196 
5718 985 986 987 
5719 2107 2106 2703 
5720 1895 1894 2106 
5721 2748 2238 4356 
5722 2132 2093 2133 
5723 2592 2591 2593 
5724 2942 2941 2943 
5725 2327 2870 2878 
5726 818 823 932 
5727 2214 3146 3314 
5728 430 577 2908 
5729 2972 3410 3538 
5730 3417 2148 3453 
5731 1578 1576 1846 
5732 2631 2629 3467 
5733 2700 1892 4438 
5734 2308 2211 2797 
5735 955 956 957 
5736 2910 2909 2911 
5737 350 351 4397 
5738 1816 1817 4472 
5739 3854 3851 4558 
5740 2080 2081 2082 
5741 2910 2911 2912 
5742 2407 2601 3455 
5743 1201 1202 1203 
5744 2577 4111 4277 
5745 3857 3858 3859 
5746 2629 2599 4433 
5747 721 352 4372 
5748 1570 1568 1771 
5749 2808 2621 4478 
5750 989 964 990 
5751 3538 3410 3544 
5752 1603 1605 1891 
5753 1994 1750 4381 
5754 2902 3240 3241 
5755 1589 1717 4743 
5756 2634 2635 3833 
5757 965 963 4567 
5758 3859 3862 3863 
5759 1770 1900 1901 
5760 2842 2841 4681 
5761 944 942 4385 
5762 3467 2629 4433 
5763 2939 4441 4442 
5764 2691 2496 2692 
5765 430 429 577 
5766 1115 2659 3171 
5767 1065 1064 4428 
5768 2357 2691 4532 
5769 2070 2069 2454 
5770 1098 1166 4428 
5771 427 426 621 
5772 2337 2243 2338 
5773 2896 2895 3523 
5774 2731 2593 2732 
5775 1623 1829 4565 
5776 1748 1746 1996 
5777 1867 2104 2622 
5778 691 206 4431 
5779 1671 1735 1736 
5780 1019 1021 1102 
5781 1138 1137 1139 
5782 2552 2045 4635 
5783 440 439 607 
5784 401 5 649 
5785 2630 2632 2634 
5786 432 431 611 
5787 425 11 642 
5788 482 481 653 
5789 480 479 616 
5790 505 31 641 
5791 25 496 608 
5792 458 457 645 
5793 13 448 609 
5794 487 486 599 
5795 478 477 572 
5796 607 439 2909 
5797 899 929 930 
5798 1298 1297 1299 
5799 1710 1150 4630 
5800 2284 2279 2285 
5801 836 837 838 
5802 312 313 4420 
5803 2837 2901 2902 
5804 450 449 646 
5805 435 434 622 
5806 1100 1943 4470 
5807 438 437 578 
5808 315 316 728 
5809 988 1152 4567 
5810 2012 2152 2153 
5811 2088 2089 4043 
5812 1064 1098 4428 
5813 76 545 4537 
5814 1171 1051 4042 
5815 605 4316 4317 
5816 498 497 647 
5817 2759 2758 2760 
5818 2656 3647 4564 
5819 190 191 4432 
5820 1979 1709 4251 
5821 443 442 667 
5822 3920 3919 3921 
5823 475 474 623 
5824 1823 1146 2203 
5825 1997 1996 2211 
5826 1087 1086 1088 
5827 1943 2273 3166 
5828 2232 2310 2312 
5829 2018 2032 2251 
5830 2757 2756 2758 
5831 2214 3314 4334 
5832 3585 3103 3586 
5833 1962 1917 1972 
5834 3672 3670 3746 
5835 3021 3020 3245 
5836 4495 1069 4561 
5837 1669 1670 1671 
5838 2006 2072 2073 
5839 3606 3608 4469 
5840 2217 2215 4617 
5841 1884 1176 4468 
5842 1265 1270 4349 
5843 2939 2912 4441 
5844 2598 2107 2599 
5845 2633 2628 4467 
5846 2627 2628 2633 
5847 4460 2937 4461 
5848 2296 2492 2493 
5849 2202 3155 3156 
5850 3102 3584 4748 
5851 9 432 3170 
5852 1181 1179 1182 
5853 2583 2581 3558 
5854 2919 2933 3291 
5855 4570 4266 4571 
5856 1895 2106 2107 
5857 1743 1745 4463 
5858 2915 2917 2937 
5859 2931 2941 2942 
5860 766 768 773 
5861 2266 2234 3210 
5862 1015 1017 1167 
5863 72 538 4436 
5864 2912 2911 2913 
5865 206 207 4431 
5866 1015 1167 4451 
5867 2587 2588 3201 
5868 3105 2430 3204 
5869 457 19 3389 
5870 2924 2923 2925 
5871 942 940 1967 
5872 1253 1252 1254 
5873 2840 3638 3639 
5874 523 522 624 
5875 3089 3138 4614 
5876 1013 1015 4451 
5877 2954 2953 3472 
5878 1136 1101 1137 
5879 310 605 4404 
5880 1699 1822 4108 
5881 1009 1011 1118 
5882 1110 1073 4568 
5883 1413 1415 2112 
5884 23 472 619 
5885 2630 2634 4467 
5886 2917 2919 4487 
5887 3665 3663 3666 
5888 2288 2287 2289 
5889 945 947 1899 
5890 2915 2937 4460 
5891 351 721 4397 
5892 317 318 668 
5893 70 71 730 
5894 2722 3620 5729 
5895 1007 1009 4457 
5896 962 960 4409 
5897 3418 2894 4235 
5898 4268 4267 4514 
5899 772 776 928 
5900 2628 2630 4467 
5901 2794 2836 2837 
5902 2290 2291 4459 
5903 19 456 3003 
5904 941 940 942 
5905 1009 1118 4457 
5906 1659 4342 4667 
5907 4212 4213 4815 
5908 3676 3674 3699 
5909 2202 3156 4611 
5910 2703 3164 4375 
5911 1047 1027 1048 
5912 1431 1432 1433 
5913 1010 1008 1168 
5914 3651 3607 4052 
5915 2598 2599 2627 
5916 2611 3071 3226 
5917 1174 1668 1669 
5918 456 455 561 
5919 1121 1757 2019 
5920 1007 4457 4497 
5921 2237 2655 2657 
5922 1456 1457 1458 
5923 1071 1123 4493 
5924 2913 2911 2914 
5925 3156 3466 3531 
5926 2928 2929 2935 
5927 2922 2921 2923 
5928 2516 3135 4444 
5929 3265 2981 3267 
5930 2912 2913 4441 
5931 3657 3655 3708 
5932 110 636 4785 
5933 2972 3409 3410 
5934 1175 1173 1176 
5935 314 315 4425 
5936 4302 4304 4305 
5937 1382 1383 1384 
5938 3912 2568 3913 
5939 1071 1072 1123 
5940 1006 1005 1115 
5941 1014 1012 1132 
5942 1563 1562 1845 
5943 1230 1232 1734 
5944 1140 1139 1750 
5945 1515 1514 1562 
5946 2092 2091 2093 
5947 2634 3833 4051 
5948 1548 1544 4462 
5949 1506 1505 1514 
5950 2168 2167 2169 
5951 207 3034 4431 
5952 1597 1599 1952 
5953 773 3274 3451 
5954 1068 2036 2037 
5955 3158 3159 3351 
5956 1812 2301 2302 
5957 2002 2010 3128 
5958 981 985 4456 
5959 1036 1035 1037 
5960 941 943 1904 
5961 1744 1742 1981 
5962 1433 1434 1435 
5963 2312 2886 2887 
5964 1773 1143 2017 
5965 3298 2576 3299 
5966 417 9 560 
5967 949 951 1120 
5968 4441 2913 4460 
5969 1004 999 1005 
5970 1437 1438 1439 
5971 1435 1436 1437 
5972 3853 3854 3855 
5973 2585 2586 2587 
5974 1943 3166 4470 
5975 2926 2927 2928 
5976 434 433 3376 
5977 1808 1807 1809 
5978 207 208 3034 
5979 189 190 3033 
5980 978 977 979 
5981 987 994 995 
5982 319 320 729 
5983 3236 667 3392 
5984 1020 1018 1103 
5985 1284 1282 1551 
5986 2464 2221 3020 
5987 2935 2929 4450 
5988 2840 2181 3638 
5989 1141 1894 1895 
5990 2014 1721 2015 
5991 2365 1912 2594 
5992 2634 4051 4467 
5993 2892 2895 2896 
5994 2755 2754 2756 
5995 998 1003 1068 
5996 1860 2602 2603 
5997 2913 2914 2915 
5998 980 979 981 
5999 2358 5230 5698 
6000 1439 1440 1441 
6001 2625 2624 2639 
6002 2931 2942 4450 
6003 436 435 3288 
6004 2021 1936 2022 
6005 2134 2625 3184 
6006 2369 2868 3206 
6007 1111 1145 4476 
6008 623 474 2977 
6009 4160 3104 4509 
6010 960 958 2056 
6011 1034 1033 1035 
6012 1708 1709 1979 
6013 3854 4140 4827 
6014 2245 1158 4546 
6015 932 2016 2213 
6016 997 995 4495 
6017 1310 1311 1312 
6018 1499 1498 1505 
6019 348 349 4408 
6020 3033 190 4432 
6021 2622 2104 2695 
6022 1044 1050 1051 
6023 1160 1932 4546 
6024 1085 1084 1086 
6025 347 348 726 
6026 3653 4291 4292 
6027 1276 1333 4190 
6028 2203 1146 2204 
6029 3277 2801 4393 
6030 974 971 4626 
6031 2037 2038 2039 
6032 1115 3171 3216 
6033 4495 4561 4640 
6034 2972 2968 3409 
6035 912 913 4559 
6036 2290 2289 2291 
6037 2153 2437 2438 
6038 1009 1010 1011 
6039 1032 1031 1033 
6040 437 14 3333 
6041 536 4092 5246 
6042 2213 2214 4334 
6043 2166 2164 2167 
6044 2205 2472 3188 
6045 1011 1010 1012 
6046 1019 1020 1021 
6047 327 328 632 
6048 2083 2828 2829 
6049 993 983 2268 
6050 3106 3621 5335 
6051 968 967 969 
6052 2471 3109 3445 
6053 1017 1018 1019 
6054 3661 3659 3744 
6055 1011 1012 1013 
6056 3319 4313 4314 
6057 2929 2931 4450 
6058 975 982 4395 
6059 1042 1043 1044 
6060 1009 1008 1010 
6061 1123 1124 1812 
6062 1073 1071 4493 
6063 316 317 4435 
6064 966 957 967 
6065 2019 2020 2043 
6066 1013 1014 1015 
6067 4186 727 5399 
6068 757 4182 4668 
6069 3184 2625 3519 
6070 13 609 3254 
6071 3706 2655 4564 
6072 976 975 977 
6073 531 350 4397 
6074 1136 1137 1138 
6075 972 971 973 
6076 2920 2918 2921 
6077 2281 2700 2735 
6078 1895 2107 2598 
6079 2816 2814 4526 
6080 1030 1029 1031 
6081 4214 2026 4215 
6082 49 50 727 
6083 2952 3478 3484 
6084 1417 1419 1672 
6085 1007 1008 1009 
6086 2516 3134 3135 
6087 1890 2240 3161 
6088 2913 2915 4460 
6089 1145 1890 4476 
6090 3795 2799 3796 
6091 2134 3184 4454 
6092 81 82 4400 
6093 850 849 851 
6094 1013 1012 1014 
6095 321 322 669 
6096 2603 2604 4539 
6097 2134 2624 2625 
6098 2919 3291 4487 
6099 3869 2372 5484 
6100 1100 1135 1943 
6101 2613 2612 2615 
6102 1953 2402 2611 
6103 2013 2011 4496 
6104 1152 2650 4567 
6105 2969 2968 2972 
6106 2134 2038 2624 
6107 39 40 4394 
6108 1015 1016 1017 
6109 2274 2613 2614 
6110 2041 2039 4454 
6111 443 667 3236 
6112 1541 1540 4678 
6113 2753 2752 2754 
6114 1007 1006 1008 
6115 616 479 3307 
6116 992 4386 4523 
6117 4518 2401 4519 
6118 1820 1897 2151 
6119 1004 1005 1006 
6120 35 520 620 
6121 1040 1041 1042 
6122 3095 3133 3400 
6123 1867 2622 4534 
6124 324 325 654 
6125 970 969 971 
6126 488 487 2965 
6127 1663 1664 1708 
6128 1682 1706 1707 
6129 1004 1006 1007 
6130 1168 1008 4485 
6131 1685 905 4541 
6132 1068 1003 2036 
6133 75 76 4537 
6134 1015 1014 1016 
6135 2614 2616 2617 
6136 3410 3409 3411 
6137 653 481 2958 
6138 1970 2361 4419 
6139 3318 3316 4517 
6140 1149 944 4385 
6141 2745 2744 2746 
6142 3149 4335 4685 
6143 2274 1944 2612 
6144 2915 2914 2916 
6145 2119 2120 2121 
6146 2184 2185 2186 
6147 2023 2022 2024 
6148 2039 2038 2134 
6149 2454 3262 4286 
6150 484 483 574 
6151 2924 2925 2926 
6152 2652 2651 3211 
6153 1104 1987 4665 
6154 1999 1070 4318 
6155 2037 2036 2038 
6156 3291 2933 3497 
6157 807 805 808 
6158 2729 2728 2744 
6159 1071 1058 1072 
6160 2617 2616 3401 
6161 318 319 4443 
6162 1798 1797 1799 
6163 1006 1115 4485 
6164 44 45 4371 
6165 3564 3446 4484 
6166 1345 1614 1615 
6167 1751 1994 4587 
6168 1017 1016 1018 
6169 3406 3405 3631 
6170 2025 2024 2160 
6171 2691 2693 4854 
6172 1115 3216 4485 
6173 1943 1944 2273 
6174 1019 1018 1020 
6175 1751 1750 1994 
6176 2078 3506 4543 
6177 980 981 983 
6178 302 303 4512 
6179 1240 1242 4692 
6180 1038 1039 1040 
6181 2458 2658 3095 
6182 1697 1698 1699 
6183 978 979 980 
6184 960 2056 4409 
6185 1344 1247 4560 
6186 2203 2204 2883 
6187 2801 2802 4393 
6188 1661 1665 1682 
6189 2614 2613 2616 
6190 2149 2150 2458 
6191 14 436 549 
6192 1199 1200 1201 
6193 983 981 4456 
6194 1083 1082 1084 
6195 2915 2916 2917 
6196 2767 3235 4141 
6197 329 330 731 
6198 1908 2326 2327 
6199 2186 2187 2188 
6200 781 759 4668 
6201 762 764 1995 
6202 2727 2726 2728 
6203 2274 2612 2613 
6204 2188 2189 2331 
6205 2237 2657 4463 
6206 1021 1022 1023 
6207 3042 5235 5255 
6208 2228 2229 4417 
6209 2270 2131 2606 
6210 2268 983 4456 
6211 2039 2134 4454 
6212 1136 1138 1813 
6213 459 458 3325 
6214 313 643 4420 
6215 1053 1048 2626 
6216 1745 2237 4463 
6217 4004 1450 4919 
6218 976 977 978 
6219 1225 1223 1406 
6220 1775 908 1776 
6221 646 449 3443 
6222 2736 3174 3175 
6223 1841 1955 2205 
6224 3931 529 4991 
6225 361 362 3094 
6226 3880 1327 3881 
6227 2018 2017 2032 
6228 398 399 746 
6229 874 875 876 
6230 2277 2278 2279 
6231 1707 1843 1844 
6232 913 937 4559 
6233 1164 1728 1729 
6234 2922 2923 2924 
6235 1100 1101 1135 
6236 3382 3383 3384 
6237 3601 3458 3764 
6238 996 997 1100 
6239 1943 1135 1944 
6240 2273 1944 2274 
6241 2792 2793 2794 
6242 320 321 4453 
6243 872 873 874 
6244 2608 2228 3087 
6245 2605 3092 3162 
6246 1008 1006 4485 
6247 1023 1024 1025 
6248 2068 2067 2069 
6249 1740 1738 1966 
6250 2421 2015 2423 
6251 976 2260 4591 
6252 2967 2968 2969 
6253 1081 1080 1082 
6254 937 939 1935 
6255 73 74 4405 
6256 1236 1238 1249 
6257 1163 4616 4662 
6258 68 69 567 
6259 2690 2689 2726 
6260 2732 2733 2736 
6261 4204 4566 4626 
6262 3271 3012 3470 
6263 1025 1026 1027 
6264 1100 997 1101 
6265 647 497 2973 
6266 581 216 4706 
6267 1308 1309 1310 
6268 3806 3626 4620 
6269 1135 1101 1136 
6270 1844 2097 2098 
6271 2121 2122 2123 
6272 1921 1836 1922 
6273 2117 2118 2119 
6274 1003 999 1004 
6275 4058 4059 4060 
6276 980 983 992 
6277 3162 3092 3642 
6278 1138 1139 1140 
6279 1615 2280 4542 
6280 2801 2147 2802 
6281 2043 2374 2376 
6282 2920 2921 2922 
6283 1761 2401 4518 
6284 756 758 4464 
6285 637 4257 4258 
6286 464 463 553 
6287 996 995 997 
6288 2554 2553 2555 
6289 397 398 4498 
6290 1814 2190 4569 
6291 2526 2030 4630 
6292 3026 3025 3181 
6293 362 363 4500 
6294 1932 2608 4546 
6295 2020 1757 4643 
6296 1002 1001 1074 
6297 2936 2935 3515 
6298 1030 1032 1045 
6299 1730 4518 4789 
6300 653 2958 2959 
6301 1851 1970 4419 
6302 3941 2682 5603 
6303 2298 2299 2300 
6304 1559 1936 2021 
6305 2163 2161 2164 
6306 2493 2492 3581 
6307 2146 1776 2147 
6308 1117 1116 4538 
6309 71 72 4436 
6310 976 978 2260 
6311 2706 2514 2707 
6312 968 969 970 
6313 966 967 968 
6314 3987 3986 4724 
6315 2854 3542 3600 
6316 1899 947 4480 
6317 2595 2594 2596 
6318 1005 999 4504 
6319 3158 2302 3159 
6320 4727 704 4885 
6321 17 464 3187 
6322 1796 1795 1797 
6323 3870 3868 4878 
6324 991 990 1001 
6325 939 940 941 
6326 624 522 2983 
6327 2688 2687 2689 
6328 1063 948 4322 
6329 992 983 993 
6330 998 999 1003 
6331 1472 1470 4574 
6332 949 1120 4480 
6333 1644 1649 1720 
6334 1281 1280 1282 
6335 3568 2555 3571 
6336 947 949 4480 
6337 1890 3161 4476 
6338 396 397 680 
6339 1034 1036 1169 
6340 2949 2950 2953 
6341 3001 3529 3556 
6342 2320 1888 2651 
6343 998 993 999 
6344 4862 713 4920 
6345 3122 2541 4621 
6346 2418 1990 2419 
6347 2936 3516 3517 
6348 987 995 996 
6349 2590 2592 4536 
6350 1895 2598 4510 
6351 2504 2431 3469 
6352 992 993 998 
6353 331 332 571 
6354 3809 3808 3810 
6355 1004 1007 4497 
6356 363 364 740 
6357 970 971 972 
6358 993 2268 4504 
6359 2555 2553 4608 
6360 973 975 976 
6361 1996 1746 4554 
6362 2405 2404 2687 
6363 349 531 4408 
6364 2917 2916 2918 
6365 2445 1922 2861 
6366 3922 3921 3923 
6367 3748 5133 5674 
6368 2917 2918 2919 
6369 2106 1894 4682 
6370 2449 2448 2553 
6371 3257 3930 5573 
6372 2521 1854 4673 
6373 643 314 4425 
6374 1141 1895 4510 
6375 1096 1164 4579 
6376 1159 1157 4566 
6377 66 67 734 
6378 2751 2747 2752 
6379 1024 1022 2034 
6380 2105 1868 2182 
6381 1401 1403 4597 
6382 2088 2087 2089 
6383 2732 2593 2733 
6384 876 877 878 
6385 2036 1003 4497 
6386 365 366 650 
6387 3063 3061 5416 
6388 2781 2780 3566 
6389 2919 2920 2933 
6390 572 2945 2946 
6391 2710 2709 2711 
6392 882 889 4511 
6393 3156 3155 3466 
6394 2105 2183 2184 
6395 1048 1027 4475 
6396 2928 2935 2936 
6397 2447 2446 2448 
6398 842 835 892 
6399 3254 609 3539 
6400 1177 1178 1179 
6401 611 431 5446 
6402 2444 2443 2446 
6403 2183 2182 2407 
6404 982 2245 4395 
6405 1296 1294 1297 
6406 2695 2104 4499 
6407 961 965 4449 
6408 455 454 3075 
6409 968 970 1119 
6410 878 879 880 
6411 3070 5005 5763 
6412 910 1816 2219 
6413 483 482 3644 
6414 333 334 733 
6415 2461 2460 2462 
6416 3001 3556 4522 
6417 3497 3498 3499 
6418 2418 3461 4242 
6419 1452 1453 4064 
6420 393 394 604 
6421 3857 3855 3858 
6422 1267 1265 4349 
6423 4475 1028 4535 
6424 1812 1124 2301 
6425 1224 1223 1225 
6426 217 719 4706 
6427 2924 2926 2932 
6428 1306 1307 1308 
6429 4383 2633 4703 
6430 1021 1020 1022 
6431 1096 1133 1164 
6432 1158 1160 4546 
6433 346 347 4446 
6434 1577 1579 4598 
6435 2961 2963 2964 
6436 2331 2332 3387 
6437 345 346 558 
6438 996 4470 4521 
6439 1003 1004 4497 
6440 4073 2552 4635 
6441 1030 1031 1032 
6442 923 924 925 
6443 1058 1053 4545 
6444 2251 2032 2252 
6445 914 2539 4661 
6446 1028 1026 1029 
6447 1867 1868 2104 
6448 2946 2947 2949 
6449 1020 1103 4527 
6450 3497 2933 3498 
6451 3588 3587 4516 
6452 1893 1892 2281 
6453 4549 4242 4682 
6454 1175 1176 1177 
6455 368 369 566 
6456 2950 2952 4619 
6457 1362 1363 1364 
6458 1032 1033 1034 
6459 1317 1328 1329 
6460 1076 1078 4552 
6461 4634 3151 4678 
6462 2285 2286 2287 
6463 1034 1035 1036 
6464 939 938 940 
6465 2919 2918 2920 
6466 2639 4099 4828 
6467 1036 1037 1038 
6468 1028 1030 4535 
6469 2612 1944 4508 
6470 3617 4736 4739 
6471 1123 1072 1124 
6472 2806 2621 2807 
6473 315 728 4425 
6474 4497 4457 4551 
6475 1109 1141 4510 
6476 3848 3847 4558 
6477 893 892 894 
6478 3024 3023 3025 
6479 343 344 732 
6480 1814 1837 2190 
6481 454 453 592 
6482 2380 2282 2776 
6483 1930 2027 2028 
6484 4367 4549 4682 
6485 2741 1344 4560 
6486 335 336 584 
6487 2736 2733 3174 
6488 4462 1778 4660 
6489 1028 1029 1030 
6490 1339 1338 1340 
6491 964 962 4418 
6492 2708 2707 2709 
6493 1423 1425 1431 
6494 1543 1545 4634 
6495 646 3443 3444 
6496 1944 1135 4508 
6497 1746 1744 4554 
6498 4456 985 4521 
6499 445 16 682 
6500 64 65 585 
6501 2362 1924 4297 
6502 963 988 4567 
6503 1669 4307 4557 
6504 2936 3515 3516 
6505 1742 1740 4479 
6506 1170 1172 2646 
6507 955 957 966 
6508 51 52 562 
6509 2210 1226 4553 
6510 338 339 638 
6511 69 70 4471 
6512 1136 1813 4508 
6513 1912 1548 4462 
6514 870 871 872 
6515 2403 1954 2404 
6516 1744 1981 4554 
6517 1135 1136 4508 
6518 2162 2165 3190 
6519 2810 2808 4590 
6520 999 993 4504 
6521 3813 3812 3825 
6522 1914 1990 2418 
6523 392 393 4507 
6524 3120 3131 3132 
6525 925 926 927 
6526 889 896 898 
6527 2624 2038 4551 
6528 341 342 573 
6529 2516 1998 3134 
6530 1143 1110 4568 
6531 1730 1761 4518 
6532 1990 1991 4543 
6533 889 898 4511 
6534 2349 2347 2350 
6535 985 987 4521 
6536 1526 1525 1527 
6537 1839 4282 4609 
6538 966 968 4528 
6539 2732 2736 4928 
6540 2680 2681 4592 
6541 2705 2706 4809 
6542 61 62 736 
6543 1140 1751 1867 
6544 1475 1477 1485 
6545 1588 1586 1625 
6546 893 894 4513 
6547 1932 2228 2608 
6548 1736 1735 1953 
6549 53 54 735 
6550 1594 1913 4578 
6551 927 1712 1713 
6552 1097 1096 4579 
6553 1453 1456 4064 
6554 3138 4188 4614 
6555 1124 1072 1889 
6556 1412 1410 1561 
6557 1671 1670 1735 
6558 4367 1826 4549 
6559 2655 2656 4564 
6560 937 938 939 
6561 1140 1750 1751 
6562 2109 2108 2513 
6563 2398 2399 2400 
6564 3859 3858 3862 
6565 1669 1668 1670 
6566 728 316 4435 
6567 59 60 593 
6568 3368 3014 3779 
6569 2400 2566 2567 
6570 2418 2419 3461 
6571 332 333 4486 
6572 1481 1486 1487 
6573 2164 2161 4421 
6574 2768 2767 4141 
6575 1030 1045 4535 
6576 1151 1711 2241 
6577 3486 2488 4151 
6578 2567 3117 3118 
6579 682 16 3014 
6580 2605 2603 2654 
6581 1341 1340 1342 
6582 2291 2292 2293 
6583 931 781 4668 
6584 2105 2184 4499 
6585 4264 4263 4993 
6586 57 58 737 
6587 1831 1129 1892 
6588 504 503 551 
6589 4378 2560 4719 
6590 2409 2095 2410 
6591 2975 2976 3099 
6592 2017 1143 4568 
6593 3135 3134 4180 
6594 2624 4551 4605 
6595 2190 4609 4633 
6596 1290 1288 1326 
6597 2396 2397 2398 
6598 55 56 583 
6599 848 847 849 
6600 2394 2395 2396 
6601 460 459 610 
6602 4363 2640 4772 
6603 936 935 1860 
6604 2161 2160 4421 
6605 987 996 4521 
6606 3781 1883 5369 
6607 1364 1365 1366 
6608 4400 722 4813 
6609 2605 3162 4572 
6610 2295 2292 2324 
6611 1761 1763 2401 
6612 1794 1793 1795 
6613 1034 1169 4604 
6614 1023 1022 1024 
6615 1214 1220 4642 
6616 391 392 742 
6617 1285 1287 1687 
6618 1181 1182 1183 
6619 2036 4497 4551 
6620 3811 3810 3812 
6621 1244 1243 1245 
6622 2742 2741 3227 
6623 3103 2290 4459 
6624 2392 2393 2394 
6625 3290 3241 3512 
6626 448 447 3242 
6627 2172 2221 2464 
6628 2019 2043 2560 
6629 2571 2831 2858 
6630 1242 1241 1243 
6631 2926 2928 4529 
6632 506 505 2955 
6633 3372 3232 3397 
6634 370 371 743 
6635 2771 3648 5053 
6636 2229 2232 4417 
6637 2888 2887 2889 
6638 2626 1048 4475 
6639 334 335 4494 
6640 2293 2295 2296 
6641 1179 1178 4489 
6642 1183 1184 1185 
6643 1928 1929 1930 
6644 973 976 4591 
6645 4984 2301 5034 
6646 344 345 4488 
6647 2487 2352 2499 
6648 1240 1239 1241 
6649 3268 3267 3716 
6650 913 897 935 
6651 1666 1662 1667 
6652 978 980 4523 
6653 2123 2124 2125 
6654 70 730 4471 
6655 3021 3245 3434 
6656 2038 2036 4551 
6657 1246 1248 2702 
6658 2846 2845 4700 
6659 1053 2626 4545 
6660 2390 2391 2392 
6661 2277 2098 2278 
6662 1868 1751 4587 
6663 4337 4510 4616 
6664 2184 2183 2185 
6665 2608 3087 3760 
6666 1887 3177 4650 
6667 725 75 4537 
6668 317 668 4435 
6669 3655 3652 4473 
6670 899 930 4465 
6671 1740 1966 4479 
6672 1072 1058 4545 
6673 868 869 870 
6674 2066 2065 2067 
6675 2790 2791 2792 
6676 2211 1996 2623 
6677 1924 1925 1926 
6678 1488 1483 1653 
6679 67 68 4483 
6680 2202 3153 3155 
6681 4736 2518 4739 
6682 2641 2497 3419 
6683 1451 1450 4756 
6684 4364 4362 4576 
6685 342 343 4492 
6686 2605 2654 3092 
6687 3796 2799 4503 
6688 2662 3407 4641 
6689 476 475 2980 
6690 398 746 4498 
6691 980 992 4523 
6692 1185 1186 1187 
6693 3094 362 4500 
6694 1069 1121 4561 
6695 839 899 4465 
6696 2260 978 4523 
6697 864 888 4717 
6698 1738 1736 4506 
6699 2032 2017 3149 
6700 2651 1888 4696 
6701 3130 4137 4580 
6702 2787 2786 3474 
6703 1813 1138 4534 
6704 1025 1024 1026 
6705 5036 3533 5066 
6706 1707 1706 1843 
6707 2086 1857 2087 
6708 1860 2603 2605 
6709 3334 2544 4287 
6710 1152 1154 2650 
6711 1867 1751 1868 
6712 1682 1665 1706 
6713 2611 2402 3071 
6714 390 391 4531 
6715 3853 3851 3854 
6716 2281 2735 4515 
6717 2829 3215 4652 
6718 4385 1967 5204 
6719 2407 3455 3456 
6720 2644 4782 4806 
6721 2012 2153 4612 
6722 3153 2201 3154 
6723 1849 1130 1853 
6724 1040 1042 1046 
6725 2388 2389 2390 
6726 2104 1868 2105 
6727 1926 1927 1928 
6728 1178 2002 4489 
6729 4485 3216 4556 
6730 1754 902 4676 
6731 887 4119 4676 
6732 1723 1667 1824 
6733 1494 1496 1498 
6734 2078 3435 3506 
6735 1487 1489 1490 
6736 2623 1996 4554 
6737 2240 4018 5021 
6738 504 551 3069 
6739 726 348 4408 
6740 2186 2185 2187 
6741 3950 5239 5800 
6742 580 44 4371 
6743 572 477 2944 
6744 619 3398 3399 
6745 2105 2182 2183 
6746 866 867 868 
6747 2380 2776 2832 
6748 2291 2289 2292 
6749 2861 3547 4006 
6750 1792 1791 1793 
6751 2034 1022 4527 
6752 1195 1196 1197 
6753 1583 1585 4743 
6754 668 318 4443 
6755 3323 3741 4814 
6756 968 1119 4528 
6757 2726 2689 4562 
6758 630 3846 5190 
6759 4119 4120 4548 
6760 1027 1026 1028 
6761 4561 2560 4640 
6762 2936 3517 4529 
6763 750 39 4394 
6764 4551 4457 4605 
6765 937 936 938 
6766 1981 1742 4479 
6767 1224 1225 1226 
6768 2838 4088 4674 
6769 1980 1979 2334 
6770 2285 2279 2286 
6771 2766 2767 2768 
6772 2779 2778 2780 
6773 1044 1051 1170 
6774 1654 1653 1655 
6775 1490 1492 1494 
6776 1168 4485 4556 
6777 2129 2430 3105 
6778 2098 2097 4490 
6779 1584 1582 1833 
6780 3466 3155 3618 
6781 1959 1824 2149 
6782 3593 3097 3594 
6783 1156 1836 1921 
6784 2764 2765 2766 
6785 1959 2201 2202 
6786 2126 2433 3247 
6787 2296 2295 2431 
6788 4044 3877 5125 
6789 2094 1759 2095 
6790 680 397 4498 
6791 616 3307 3308 
6792 340 5159 5267 
6793 2296 2431 2492 
6794 2386 2387 2388 
6795 546 81 4400 
6796 2933 2920 4533 
6797 1656 1655 1657 
6798 1844 1843 2097 
6799 2293 2292 2295 
6800 447 446 666 
6801 1700 1760 2313 
6802 2104 2105 4499 
6803 2335 2334 2852 
6804 1736 1953 4506 
6805 2964 3377 3514 
6806 1987 3096 4665 
6807 3011 3064 3065 
6808 2312 2887 2888 
6809 2382 2383 2384 
6810 1768 1769 1770 
6811 1658 1657 1663 
6812 1231 1229 1330 
6813 1613 1344 2741 
6814 2188 2187 2189 
6815 4180 3134 4204 
6816 2833 2832 2834 
6817 2920 2922 4533 
6818 3498 2933 4533 
6819 2967 2969 2970 
6820 1170 1051 1171 
6821 363 740 4500 
6822 4014 4012 4015 
6823 389 390 533 
6824 2963 2962 3492 
6825 372 373 532 
6826 791 789 2062 
6827 3113 3112 3114 
6828 2287 2286 2642 
6829 1733 2116 2117 
6830 1887 2263 3177 
6831 1703 1356 1855 
6832 2654 2603 4539 
6833 1187 1188 1189 
6834 1493 1472 4574 
6835 1786 1785 1787 
6836 2928 2936 4529 
6837 2932 2926 4529 
6838 972 973 4591 
6839 2279 2278 4503 
6840 796 793 797 
6841 4510 2598 4616 
6842 890 883 907 
6843 319 729 4443 
6844 1295 1316 1317 
6845 3462 5382 5750 
6846 2464 3020 3021 
6847 1237 1235 1239 
6848 2384 2385 2386 
6849 3128 2010 4612 
6850 446 445 3013 
6851 60 61 4502 
6852 778 814 4482 
6853 3065 3528 3782 
6854 2642 2286 2799 
6855 2189 2187 2484 
6856 1027 1028 4475 
6857 1921 1922 2445 
6858 1826 1914 4549 
6859 863 865 866 
6860 3079 3078 3097 
6861 3230 3228 3232 
6862 3373 3374 3518 
6863 2902 2901 3240 
6864 2060 2246 2247 
6865 1893 2281 2282 
6866 1965 934 4422 
6867 1197 1198 1199 
6868 2183 2407 4589 
6869 56 57 4505 
6870 2380 2832 2833 
6871 653 2959 2961 
6872 913 936 937 
6873 1480 1478 1495 
6874 3188 2472 3349 
6875 1022 1020 4527 
6876 2419 1990 4543 
6877 4120 884 4903 
6878 1980 2335 2644 
6879 2002 3128 4489 
6880 2219 2570 2571 
6881 2168 2169 2364 
6882 2343 2342 2344 
6883 1788 1787 1789 
6884 1336 1323 4599 
6885 1347 1361 1362 
6886 3309 3154 3530 
6887 861 862 863 
6888 1889 1072 4545 
6889 1193 1194 1195 
6890 3484 3478 3599 
6891 1396 1357 4731 
6892 1138 1140 4534 
6893 2529 1940 4374 
6894 2330 3218 3300 
6895 2073 2143 2144 
6896 1403 1866 4597 
6897 3149 2017 4568 
6898 729 320 4453 
6899 3077 2900 3078 
6900 3153 3154 3309 
6901 2021 2022 2023 
6902 1281 1282 1283 
6903 1471 1473 1896 
6904 3586 3103 4459 
6905 1725 1557 4644 
6906 512 511 552 
6907 1366 1367 1368 
6908 937 1935 4559 
6909 4129 4130 5065 
6910 1251 1250 1252 
6911 3353 2799 3795 
6912 2854 2714 3542 
6913 2320 2651 2652 
6914 2205 1955 2472 
6915 1903 1968 1969 
6916 1561 4423 4981 
6917 970 972 4550 
6918 1189 1190 1191 
6919 3780 2526 4630 
6920 1191 1192 1193 
6921 1520 1680 2354 
6922 1119 970 4550 
6923 2202 2201 3153 
6924 2064 2054 2065 
6925 2736 3175 4953 
6926 2166 2167 2168 
6927 3821 3823 3824 
6928 2888 2889 3645 
6929 1140 1867 4534 
6930 2278 2098 4490 
6931 4513 2641 4672 
6932 1077 1075 4699 
6933 859 860 861 
6934 2492 2431 2504 
6935 2694 2789 2790 
6936 2010 2012 4612 
6937 2772 4056 4057 
6938 1496 1492 1497 
6939 928 776 4482 
6940 2666 2667 2668 
6941 709 262 4639 
6942 286 287 4720 
6943 5062 5465 5794 
6944 1666 1723 2649 
6945 1289 1291 1352 
6946 2331 2189 2332 
6947 1811 1917 1962 
6948 1723 1824 1959 
6949 1959 2149 2201 
6950 1704 1618 1834 
6951 2821 2823 3287 
6952 2949 2947 2950 
6953 2594 1912 4462 
6954 1474 1472 1493 
6955 3708 3655 4473 
6956 2639 2624 4605 
6957 913 935 936 
6958 1967 940 4664 
6959 3171 2659 4766 
6960 321 669 4453 
6961 1666 1667 1723 
6962 1656 1658 1659 
6963 538 73 4405 
6964 1831 1892 1893 
6965 2642 2799 3353 
6966 2961 2959 2962 
6967 2023 2024 2025 
6968 3018 3019 3302 
6969 2114 2058 3191 
6970 1659 1660 1661 
6971 2182 1868 4587 
6972 486 485 3396 
6973 682 3014 3368 
6974 3115 3114 3116 
6975 2620 2618 4654 
6976 966 4528 4573 
6977 776 778 4482 
6978 3154 4603 4697 
6979 1670 1668 2653 
6980 2403 2404 2405 
6981 2730 2208 4657 
6982 1966 1738 4506 
6983 1921 2445 2515 
6984 2286 2279 4503 
6985 1914 2418 4549 
6986 1843 1706 1950 
6987 800 799 801 
6988 1595 1597 4994 
6989 3469 2431 4588 
6990 1842 1840 1947 
6991 2458 3095 3386 
6992 1615 1614 1616 
6993 3011 3012 3064 
6994 3147 2438 3186 
6995 816 836 4689 
6996 1121 2019 4561 
6997 2837 2836 2901 
6998 2339 2338 2340 
6999 1411 1410 1412 
7000 2025 2160 2161 
7001 2163 2164 2166 
7002 1708 1979 1980 
7003 2418 4242 4549 
7004 2216 1977 4610 
7005 1834 2250 4298 
7006 2028 2027 2336 
7007 2405 2687 2688 
7008 1441 1442 1443 
7009 1170 1171 1172 
7010 1537 1539 1546 
7011 1545 1559 4634 
7012 2688 2689 2690 
7013 2045 1522 4635 
7014 2455 2454 4286 
7015 1116 1106 4156 
7016 1174 1175 1668 
7017 4355 2657 4726 
7018 874 873 875 
7019 1661 1662 1665 
7020 2162 3190 4680 
7021 2690 2726 2727 
7022 1074 1108 1128 
7023 2282 2281 4515 
7024 1998 1159 4566 
7025 1498 1496 1500 
7026 3264 3265 3266 
7027 1620 1647 1648 
7028 2776 2282 4515 
7029 2761 2762 2764 
7030 2345 2344 2346 
7031 854 864 4637 
7032 923 921 924 
7033 2341 2340 2342 
7034 2727 2728 2729 
7035 2053 2052 2054 
7036 589 451 3023 
7037 2030 1710 4630 
7038 1045 1032 4604 
7039 2355 4253 4254 
7040 1157 974 4626 
7041 4457 1118 4605 
7042 24 476 557 
7043 1494 1492 1496 
7044 1265 1266 1270 
7045 2658 2150 4782 
7046 1893 2282 2379 
7047 1242 1246 4692 
7048 3697 2521 4673 
7049 452 451 589 
7050 1992 2664 4774 
7051 387 388 741 
7052 374 375 744 
7053 393 604 4507 
7054 3476 2951 3477 
7055 2515 2445 3049 
7056 955 966 4573 
7057 1370 1371 1372 
7058 2659 4504 4716 
7059 2729 2744 2745 
7060 1562 1514 1564 
7061 3088 3089 4614 
7062 1665 1662 1666 
7063 4127 635 4819 
7064 1860 2605 4572 
7065 347 726 4446 
7066 953 955 4573 
7067 2952 3484 4619 
7068 2633 4467 4703 
7069 1172 1171 1173 
7070 936 1860 4572 
7071 814 813 4693 
7072 2598 2627 4616 
7073 1661 1660 1662 
7074 597 354 4753 
7075 3105 3204 3395 
7076 2539 3122 4661 
7077 1953 1954 2402 
7078 1172 1173 1174 
7079 2553 3464 4608 
7080 2815 2817 2826 
7081 1487 1486 1489 
7082 908 893 4513 
7083 3365 3032 5171 
7084 1617 1616 1618 
7085 857 858 859 
7086 3024 3025 3026 
7087 1488 1653 1654 
7088 1945 3721 5070 
7089 2745 2746 2747 
7090 4603 3386 4697 
7091 1490 1489 1492 
7092 938 936 4572 
7093 1249 1238 1250 
7094 1304 1305 1306 
7095 1329 1353 1354 
7096 2404 1954 4623 
7097 20 460 3016 
7098 1659 1658 1660 
7099 3631 3632 3633 
7100 2110 1853 2111 
7101 1654 1655 1656 
7102 1177 1179 1180 
7103 1948 1947 2200 
7104 1757 1758 4643 
7105 876 875 877 
7106 1378 1379 1380 
7107 1980 2334 2335 
7108 1656 1657 1658 
7109 1120 4898 4914 
7110 1220 1920 4642 
7111 2125 2138 2139 
7112 462 461 606 
7113 3692 5424 5478 
7114 2403 2405 2873 
7115 2544 2111 2545 
7116 553 463 3008 
7117 375 376 4577 
7118 4456 4521 4675 
7119 2946 2945 2947 
7120 2379 2282 2380 
7121 4572 3162 4664 
7122 1042 1044 4582 
7123 2215 2712 4617 
7124 592 453 3009 
7125 3120 3118 3131 
7126 1481 1483 1486 
7127 1467 1469 1484 
7128 1074 1001 1108 
7129 1180 1179 1181 
7130 2233 2200 2480 
7131 68 567 4483 
7132 1953 1735 1954 
7133 2185 2183 4589 
7134 783 781 931 
7135 1170 2646 4582 
7136 1803 1807 1808 
7137 730 71 4436 
7138 818 932 4693 
7139 2757 2758 2759 
7140 2544 2545 4287 
7141 2506 1993 2778 
7142 872 871 873 
7143 798 797 799 
7144 3256 2480 3758 
7145 1032 1034 4604 
7146 990 964 4418 
7147 3359 2661 3485 
7148 619 472 3002 
7149 1226 1227 1228 
7150 787 785 845 
7151 3209 2362 4297 
7152 2751 2752 2753 
7153 2899 2898 2900 
7154 3048 3404 3405 
7155 2794 2793 2836 
7156 3633 3634 3635 
7157 624 2983 3124 
7158 1962 1972 2358 
7159 758 762 4464 
7160 26 484 3007 
7161 2961 2962 2963 
7162 2743 2796 3306 
7163 2755 2756 2757 
7164 2019 2560 4561 
7165 1531 1533 1547 
7166 1559 2021 4634 
7167 4599 3193 4771 
7168 647 2973 3428 
7169 878 877 879 
7170 3154 2201 4603 
7171 1018 1016 4728 
7172 1486 1483 1488 
7173 1479 1480 1481 
7174 1477 1478 1479 
7175 4521 4470 4675 
7176 1924 1715 1925 
7177 2964 2963 3377 
7178 2153 2438 3147 
7179 2534 3219 4879 
7180 2753 2754 2755 
7181 1174 1173 1175 
7182 1488 1654 2048 
7183 2802 2804 2805 
7184 2670 2671 2672 
7185 1226 1225 1227 
7186 2407 3456 4589 
7187 2295 2324 4588 
7188 2668 2669 2670 
7189 2805 3047 3048 
7190 2809 2811 3139 
7191 3190 2165 3259 
7192 2648 2213 3214 
7193 925 924 926 
7194 2026 1267 4349 
7195 742 392 4507 
7196 3134 1998 4566 
7197 2415 2434 2503 
7198 3283 2272 4629 
7199 2136 2443 2444 
7200 3141 3007 5516 
7201 1930 1929 2027 
7202 1475 1476 1477 
7203 1372 1373 1374 
7204 2585 1729 2586 
7205 1302 1303 1304 
7206 1464 1462 2782 
7207 927 926 1712 
7208 3214 2213 4334 
7209 834 914 4661 
7210 2139 2140 2141 
7211 2287 2642 4596 
7212 2554 2555 3568 
7213 4745 1038 4749 
7214 2970 2969 2971 
7215 2366 2175 2494 
7216 2153 3147 4612 
7217 1838 1815 1909 
7218 3211 2651 4618 
7219 762 1995 4464 
7220 1128 1129 1830 
7221 2724 2774 3426 
7222 1180 1181 1218 
7223 2864 2512 4584 
7224 2190 1837 4609 
7225 4546 2608 4677 
7226 1481 1480 1483 
7227 2619 2621 2806 
7228 2402 1954 2403 
7229 2562 2526 3780 
7230 2510 2730 3107 
7231 1283 1282 1284 
7232 1830 1831 2108 
7233 1325 1338 1339 
7234 1700 2313 4744 
7235 4438 1108 4690 
7236 572 2944 2945 
7237 1523 1525 1526 
7238 3746 534 5056 
7239 2759 2760 2761 
7240 912 897 913 
7241 1985 1984 2052 
7242 2688 2690 2835 
7243 1584 1833 4847 
7244 3195 2552 4073 
7245 2449 2553 2554 
7246 2021 2023 3151 
7247 1046 1042 4582 
7248 1128 1108 1129 
7249 2627 2633 4662 
7250 2431 2295 4588 
7251 1595 1594 1596 
7252 1351 1408 1673 
7253 882 4511 4647 
7254 2289 2287 4596 
7255 2485 2643 3165 
7256 4616 2627 4662 
7257 2234 1834 4298 
7258 889 890 896 
7259 1527 1529 4606 
7260 4699 4149 4765 
7261 759 757 4668 
7262 2324 2292 4596 
7263 2072 2005 5028 
7264 2910 2938 4767 
7265 880 879 4647 
7266 896 890 897 
7267 896 897 912 
7268 3138 3295 4188 
7269 2513 2108 2647 
7270 2672 2673 2674 
7271 2364 2169 4671 
7272 2563 1965 4422 
7273 1468 1466 1491 
7274 2608 3760 4677 
7275 2246 1754 4676 
7276 2676 2677 2678 
7277 2799 2286 4503 
7278 1720 1721 2014 
7279 1183 1185 1675 
7280 2212 3421 3422 
7281 2149 2458 4603 
7282 1095 1104 4665 
7283 1096 1094 1133 
7284 1044 1170 4582 
7285 1776 908 4513 
7286 1830 1129 1831 
7287 123 124 4846 
7288 2653 1668 4595 
7289 3099 3100 3494 
7290 1879 1855 1984 
7291 1713 1712 1887 
7292 4481 1660 4622 
7293 2857 2856 2898 
7294 3165 4366 5192 
7295 1928 1927 1929 
7296 938 4572 4664 
7297 1226 1228 4553 
7298 3132 3131 3284 
7299 2400 2399 2566 
7300 2126 3247 4826 
7301 3052 3053 3054 
7302 2464 3021 3483 
7303 2727 2729 2770 
7304 2447 2448 2449 
7305 2567 2566 3117 
7306 1808 1809 1881 
7307 1376 1377 1378 
7308 1154 1156 4593 
7309 2663 2259 3173 
7310 1663 1708 4601 
7311 391 742 4531 
7312 558 346 4446 
7313 2336 2027 2408 
7314 1479 1478 1480 
7315 2398 2397 2399 
7316 1854 1802 4673 
7317 1607 1606 1608 
7318 3773 673 3774 
7319 1987 1989 3096 
7320 1300 1301 1302 
7321 1380 1381 1382 
7322 3846 697 5360 
7323 4980 5476 5559 
7324 2194 3221 3354 
7325 4204 3134 4566 
7326 2401 1763 4569 
7327 4470 3166 4675 
7328 2025 2161 2162 
7329 3928 3926 3931 
7330 3171 4766 4780 
7331 2382 2247 2383 
7332 894 2259 2497 
7333 1477 1476 1478 
7334 2802 2147 2804 
7335 3110 3074 3111 
7336 1948 2233 2453 
7337 2169 2172 4671 
7338 1540 1543 4678 
7339 377 378 540 
7340 380 381 640 
7341 382 383 745 
7342 384 385 541 
7343 889 883 890 
7344 2396 2395 2397 
7345 1926 1925 1927 
7346 589 3023 3024 
7347 571 332 4486 
7348 2472 1955 3258 
7349 2876 3588 3590 
7350 2336 2408 3129 
7351 2201 2149 4603 
7352 2444 2446 2447 
7353 870 869 871 
7354 2245 4546 4677 
7355 1276 1331 1333 
7356 902 887 4676 
7357 1274 1275 1276 
7358 2394 2393 2395 
7359 2162 2161 2163 
7360 2539 2541 3122 
7361 1374 1375 1376 
7362 2060 1754 2246 
7363 3494 3495 3541 
7364 882 883 889 
7365 2292 2289 4596 
7366 1609 1608 1610 
7367 3631 3405 3632 
7368 4380 4495 4640 
7369 1075 4323 4699 
7370 1458 1459 1460 
7371 2620 4654 4952 
7372 1894 4367 4682 
7373 333 733 4486 
7374 2392 2391 2393 
7375 567 69 4471 
7376 485 26 556 
7377 1763 1814 4569 
7378 1887 1712 1888 
7379 926 924 2275 
7380 2454 2853 3262 
7381 3065 3064 3528 
7382 1841 1842 1955 
7383 935 897 4607 
7384 2950 2947 2951 
7385 2166 2168 2170 
7386 3336 3337 3460 
7387 2263 1888 2320 
7388 940 938 4664 
7389 1175 1177 4595 
7390 4780 2614 4797 
7391 1265 1263 1266 
7392 1475 1474 1476 
7393 1653 1483 4636 
7394 770 767 4416 
7395 3923 3924 3925 
7396 3302 3019 3583 
7397 2687 2404 4669 
7398 3259 2165 3260 
7399 2523 2521 3697 
7400 3743 2529 4374 
7401 1668 1175 4595 
7402 733 334 4494 
7403 1254 1252 1945 
7404 2390 2389 2391 
7405 1187 1189 1217 
7406 2992 2995 4849 
7407 1270 1271 1274 
7408 1686 1785 1786 
7409 533 390 4531 
7410 3201 2588 3203 
7411 2162 2163 2165 
7412 3268 3716 3717 
7413 2745 2747 2750 
7414 2346 2465 4563 
7415 890 907 4607 
7416 1706 1665 4600 
7417 2684 2271 2685 
7418 1526 1527 1554 
7419 2172 2464 4671 
7420 810 816 4689 
7421 345 558 4488 
7422 3054 3053 3056 
7423 1298 1299 1300 
7424 2650 1154 4593 
7425 3064 3012 3271 
7426 1156 1921 4593 
7427 4271 3123 4620 
7428 3823 3822 3826 
7429 1283 1284 1285 
7430 4675 3166 4716 
7431 1929 1927 2411 
7432 1839 1840 1841 
7433 2792 2791 2793 
7434 1339 1340 1341 
7435 1293 4097 4723 
7436 868 867 869 
7437 3069 3083 3225 
7438 732 344 4488 
7439 3265 3267 3268 
7440 1789 1791 1792 
7441 335 584 4494 
7442 2409 2410 2877 
7443 3046 3045 3702 
7444 1764 1762 1863 
7445 3262 3269 3391 
7446 1341 1342 1397 
7447 3823 3826 3827 
7448 2388 2387 2389 
7449 713 4135 4964 
7450 4021 3849 4891 
7451 2742 3227 3228 
7452 1842 1947 1948 
7453 1658 1663 4622 
7454 3925 3926 3927 
7455 894 892 2259 
7456 2879 2878 3074 
7457 1242 1243 1244 
7458 2032 3149 4685 
7459 343 732 4492 
7460 1240 1241 1242 
7461 1665 1666 4600 
7462 61 736 4502 
7463 2263 2320 3285 
7464 1648 1861 1862 
7465 2989 2988 2990 
7466 3024 3026 3027 
7467 1666 2649 4600 
7468 1980 2644 4601 
7469 1461 1463 1482 
7470 1959 2202 4611 
7471 3071 2402 4602 
7472 1228 1229 1230 
7473 1191 1193 1674 
7474 2644 2335 4812 
7475 2094 2095 2409 
7476 879 881 882 
7477 1887 1888 2263 
7478 1427 1426 1428 
7479 1473 1474 1475 
7480 4150 3128 4733 
7481 145 698 5002 
7482 1613 2741 2742 
7483 1798 1799 1804 
7484 1237 1239 1240 
7485 573 342 4492 
7486 882 881 883 
7487 3230 3232 3372 
7488 4159 2866 5168 
7489 857 855 858 
7490 1177 1180 4595 
7491 2587 2586 2588 
7492 2950 2951 2952 
7493 524 523 2987 
7494 2386 2385 2387 
7495 1948 2200 2233 
7496 1796 1797 1798 
7497 932 2213 2648 
7498 1055 1060 4776 
7499 2233 2480 3256 
7500 2750 2747 2751 
7501 2384 2383 2385 
7502 866 865 867 
7503 2458 3386 4603 
7504 836 2600 4689 
7505 2268 4456 4675 
7506 734 67 4483 
7507 3152 2710 4906 
7508 2952 3476 3478 
7509 1841 1840 1842 
7510 3914 3915 5108 
7511 1480 1495 4636 
7512 1090 1088 1125 
7513 1921 2515 4593 
7514 813 818 4693 
7515 836 838 2600 
7516 3048 3047 3404 
7517 892 835 4698 
7518 1598 1596 1718 
7519 904 4718 4854 
7520 57 737 4505 
7521 1950 1706 4600 
7522 2349 2350 4581 
7523 2855 2830 2856 
7524 606 461 3091 
7525 844 906 1919 
7526 1228 1227 1229 
7527 3927 3928 3965 
7528 2300 2491 3326 
7529 1683 1192 4896 
7530 5382 5171 5701 
7531 3821 3820 3822 
7532 1235 1233 4757 
7533 1260 1258 4624 
7534 879 877 881 
7535 619 3002 3398 
7536 1723 1959 4611 
7537 2566 2399 3106 
7538 4519 2401 4520 
7539 1708 1980 4601 
7540 4928 2736 4953 
7541 2778 1993 4838 
7542 1084 1082 1134 
7543 2805 2804 3047 
7544 4560 1247 4688 
7545 3027 3026 3028 
7546 3910 3905 4627 
7547 4365 1055 4776 
7548 471 470 660 
7549 3177 2263 4656 
7550 2021 3151 4634 
7551 3477 2951 4702 
7552 489 27 579 
7553 2649 1723 4611 
7554 3453 2148 3454 
7555 873 871 901 
7556 3012 3010 4751 
7557 3934 741 4889 
7558 863 862 865 
7559 825 819 4691 
7560 3633 3632 3634 
7561 835 829 4698 
7562 817 811 4803 
7563 3812 3817 4943 
7564 921 880 4613 
7565 3133 4812 4835 
7566 1296 1297 1298 
7567 2531 2455 4286 
7568 553 3008 3275 
7569 1258 1256 1262 
7570 1870 1623 4565 
7571 4230 2842 4681 
7572 1663 4601 4622 
7573 3069 551 3083 
7574 3635 3634 3636 
7575 1244 1245 4688 
7576 861 860 862 
7577 1411 1412 1413 
7578 5116 3393 5756 
7579 2252 2032 4685 
7580 2714 2216 4610 
7581 2397 2395 3015 
7582 1496 1497 4625 
7583 3900 590 5108 
7584 541 4033 5540 
7585 579 27 3347 
7586 1230 1231 1232 
7587 932 2648 4693 
7588 498 647 3343 
7589 4520 4569 4632 
7590 2154 2569 5314 
7591 3821 3822 3823 
7592 2268 4675 4716 
7593 1195 1197 1216 
7594 1756 3808 3809 
7595 1285 1284 1286 
7596 1735 1670 4623 
7597 1517 1512 3991 
7598 660 3365 3366 
7599 1794 1795 1796 
7600 1507 1454 1640 
7601 2560 2043 4719 
7602 1080 1077 4699 
7603 216 217 4706 
7604 897 890 4607 
7605 811 809 4712 
7606 2283 2141 4778 
7607 1164 1133 1728 
7608 1660 1658 4622 
7609 2402 2403 4602 
7610 3688 702 5373 
7611 3415 3028 3416 
7612 2347 2346 4563 
7613 3874 3875 5125 
7614 2403 2873 4602 
7615 1839 1838 1840 
7616 3811 3812 3813 
7617 2753 2755 3710 
7618 620 3393 3394 
7619 4467 4051 4703 
7620 1620 1360 1647 
7621 3282 3040 3733 
7622 793 791 4594 
7623 1554 1527 4606 
7624 2694 2692 2789 
7625 633 144 5002 
7626 2393 2391 2866 
7627 1831 1893 4631 
7628 2674 2675 2676 
7629 1670 2653 4623 
7630 1834 1941 2250 
7631 1837 1838 1839 
7632 1429 1428 1430 
7633 1595 1596 1597 
7634 3100 3448 4763 
7635 1454 1451 4756 
7636 1246 2702 4692 
7637 1418 1416 1513 
7638 4347 1595 4994 
7639 1500 1496 4625 
7640 2357 2495 2496 
7641 2596 2594 4660 
7642 593 60 4502 
7643 2385 2383 3178 
7644 5095 832 5722 
7645 4061 4059 5006 
7646 3027 3028 3415 
7647 1250 1238 2055 
7648 1992 2505 2664 
7649 830 820 2734 
7650 1190 1783 4896 
7651 1893 2379 4631 
7652 2389 2387 2501 
7653 4569 2190 4632 
7654 2647 2108 4631 
7655 1616 1614 1828 
7656 2421 2423 3257 
7657 2711 2709 3249 
7658 2972 3538 4795 
7659 859 858 860 
7660 2648 3214 3375 
7661 910 2219 4717 
7662 2497 2259 2663 
7663 583 56 4505 
7664 1099 1066 4800 
7665 2174 2222 2223 
7666 1715 1713 4650 
7667 3923 3921 3924 
7668 503 502 3121 
7669 4010 4178 4808 
7670 4308 4309 4721 
7671 3809 3810 3811 
7672 2945 2944 2948 
7673 1786 1787 1788 
7674 879 882 4647 
7675 3819 3820 3821 
7676 1486 1488 4628 
7677 2108 1831 4631 
7678 2952 2951 3476 
7679 2698 1956 4792 
7680 1483 1480 4636 
7681 831 846 847 
7682 1632 1610 1633 
7683 2742 3228 3229 
7684 1792 1793 1794 
7685 1529 1531 4638 
7686 1502 3737 5480 
7687 4996 2096 5043 
7688 1489 1486 4628 
7689 4574 1470 4704 
7690 2089 2090 2091 
7691 1656 1659 4667 
7692 1230 1229 1231 
7693 2959 2958 2960 
7694 2274 2614 4780 
7695 562 3604 5471 
7696 3965 3928 3966 
7697 3210 2234 4298 
7698 1793 1791 4695 
7699 2790 2789 2791 
7700 4241 5010 5261 
7701 1356 1336 4599 
7702 1036 1038 4745 
7703 2320 2652 4645 
7704 1232 1233 1234 
7705 4613 880 4647 
7706 2415 1961 2434 
7707 789 787 4583 
7708 3819 3818 3820 
7709 3777 3775 3778 
7710 2352 2349 4581 
7711 1954 1735 4623 
7712 1881 1809 4725 
7713 1526 1554 3185 
7714 2664 2881 3526 
7715 3925 3924 3926 
7716 4873 694 5258 
7717 933 846 1722 
7718 1040 1046 4749 
7719 3850 3861 4891 
7720 3919 550 3964 
7721 4887 1675 4917 
7722 2447 2449 2784 
7723 1947 1840 4683 
7724 3044 3043 3045 
7725 1837 1839 4609 
7726 3517 3516 5160 
7727 888 910 4717 
7728 3560 2523 4615 
7729 3927 3926 3928 
7730 1848 770 4416 
7731 1604 1602 1606 
7732 2014 2015 2421 
7733 1201 1203 1209 
7734 1393 1622 1676 
7735 1285 1286 1287 
7736 3031 4209 5256 
7737 1713 1887 4650 
7738 1232 1231 1233 
7739 2250 2271 2272 
7740 1488 2048 4628 
7741 720 46 4810 
7742 3308 4368 5599 
7743 3542 2714 4610 
7744 1424 1422 1426 
7745 4503 2278 4707 
7746 4417 2232 4746 
7747 2782 1462 4856 
7748 1341 1397 1700 
7749 1242 1244 1246 
7750 924 921 4613 
7751 3769 688 3770 
7752 2464 3483 4671 
7753 2147 1776 4672 
7754 2409 2877 3286 
7755 465 21 559 
7756 862 860 1681 
7757 821 830 831 
7758 1718 1596 4578 
7759 608 3468 3557 
7760 3275 3008 3388 
7761 1731 1645 1780 
7762 3085 4750 5191 
7763 2454 2069 2853 
7764 1473 1472 1474 
7765 3229 3230 3231 
7766 2594 4462 4660 
7767 47 536 4810 
7768 1989 2136 4646 
7769 2660 2358 3179 
7770 3947 5316 5582 
7771 2757 2759 3546 
7772 4279 2561 4900 
7773 2312 2888 4746 
7774 744 375 4577 
7775 3530 3154 4697 
7776 3229 3228 3230 
7777 801 820 821 
7778 1641 1640 1642 
7779 1814 1815 1837 
7780 1654 1656 4667 
7781 1108 1001 4690 
7782 2410 2619 4651 
7783 1907 1722 1908 
7784 1245 1325 4653 
7785 1643 1642 1644 
7786 3892 3891 4752 
7787 4273 4417 4746 
7788 3442 2511 5456 
7789 1234 1235 1236 
7790 3649 1147 5152 
7791 2873 2405 4666 
7792 2474 2871 3617 
7793 1834 1618 1941 
7794 1001 990 4690 
7795 2219 2571 3140 
7796 1700 1397 1759 
7797 559 21 3035 
7798 785 783 4649 
7799 1342 1351 4655 
7800 3050 2768 3373 
7801 791 2062 4594 
7802 3107 3937 5822 
7803 2156 2482 4747 
7804 1891 1605 2305 
7805 1408 1523 4659 
7806 1246 1244 1247 
7807 3659 3657 4793 
7808 1471 1472 1473 
7809 1874 4598 4842 
7810 1352 1291 4723 
7811 1287 1286 1288 
7812 867 865 891 
7813 2278 4490 4707 
7814 1962 2358 2660 
7815 2779 2780 2781 
7816 1234 1233 1235 
7817 851 849 904 
7818 1596 1594 4578 
7819 1236 1237 1238 
7820 1700 1759 1760 
7821 1317 1316 1328 
7822 2048 1654 4667 
7823 1509 1430 1510 
7824 287 617 4720 
7825 1760 2094 2096 
7826 1760 1759 2094 
7827 1246 1247 1248 
7828 1345 1344 1613 
7829 1248 1247 1344 
7830 1358 1299 4971 
7831 1809 1811 4725 
7832 1837 1815 1838 
7833 1236 1235 1237 
7834 1248 1344 1345 
7835 1345 1613 1614 
7836 4589 3456 5142 
7837 3555 1866 5655 
7838 3905 3907 4627 
7839 4504 2268 4716 
7840 467 466 655 
7841 2877 2410 4651 
7842 2043 2376 4719 
7843 3796 4503 4707 
7844 2439 2254 3329 
7845 2163 2166 4663 
7846 2405 2688 4666 
7847 354 355 4753 
7848 1103 1018 4728 
7849 2545 2111 2546 
7850 1397 1342 4655 
7851 2441 1942 4154 
7852 972 4591 4772 
7853 3816 3815 3818 
7854 2688 2835 4666 
7855 1786 1788 2697 
7856 1678 1856 1857 
7857 1763 1764 1814 
7858 3239 4458 4881 
7859 3625 2663 5613 
7860 3816 3818 3819 
7861 1838 1909 4683 
7862 4781 4015 4808 
7863 1516 1512 1517 
7864 1471 1470 1472 
7865 3285 2320 4645 
7866 2263 3285 4656 
7867 2586 1729 4729 
7868 3085 3086 4750 
7869 719 218 4859 
7870 3470 3012 4751 
7871 4289 1063 4938 
7872 2259 892 4698 
7873 1456 1455 1457 
7874 1925 1715 4650 
7875 2558 2876 4732 
7876 1907 2356 2357 
7877 608 496 3070 
7878 2503 2434 3527 
7879 906 1686 4670 
7880 1859 1396 4731 
7881 2657 3706 4726 
7882 2212 1881 3223 
7883 2499 2352 4581 
7884 2761 2764 3463 
7885 797 793 4594 
7886 4379 4719 4825 
7887 1469 1470 1471 
7888 2793 2791 3390 
7889 1792 1794 1949 
7890 2165 2163 4663 
7891 3099 2976 3100 
7892 2067 2065 2378 
7893 1811 1962 4725 
7894 4683 1909 4876 
7895 2835 2690 4679 
7896 3962 2441 3963 
7897 36 524 565 
7898 1869 1623 1870 
7899 3260 2165 4663 
7900 1814 1764 1815 
7901 469 22 676 
7902 783 931 4649 
7903 2690 2727 4679 
7904 1801 1803 4738 
7905 1263 1260 4755 
7906 787 845 4583 
7907 2250 1941 2271 
7908 990 4418 4690 
7909 3495 3100 4763 
7910 3375 5626 5673 
7911 4520 2401 4569 
7912 2727 2770 4679 
7913 1329 1328 1353 
7914 1531 1547 4638 
7915 1855 1356 4599 
7916 2474 3617 4739 
7917 2023 2025 4680 
7918 3039 3041 3305 
7919 2625 2639 4828 
7920 1808 1881 2212 
7921 3258 1955 4686 
7922 1541 4678 4844 
7923 502 501 600 
7924 4099 2639 4863 
7925 1622 1394 1623 
7926 1313 1312 1314 
7927 1094 1092 4740 
7928 1469 1468 1470 
7929 356 674 4848 
7930 3151 2023 4680 
7931 4261 3102 4748 
7932 2168 2364 4684 
7933 2346 2420 2465 
7934 2275 924 4613 
7935 1433 1432 1434 
7936 1728 1133 2058 
7937 1766 1699 4108 
7938 3687 2033 5331 
7939 2327 2878 2879 
7940 1761 1762 1763 
7941 2697 1788 3084 
7942 2272 2271 2684 
7943 1439 1438 1440 
7944 3718 5241 5805 
7945 1435 1434 1436 
7946 3630 570 5186 
7947 1437 1436 1438 
7948 2148 825 4691 
7949 4606 1529 4638 
7950 2272 2684 2785 
7951 1643 1645 1730 
7952 219 537 4859 
7953 3481 3482 5440 
7954 1955 1842 4686 
7955 1431 1425 1432 
7956 3777 3778 5349 
7957 2829 2828 2830 
7958 3814 3813 3815 
7959 1441 1440 1442 
7960 62 63 4845 
7961 692 3618 5353 
7962 2989 2991 2992 
7963 2804 2147 4672 
7964 4920 713 4964 
7965 2025 2162 4680 
7966 2766 2768 3050 
7967 3814 3815 3816 
7968 1869 2254 2255 
7969 1467 1468 1469 
7970 2136 2444 4646 
7971 2863 2512 2864 
7972 2166 2170 4663 
7973 1763 1762 1764 
7974 1468 1491 4704 
7975 1688 1517 1689 
7976 2350 2347 4563 
7977 2660 3179 3180 
7978 2506 2778 2779 
7979 2232 2312 4746 
7980 2770 2729 4687 
7981 2062 789 4583 
7982 1776 4513 4672 
7983 3811 3813 3814 
7984 4518 4519 4737 
7985 3262 2853 3269 
7986 2619 2806 4651 
7987 508 507 612 
7988 2121 2120 2122 
7989 1169 1036 4745 
7990 1729 1728 4729 
7991 3100 2976 3448 
7992 1393 1332 1394 
7993 1948 2453 4686 
7994 1325 1339 4653 
7995 1245 4653 4688 
7996 2329 1956 2698 
7997 527 526 542 
7998 1498 1500 4786 
7999 1405 1677 1678 
8000 2133 2093 2518 
8001 2729 2745 4687 
8002 2659 4716 4766 
8003 3191 2058 4740 
8004 2315 2082 2316 
8005 1732 1679 3224 
8006 2158 2157 2159 
8007 1351 1673 4655 
8008 1523 1526 4659 
8009 1300 1302 1684 
8010 2119 2118 2120 
8011 2689 2687 4850 
8012 1180 1218 4775 
8013 801 799 820 
8014 1789 1792 4730 
8015 3838 4310 5123 
8016 1673 1408 4659 
8017 1467 1466 1468 
8018 1464 2782 4713 
8019 3110 3111 3479 
8020 2255 2439 3112 
8021 2027 1929 4694 
8022 2408 2027 4694 
8023 1798 1804 1876 
8024 4621 2558 4732 
8025 4427 4481 4806 
8026 2123 2122 2124 
8027 3955 3957 4909 
8028 3337 2283 4778 
8029 3173 2259 4698 
8030 1888 1712 4696 
8031 2212 3223 3421 
8032 1643 1644 1645 
8033 1452 1451 1453 
8034 2089 2087 2090 
8035 4632 2190 4633 
8036 3949 3893 5238 
8037 4591 4363 4772 
8038 3358 2999 3465 
8039 1909 1815 4714 
8040 3096 1989 4646 
8041 2052 1984 2450 
8042 2745 2750 4687 
8043 1788 1789 4730 
8044 2170 2168 4684 
8045 1765 1699 1766 
8046 838 844 4760 
8047 2101 2267 2368 
8048 1840 1838 4683 
8049 288 289 4862 
8050 1728 2058 2113 
8051 1491 1466 4713 
8052 1270 1266 1271 
8053 1712 926 4696 
8054 2368 3303 3436 
8055 4746 2888 4823 
8056 5240 2982 5241 
8057 2709 2707 4708 
8058 926 2275 4696 
8059 3855 3854 4827 
8060 2947 2945 4702 
8061 1247 1244 4688 
8062 933 4532 4718 
8063 1038 1040 4749 
8064 1842 1948 4686 
8065 1465 1466 1467 
8066 1730 1731 1761 
8067 2569 4861 4976 
8068 1929 2411 4694 
8069 1413 1414 1415 
8070 2219 3140 4717 
8071 612 507 3043 
8072 1287 1288 1289 
8073 4012 4010 4808 
8074 2523 3697 4615 
8075 2971 2969 4795 
8076 3494 3100 3495 
8077 2772 2114 3212 
8078 1360 1354 4658 
8079 2272 2785 4629 
8080 845 785 4649 
8081 2588 2586 2686 
8082 1803 1808 4738 
8083 468 467 3144 
8084 1413 1412 1414 
8085 3518 652 5786 
8086 2117 2116 2118 
8087 3083 551 3342 
8088 2014 2421 2422 
8089 2879 3074 3110 
8090 3959 3958 5547 
8091 1354 1353 1621 
8092 2079 1766 2080 
8093 500 499 602 
8094 5091 1899 5299 
8095 1761 1731 1762 
8096 2641 3419 4851 
8097 2474 2090 2720 
8098 1465 1464 1466 
8099 847 846 933 
8100 1289 1288 1290 
8101 2125 2124 2138 
8102 2785 2684 3205 
8103 3354 3221 3355 
8104 620 520 3005 
8105 3382 2103 3383 
8106 2113 2058 2114 
8107 4775 1218 4850 
8108 2246 4548 4807 
8109 3300 3218 3301 
8110 1353 1328 1355 
8111 3050 3373 3683 
8112 831 830 846 
8113 4718 4532 4854 
8114 1320 1346 1405 
8115 3880 3881 5044 
8116 4771 3193 4910 
8117 3351 5559 5591 
8118 1133 1094 4740 
8119 821 820 830 
8120 933 1722 1907 
8121 2876 3590 4732 
8122 2141 2140 2194 
8123 2217 4617 5030 
8124 1304 1306 1315 
8125 2772 3212 4056 
8126 2951 2947 4702 
8127 1310 1312 1313 
8128 1463 1464 1465 
8129 1295 1294 1296 
8130 1293 1292 1294 
8131 1641 1642 1643 
8132 1291 1290 1292 
8133 4782 2644 4812 
8134 2450 4771 4910 
8135 2357 2356 2495 
8136 3128 4612 4733 
8137 1764 1863 4714 
8138 2212 3422 4738 
8139 1686 1786 4670 
8140 3247 2433 3248 
8141 2780 2778 4969 
8142 510 509 615 
8143 2614 2617 4797 
8144 1271 1266 2063 
8145 1276 1275 1331 
8146 1320 1314 1321 
8147 4215 2026 4874 
8148 3166 2273 4766 
8149 2113 2114 2772 
8150 4163 628 5017 
8151 2509 2208 2510 
8152 607 2910 4767 
8153 1626 1625 1934 
8154 2247 2246 4807 
8155 1239 1235 4757 
8156 3150 2432 3261 
8157 2207 1856 2208 
8158 3171 4780 4797 
8159 525 36 3364 
8160 2743 2739 2796 
8161 1274 1271 1275 
8162 1730 1645 1731 
8163 1507 1640 1641 
8164 1853 4538 4799 
8165 1611 1388 1612 
8166 1463 1462 1464 
8167 3640 3638 4998 
8168 1648 1647 1861 
8169 2139 2138 2140 
8170 1520 2354 4820 
8171 2091 2090 2474 
8172 32 508 3754 
8173 4105 5406 5423 
8174 1792 1949 4730 
8175 2099 2100 2101 
8176 2879 3110 3237 
8177 5182 3569 5184 
8178 552 511 3361 
8179 2734 820 4761 
8180 1331 1275 1332 
8181 2874 2420 3513 
8182 3763 3614 5818 
8183 1346 1321 1347 
8184 1919 906 4670 
8185 3805 2502 5519 
8186 1961 1848 4711 
8187 2174 1906 2222 
8188 660 470 3032 
8189 1113 4035 5184 
8190 1082 1080 4765 
8191 2772 4057 4839 
8192 1903 1628 1968 
8193 3336 2283 3337 
8194 1869 1870 2254 
8195 1166 4476 4861 
8196 1541 4844 4929 
8197 1461 1462 1463 
8198 1458 1457 1459 
8199 3941 693 5807 
8200 4716 3166 4766 
8201 1060 1065 4776 
8202 1258 1262 4624 
8203 1393 1394 1622 
8204 3175 4791 5688 
8205 2600 838 4760 
8206 3454 2148 4691 
8207 2871 2720 3507 
8208 3332 4911 5734 
8209 491 490 662 
8210 1862 1861 1992 
8211 1962 2660 4725 
8212 1828 4709 4818 
8213 1289 1290 1291 
8214 2945 2948 4702 
8215 1564 1514 4817 
8216 1507 1641 2075 
8217 1907 1908 2356 
8218 4612 3147 4733 
8219 1622 1623 1869 
8220 1295 1296 1316 
8221 1291 1292 1293 
8222 3968 2843 5050 
8223 1293 1294 1295 
8224 4724 2698 4960 
8225 844 1919 4760 
8226 1828 1614 4709 
8227 734 3616 5393 
8228 2346 2344 2420 
8229 3829 1717 5097 
8230 3552 2781 3553 
8231 1470 1468 4704 
8232 1613 2742 4709 
8233 4785 636 4950 
8234 849 847 4718 
8235 4447 4289 4905 
8236 2191 2159 2192 
8237 2411 1927 4773 
8238 3618 193 5477 
8239 2798 4270 4783 
8240 2700 4438 4824 
8241 2255 2254 2439 
8242 1460 1459 1461 
8243 2779 2781 3552 
8244 1526 3185 4659 
8245 3539 2579 5411 
8246 4766 2273 4780 
8247 1461 1459 1462 
8248 3249 2709 4708 
8249 1443 1442 1444 
8250 1614 1613 4709 
8251 1134 1082 4765 
8252 535 4343 4811 
8253 2055 1238 4762 
8254 2342 2340 2597 
8255 4650 3177 4773 
8256 2686 2586 4729 
8257 3112 2439 3250 
8258 739 201 4908 
8259 1266 1263 4755 
8260 3352 3351 5591 
8261 4698 829 4803 
8262 2041 4454 4884 
8263 2742 3229 4709 
8264 1369 1755 2099 
8265 221 4232 4936 
8266 202 625 4908 
8267 1347 1362 1521 
8268 655 466 3036 
8269 1369 1368 1370 
8270 1237 1240 4762 
8271 2100 1755 2102 
8272 3046 3702 3703 
8273 1857 1856 2207 
8274 2664 2505 2881 
8275 3753 5416 5777 
8276 3085 5191 5224 
8277 4168 1674 5100 
8278 3644 2964 5271 
8279 1678 1677 1856 
8280 30 500 3051 
8281 1260 4624 4755 
8282 4550 972 4772 
8283 2273 2274 4780 
8284 2606 2131 4884 
8285 1815 1764 4714 
8286 2474 2720 2871 
8287 3303 2267 3304 
8288 1080 4699 4765 
8289 526 525 3280 
8290 2764 2766 4741 
8291 2194 3354 4778 
8292 2150 4427 4782 
8293 2465 2420 2874 
8294 387 741 4821 
8295 1331 1332 1393 
8296 2786 1873 4865 
8297 1647 1360 4658 
8298 2111 1853 4799 
8299 3921 3919 4727 
8300 3510 3508 5026 
8301 1240 4692 4762 
8302 4094 4086 5189 
8303 2225 2223 2303 
8304 1063 4322 4983 
8305 4933 3968 5004 
8306 2653 4595 4775 
8307 4322 1149 5000 
8308 3044 3045 3046 
8309 3526 2881 3943 
8310 1908 2327 4722 
8311 1640 1454 4756 
8312 4709 3229 4818 
8313 2698 4724 4995 
8314 608 3070 3468 
8315 1505 1498 4786 
8316 4166 1874 4961 
8317 46 47 4810 
8318 4598 3809 4842 
8319 109 110 4785 
8320 1992 1861 1993 
8321 2992 2994 2995 
8322 1238 1237 4762 
8323 4266 4264 4973 
8324 3384 3383 3385 
8325 451 450 5811 
8326 4798 1521 4934 
8327 2700 4824 4877 
8328 3522 4093 5189 
8329 1424 1426 1427 
8330 5361 3696 5366 
8331 5262 3116 5436 
8332 1722 846 4758 
8333 3865 3864 5309 
8334 1354 1621 4658 
8335 28 492 686 
8336 2505 1993 2506 
8337 5213 582 5358 
8338 2643 2178 5016 
8339 2759 2761 4734 
8340 830 2734 4758 
8341 495 494 663 
8342 2871 3507 3574 
8343 1597 1598 1599 
8344 2026 4349 4874 
8345 2207 2208 2509 
8346 1510 1512 1516 
8347 3175 3174 4791 
8348 1927 1925 4773 
8349 1604 1606 1607 
8350 1313 1314 1320 
8351 1767 1612 1768 
8352 1786 2697 4670 
8353 2509 2510 3408 
8354 1808 2212 4738 
8355 2969 2972 4795 
8356 4753 355 4848 
8357 1448 1446 1504 
8358 2465 3518 5817 
8359 5234 4228 5261 
8360 2058 1133 4740 
8361 1466 1464 4713 
8362 1925 4650 4773 
8363 2728 2726 4917 
8364 537 220 4936 
8365 2658 4782 4812 
8366 847 933 4718 
8367 676 22 3037 
8368 1597 1596 1598 
8369 4071 4646 4946 
8370 5266 2957 5269 
8371 4669 2653 4775 
8372 3164 2704 4801 
8373 1455 1454 1507 
8374 1227 1225 4840 
8375 2338 2243 2737 
8376 4652 3215 5019 
8377 615 3061 3062 
8378 2335 2852 4835 
8379 2731 2732 4914 
8380 3084 1788 4730 
8381 2665 2557 2666 
8382 3052 3054 3055 
8383 4169 4170 5074 
8384 1415 1416 1417 
8385 1120 951 4898 
8386 4983 4322 5000 
8387 2434 1961 4711 
8388 812 3580 4897 
8389 1320 1321 1346 
8390 33 528 530 
8391 3062 3063 3602 
8392 3062 3602 5427 
8393 1804 1799 4853 
8394 2874 3513 3619 
8395 1341 1700 4744 
8396 2093 2091 4739 
8397 3663 3661 4899 
8398 1405 1346 1677 
8399 4149 2705 4809 
8400 4438 4690 4824 
8401 3763 2253 5123 
8402 865 862 4735 
8403 2371 2372 2373 
8404 3216 3171 4797 
8405 660 3032 3365 
8406 4595 1180 4775 
8407 1339 1341 4744 
8408 171 172 4915 
8409 4273 4746 4823 
8410 1957 3624 5780 
8411 2368 2267 3303 
8412 862 1681 4735 
8413 2316 2512 2863 
8414 1427 1428 1429 
8415 3744 3659 4793 
8416 2676 2678 3252 
8417 1607 1608 1609 
8418 1848 4416 4711 
8419 3462 3798 5382 
8420 2080 2082 2315 
8421 1165 1099 4800 
8422 3629 3630 5186 
8423 3223 1881 4837 
8424 2609 4683 4876 
8425 600 501 3038 
8426 1691 1693 1779 
8427 3546 2759 4734 
8428 2194 3220 3221 
8429 4690 4418 4824 
8430 1443 1444 1445 
8431 3282 3733 3734 
8432 2976 2974 4834 
8433 1609 1610 1632 
8434 4592 3426 5006 
8435 4828 2638 4924 
8436 1992 1993 2505 
8437 412 3006 5794 
8438 2227 2225 4764 
8439 2087 1857 4742 
8440 569 2905 4939 
8441 386 387 4821 
8442 528 527 3244 
8443 1415 1414 1416 
8444 5203 4047 5407 
8445 3712 1600 5084 
8446 1589 1630 1717 
8447 620 3005 3393 
8448 4233 4954 4986 
8449 1782 2157 2158 
8450 1417 1418 1419 
8451 2699 3209 4940 
8452 2101 2100 2267 
8453 891 865 4735 
8454 2194 2140 3220 
8455 2333 4212 4815 
8456 1728 2113 4729 
8457 1599 1600 1601 
8458 3183 2748 4977 
8459 1429 1430 1509 
8460 3924 3921 4727 
8461 4622 4601 4806 
8462 1891 3293 5085 
8463 829 817 4803 
8464 722 4340 4813 
8465 1291 1293 4723 
8466 3250 4216 5342 
8467 3054 3056 3058 
8468 4911 2084 5734 
8469 3097 3078 3292 
8470 494 493 3172 
8471 3531 3533 5036 
8472 662 490 3067 
8473 3945 1724 4911 
8474 3463 2764 4741 
8475 1326 5527 5600 
8476 1453 1454 1455 
8477 904 849 4718 
8478 1366 1368 1369 
8479 4669 4775 4850 
8480 4203 3093 5217 
8481 3023 451 5811 
8482 3178 2383 4807 
8483 1601 1602 1603 
8484 2321 2178 2485 
8485 492 491 3066 
8486 4275 4274 5022 
8487 3173 4698 4803 
8488 1419 1420 1421 
8489 4332 3998 5081 
8490 5263 5262 5436 
8491 612 3043 3044 
8492 1616 1828 4830 
8493 1697 1699 1765 
8494 2305 2306 3297 
8495 4507 604 4805 
8496 224 534 5027 
8497 1881 4725 4837 
8498 2761 3463 4734 
8499 3221 3220 3688 
8500 4418 4409 4824 
8501 2152 2154 4975 
8502 4653 1339 4744 
8503 896 912 4881 
8504 1676 1622 4769 
8505 3809 3811 4842 
8506 2995 2997 2998 
8507 1421 1422 1423 
8508 799 797 4761 
8509 2177 2144 2178 
8510 3007 3684 5516 
8511 3607 3605 4922 
8512 1423 1424 1425 
8513 2989 2990 2991 
8514 4562 1218 4887 
8515 2642 3353 4907 
8516 3963 2441 4154 
8517 1514 1505 4817 
8518 2766 3050 4741 
8519 1516 1517 1688 
8520 2998 2999 3001 
8521 2091 2474 4739 
8522 2179 1901 2180 
8523 3305 3041 3332 
8524 493 28 3412 
8525 4100 4099 4863 
8526 1603 1604 1605 
8527 3710 2755 4833 
8528 2307 2057 2749 
8529 1294 1292 4942 
8530 3569 2562 5184 
8531 5103 3300 5181 
8532 1688 1689 1956 
8533 389 533 4889 
8534 4179 715 5009 
8535 814 4693 4787 
8536 2686 4729 4839 
8537 226 696 5089 
8538 2992 2991 2994 
8539 4573 3785 4898 
8540 2356 1908 4722 
8541 4209 5255 5256 
8542 4357 2795 4984 
8543 2960 3696 5361 
8544 2138 2124 3022 
8545 953 4573 4898 
8546 3919 3964 4727 
8547 2333 4815 4869 
8548 4015 4012 4808 
8549 1218 1181 4887 
8550 4538 4157 4799 
8551 1429 1509 1520 
8552 1434 1432 1501 
8553 1505 4786 4817 
8554 1442 1440 1502 
8555 3566 2780 5711 
8556 1438 1436 1705 
8557 1288 1286 4935 
8558 519 518 658 
8559 2344 2342 4768 
8560 1688 1956 2130 
8561 1934 2738 2739 
8562 2063 1266 4755 
8563 1733 2115 2116 
8564 3015 4134 5280 
8565 3303 3304 3450 
8566 2122 2120 2721 
8567 1386 1388 1611 
8568 1680 1732 1733 
8569 2099 1755 2100 
8570 1520 1679 1680 
8571 2683 2064 5064 
8572 1183 1675 4887 
8573 3001 3358 3529 
8574 2327 2879 4722 
8575 1374 1376 1639 
8576 3044 3046 3348 
8577 2757 3546 4833 
8578 4481 4622 4806 
8579 612 3044 4788 
8580 1084 1134 4857 
8581 1869 2255 4769 
8582 187 188 4966 
8583 209 210 4967 
8584 3823 3827 4871 
8585 1969 1968 2209 
8586 2995 3000 4849 
8587 4898 3785 4914 
8588 3745 2517 5654 
8589 741 388 4889 
8590 2874 3619 4770 
8591 1380 1382 1558 
8592 2898 2856 3213 
8593 4938 1063 4983 
8594 1857 2207 4742 
8595 1369 1370 1755 
8596 3931 3926 4885 
8597 1326 4935 5527 
8598 3140 2571 4829 
8599 3611 2647 5166 
8600 2118 2116 2436 
8601 1090 1125 4855 
8602 2804 4672 4851 
8603 1984 1855 4771 
8604 1765 1766 2079 
8605 2851 4237 5223 
8606 2330 2869 3218 
8607 3519 2625 4828 
8608 2684 2685 4819 
8609 4103 3143 5032 
8610 2130 2329 2330 
8611 3573 3571 5120 
8612 707 223 5027 
8613 1057 5332 5497 
8614 1417 1416 1418 
8615 395 4962 5137 
8616 2994 2991 2996 
8617 514 513 627 
8618 1449 1450 1451 
8619 1205 3622 5143 
8620 2863 2864 3452 
8621 1632 1633 1946 
8622 2383 2247 4807 
8623 3139 4785 4950 
8624 4729 2113 4839 
8625 2501 4999 5078 
8626 5018 3094 5469 
8627 1497 4921 4973 
8628 2849 5049 5219 
8629 2305 1605 2306 
8630 2648 3375 4787 
8631 4672 2641 4851 
8632 1765 2079 2126 
8633 122 123 4978 
8634 1419 1418 1420 
8635 4852 4511 4945 
8636 615 509 3060 
8637 2518 2093 4739 
8638 4693 2648 4787 
8639 3508 2601 5026 
8640 3215 2855 5197 
8641 3205 2684 4819 
8642 3858 3855 4827 
8643 4562 4887 4917 
8644 1941 1618 4830 
8645 2141 2194 4778 
8646 2888 3645 4823 
8647 3410 3411 4948 
8648 3894 1938 5079 
8649 4404 605 4925 
8650 846 830 4758 
8651 740 364 4931 
8652 1225 1406 4840 
8653 797 4594 4761 
8654 2571 2858 4829 
8655 1568 1566 4951 
8656 820 799 4761 
8657 3178 4807 4903 
8658 3227 2741 4958 
8659 4601 2644 4806 
8660 4135 614 4989 
8661 2807 4950 5071 
8662 365 650 4931 
8663 3001 2999 3358 
8664 2960 2958 5532 
8665 1421 1420 1422 
8666 1149 4385 5025 
8667 4577 376 4895 
8668 2735 2700 4877 
8669 1509 1510 4822 
8670 4349 4101 4874 
8671 2857 3837 5197 
8672 1423 1422 1424 
8673 2126 2432 2433 
8674 2998 2997 2999 
8675 1862 1992 4774 
8676 2546 2111 4799 
8677 1801 4738 4853 
8678 2297 2196 2298 
8679 2739 2738 2740 
8680 355 356 4848 
8681 4647 4511 4852 
8682 2484 2187 4927 
8683 2090 2087 4742 
8684 1520 1509 1679 
8685 1558 3837 5270 
8686 2672 2674 2682 
8687 1453 1451 1454 
8688 1966 5128 5425 
8689 4004 4919 5513 
8690 1609 1632 1634 
8691 2746 2744 4986 
8692 1618 1616 4830 
8693 1599 1598 1600 
8694 124 568 4846 
8695 2450 1984 4771 
8696 2749 2057 4858 
8697 1460 1461 4779 
8698 1680 1679 1732 
8699 3039 3038 3040 
8700 2720 2090 4742 
8701 1624 4166 5042 
8702 1733 1732 2115 
8703 1447 1448 1449 
8704 1906 1862 4774 
8705 1855 4599 4771 
8706 2055 4762 4883 
8707 1601 1600 1602 
8708 4824 4409 4877 
8709 1507 2075 4759 
8710 534 225 5089 
8711 1873 1631 4865 
8712 4740 1092 4855 
8713 4001 247 5233 
8714 1497 1492 4921 
8715 3229 3231 4818 
8716 8 412 5794 
8717 3297 2306 3790 
8718 1603 1602 1604 
8719 377 540 4895 
8720 858 855 4888 
8721 2130 1956 2329 
8722 1449 1448 1450 
8723 2330 2329 2869 
8724 395 396 4962 
8725 1643 1730 4789 
8726 3622 2499 5143 
8727 4207 4208 5022 
8728 4725 2660 4837 
8729 359 360 5018 
8730 2662 4641 5007 
8731 3156 3531 5036 
8732 2340 2338 4777 
8733 2185 4589 4927 
8734 513 33 3072 
8735 2995 2994 2997 
8736 4114 2230 5045 
8737 600 3038 3039 
8738 2755 2757 4833 
8739 5000 1149 5025 
8740 4681 3787 5593 
8741 1562 1564 4926 
8742 3643 2834 5204 
8743 1125 1088 4894 
8744 2256 3799 5743 
8745 4233 1675 4954 
8746 2004 2006 2314 
8747 662 3067 3620 
8748 2079 2080 4841 
8749 2897 3598 5151 
8750 3041 3040 3282 
8751 3796 3797 5826 
8752 1455 1507 4759 
8753 2158 2159 2191 
8754 2143 2530 5415 
8755 3543 3482 5538 
8756 2879 3237 4722 
8757 851 904 4880 
8758 2325 5224 5311 
8759 4168 4167 5074 
8760 4712 812 4897 
8761 736 62 4845 
8762 4085 4084 5122 
8763 3414 3363 3911 
8764 2083 2307 2828 
8765 3448 2976 4834 
8766 4770 652 5821 
8767 4170 1217 5024 
8768 1622 1869 4769 
8769 517 34 684 
8770 3039 3040 3041 
8771 1934 1625 2738 
8772 516 515 675 
8773 4657 1677 4798 
8774 1767 2057 2083 
8775 4719 2376 4825 
8776 2719 5538 5637 
8777 4950 636 5071 
8778 518 517 3276 
8779 2220 2771 5053 
8780 3702 1952 5410 
8781 1427 1429 4820 
8782 4445 2650 4944 
8783 2433 2432 3150 
8784 1400 1885 5077 
8785 1799 1801 4853 
8786 2126 2079 2432 
8787 1441 1443 5086 
8788 4219 4217 5078 
8789 3224 1679 4822 
8790 4812 2335 4835 
8791 218 219 4859 
8792 3099 3494 4981 
8793 2323 2557 2665 
8794 3062 3061 3063 
8795 4618 2275 4852 
8796 2807 2809 4950 
8797 515 514 3505 
8798 3191 4740 4855 
8799 4680 3190 4844 
8800 3513 2420 4768 
8801 594 3504 5725 
8802 2191 2192 2377 
8803 1457 1455 4759 
8804 2249 3749 5416 
8805 1347 1521 4798 
8806 1092 1090 4855 
8807 4738 3422 4853 
8808 1582 1580 4956 
8809 3365 5171 5519 
8810 1611 1612 1767 
8811 1445 1446 1447 
8812 578 3493 5319 
8813 4807 4548 4903 
8814 4475 4535 4970 
8815 2158 2191 2777 
8816 2356 4722 4886 
8817 1332 1275 4802 
8818 2177 2321 2827 
8819 1086 1084 4857 
8820 2420 2344 4768 
8821 4678 3151 4844 
8822 1489 4628 4921 
8823 4657 4798 4934 
8824 3981 3980 5413 
8825 1346 1347 4798 
8826 1447 1446 1448 
8827 2371 2050 2372 
8828 3961 3962 5747 
8829 2435 2176 5200 
8830 2666 2668 3378 
8831 2103 1460 4779 
8832 1641 1643 4789 
8833 2243 2227 4790 
8834 4744 2313 4866 
8835 4844 3190 4929 
8836 3480 2786 4865 
8837 3193 3984 4910 
8838 1770 1901 2179 
8839 2735 4877 4905 
8840 1823 2203 4998 
8841 4452 4100 4863 
8842 2321 2485 3076 
8843 2342 2597 4768 
8844 2324 4596 4907 
8845 2230 1933 5045 
8846 95 96 5060 
8847 289 713 4862 
8848 3078 2900 4796 
8849 4804 4173 4916 
8850 2663 3625 5684 
8851 4476 3161 4861 
8852 2660 3180 4837 
8853 3198 3616 5395 
8854 4779 1482 4860 
8855 4941 4072 4992 
8856 2075 1641 4789 
8857 2753 3710 4920 
8858 2927 2925 5023 
8859 2073 2144 2177 
8860 1162 4260 5045 
8861 1567 1569 5119 
8862 1271 2063 4802 
8863 2225 2303 4764 
8864 3383 2103 4779 
8865 3638 2181 4998 
8866 1364 1366 4804 
8867 3604 562 5539 
8868 4239 3031 5260 
8869 2222 1906 4774 
8870 3323 3427 3740 
8871 2722 3732 5350 
8872 1445 1444 1446 
8873 337 338 5010 
8874 3834 2534 4879 
8875 4613 4647 4852 
8876 4711 3176 4932 
8877 1689 1691 4792 
8878 4769 3113 4912 
8879 3424 3423 5023 
8880 1626 1934 4794 
8881 3797 739 5826 
8882 3811 3814 4842 
8883 4370 1541 4929 
8884 4762 4692 4883 
8885 4565 5612 5676 
8886 4484 3446 5037 
8887 3867 3871 5835 
8888 3435 2333 4869 
8889 4618 4852 4945 
8890 2932 4529 4955 
8891 399 400 5012 
8892 1510 1516 4822 
8893 4535 3647 4970 
8894 3862 3858 4864 
8895 3858 4827 4864 
8896 826 832 5095 
8897 3635 3636 4868 
8898 3047 2804 4851 
8899 3151 4680 4844 
8900 4787 3375 5673 
8901 4845 63 5067 
8902 2144 2145 5016 
8903 1767 1768 2057 
8904 2865 4168 5122 
8905 853 851 4880 
8906 1633 1782 4784 
8907 439 438 5823 
8908 2909 439 5823 
8909 2942 2943 4949 
8910 4981 4423 5341 
8911 2113 2772 4839 
8912 2546 4799 4941 
8913 3849 3850 4891 
8914 4905 4289 4938 
8915 3261 2432 4841 
8916 1675 1185 4954 
8917 1586 1584 4847 
8918 2297 3322 3323 
8919 4560 4866 4958 
8920 3192 5172 5254 
8921 2275 4613 4852 
8922 1956 1689 4792 
8923 615 3060 3061 
8924 4158 4159 5168 
8925 388 389 4889 
8926 1313 4244 4933 
8927 2177 2178 2321 
8928 2131 2041 4884 
8929 3073 3207 3687 
8930 4227 2858 5127 
8931 3161 2240 5021 
8932 3751 2452 5683 
8933 3924 4727 4885 
8934 2307 2749 3160 
8935 2687 4669 4850 
8936 1187 1217 4954 
8937 2597 2340 4777 
8938 3346 4980 5090 
8939 3304 2267 4816 
8940 855 853 4888 
8941 1275 1271 4802 
8942 4742 2207 4902 
8943 4409 2056 4877 
8944 4584 4586 5349 
8945 2850 3721 5081 
8946 3449 2886 5072 
8947 3824 3823 4871 
8948 4532 2691 4854 
8949 3398 3002 4867 
8950 3044 3348 4788 
8951 4628 4571 4921 
8952 1677 1346 4798 
8953 3571 2555 5120 
8954 1369 2099 4804 
8955 3965 3966 4876 
8956 898 896 4881 
8957 2100 2102 4816 
8958 1889 4545 4974 
8959 4069 2734 4918 
8960 1938 4284 5079 
8961 1628 1626 4794 
8962 5616 4446 5742 
8963 2460 2373 2463 
8964 735 4189 5608 
8965 2696 3713 5259 
8966 376 377 4895 
8967 3474 2786 3480 
8968 1556 1859 5075 
8969 571 4225 5236 
8970 4560 4688 4866 
8971 919 840 5095 
8972 2447 2784 4946 
8973 3327 3326 3328 
8974 3181 3481 5202 
8975 1429 1520 4820 
8976 2003 2033 5712 
8977 337 5010 5279 
8978 2083 2057 2307 
8979 2502 3974 5746 
8980 2000 1402 5077 
8981 34 516 3090 
8982 2080 2315 4841 
8983 1968 1628 4794 
8984 1621 3567 5711 
8985 2338 2737 4777 
8986 4688 4653 4866 
8987 2495 4886 5296 
8988 5555 3536 5769 
8989 1679 1509 4822 
8990 1904 3563 5656 
8991 3670 3668 5033 
8992 2068 4122 5139 
8993 2180 2196 2297 
8994 4587 1994 5026 
8995 4799 4157 4941 
8996 4964 4135 4989 
8997 4653 4744 4866 
8998 3028 4294 5449 
8999 3884 587 4923 
9000 1147 1087 5152 
9001 1913 1592 5075 
9002 4253 4811 5035 
9003 1181 1183 4887 
9004 1192 1190 4896 
9005 4849 3364 5646 
9006 3227 4996 5043 
9007 1088 1086 4894 
9008 5230 3453 5698 
9009 2561 4187 4900 
9010 3672 3746 5056 
9011 4058 4060 5106 
9012 2330 3300 5039 
9013 3395 5095 5722 
9014 4965 2130 5039 
9015 1695 1697 4826 
9016 1946 1633 4784 
9017 4866 2313 4958 
9018 4310 1318 5099 
9019 3413 4700 5683 
9020 1089 1114 5152 
9021 3058 3056 4901 
9022 3177 4656 5029 
9023 1624 5042 5080 
9024 3928 3931 4991 
9025 4722 3237 4886 
9026 2737 2243 4790 
9027 3382 4575 5180 
9028 1993 1861 4838 
9029 2992 4849 5646 
9030 3178 4474 4999 
9031 243 244 4870 
9032 4794 2743 4892 
9033 4231 745 5760 
9034 3506 3435 5785 
9035 4646 2444 4946 
9036 2710 3029 4906 
9037 3926 3924 4885 
9038 543 4301 5107 
9039 4066 2686 5741 
9040 2650 4593 4944 
9041 3312 5352 5743 
9042 2227 4764 4790 
9043 1874 4842 4961 
9044 1462 1459 4856 
9045 1086 4857 4894 
9046 3940 3941 5603 
9047 1124 1889 5034 
9048 5199 3029 5248 
9049 4381 4379 5206 
9050 1366 1369 4804 
9051 3713 2615 5247 
9052 1691 1779 4792 
9053 2432 2079 4841 
9054 2668 2670 4843 
9055 3957 3960 4909 
9056 2084 2085 5183 
9057 4877 2056 4905 
9058 2267 2100 4816 
9059 3271 3470 5814 
9060 951 953 4898 
9061 248 644 5233 
9062 3454 4402 5356 
9063 3292 3078 4796 
9064 2506 4019 5046 
9065 3477 4702 4875 
9066 3075 3447 5114 
9067 2120 2118 4832 
9068 3435 5753 5785 
9069 5057 3254 5411 
9070 3947 3705 5316 
9071 4218 885 5168 
9072 3507 2720 4902 
9073 853 4880 4888 
9074 2720 4742 4902 
9075 1262 5070 5219 
9076 3632 3405 5011 
9077 3666 3663 4899 
9078 2056 4447 4905 
9079 4388 2942 4949 
9080 3699 3674 5056 
9081 512 552 5609 
9082 1861 1647 4838 
9083 3380 3077 5315 
9084 556 3440 5529 
9085 1569 1571 5096 
9086 1647 4658 4838 
9087 4811 4343 5035 
9088 3567 1621 5585 
9089 2638 2636 5370 
9090 4104 4105 5423 
9091 2302 2301 5069 
9092 3232 3228 5043 
9093 3056 3310 4901 
9094 1760 2096 4996 
9095 4868 5616 5742 
9096 1782 2158 4784 
9097 4586 3777 5349 
9098 5109 3935 5707 
9099 2501 2387 4999 
9100 1310 1313 4933 
9101 2611 3226 5128 
9102 2179 2180 4814 
9103 1521 1362 4916 
9104 4702 2948 4875 
9105 3079 3595 5315 
9106 704 171 4915 
9107 4973 4264 4993 
9108 4914 2732 4928 
9109 4197 4195 5212 
9110 2495 2356 4886 
9111 3025 3023 5117 
9112 691 4431 5310 
9113 2385 3178 4999 
9114 629 3972 5396 
9115 201 202 4908 
9116 3737 3724 5480 
9117 2866 4159 5205 
9118 5080 3824 5096 
9119 5023 2925 5542 
9120 4596 2642 4907 
9121 2434 4711 4932 
9122 1904 943 5091 
9123 1335 3614 5099 
9124 1625 1586 4847 
9125 4767 2938 5178 
9126 3785 2731 4914 
9127 4692 2702 4883 
9128 3642 3643 5210 
9129 3904 3903 5595 
9130 452 589 5598 
9131 945 1899 5091 
9132 4166 4961 5042 
9133 1217 1189 5024 
9134 1191 1674 5024 
9135 2297 2298 3322 
9136 64 585 5067 
9137 3468 3070 5763 
9138 2055 4332 5061 
9139 3676 3699 5098 
9140 1630 1871 4893 
9141 3323 3322 3427 
9142 2721 2120 4832 
9143 3351 4980 5559 
9144 4157 2783 4941 
9145 3435 4869 5753 
9146 4133 4134 5220 
9147 5398 3425 5649 
9148 1322 1335 5099 
9149 3821 3824 5080 
9150 2118 2436 4832 
9151 5538 3444 5637 
9152 4724 3986 4995 
9153 2867 4203 5187 
9154 2052 2450 4985 
9155 1297 4942 4971 
9156 3791 901 5439 
9157 1459 1457 4856 
9158 1697 1765 4826 
9159 23 619 5105 
9160 2911 2909 5104 
9161 1530 1719 5198 
9162 2734 4761 4918 
9163 4293 4294 5202 
9164 4548 4120 4903 
9165 4360 3534 5720 
9166 3790 2511 5583 
9167 4836 3745 5654 
9168 1765 2126 4826 
9169 4052 3607 4922 
9170 3031 5256 5260 
9171 3067 3650 5729 
9172 5367 4215 5619 
9173 4921 4571 4973 
9174 364 365 4931 
9175 3212 5248 5307 
9176 3332 3041 4836 
9177 3592 3695 5276 
9178 605 4317 4925 
9179 1724 2084 4911 
9180 3041 3282 4836 
9181 1132 1012 5112 
9182 1845 1562 4926 
9183 4906 3029 5199 
9184 1254 1945 5070 
9185 2649 4611 5036 
9186 1010 1168 5112 
9187 1676 4769 4912 
9188 1362 1364 4916 
9189 4480 1120 4928 
9190 1326 1288 4935 
9191 710 3504 5745 
9192 2413 4176 5305 
9193 3338 2699 4940 
9194 5414 3035 5548 
9195 2893 3238 5147 
9196 1492 1489 4921 
9197 1880 1532 5198 
9198 2934 2921 5146 
9199 3196 3356 5480 
9200 2300 3326 3327 
9201 2778 4838 4969 
9202 2187 2185 4927 
9203 3769 3770 5368 
9204 1450 1448 4919 
9205 220 221 4936 
9206 4761 4594 4918 
9207 3205 4819 4978 
9208 3127 2583 4937 
9209 1457 4759 4856 
9210 2751 2753 4920 
9211 3321 5143 5531 
9212 2982 5240 5633 
9213 1768 1770 4858 
9214 35 620 5131 
9215 1717 1630 4893 
9216 4302 4305 5107 
9217 2378 2065 5015 
9218 3685 569 4939 
9219 3404 3047 5051 
9220 4654 1673 4952 
9221 3962 4904 5747 
9222 4867 3002 5552 
9223 2207 2509 4902 
9224 690 240 5828 
9225 495 663 5524 
9226 2306 1605 4947 
9227 680 4498 5394 
9228 5031 3865 5309 
9229 2726 4562 4917 
9230 3563 2895 5147 
9231 4050 3621 5293 
9232 3989 3987 5327 
9233 4159 918 5220 
9234 4341 2096 5093 
9235 5281 250 5298 
9236 4594 2062 4918 
9237 2885 2155 5154 
9238 1250 2055 5061 
9239 5360 697 5490 
9240 4115 1974 5830 
9241 4842 3814 4961 
9242 1219 4733 5253 
9243 4384 2609 5203 
9244 1315 1306 5004 
9245 4940 3209 5423 
9246 1297 1294 4942 
9247 703 3930 5455 
9248 3576 3578 5127 
9249 3826 3828 5169 
9250 4021 4891 5723 
9251 2057 1768 4858 
9252 1945 1252 5061 
9253 3570 3569 5182 
9254 3190 3259 4929 
9255 2501 4218 5124 
9256 3407 3359 5771 
9257 3825 3812 4943 
9258 3358 3465 5086 
9259 1308 1310 4933 
9260 2918 2916 5146 
9261 1364 4804 4916 
9262 1832 1196 5222 
9263 2870 4069 5110 
9264 3612 3611 5166 
9265 340 341 5159 
9266 4515 2735 4938 
9267 2853 2069 5054 
9268 78 723 5165 
9269 1448 1504 4919 
9270 2189 2484 5111 
9271 1194 1683 5222 
9272 3385 3383 4860 
9273 1262 1256 5070 
9274 3544 3410 4948 
9275 4225 3119 5215 
9276 3532 626 5325 
9277 4232 707 4959 
9278 2158 2777 4784 
9279 540 4681 5593 
9280 3401 4767 5178 
9281 3224 4965 5039 
9282 743 4022 5249 
9283 1673 4659 4952 
9284 1425 5088 5158 
9285 4641 3407 4930 
9286 3929 1720 5354 
9287 4826 3247 4987 
9288 3783 1783 5738 
9289 2562 3780 5184 
9290 1597 1952 4994 
9291 4236 4228 5234 
9292 127 629 5342 
9293 1604 1607 4947 
9294 4129 5065 5144 
9295 5019 3215 5134 
9296 2067 2378 5054 
9297 536 48 5153 
9298 4813 4340 5574 
9299 4511 898 4945 
9300 4847 1833 5008 
9301 2170 4684 5212 
9302 49 727 5153 
9303 545 77 5165 
9304 4999 4474 5078 
9305 2462 2460 4872 
9306 1771 1568 4951 
9307 3573 4845 5067 
9308 2748 4357 4977 
9309 1871 1872 5232 
9310 2738 1625 4847 
9311 4480 4928 4953 
9312 1966 4506 5128 
9313 3527 2434 4932 
9314 604 394 5137 
9315 2963 3492 5126 
9316 4946 2784 5101 
9317 4878 3868 5713 
9318 3356 2860 5430 
9319 4368 3307 5520 
9320 3561 4231 5760 
9321 1772 3836 5402 
9322 3169 4556 5156 
9323 1899 4480 4953 
9324 2006 2073 4882 
9325 4240 4239 5273 
9326 3063 3748 5674 
9327 2809 3139 4950 
9328 1688 2130 4965 
9329 3378 2668 4843 
9330 4600 2649 5066 
9331 4556 3216 5156 
9332 2444 2447 4946 
9333 3707 2773 5053 
9334 1681 5148 5187 
9335 2782 4856 4988 
9336 636 4110 5071 
9337 3383 4779 4860 
9338 3901 3902 5595 
9339 3022 2124 4979 
9340 4340 4339 5658 
9341 4016 5395 5533 
9342 4593 2515 4944 
9343 3646 2889 5231 
9344 4805 604 5705 
9345 1674 1193 5100 
9346 1168 4556 5286 
9347 4819 635 4978 
9348 164 575 5373 
9349 3559 4455 5141 
9350 1779 1693 4987 
9351 3120 3609 5215 
9352 3390 2791 5076 
9353 2180 2297 4814 
9354 4216 126 5342 
9355 5574 4340 5658 
9356 2671 2669 5466 
9357 3110 3479 5038 
9358 1195 1216 5100 
9359 2409 3286 5093 
9360 4684 4197 5212 
9361 4944 2515 4957 
9362 4189 3295 5608 
9363 5472 3804 5502 
9364 2122 2721 4979 
9365 2096 2094 5093 
9366 2878 2870 5193 
9367 5349 3778 5597 
9368 2970 5473 5549 
9369 2735 4905 4938 
9370 2209 1968 4892 
9371 2297 3323 4814 
9372 4830 1828 5065 
9373 3211 4618 4945 
9374 3545 4215 5367 
9375 3679 3678 5145 
9376 396 680 4962 
9377 1185 1187 4954 
9378 535 3758 5485 
9379 1299 1297 4971 
9380 2437 2152 4975 
9381 5771 3359 5816 
9382 4539 2604 5686 
9383 4529 3517 4955 
9384 2751 4920 4964 
9385 1114 4071 5101 
9386 614 4155 5001 
9387 1611 4652 5019 
9388 4962 3370 5137 
9389 748 187 4966 
9390 210 747 4967 
9391 702 163 5373 
9392 4175 1200 5308 
9393 3403 3402 4982 
9394 858 4888 5148 
9395 2730 4657 4934 
9396 5217 3093 5300 
9397 4248 4138 5394 
9398 4514 2063 4990 
9399 1605 1604 4947 
9400 2515 3049 4957 
9401 2505 2506 5046 
9402 2866 2391 5124 
9403 3133 4835 5358 
9404 2827 2321 4890 
9405 1165 4800 4949 
9406 1770 2179 4858 
9407 3908 2990 5755 
9408 2993 5055 5528 
9409 4030 2504 5310 
9410 2177 2827 4882 
9411 635 122 4978 
9412 4571 4266 4973 
9413 4448 928 5337 
9414 1569 5096 5119 
9415 3349 4296 5508 
9416 3599 1268 5433 
9417 1198 1832 5308 
9418 3279 4347 4994 
9419 2626 4475 4970 
9420 2869 2329 4995 
9421 3519 4828 4924 
9422 4545 2626 4974 
9423 2314 2006 4882 
9424 1994 4381 5252 
9425 2389 2501 5124 
9426 4134 886 5293 
9427 2626 4970 4974 
9428 5426 3361 5427 
9429 3627 2473 5724 
9430 2795 4269 4984 
9431 4800 4388 4949 
9432 3351 3159 4980 
9433 750 4394 5188 
9434 2578 4997 5079 
9435 2222 3949 5238 
9436 2622 2696 5259 
9437 2033 2787 5331 
9438 1833 1582 4956 
9439 2221 2773 5257 
9440 3525 5091 5299 
9441 1445 1447 4968 
9442 5159 4237 5267 
9443 1968 4794 4892 
9444 3101 3099 4981 
9445 1870 4565 5676 
9446 2750 2751 4964 
9447 2075 4737 4988 
9448 4515 4938 4983 
9449 2428 3603 5362 
9450 4663 2170 5068 
9451 4269 2308 5090 
9452 2872 1865 5362 
9453 282 283 5274 
9454 2321 3076 4890 
9455 2527 3572 5827 
9456 2744 4233 4986 
9457 2741 4560 4958 
9458 4845 3573 5120 
9459 1684 1302 5102 
9460 3883 1358 5503 
9461 1986 4115 5795 
9462 249 250 5281 
9463 632 328 5208 
9464 250 251 5298 
9465 3814 3816 4961 
9466 4822 1516 4965 
9467 4659 3185 4952 
9468 4942 1292 5670 
9469 3162 3642 5210 
9470 1681 860 5148 
9471 4891 566 5723 
9472 5382 676 5750 
9473 2784 3649 5101 
9474 4407 3352 5561 
9475 4059 4592 5006 
9476 1304 1315 5102 
9477 3313 4747 5005 
9478 3059 4092 5221 
9479 4173 3081 5150 
9480 2846 4700 5316 
9481 2054 2052 4985 
9482 3871 2463 5357 
9483 2887 3449 5231 
9484 4838 4658 4969 
9485 2750 4964 4989 
9486 2073 2177 4882 
9487 678 3208 5494 
9488 2776 4983 5000 
9489 3360 2701 5667 
9490 4575 1871 5232 
9491 1779 4987 5138 
9492 1103 4728 5530 
9493 4747 2482 5005 
9494 3227 4958 4996 
9495 2124 2122 4979 
9496 1503 3381 5706 
9497 2129 3105 5196 
9498 329 731 5208 
9499 1216 1197 5167 
9500 741 3934 5606 
9501 2776 4515 4983 
9502 4254 4253 5035 
9503 3871 5357 5835 
9504 1693 1695 4987 
9505 4088 4087 5439 
9506 1553 1259 5365 
9507 4283 3189 5339 
9508 3540 2206 5820 
9509 1695 4826 4987 
9510 2460 2463 4872 
9511 1508 1445 4968 
9512 2615 2612 5247 
9513 2367 2662 5007 
9514 2181 1823 4998 
9515 4658 1621 4969 
9516 519 658 5550 
9517 183 184 5317 
9518 3309 3530 5083 
9519 715 4165 5009 
9520 4184 4186 5471 
9521 1386 1611 5019 
9522 2701 5644 5667 
9523 1234 4116 5336 
9524 4268 4514 5452 
9525 5649 3425 5665 
9526 2244 4296 5837 
9527 4239 5260 5273 
9528 1120 4914 4928 
9529 4791 621 5244 
9530 4189 735 5721 
9531 5437 4196 5491 
9532 4414 4588 5607 
9533 3011 3065 5059 
9534 1425 1424 5088 
9535 2358 1972 5230 
9536 4544 3942 5603 
9537 1718 4578 5185 
9538 3340 3339 5003 
9539 4341 5093 5243 
9540 3733 3040 5211 
9541 4507 4805 5121 
9542 4252 2453 5645 
9543 2298 2300 4913 
9544 4106 1553 5173 
9545 2698 4792 4960 
9546 4442 4441 5268 
9547 827 4041 5461 
9548 2372 3869 5835 
9549 731 330 5236 
9550 4935 1286 5556 
9551 2313 1760 4996 
9552 4460 4461 5268 
9553 3966 3928 4991 
9554 3169 2939 5286 
9555 5133 3603 5674 
9556 1726 4125 5779 
9557 3977 4106 5173 
9558 5739 3407 5771 
9559 1300 1684 5162 
9560 4988 4737 5136 
9561 3322 2298 4913 
9562 2530 2072 5028 
9563 625 4413 5679 
9564 2832 2776 5000 
9565 1501 3731 5493 
9566 1516 1688 4965 
9567 1201 1209 5179 
9568 4556 3169 5286 
9569 4625 1497 4993 
9570 628 4247 5017 
9571 2470 3379 5414 
9572 5273 584 5279 
9573 1967 4664 5210 
9574 4155 714 5041 
9575 3074 2878 5237 
9576 2047 4174 5626 
9577 1889 4977 5034 
9578 3111 3074 5318 
9579 2647 4631 5166 
9580 1308 4933 5004 
9581 4687 2750 4989 
9582 3046 3703 5085 
9583 566 369 5249 
9584 1427 4820 5088 
9585 1209 1203 5194 
9586 3224 4822 4965 
9587 4116 1636 5507 
9588 331 571 5236 
9589 3338 5431 5470 
9590 3881 3882 5044 
9591 4350 2535 5831 
9592 144 145 5002 
9593 3015 2395 5205 
9594 2387 2385 4999 
9595 3124 3441 5055 
9596 2617 3401 5178 
9597 1393 1676 5216 
9598 370 743 5249 
9599 3539 4783 5775 
9600 2482 2483 5763 
9601 4508 1813 5247 
9602 4710 2847 5798 
9603 4130 4830 5065 
9604 3937 3107 5638 
9605 3204 5459 5505 
9606 2604 2602 5445 
9607 2514 2513 5282 
9608 1504 1446 5092 
9609 2329 2698 4995 
9610 3715 690 5482 
9611 4035 1147 5182 
9612 4755 4624 4990 
9613 1306 1308 5004 
9614 749 359 5018 
9615 638 339 5267 
9616 3668 4959 5033 
9617 196 738 5325 
9618 626 195 5325 
9619 746 399 5012 
9620 4274 4207 5022 
9621 3289 3791 5439 
9622 1600 1598 5084 
9623 1316 1296 5176 
9624 1057 1031 5332 
9625 3222 2907 5020 
9626 3009 3011 5059 
9627 559 3947 5582 
9628 338 638 5010 
9629 901 3791 5464 
9630 4108 2885 5438 
9631 584 336 5279 
9632 2393 2866 5205 
9633 4440 2210 5177 
9634 2832 5000 5025 
9635 1982 2428 5362 
9636 3405 3404 5011 
9637 2411 4773 5029 
9638 1813 4534 5259 
9639 2063 4755 4990 
9640 2601 4587 5026 
9641 1995 764 5321 
9642 1535 1537 5278 
9643 42 43 5375 
9644 2878 5193 5237 
9645 2930 2927 5023 
9646 4294 3028 5736 
9647 4851 3419 5051 
9648 2301 4984 5069 
9649 4580 1535 5278 
9650 2535 5311 5547 
9651 2782 4988 5136 
9652 2065 2054 5015 
9653 5069 4269 5090 
9654 1833 4956 5730 
9655 4856 4759 4988 
9656 2770 4687 5001 
9657 654 4940 5423 
9658 3725 3737 5492 
9659 2235 4002 5513 
9660 3107 2730 5320 
9661 5128 4305 5425 
9662 3529 5174 5839 
9663 4105 4103 5032 
9664 2323 2665 5048 
9665 639 252 5685 
9666 2485 3165 5192 
9667 4961 3816 5042 
9668 3147 3186 5253 
9669 706 175 5409 
9670 1416 1414 5251 
9671 2733 2593 5313 
9672 4759 2075 4988 
9673 3604 3296 5471 
9674 4861 3161 4976 
9675 223 224 5027 
9676 3350 4694 5611 
9677 4611 3156 5036 
9678 2054 4985 5015 
9679 2770 5001 5041 
9680 3456 4715 5142 
9681 3446 3496 5037 
9682 2853 5054 5503 
9683 2723 2722 5729 
9684 1333 1331 5216 
9685 1103 5530 5672 
9686 4090 3091 5544 
9687 1552 4376 5330 
9688 2596 4660 5135 
9689 2834 2832 5025 
9690 1734 3718 5536 
9691 2858 3576 5127 
9692 4071 4946 5101 
9693 3424 5023 5542 
9694 4792 1779 4960 
9695 1189 1191 5024 
9696 5010 4241 5279 
9697 1601 3703 5410 
9698 2916 2914 5319 
9699 1734 1232 5336 
9700 766 773 5321 
9701 1384 1386 5019 
9702 2843 2844 5050 
9703 3737 1502 5501 
9704 4846 568 4963 
9705 3148 5426 5427 
9706 4989 614 5001 
9707 5384 629 5396 
9708 4918 2062 5110 
9709 3599 3478 5365 
9710 3106 2399 5280 
9711 3632 5011 5795 
9712 4171 576 5175 
9713 80 546 5385 
9714 2239 3596 5500 
9715 4728 1016 5420 
9716 4949 2943 5141 
9717 3825 5669 5732 
9718 714 4171 5113 
9719 3472 2953 5330 
9720 3359 3485 5816 
9721 3212 2114 5248 
9722 4930 3407 5739 
9723 2115 1732 5103 
9724 3746 3670 5033 
9725 2178 2144 5016 
9726 4254 5035 5140 
9727 2511 2082 5583 
9728 2301 1124 5034 
9729 3500 3201 5421 
9730 3416 3028 5449 
9731 590 3914 5108 
9732 3450 3304 5014 
9733 3360 5667 5697 
9734 3214 5498 5567 
9735 489 579 5558 
9736 4343 718 5035 
9737 4296 2610 5508 
9738 4956 1580 5799 
9739 3943 2881 5013 
9740 4814 3741 5040 
9741 2307 3160 5052 
9742 675 3597 5767 
9743 2896 3524 5244 
9744 1501 1432 5158 
9745 1558 1382 5134 
9746 4112 3360 5697 
9747 1920 4440 5254 
9748 2773 2220 5053 
9749 3618 3155 5353 
9750 4888 3736 5148 
9751 1933 1162 5045 
9752 5245 3865 5324 
9753 2397 3015 5280 
9754 4394 661 5283 
9755 1497 4973 4993 
9756 5795 4115 5830 
9757 4884 4454 5571 
9758 4820 4525 5088 
9759 3674 3672 5056 
9760 4404 4925 5591 
9761 723 79 5385 
9762 3465 2999 5277 
9763 3153 3309 5353 
9764 669 322 5381 
9765 4715 679 5142 
9766 2300 3327 4913 
9767 4797 2617 5156 
9768 2223 2222 5238 
9769 3057 3053 5326 
9770 2740 2738 5008 
9771 751 4065 5073 
9772 2053 2683 5820 
9773 2749 4858 5040 
9774 3315 3319 5392 
9775 4687 4989 5001 
9776 2738 4847 5008 
9777 1439 1441 5778 
9778 1272 1552 5433 
9779 96 681 5060 
9780 366 367 5388 
9781 5001 4155 5041 
9782 3391 4942 5670 
9783 1651 4175 5449 
9784 4069 4918 5110 
9785 5055 5239 5528 
9786 2064 2066 5064 
9787 4296 3349 5546 
9788 4235 2890 5087 
9789 3118 3117 5363 
9790 323 324 5406 
9791 3934 3344 5606 
9792 3251 3939 5109 
9793 4193 4192 5491 
9794 1443 1508 5086 
9795 2069 2067 5054 
9796 5188 4394 5283 
9797 4708 2707 5282 
9798 3204 2430 5459 
9799 3680 3677 5730 
9800 2206 1985 5820 
9801 2580 2582 5057 
9802 5816 3485 5838 
9803 3998 2850 5081 
9804 63 64 5067 
9805 2645 3561 5760 
9806 3516 3701 5160 
9807 2257 2323 5048 
9808 4167 4169 5074 
9809 4461 4728 5420 
9810 3582 2498 5563 
9811 66 734 5393 
9812 3143 3080 5343 
9813 4284 2578 5079 
9814 3214 4334 5498 
9815 4990 4624 5049 
9816 3237 3110 5038 
9817 883 881 5400 
9818 4443 729 5227 
9819 2368 3436 5371 
9820 4679 2770 5041 
9821 4588 4414 5614 
9822 1014 1132 5420 
9823 596 4179 5682 
9824 533 4531 5109 
9825 3627 5724 5819 
9826 4668 4182 5383 
9827 3228 3227 5043 
9828 5190 3846 5360 
9829 3816 3819 5042 
9830 1624 5080 5096 
9831 51 562 5399 
9832 2943 2941 5441 
9833 3738 3258 5604 
9834 5070 3721 5219 
9835 177 535 5485 
9836 2886 4245 5072 
9837 2852 4254 5140 
9838 2849 2266 5518 
9839 3825 4943 5669 
9840 3827 3826 5169 
9841 727 50 5399 
9842 1256 1254 5070 
9843 1402 1400 5077 
9844 3080 3163 5304 
9845 3966 4047 5203 
9846 654 325 5431 
9847 2566 3106 5335 
9848 2319 2527 5827 
9849 576 4211 5218 
9850 1592 1556 5075 
9851 2711 3249 5062 
9852 738 4360 5720 
9853 4773 3177 5029 
9854 585 65 5393 
9855 1252 1250 5061 
9856 194 626 5477 
9857 3294 3604 5608 
9858 3338 4940 5431 
9859 4228 2788 5261 
9860 3064 3271 5345 
9861 4660 4144 5135 
9862 2870 5110 5193 
9863 4750 1919 5191 
9864 2901 2836 5250 
9865 2806 2807 5071 
9866 4211 716 5285 
9867 3352 4925 5561 
9868 116 710 5745 
9869 3721 2848 5219 
9870 3101 4981 5341 
9871 3159 2302 5069 
9872 589 3024 5404 
9873 2606 4285 5488 
9874 5174 2643 5839 
9875 4586 1946 5726 
9876 1898 1986 5751 
9877 5561 4317 5602 
9878 379 380 5429 
9879 41 42 5478 
9880 1335 1334 5838 
9881 2367 5007 5200 
9882 5064 2066 5139 
9883 4405 3550 5793 
9884 3989 3248 5787 
9885 3399 3398 5115 
9886 2932 4331 5657 
9887 253 254 5687 
9888 2682 3941 5764 
9889 3521 4935 5556 
9890 570 3700 5186 
9891 3780 1113 5184 
9892 3372 3752 5157 
9893 2377 2192 5214 
9894 5521 2718 5637 
9895 1950 4600 5066 
9896 3424 5542 5543 
9897 4624 1262 5049 
9898 4858 2179 5040 
9899 1919 4670 5191 
9900 2881 2505 5046 
9901 2496 4555 5401 
9902 5766 3284 5779 
9903 2946 4368 5520 
9904 3492 2962 5082 
9905 1783 1188 5738 
9906 2130 2330 5039 
9907 5042 3819 5080 
9908 3504 3397 5243 
9909 2959 2960 5361 
9910 4588 2324 5607 
9911 2712 2713 5649 
9912 2828 2307 5052 
9913 699 3989 5302 
9914 743 371 5432 
9915 4987 3247 5138 
9916 1598 1718 5084 
9917 3033 4432 5083 
9918 4700 2845 5683 
9919 3262 3391 5600 
9920 3260 4663 5068 
9921 1186 1219 5738 
9922 3213 2856 5209 
9923 1719 3932 5625 
9924 1230 1734 5536 
9925 372 532 5432 
9926 4317 4316 5644 
9927 2546 4941 4992 
9928 5013 2881 5046 
9929 3675 3680 5833 
9930 3111 5318 5383 
9931 3109 3108 5748 
9932 17 3187 5521 
9933 594 115 5745 
9934 3220 2140 5272 
9935 5470 632 5526 
9936 1952 1599 5410 
9937 3010 18 5598 
9938 4415 691 5614 
9939 2791 2789 5076 
9940 740 4931 5691 
9941 3470 4751 5404 
9942 2380 2833 5454 
9943 2923 2934 5542 
9944 2270 2606 5488 
9945 2692 2496 5401 
9946 327 632 5470 
9947 4084 2865 5122 
9948 4958 2313 4996 
9949 225 226 5089 
9950 1478 1476 5481 
9951 3159 5069 5090 
9952 3819 3821 5080 
9953 2479 3489 5116 
9954 478 572 5520 
9955 4474 4219 5078 
9956 5187 4203 5217 
9957 840 826 5095 
9958 4334 3314 5450 
9959 440 607 5515 
9960 1720 2014 5354 
9961 891 4674 5387 
9962 3678 3676 5098 
9963 943 945 5091 
9964 539 199 5581 
9965 5113 4171 5175 
9966 4554 1981 5463 
9967 4369 2579 5775 
9968 3459 3692 5636 
9969 901 871 5408 
9970 4607 907 5445 
9971 4461 2937 5530 
9972 4963 568 5289 
9973 200 739 5581 
9974 4237 5159 5223 
9975 3107 5320 5371 
9976 3393 3005 5063 
9977 3017 610 5629 
9978 2636 2632 5551 
9979 3857 3860 5691 
9980 3512 3241 5479 
9981 4299 750 5094 
9982 2980 2982 5633 
9983 25 608 5532 
9984 3624 3625 5613 
9985 3265 3268 5347 
9986 2981 2980 5633 
9987 2991 2990 5323 
9988 2374 3217 5574 
9989 867 891 5387 
9990 3852 3853 5735 
9991 1578 1846 5799 
9992 4464 1995 5577 
9993 5035 718 5140 
9994 2997 3902 5277 
9995 1521 4916 5150 
9996 1885 4075 5663 
9997 1318 1322 5099 
9998 618 85 5621 
9999 4841 2315 5031 
10000 4901 1772 5402 
10001 4925 4317 5561 
10002 1409 1411 5655 
10003 1205 5143 5194 
10004 94 95 5709 
10005 5316 3036 5582 
10006 4327 4330 5774 
10007 4344 4345 5739 
10008 1165 4949 5141 
10009 2852 5140 5213 
10010 1828 4818 5065 
10011 4124 5766 5779 
10012 1571 1624 5096 
10013 1897 1957 5780 
10014 400 1 5622 
10015 1 37 5622 
10016 2701 2251 5602 
10017 2211 2623 5512 
10018 4516 532 5496 
10019 3792 3290 5575 
10020 2138 3022 5272 
10021 3521 2531 5527 
10022 3273 4884 5571 
10023 3 209 5627 
10024 188 2 5628 
10025 1411 4501 5655 
10026 2616 2613 5569 
10027 3534 4361 5338 
10028 3074 5237 5318 
10029 1380 1558 5270 
10030 4499 4325 5678 
10031 4 361 5624 
10032 1424 1427 5088 
10033 3080 5304 5343 
10034 2974 29 5609 
10035 360 4 5624 
10036 4185 3059 5221 
10037 532 373 5496 
10038 4977 4357 5034 
10039 3184 3519 5329 
10040 716 4276 5334 
10041 3112 3250 5384 
10042 53 735 5539 
10043 2316 2863 5324 
10044 2097 1843 5499 
10045 638 5234 5261 
10046 2179 4814 5040 
10047 5519 2502 5746 
10048 5003 5367 5619 
10049 4276 543 5386 
10050 3714 2696 5841 
10051 3095 3400 5523 
10052 3047 4851 5051 
10053 3348 3046 5085 
10054 3752 564 5157 
10055 374 744 5496 
10056 2253 3838 5123 
10057 5383 4182 5458 
10058 1284 1551 5556 
10059 3802 3803 5472 
10060 619 3399 5105 
10061 4728 4461 5530 
10062 881 877 5475 
10063 873 901 5464 
10064 4301 4302 5107 
10065 2565 4547 5505 
10066 4547 919 5545 
10067 1474 1493 5517 
10068 3434 3245 5618 
10069 2490 3487 5115 
10070 4984 4269 5069 
10071 2094 2409 5093 
10072 2678 4058 5106 
10073 1551 1282 5757 
10074 4553 1228 5536 
10075 2964 3514 5271 
10076 941 1904 5656 
10077 367 368 5617 
10078 4953 3175 5299 
10079 2739 2740 5376 
10080 4925 3352 5591 
10081 5218 4211 5285 
10082 2914 2911 5104 
10083 5130 2986 5364 
10084 5088 4525 5158 
10085 4636 1495 5508 
10086 2898 3213 5295 
10087 1727 3766 5133 
10088 562 52 5539 
10089 2967 2970 5291 
10090 2555 4608 5120 
10091 4892 3306 5506 
10092 4694 2411 5611 
10093 3287 2823 5576 
10094 1935 939 5656 
10095 5332 3499 5497 
10096 1193 1195 5100 
10097 3877 3874 5125 
10098 208 3 5627 
10099 2 189 5628 
10100 2575 2028 5753 
10101 4202 541 5650 
10102 3906 3904 5323 
10103 3182 3025 5117 
10104 2924 2932 5657 
10105 3625 1957 5397 
10106 3097 3292 5346 
10107 1639 1376 5312 
10108 5092 3356 5430 
10109 5039 3300 5103 
10110 3261 4841 5031 
10111 1012 1010 5112 
10112 1302 1304 5102 
10113 4783 4270 5775 
10114 2986 2984 5715 
10115 2004 2314 5232 
10116 1467 1484 5732 
10117 4543 3506 5648 
10118 4948 3411 5640 
10119 3349 2472 5546 
10120 2332 2189 5111 
10121 4976 3161 5021 
10122 3680 4956 5799 
10123 4959 707 5033 
10124 4533 2922 5657 
10125 378 379 5661 
10126 620 3394 5131 
10127 3069 3225 5269 
10128 55 583 5721 
10129 644 4796 5295 
10130 3252 4544 5448 
10131 4679 5041 5113 
10132 5041 714 5113 
10133 564 4132 5157 
10134 1683 4896 5345 
10135 4597 1866 5130 
10136 745 383 5540 
10137 384 541 5540 
10138 3210 4298 5612 
10139 3930 3918 5782 
10140 3217 4813 5574 
10141 4506 2611 5128 
10142 3428 3711 5693 
10143 480 616 5548 
10144 4874 4101 5553 
10145 4796 2900 5295 
10146 3121 3437 5290 
10147 3247 3248 5138 
10148 4251 3738 5804 
10149 3941 4843 5764 
10150 3378 4843 5807 
10151 2686 4066 5754 
10152 3873 3362 5620 
10153 3533 3534 5338 
10154 4425 728 5681 
10155 1374 1639 5355 
10156 718 4319 5140 
10157 4527 1103 5672 
10158 3684 574 5525 
10159 2905 5515 5842 
10160 5014 639 5685 
10161 5011 1986 5795 
10162 742 4507 5121 
10163 616 3308 5129 
10164 3429 3101 5341 
10165 3144 3413 5294 
10166 471 660 5552 
10167 5068 4196 5437 
10168 2066 2068 5139 
10169 679 4275 5142 
10170 5148 3736 5187 
10171 2806 5071 5155 
10172 1290 1326 5670 
10173 2835 4679 5113 
10174 2517 4911 5654 
10175 735 54 5721 
10176 3612 5166 5454 
10177 1384 5019 5134 
10178 3466 3618 5477 
10179 2062 4583 5110 
10180 394 395 5137 
10181 621 4791 5242 
10182 3045 3043 5306 
10183 5175 576 5218 
10184 5658 4339 5769 
10185 5059 3065 5695 
10186 2391 2389 5124 
10187 885 4158 5168 
10188 1087 1089 5152 
10189 4285 2606 5587 
10190 2821 3287 5765 
10191 3028 3026 5736 
10192 3021 3434 5789 
10193 3482 3182 5744 
10194 4490 2097 5132 
10195 541 385 5650 
10196 3730 3728 5796 
10197 3377 2963 5126 
10198 4182 2239 5458 
10199 3469 4588 5614 
10200 2453 2233 5645 
10201 4440 5177 5254 
10202 4110 711 5155 
10203 2869 4995 5190 
10204 4855 1125 5199 
10205 4288 544 5592 
10206 3199 3502 5623 
10207 3434 5618 5709 
10208 3955 4909 5677 
10209 4455 1165 5141 
10210 48 49 5153 
10211 2895 2893 5147 
10212 3813 3825 5776 
10213 4937 2943 5441 
10214 5681 728 5708 
10215 1446 1444 5092 
10216 2921 2918 5146 
10217 1969 2209 5484 
10218 5285 716 5334 
10219 5234 638 5267 
10220 3996 4597 5130 
10221 3287 5576 5682 
10222 5185 4578 5366 
10223 5334 4276 5386 
10224 3798 2412 5171 
10225 598 413 5772 
10226 3019 3357 5737 
10227 3221 3688 5462 
10228 647 3428 5693 
10229 4153 4642 5172 
10230 4930 4345 5266 
10231 2948 2944 5287 
10232 4873 4872 5058 
10233 1328 1316 5566 
10234 4091 2425 5322 
10235 2835 5113 5175 
10236 5708 4435 5740 
10237 2155 2309 5154 
10238 5096 3824 5119 
10239 4256 4288 5560 
10240 4904 1513 5251 
10241 1382 1384 5134 
10242 5071 4110 5155 
10243 5248 3029 5307 
10244 627 3537 5699 
10245 4956 3680 5730 
10246 1482 1463 5669 
10247 3580 3624 5613 
10248 2828 5052 5161 
10249 5473 3341 5549 
10250 77 78 5165 
10251 4940 654 5431 
10252 4585 3442 5456 
10253 1732 3224 5103 
10254 728 4435 5708 
10255 3381 3382 5180 
10256 2696 2695 5841 
10257 565 2989 5646 
10258 2868 3233 5188 
10259 610 3615 5629 
10260 2836 2793 5728 
10261 2465 2874 5821 
10262 4869 2575 5753 
10263 3373 3518 5786 
10264 2421 3257 5573 
10265 341 573 5159 
10266 2676 3252 5448 
10267 4437 3499 5332 
10268 5140 4319 5213 
10269 4931 3856 5691 
10270 860 858 5148 
10271 4916 4173 5150 
10272 4713 2782 5136 
10273 4345 4930 5739 
10274 5054 3883 5503 
10275 2210 4553 5163 
10276 4200 4199 5170 
10277 1798 1876 5733 
10278 1029 4437 5332 
10279 4881 912 5444 
10280 5065 4818 5144 
10281 2463 2373 5357 
10282 3986 630 5190 
10283 4651 2806 5155 
10284 5506 4878 5713 
10285 3142 2979 5177 
10286 465 559 5582 
10287 4578 1913 5366 
10288 5011 3404 5751 
10289 2510 3107 5822 
10290 2085 2435 5183 
10291 3536 5206 5769 
10292 1298 1300 5162 
10293 1414 1412 5809 
10294 3055 3733 5442 
10295 386 4821 5650 
10296 1705 1436 5493 
10297 5491 4192 5576 
10298 4737 4519 5136 
10299 3597 2461 5284 
10300 1502 1440 5501 
10301 698 3865 5245 
10302 2847 5466 5798 
10303 2682 2674 5448 
10304 2834 3643 5675 
10305 2830 2828 5161 
10306 4527 5672 5783 
10307 2615 3685 5569 
10308 4330 4955 5774 
10309 3388 3008 5164 
10310 2938 3169 5178 
10311 2971 5003 5473 
10312 510 615 5588 
10313 3203 2588 5754 
10314 5458 2239 5500 
10315 3861 3852 5388 
10316 3691 3206 5424 
10317 5560 4288 5592 
10318 1197 1199 5167 
10319 5094 3233 5565 
10320 4391 2851 5223 
10321 2970 2971 5473 
10322 1432 1425 5158 
10323 2461 2462 5510 
10324 1986 5011 5751 
10325 4093 4094 5189 
10326 4235 5087 5201 
10327 3330 5059 5695 
10328 1717 4893 5097 
10329 4631 2379 5166 
10330 4939 2616 5569 
10331 5025 4385 5204 
10332 2855 2857 5197 
10333 5026 1994 5252 
10334 5032 669 5381 
10335 3476 3477 5173 
10336 1434 1501 5493 
10337 3174 2733 5403 
10338 4258 4257 5487 
10339 3824 4871 5119 
10340 3736 2867 5187 
10341 1957 1958 5397 
10342 1438 1705 5501 
10343 3375 3214 5567 
10344 5283 661 5424 
10345 3293 2305 5288 
10346 3258 4686 5604 
10347 3620 3067 5729 
10348 694 3715 5258 
10349 3168 3090 5284 
10350 3418 4235 5201 
10351 4642 1920 5172 
10352 4909 3960 5733 
10353 2176 2367 5200 
10354 2604 5479 5686 
10355 2711 5062 5307 
10356 1199 1201 5179 
10357 4296 5546 5837 
10358 3306 2796 5502 
10359 3165 2643 5174 
10360 1125 4906 5199 
10361 4707 4490 5801 
10362 5225 4520 5292 
10363 3216 4797 5156 
10364 3718 3716 5240 
10365 4891 3861 5617 
10366 1296 1298 5176 
10367 4980 3159 5090 
10368 3200 4390 5297 
10369 4948 1551 5757 
10370 1442 1502 5514 
10371 4666 2835 5175 
10372 3732 2847 5350 
10373 4525 3730 5457 
10374 4519 4520 5225 
10375 1825 4293 5202 
10376 5167 1199 5179 
10377 5003 3339 5473 
10378 1532 1530 5198 
10379 4818 3231 5144 
10380 2669 2667 5443 
10381 3292 5298 5346 
10382 5740 668 5761 
10383 1876 1804 5662 
10384 4305 4304 5425 
10385 2305 3297 5288 
10386 1298 5162 5176 
10387 711 4109 5265 
10388 2257 5048 5214 
10389 2127 2129 5196 
10390 5150 3081 5320 
10391 3328 3326 5781 
10392 1203 1205 5194 
10393 4872 2463 5058 
10394 4896 3528 5345 
10395 4483 567 5533 
10396 4909 1876 5677 
10397 3018 3302 5195 
10398 5533 567 5589 
10399 3282 3734 5554 
10400 1551 4948 5640 
10401 3557 3468 5276 
10402 2437 4975 5114 
10403 918 4133 5220 
10404 5510 2462 5781 
10405 3300 3301 5181 
10406 4435 668 5740 
10407 5110 4583 5193 
10408 3292 5281 5298 
10409 2191 2377 5468 
10410 4565 1829 5568 
10411 4304 4306 5453 
10412 3337 4778 5692 
10413 2372 2050 5484 
10414 4943 1482 5669 
10415 5374 1726 5779 
10416 3236 3392 5305 
10417 3650 3067 5558 
10418 328 329 5208 
10419 3051 3052 5442 
10420 5082 2962 5361 
10421 4105 5032 5381 
10422 3920 2422 5782 
10423 4195 4196 5212 
10424 3836 3781 5402 
10425 554 3612 5229 
10426 5505 4547 5545 
10427 4583 845 5193 
10428 2773 3707 5377 
10429 3239 4881 5444 
10430 2678 5106 5262 
10431 4253 4252 5840 
10432 3254 5057 5731 
10433 582 182 5451 
10434 4553 5536 5805 
10435 5109 4531 5813 
10436 4934 1521 5150 
10437 2957 641 5269 
10438 4092 4091 5246 
10439 4995 3986 5190 
10440 2433 3150 5787 
10441 3711 3311 5380 
10442 3465 5277 5778 
10443 663 3313 5524 
10444 3037 3789 5750 
10445 4334 5450 5498 
10446 5425 4304 5453 
10447 4645 2652 5201 
10448 646 3444 5744 
10449 4319 582 5213 
10450 3902 1519 5277 
10451 3415 3554 5814 
10452 2395 2393 5205 
10453 3108 5129 5748 
10454 2672 2682 5764 
10455 3119 3120 5215 
10456 2414 3420 5615 
10457 3309 5083 5843 
10458 4423 2000 5341 
10459 3777 4586 5726 
10460 2686 4839 5741 
10461 1876 4909 5733 
10462 2954 3472 5806 
10463 5020 2907 5229 
10464 1196 1194 5222 
10465 2127 5196 5230 
10466 3287 5009 5765 
10467 4670 2697 5191 
10468 2800 3567 5389 
10469 4935 3521 5527 
10470 2856 2830 5209 
10471 3219 3082 5379 
10472 3076 2485 5192 
10473 3105 3395 5722 
10474 3789 3462 5750 
10475 3804 659 5502 
10476 3082 3200 5333 
10477 3127 4937 5441 
10478 2452 3788 5294 
10479 3484 3599 5433 
10480 3773 3776 5534 
10481 4664 3162 5210 
10482 4237 4236 5234 
10483 3381 5578 5706 
10484 5338 4361 5499 
10485 5193 845 5237 
10486 5115 3398 5647 
10487 5063 3005 5550 
10488 5191 2697 5224 
10489 2830 5161 5209 
10490 3609 3132 5226 
10491 3716 3267 5240 
10492 4835 2852 5213 
10493 2971 4795 5367 
10494 4666 5175 5218 
10495 418 417 5228 
10496 1972 2127 5230 
10497 5005 3070 5524 
10498 330 331 5236 
10499 3191 5199 5248 
10500 247 248 5233 
10501 557 3264 5287 
10502 5031 2315 5324 
10503 2494 3763 5818 
10504 4651 5155 5265 
10505 4390 4391 5264 
10506 2483 3592 5276 
10507 1872 2004 5232 
10508 3865 5031 5324 
10509 2192 2257 5214 
10510 3434 5060 5789 
10511 4960 1779 5138 
10512 3054 3058 5834 
10513 1491 5225 5292 
10514 3427 3322 5716 
10515 3244 5419 5486 
10516 2889 2887 5231 
10517 3397 4341 5243 
10518 3611 3199 5623 
10519 2979 3192 5254 
10520 5136 4519 5225 
10521 2873 4666 5218 
10522 3911 2145 5415 
10523 1331 1393 5216 
10524 886 4050 5293 
10525 5076 2789 5401 
10526 3536 3510 5252 
10527 5104 578 5319 
10528 1513 1416 5251 
10529 2965 2967 5291 
10530 4837 3180 5495 
10531 4843 2670 5764 
10532 369 370 5249 
10533 4681 540 5661 
10534 2663 4897 5613 
10535 4713 5136 5225 
10536 3020 2221 5257 
10537 2697 3084 5224 
10538 4230 4681 5661 
10539 3273 3263 5587 
10540 4534 2622 5259 
10541 668 4443 5761 
10542 3016 3018 5301 
10543 566 4891 5617 
10544 3040 3038 5211 
10545 2612 4508 5247 
10546 3224 5039 5103 
10547 3976 3977 5372 
10548 571 4486 5235 
10549 2984 5131 5715 
10550 4241 4240 5273 
10551 2873 5218 5285 
10552 3441 3125 5428 
10553 339 340 5267 
10554 1491 4713 5225 
10555 283 601 5274 
10556 3433 4370 5405 
10557 3329 2254 5718 
10558 5171 2412 5519 
10559 4379 4825 5206 
10560 667 442 5564 
10561 3235 3321 5531 
10562 4735 1681 5217 
10563 4931 650 5735 
10564 2114 3191 5248 
10565 3394 5364 5715 
10566 4520 4632 5292 
10567 5155 711 5265 
10568 4441 4460 5268 
10569 3020 5257 5303 
10570 2955 3278 5306 
10571 3432 3188 5562 
10572 2479 5116 5756 
10573 336 337 5279 
10574 4486 733 5255 
10575 4241 5273 5279 
10576 3200 5297 5333 
10577 5009 4165 5765 
10578 733 4494 5256 
10579 2868 5188 5283 
10580 3358 5086 5653 
10581 3191 4855 5199 
10582 568 4216 5289 
10583 2847 4710 5350 
10584 4955 3517 5774 
10585 573 4492 5264 
10586 845 4649 5237 
10587 4055 744 5447 
10588 5223 573 5264 
10589 2034 4527 5783 
10590 4494 584 5260 
10591 2885 5154 5288 
10592 3251 5109 5813 
10593 4501 3555 5655 
10594 3271 3554 5664 
10595 1951 2414 5594 
10596 5406 654 5423 
10597 251 639 5298 
10598 5235 4486 5255 
10599 4876 3966 5203 
10600 3514 3540 5525 
10601 5255 733 5256 
10602 3053 602 5326 
10603 2877 4651 5265 
10604 3832 4873 5058 
10605 5066 3533 5338 
10606 3864 648 5309 
10607 3206 2868 5283 
10608 5584 5641 5719 
10609 4733 3147 5253 
10610 3770 3771 5368 
10611 18 452 5598 
10612 5345 3271 5664 
10613 4109 594 5391 
10614 2939 4442 5286 
10615 5589 4471 5651 
10616 2303 2223 5238 
10617 5256 4494 5260 
10618 3705 2846 5316 
10619 1537 1546 5278 
10620 3447 592 5590 
10621 2707 2514 5282 
10622 2399 2397 5280 
10623 2556 2322 5352 
10624 1504 5430 5557 
10625 2982 623 5632 
10626 3082 5333 5379 
10627 1200 1198 5308 
10628 3077 3079 5315 
10629 5260 584 5273 
10630 2609 4876 5203 
10631 1378 1380 5270 
10632 4791 3174 5242 
10633 1749 3745 5554 
10634 3252 2678 5262 
10635 4391 5223 5264 
10636 5177 2979 5254 
10637 2140 2138 5272 
10638 567 4471 5589 
10639 4325 2413 5305 
10640 29 512 5609 
10641 3443 5521 5637 
10642 5083 4432 5843 
10643 3245 3020 5303 
10644 4390 5264 5297 
10645 4602 2873 5285 
10646 5198 1719 5625 
10647 5444 4559 5791 
10648 3720 3168 5510 
10649 2490 5115 5647 
10650 2863 3452 5245 
10651 1913 5082 5366 
10652 5264 4492 5297 
10653 5166 2379 5454 
10654 1681 5187 5217 
10655 4522 3911 5671 
10656 3745 4836 5554 
10657 2580 5057 5411 
10658 2999 2997 5277 
10659 3510 5026 5252 
10660 3029 2711 5307 
10661 3702 3045 5579 
10662 3450 5014 5685 
10663 5265 4109 5391 
10664 4492 732 5297 
10665 729 4453 5304 
10666 3803 3804 5472 
10667 613 3936 5768 
10668 4370 4929 5405 
10669 184 665 5317 
10670 3084 4540 5311 
10671 4853 3422 5631 
10672 3274 4448 5337 
10673 648 3845 5474 
10674 3641 2595 5489 
10675 764 766 5321 
10676 3327 3328 5258 
10677 1504 5092 5430 
10678 2504 3469 5310 
10679 2593 2591 5313 
10680 4704 1491 5292 
10681 3911 4522 5829 
10682 4056 3212 5580 
10683 2900 2898 5295 
10684 4402 780 5356 
10685 5118 4707 5801 
10686 2495 5296 5727 
10687 2787 3475 5710 
10688 3642 3092 5348 
10689 3274 5337 5418 
10690 3381 5180 5578 
10691 4141 3235 5634 
10692 4632 4633 5378 
10693 3233 5094 5188 
10694 5163 3142 5177 
10695 2210 5163 5177 
10696 3209 4104 5423 
10697 2948 5287 5535 
10698 3414 3911 5415 
10699 3189 3432 5339 
10700 3572 3573 5435 
10701 5378 4633 5434 
10702 195 196 5325 
10703 3018 5195 5301 
10704 2953 4619 5330 
10705 2631 3467 5328 
10706 2908 577 5329 
10707 2798 4783 5511 
10708 3319 4314 5322 
10709 182 183 5451 
10710 126 127 5342 
10711 1031 1029 5332 
10712 5297 732 5333 
10713 1865 1982 5362 
10714 4934 5150 5320 
10715 3692 5375 5636 
10716 3329 5718 5759 
10717 5237 4649 5318 
10718 891 4735 5300 
10719 5304 4453 5343 
10720 2877 5265 5391 
10721 1376 1378 5312 
10722 780 3981 5413 
10723 3411 3520 5640 
10724 4701 1372 5355 
10725 4602 5285 5334 
10726 4649 931 5318 
10727 3772 3773 5534 
10728 3544 4948 5757 
10729 3306 4878 5506 
10730 3237 5038 5596 
10731 4500 3860 5469 
10732 5092 1444 5514 
10733 3278 3279 5351 
10734 4453 669 5343 
10735 575 3916 5504 
10736 1232 1234 5336 
10737 732 4488 5333 
10738 4735 5217 5300 
10739 1946 4784 5652 
10740 3238 5444 5791 
10741 3362 2800 5389 
10742 5594 2414 5615 
10743 1378 5270 5312 
10744 3117 2566 5335 
10745 3071 4602 5334 
10746 2579 2580 5411 
10747 4980 3346 5476 
10748 3311 3057 5380 
10749 3400 5317 5523 
10750 1413 2112 5792 
10751 3441 5428 5800 
10752 3234 5149 5417 
10753 1995 5421 5577 
10754 3528 3064 5345 
10755 3292 4796 5281 
10756 2996 2991 5323 
10757 5003 2971 5367 
10758 3954 3955 5677 
10759 2903 2798 5511 
10760 1259 1261 5365 
10761 3696 5185 5366 
10762 5291 2970 5549 
10763 2425 2424 5450 
10764 3400 3133 5358 
10765 3731 1501 5796 
10766 2315 2316 5324 
10767 3266 3265 5347 
10768 3244 5486 5802 
10769 3155 3153 5353 
10770 3341 3933 5467 
10771 1493 5339 5517 
10772 3935 3934 5707 
10773 2834 5025 5204 
10774 3720 5510 5781 
10775 3987 4724 5327 
10776 533 5109 5707 
10777 3856 4931 5735 
10778 3472 5037 5806 
10779 2081 5438 5583 
10780 2363 3272 5766 
10781 5094 750 5188 
10782 912 4559 5444 
10783 4306 4258 5487 
10784 5352 2322 5743 
10785 3714 667 5564 
10786 3374 4141 5714 
10787 2962 2959 5361 
10788 5356 780 5413 
10789 5060 681 5789 
10790 3255 4248 5394 
10791 2145 2143 5415 
10792 742 5121 5813 
10793 3594 3097 5346 
10794 558 4446 5616 
10795 5224 3084 5311 
10796 5292 4632 5378 
10797 163 164 5373 
10798 3972 3971 5436 
10799 5459 3371 5505 
10800 4633 4283 5434 
10801 5376 3802 5472 
10802 5154 3293 5288 
10803 5651 730 5700 
10804 43 580 5375 
10805 739 3795 5826 
10806 2014 2422 5354 
10807 4471 730 5651 
10808 322 323 5381 
10809 5400 3792 5575 
10810 3148 3839 5426 
10811 3071 5334 5386 
10812 2081 4108 5438 
10813 3073 3687 5331 
10814 4482 814 5797 
10815 640 4229 5429 
10816 3131 3118 5363 
10817 2869 5190 5360 
10818 3738 5604 5804 
10819 2551 4090 5544 
10820 3418 5201 5660 
10821 3081 2368 5371 
10822 2332 5111 5537 
10823 2647 3611 5623 
10824 5202 4294 5736 
10825 79 80 5385 
10826 2864 4584 5349 
10827 3313 5005 5524 
10828 4990 5049 5452 
10829 4329 1057 5497 
10830 4141 5634 5714 
10831 1372 1374 5355 
10832 5333 4488 5379 
10833 5318 931 5383 
10834 2718 2719 5637 
10835 5320 3081 5371 
10836 773 3451 5815 
10837 5117 646 5744 
10838 3353 3795 5679 
10839 4047 706 5407 
10840 5294 3788 5359 
10841 3284 3131 5374 
10842 4229 4230 5429 
10843 5049 1262 5219 
10844 3045 5306 5579 
10845 3275 4617 5665 
10846 3226 3071 5386 
10847 65 66 5393 
10848 3314 3315 5392 
10849 3235 5531 5634 
10850 693 3761 5807 
10851 3131 5363 5374 
10852 2990 2988 5755 
10853 3261 5309 5474 
10854 4488 558 5379 
10855 3782 3186 5695 
10856 3052 3055 5442 
10857 5240 3267 5633 
10858 4574 5378 5434 
10859 3684 2683 5516 
10860 3094 4500 5469 
10861 650 366 5388 
10862 931 4668 5383 
10863 50 51 5399 
10864 3461 2419 5390 
10865 4574 4704 5378 
10866 5201 2652 5660 
10867 4617 2712 5665 
10868 5246 4091 5322 
10869 2453 4252 5804 
10870 2716 2718 5398 
10871 5010 638 5261 
10872 3436 3303 5770 
10873 3108 2470 5414 
10874 3218 2869 5360 
10875 2582 3127 5836 
10876 4704 5292 5378 
10877 2497 2663 5684 
10878 5454 2833 5690 
10879 1508 5174 5653 
10880 3324 2904 5403 
10881 3356 5092 5514 
10882 869 867 5387 
10883 3616 3167 5412 
10884 3114 3112 5384 
10885 907 883 5400 
10886 744 4577 5447 
10887 5313 2591 5488 
10888 2373 2372 5357 
10889 5534 3776 5652 
10890 5055 3441 5239 
10891 3595 4701 5355 
10892 1899 4953 5299 
10893 175 176 5409 
10894 5226 3132 5635 
10895 4314 5246 5322 
10896 4359 5801 5825 
10897 1353 1355 5585 
10898 3286 2877 5391 
10899 2796 2739 5376 
10900 3111 5383 5458 
10901 2860 3336 5430 
10902 2847 2671 5466 
10903 3916 703 5455 
10904 3759 4384 5407 
10905 1883 4754 5369 
10906 4795 3545 5367 
10907 3451 3274 5418 
10908 2218 1951 5594 
10909 3024 3027 5404 
10910 3453 3454 5698 
10911 5457 3730 5796 
10912 5149 678 5494 
10913 4087 3289 5439 
10914 2602 4607 5445 
10915 3116 3114 5396 
10916 3254 3539 5411 
10917 1016 1014 5420 
10918 324 654 5406 
10919 325 326 5431 
10920 413 5465 5772 
10921 2789 2692 5401 
10922 3518 3374 5817 
10923 5277 1519 5778 
10924 3206 5283 5424 
10925 1268 1272 5433 
10926 2845 3751 5683 
10927 4237 5234 5267 
10928 3613 2494 5818 
10929 4066 827 5461 
10930 3201 3203 5421 
10931 869 5387 5408 
10932 1910 4401 5440 
10933 1599 1601 5410 
10934 4479 1966 5425 
10935 5222 1683 5664 
10936 1621 1353 5585 
10937 3363 3280 5668 
10938 5348 3092 5784 
10939 5391 594 5725 
10940 871 869 5408 
10941 2631 5328 5551 
10942 4090 3194 5570 
10943 1946 5652 5726 
10944 4763 3961 5747 
10945 371 372 5432 
10946 666 3648 5704 
10947 3125 4501 5428 
10948 3114 5384 5396 
10949 1950 5338 5499 
10950 3724 3196 5480 
10951 4919 1504 5557 
10952 2825 5437 5491 
10953 5700 4436 5749 
10954 3238 3239 5444 
10955 2569 4976 5314 
10956 3259 3260 5422 
10957 5307 5062 5580 
10958 3150 5302 5787 
10959 2941 3511 5441 
10960 2112 3950 5800 
10961 5409 176 5485 
10962 2683 5064 5516 
10963 3703 3702 5410 
10964 5067 585 5435 
10965 2730 4934 5320 
10966 3602 3063 5674 
10967 5086 1508 5653 
10968 3733 5211 5442 
10969 4329 5497 5630 
10970 4153 5172 5340 
10971 3727 3725 5492 
10972 5405 3259 5422 
10973 4708 598 5772 
10974 380 640 5429 
10975 5461 3203 5754 
10976 4875 2948 5535 
10977 2000 5077 5824 
10978 2430 3126 5459 
10979 3370 3369 5705 
10980 3188 3349 5562 
10981 3490 5348 5784 
10982 4041 4464 5577 
10983 730 4436 5700 
10984 5159 573 5223 
10985 5431 326 5470 
10986 3934 4889 5707 
10987 1493 4574 5434 
10988 5309 648 5474 
10989 4294 1651 5449 
10990 4479 5425 5453 
10991 3258 3738 5837 
10992 3296 4184 5471 
10993 5422 3260 5437 
10994 3438 3066 5798 
10995 3058 4901 5402 
10996 552 3361 5426 
10997 402 3490 5586 
10998 3339 3341 5473 
10999 5428 2112 5800 
11000 3860 4315 5469 
11001 3795 4908 5679 
11002 1981 4479 5453 
11003 2424 4177 5498 
11004 4969 1621 5711 
11005 413 8 5465 
11006 326 327 5470 
11007 658 4648 5550 
11008 5572 5586 5784 
11009 5325 738 5720 
11010 2379 2380 5454 
11011 4924 2638 5370 
11012 3279 4994 5351 
11013 5414 3379 5703 
11014 5498 4177 5567 
11015 5303 2332 5537 
11016 720 4313 5762 
11017 665 4250 5605 
11018 4331 4329 5630 
11019 1636 3978 5507 
11020 4002 4004 5513 
11021 2623 4554 5463 
11022 3338 5470 5526 
11023 2864 5349 5597 
11024 4339 618 5555 
11025 544 4348 5476 
11026 875 873 5464 
11027 5430 3336 5557 
11028 3218 5360 5490 
11029 2674 2676 5448 
11030 3401 2616 5842 
11031 193 194 5477 
11032 3217 3637 5483 
11033 2610 4636 5508 
11034 176 177 5485 
11035 2314 4882 5578 
11036 3479 3111 5458 
11037 3261 5031 5309 
11038 2412 3805 5519 
11039 1829 4268 5568 
11040 3479 5458 5500 
11041 2785 4963 5759 
11042 5390 2419 5648 
11043 5298 639 5346 
11044 661 41 5478 
11045 3243 3072 5808 
11046 3909 3908 5528 
11047 1495 1478 5481 
11048 4196 4193 5491 
11049 3374 5714 5817 
11050 5227 729 5304 
11051 2716 5398 5649 
11052 3072 3073 5808 
11053 579 3347 5467 
11054 5287 3264 5535 
11055 3241 3240 5479 
11056 5476 4348 5559 
11057 4089 2235 5696 
11058 3058 5369 5834 
11059 3272 3338 5526 
11060 5371 3436 5638 
11061 877 875 5475 
11062 3355 3221 5462 
11063 875 5464 5475 
11064 2591 2270 5488 
11065 4436 538 5749 
11066 5573 3930 5782 
11067 5749 538 5793 
11068 4994 1952 5351 
11069 4966 188 5628 
11070 209 4967 5627 
11071 3223 5495 5541 
11072 3327 5258 5482 
11073 2252 4407 5561 
11074 373 374 5496 
11075 3163 5227 5304 
11076 3942 3940 5603 
11077 4257 4256 5560 
11078 1950 5066 5338 
11079 4849 3000 5668 
11080 3936 3937 5768 
11081 4101 1550 5553 
11082 3419 2497 5684 
11083 5412 3167 5827 
11084 3499 3498 5497 
11085 3511 2940 5509 
11086 5482 690 5716 
11087 2050 1969 5484 
11088 3194 3195 5522 
11089 5018 360 5624 
11090 5049 2849 5452 
11091 574 5271 5525 
11092 1843 1950 5499 
11093 3252 5262 5263 
11094 2266 3210 5518 
11095 3795 3796 5826 
11096 3903 3901 5595 
11097 3869 3867 5835 
11098 4929 3259 5405 
11099 2914 5104 5319 
11100 3371 2565 5505 
11101 572 2946 5520 
11102 4252 5645 5840 
11103 3186 3330 5695 
11104 4013 4016 5533 
11105 1355 5389 5585 
11106 3150 3261 5474 
11107 5553 1550 5666 
11108 3876 3873 5620 
11109 2797 2211 5512 
11110 3643 3222 5675 
11111 2777 2191 5468 
11112 5523 665 5605 
11113 3223 4837 5495 
11114 4413 4414 5607 
11115 3246 561 5639 
11116 5358 582 5451 
11117 4124 2363 5766 
11118 4250 748 5689 
11119 2005 2003 5712 
11120 3000 4522 5671 
11121 608 3557 5532 
11122 3501 599 5694 
11123 2993 2987 5643 
11124 2937 4487 5530 
11125 3916 5455 5504 
11126 1476 1474 5517 
11127 52 53 5539 
11128 1501 5158 5457 
11129 721 4429 5832 
11130 5353 3309 5843 
11131 5398 2718 5521 
11132 3386 3095 5523 
11133 4013 5533 5589 
11134 3728 3731 5796 
11135 2719 3543 5538 
11136 3301 3218 5490 
11137 4348 724 5559 
11138 3269 2853 5503 
11139 1436 1434 5493 
11140 5522 5164 5570 
11141 2322 2256 5743 
11142 2925 2923 5542 
11143 3336 3460 5557 
11144 4821 741 5606 
11145 5012 400 5622 
11146 3299 4112 5681 
11147 3535 3536 5555 
11148 438 578 5823 
11149 3233 3255 5565 
11150 383 384 5540 
11151 1228 1230 5536 
11152 3264 3266 5535 
11153 660 3366 5552 
11154 1440 1438 5501 
11155 5612 3283 5676 
11156 4298 3283 5612 
11157 2531 4286 5527 
11158 2632 2631 5551 
11159 3787 3843 5593 
11160 3868 3869 5713 
11161 4177 2047 5567 
11162 3573 5067 5435 
11163 5258 3715 5482 
11164 5636 580 5702 
11165 3395 3204 5545 
11166 4911 3332 5654 
11167 2780 4969 5711 
11168 2082 2081 5583 
11169 3495 4763 5747 
11170 5497 3498 5630 
11171 450 646 5811 
11172 5424 661 5478 
11173 603 423 5584 
11174 1444 1442 5514 
11175 5605 4250 5689 
11176 3344 3345 5606 
11177 607 4767 5515 
11178 3270 3350 5611 
11179 3529 3358 5653 
11180 2478 2479 5756 
11181 2472 3258 5546 
11182 2880 2572 5601 
11183 3347 5291 5549 
11184 2499 4581 5531 
11185 5559 724 5591 
11186 4454 3184 5571 
11187 1286 1284 5556 
11188 2613 2615 5569 
11189 5301 5195 5544 
11190 4011 4013 5589 
11191 3603 3602 5674 
11192 2376 2374 5574 
11193 4361 4360 5825 
11194 5306 3278 5579 
11195 4359 5118 5801 
11196 3421 3223 5541 
11197 538 4405 5793 
11198 3290 3512 5575 
11199 199 200 5581 
11200 3614 3613 5818 
11201 2823 2825 5576 
11202 4540 3959 5547 
11203 1355 1328 5566 
11204 5626 2548 5673 
11205 4011 5589 5651 
11206 724 4404 5591 
11207 3295 3294 5608 
11208 3376 433 5731 
11209 5129 3308 5748 
11210 5172 3192 5340 
11211 4339 5555 5769 
11212 4174 2548 5626 
11213 4754 3055 5834 
11214 2654 4539 5572 
11215 3346 2797 5592 
11216 3420 4336 5662 
11217 5576 4192 5682 
11218 3211 4458 5660 
11219 4368 2954 5599 
11220 615 3062 5588 
11221 3390 5076 5680 
11222 2489 2490 5647 
11223 2797 5560 5592 
11224 3776 3777 5726 
11225 5530 4487 5672 
11226 4414 4415 5614 
11227 4904 3495 5747 
11228 4286 3262 5600 
11229 5241 5163 5805 
11230 4208 689 5618 
11231 85 86 5621 
11232 5724 3475 5819 
11233 2616 4939 5842 
11234 4522 3556 5829 
11235 3357 3017 5629 
11236 5527 4286 5600 
11237 3996 5130 5364 
11238 2643 5016 5839 
11239 2251 2252 5602 
11240 3457 3459 5636 
11241 3386 5523 5605 
11242 5180 2314 5578 
11243 4805 3371 5717 
11244 2145 3911 5829 
11245 37 4299 5622 
11246 2422 2421 5573 
11247 3267 2981 5633 
11248 4458 3418 5660 
11249 2084 5183 5734 
11250 3345 4821 5606 
11251 3583 5198 5625 
11252 254 613 5687 
11253 4009 4011 5651 
11254 566 5249 5723 
11255 2989 2992 5646 
11256 4215 4874 5619 
11257 1866 1409 5655 
11258 794 4350 5831 
11259 3240 4439 5686 
11260 368 566 5617 
11261 361 3094 5624 
11262 4751 3010 5598 
11263 3918 3920 5782 
11264 2548 3334 5673 
11265 2713 2716 5649 
11266 5618 689 5709 
11267 4022 4021 5723 
11268 3034 208 5627 
11269 189 3033 5628 
11270 3457 5636 5702 
11271 1550 4190 5666 
11272 2376 5574 5658 
11273 4009 5651 5700 
11274 4697 3386 5605 
11275 3207 530 5802 
11276 3685 4939 5569 
11277 1683 5345 5664 
11278 5702 4371 5762 
11279 3498 4533 5630 
11280 4316 4420 5644 
11281 586 405 5680 
11282 4501 1411 5792 
11283 3310 3311 5663 
11284 5241 2982 5632 
11285 1411 1413 5792 
11286 3422 3421 5615 
11287 5242 3174 5403 
11288 4908 625 5679 
11289 3444 3443 5637 
11290 252 253 5685 
11291 385 386 5650 
11292 3132 3284 5635 
11293 4514 4990 5452 
11294 3302 3583 5625 
11295 939 941 5656 
11296 5341 2000 5824 
11297 2904 5242 5403 
11298 2825 5491 5576 
11299 2252 5561 5602 
11300 5692 3354 5752 
11301 4895 540 5593 
11302 3677 3679 5730 
11303 4686 2453 5604 
11304 2419 4543 5648 
11305 3260 5068 5437 
11306 4192 596 5682 
11307 1804 4853 5631 
11308 4581 2350 5634 
11309 3650 2723 5729 
11310 2922 2924 5657 
11311 3320 3457 5702 
11312 5158 4525 5457 
11313 3524 3525 5688 
11314 2209 4892 5506 
11315 3993 4009 5700 
11316 832 3417 5722 
11317 3452 2864 5597 
11318 580 4371 5702 
11319 2654 5572 5784 
11320 4834 2974 5609 
11321 5450 2424 5498 
11322 2652 3211 5660 
11323 5742 726 5758 
11324 3856 3857 5691 
11325 4420 643 5667 
11326 2233 3256 5645 
11327 5062 3006 5580 
11328 1519 1439 5778 
11329 4290 1646 5771 
11330 3993 5700 5749 
11331 5531 4581 5634 
11332 5117 3023 5811 
11333 5634 2350 5714 
11334 3283 4629 5676 
11335 3421 5594 5615 
11336 4487 3291 5672 
11337 3565 2645 5760 
11338 5644 4420 5667 
11339 4270 4369 5775 
11340 5207 2903 5511 
11341 2695 4499 5678 
11342 5211 3051 5442 
11343 5147 3238 5791 
11344 240 241 5828 
11345 4697 5605 5689 
11346 2988 2993 5755 
11347 3798 5171 5382 
11348 5667 643 5697 
11349 2324 4907 5607 
11350 4290 5771 5816 
11351 3320 5702 5762 
11352 3496 3109 5748 
11353 3065 3782 5695 
11354 4313 3320 5762 
11355 3431 5740 5761 
11356 4907 4413 5607 
11357 3635 5742 5758 
11358 2254 1870 5718 
11359 3853 3856 5735 
11360 3556 3529 5839 
11361 540 378 5661 
11362 1292 1290 5670 
11363 1958 1898 5751 
11364 5504 5455 5790 
11365 1188 1186 5738 
11366 3298 5708 5740 
11367 3202 3500 5815 
11368 4038 4039 5810 
11369 3033 4966 5628 
11370 4967 3034 5627 
11371 689 94 5709 
11372 3388 5164 5522 
11373 3551 3993 5749 
11374 4213 3431 5761 
11375 5758 4408 5773 
11376 3431 3298 5740 
11377 4371 720 5762 
11378 4656 3285 5641 
11379 3298 3299 5708 
11380 115 116 5745 
11381 3204 5505 5545 
11382 54 55 5721 
11383 3303 3450 5770 
11384 643 4425 5697 
11385 3551 5749 5793 
11386 3534 3532 5720 
11387 1463 1465 5669 
11388 3673 3675 5833 
11389 469 676 5701 
11390 5672 3291 5783 
11391 5028 3207 5486 
11392 1985 2053 5820 
11393 4836 3282 5554 
11394 4252 4251 5804 
11395 604 5137 5705 
11396 3167 2319 5827 
11397 4360 4359 5825 
11398 5536 3718 5805 
11399 4913 3327 5482 
11400 5481 3432 5562 
11401 3179 2358 5698 
11402 5578 2827 5706 
11403 3550 3551 5793 
11404 3738 2244 5837 
11405 5163 4553 5805 
11406 5077 3840 5824 
11407 4125 4124 5779 
11408 1334 1348 5838 
11409 5641 3285 5719 
11410 5195 2551 5544 
11411 3299 5681 5708 
11412 1646 4344 5739 
11413 3406 3631 5803 
11414 5104 2909 5823 
11415 2777 5534 5652 
11416 1062 4327 5774 
11417 5669 1465 5732 
11418 3633 5758 5773 
11419 1348 5816 5838 
11420 3633 3635 5758 
11421 4537 545 5788 
11422 4939 2905 5842 
11423 3583 3019 5737 
11424 3144 5294 5359 
11425 3335 4555 5727 
11426 2530 5028 5486 
11427 4408 531 5773 
11428 3026 3181 5736 
11429 726 4408 5758 
11430 1580 1578 5799 
11431 4839 4057 5741 
11432 2151 1897 5780 
11433 1282 1280 5757 
11434 4429 3406 5832 
11435 3631 3633 5773 
11436 2028 2336 5753 
11437 3343 647 5693 
11438 3911 3363 5671 
11439 3530 4697 5689 
11440 1646 5739 5771 
11441 4446 726 5742 
11442 814 4787 5797 
11443 3840 3429 5824 
11444 3291 3497 5783 
11445 4889 533 5707 
11446 32 3754 5659 
11447 4432 692 5843 
11448 5271 3514 5525 
11449 1465 1467 5732 
11450 2819 2821 5765 
11451 4825 2376 5658 
11452 3460 3337 5696 
11453 5753 2336 5785 
11454 531 4397 5803 
11455 2350 4563 5714 
11456 4778 3354 5692 
11457 559 3035 5703 
11458 4886 3237 5596 
11459 4397 721 5832 
11460 3393 5063 5756 
11461 1348 4290 5816 
11462 3194 5522 5570 
11463 3092 2654 5784 
11464 4868 3219 5616 
11465 3285 4645 5719 
11466 3305 3332 5734 
11467 2336 3129 5785 
11468 5121 4805 5717 
11469 2793 3390 5728 
11470 4897 3580 5613 
11471 3406 5803 5832 
11472 5803 4397 5832 
11473 3475 3474 5819 
11474 3354 3355 5752 
11475 1796 1798 5733 
11476 3815 3813 5776 
11477 5064 3141 5516 
11478 3219 5379 5616 
11479 4559 1935 5791 
11480 4882 2827 5578 
11481 3326 3720 5781 
11482 5137 3370 5705 
11483 3286 5391 5725 
11484 3483 3021 5789 
11485 3398 4867 5647 
11486 3256 4811 5840 
11487 3366 3365 5746 
11488 3094 5018 5624 
11489 1412 1561 5809 
11490 3634 3632 5795 
11491 3249 4708 5772 
11492 4063 4537 5788 
11493 2588 2686 5754 
11494 3843 4895 5593 
11495 5154 2309 5460 
11496 3181 5202 5736 
11497 3636 3634 5830 
11498 4563 2465 5817 
11499 4531 742 5813 
11500 3184 5329 5571 
11501 4299 5012 5622 
11502 3634 5795 5830 
11503 3066 4710 5798 
11504 3127 5344 5836 
11505 3683 3373 5786 
11506 2874 4770 5821 
11507 3245 5303 5537 
11508 4629 2785 5759 
11509 748 4966 5812 
11510 5689 748 5812 
11511 2112 5428 5792 
11512 5714 4563 5817 
11513 5801 5132 5825 
11514 5718 4629 5759 
11515 3332 4836 5654 
11516 3429 5341 5824 
11517 4867 2489 5647 
11518 3293 5154 5460 
11519 2670 2672 5764 
11520 2411 5029 5611 
11521 3971 5263 5436 
11522 5392 2425 5450 
11523 3408 2510 5822 
11524 3635 4868 5742 
11525 3129 5149 5494 
11526 676 3037 5750 
11527 5063 2478 5756 
11528 4811 4253 5840 
11529 3248 2433 5787 
11530 5020 5229 5690 
11531 5055 2993 5643 
11532 3073 5331 5808 
11533 4784 2777 5652 
11534 3168 5284 5510 
11535 5076 586 5680 
11536 5773 531 5803 
11537 5174 3529 5653 
11538 3055 3054 5834 
11539 3631 5773 5803 
11540 578 5104 5823 
11541 3061 3060 5777 
11542 5057 3376 5731 
11543 3340 5003 5619 
11544 5016 3556 5839 
11545 5029 3270 5611 
11546 5111 4208 5537 
11547 3245 5537 5618 
11548 5752 3355 5790 
11549 646 5117 5811 
11550 616 5129 5548 
11551 5059 3330 5590 
11552 5339 3432 5517 
11553 2827 4890 5706 
11554 3554 5222 5664 
11555 2833 5020 5690 
11556 3091 5301 5544 
11557 3116 5396 5436 
11558 585 5412 5435 
11559 3322 4913 5716 
11560 3272 5635 5766 
11561 5311 4540 5547 
11562 3242 5207 5511 
11563 5317 665 5523 
11564 3222 5020 5675 
11565 3496 5599 5806 
11566 5652 3776 5726 
11567 3530 5689 5812 
11568 4913 5482 5716 
11569 5164 606 5570 
11570 3400 5358 5451 
11571 5468 3772 5534 
11572 5005 2482 5763 
11573 3365 5519 5746 
11574 3376 5057 5836 
11575 5284 2461 5510 
11576 5057 2582 5836 
11577 632 5226 5526 
11578 5396 3972 5436 
11579 3314 5392 5450 
11580 5463 4306 5487 
11581 5302 3989 5787 
11582 5379 558 5616 
11583 2796 5376 5472 
11584 3075 5114 5639 
11585 5331 5710 5808 
11586 3612 5454 5690 
11587 4825 5658 5769 
11588 5243 3286 5725 
11589 5299 3175 5688 
11590 3532 5325 5720 
11591 3341 5467 5549 
11592 5239 3909 5528 
11593 5462 575 5504 
11594 5397 3419 5684 
11595 5380 3343 5693 
11596 5296 4886 5596 
11597 5132 4361 5825 
11598 3107 5371 5638 
11599 5357 2372 5835 
11600 5541 2218 5594 
11601 5131 3394 5715 
11602 5037 3496 5806 
11603 545 5072 5788 
11604 3126 5121 5717 
11605 5207 666 5704 
11606 5419 2530 5486 
11607 907 5400 5575 
11608 3363 5668 5671 
11609 548 5296 5596 
11610 3284 5374 5779 
11611 3187 5398 5521 
11612 2623 5463 5487 
11613 3212 5307 5580 
11614 5427 3361 5588 
11615 603 5584 5719 
11616 3006 5062 5794 
11617 3182 5117 5744 
11618 4268 5518 5568 
11619 3355 5462 5504 
11620 692 5353 5843 
11621 5083 3530 5812 
11622 5375 580 5636 
11623 5537 4208 5618 
11624 3278 5351 5579 
11625 3371 5459 5717 
11626 5668 3000 5671 
11627 5249 4022 5723 
11628 5584 2882 5641 
11629 3062 5427 5588 
11630 2777 5468 5534 
11631 1935 5147 5791 
11632 552 5426 5610 
11633 5183 3305 5734 
11634 5389 3567 5585 
11635 5229 3612 5690 
11636 5426 3839 5610 
11637 4490 5132 5801 
11638 5512 4257 5560 
11639 5467 3347 5549 
11640 5421 3203 5577 
11641 5296 3335 5727 
11642 3525 5299 5688 
11643 3597 5284 5767 
11644 676 5382 5701 
11645 5369 4754 5834 
11646 2993 5528 5755 
11647 3035 5414 5703 
11648 1495 5481 5562 
11649 3504 5243 5725 
11650 5465 8 5794 
11651 5206 4825 5769 
11652 2797 5512 5560 
11653 5566 3876 5620 
11654 5284 3090 5767 
11655 5518 3210 5568 
11656 1501 5457 5796 
11657 5586 3490 5784 
11658 5528 3908 5755 
11659 3711 5380 5693 
11660 5455 3257 5790 
11661 5239 3441 5800 
11662 5364 2986 5715 
11663 3937 5638 5768 
11664 3421 5541 5594 
11665 5416 3061 5777 
11666 3625 5397 5684 
11667 5331 2787 5710 
11668 5572 3253 5586 
11669 4066 5461 5754 
11670 5479 3240 5686 
11671 1355 5566 5620 
11672 5459 3126 5717 
11673 5601 3501 5694 
11674 1804 5631 5662 
11675 5465 3249 5772 
11676 5631 3420 5662 
11677 5344 3376 5836 
11678 5466 3438 5798 
11679 4787 5673 5797 
11680 5486 3207 5802 
11681 2209 5506 5713 
11682 1870 5676 5718 
11683 5428 4501 5792 
11684 3450 5687 5770 
11685 5710 3243 5808 
11686 4425 5681 5697 
11687 5681 4112 5697 
11688 3355 5504 5790 
11689 5546 3258 5837 
11690 5678 3392 5841 
11691 5676 4629 5718 
11692 5599 2954 5806 
11693 2422 5573 5782 
11694 5635 3284 5766 
11695 5638 3436 5768 
11696 5604 2453 5804 
11697 5687 613 5770 
11698 5673 3334 5797 
11699 5645 3256 5840 
11700 2695 5678 5841 
$EndElements
